date,captured_at_tw,sportsbook,game_pk,official_event_id,event_no,kickoff_tw,away_zh,home_zh,matchup_zh,market_id,market_ti,market_name,selection_id,selection_name,selection_side,selection_line,odds_decimal,pd,pu,raw_v,raw_hv,raw_cn
2026-07-18,2026-07-18T13:55:23,台灣運彩,,3478445.1,131,2026-07-18T17:00:00+08:00,福岡軟銀鷹,羅德海洋,福岡軟銀鷹 @ 羅德海洋,51459112.1,354,不讓分,252884588.1,羅德海洋,H,,2.28,25,32,H,,1
2026-07-18,2026-07-18T13:55:23,台灣運彩,,3478445.1,131,2026-07-18T17:00:00+08:00,福岡軟銀鷹,羅德海洋,福岡軟銀鷹 @ 羅德海洋,51459112.1,354,不讓分,252884589.1,福岡軟銀鷹,A,,1.36,25,9,A,,2
2026-07-18,2026-07-18T13:55:23,台灣運彩,,3478445.1,131,2026-07-18T17:00:00+08:00,福岡軟銀鷹,羅德海洋,福岡軟銀鷹 @ 羅德海洋,51459110.1,358,讓分 1.5,252884584.1,羅德海洋 +1.5,H,1.5,1.73,100,73,H,1.5,1
2026-07-18,2026-07-18T13:55:23,台灣運彩,,3478445.1,131,2026-07-18T17:00:00+08:00,福岡軟銀鷹,羅德海洋,福岡軟銀鷹 @ 羅德海洋,51459110.1,358,讓分 1.5,252884585.1,福岡軟銀鷹 -1.5,A,1.5,1.70,10,7,A,1.5,2
2026-07-18,2026-07-18T13:55:23,台灣運彩,,3478445.1,131,2026-07-18T17:00:00+08:00,福岡軟銀鷹,羅德海洋,福岡軟銀鷹 @ 羅德海洋,51459111.1,360,[總分]大小 7.5,252884587.1,大 7.5,A,7.5,1.82,50,41,A,7.5,
2026-07-18,2026-07-18T13:55:23,台灣運彩,,3478445.1,131,2026-07-18T17:00:00+08:00,福岡軟銀鷹,羅德海洋,福岡軟銀鷹 @ 羅德海洋,51459111.1,360,[總分]大小 7.5,252884586.1,小 7.5,H,7.5,1.62,50,31,H,7.5,
2026-07-18,2026-07-18T13:55:23,台灣運彩,,3478445.1,131,2026-07-18T17:00:00+08:00,福岡軟銀鷹,羅德海洋,福岡軟銀鷹 @ 羅德海洋,51459113.1,362,羅德海洋 大小 2.5,252884591.1,大 2.5,A,2.5,1.68,25,17,A,2.5,
2026-07-18,2026-07-18T13:55:23,台灣運彩,,3478445.1,131,2026-07-18T17:00:00+08:00,福岡軟銀鷹,羅德海洋,福岡軟銀鷹 @ 羅德海洋,51459113.1,362,羅德海洋 大小 2.5,252884590.1,小 2.5,H,2.5,1.65,20,13,H,2.5,
2026-07-18,2026-07-18T13:55:23,台灣運彩,,3478445.1,131,2026-07-18T17:00:00+08:00,福岡軟銀鷹,羅德海洋,福岡軟銀鷹 @ 羅德海洋,51459109.1,363,福岡軟銀鷹 大小 4.5,252884583.1,大 4.5,A,4.5,1.80,5,4,A,4.5,
2026-07-18,2026-07-18T13:55:23,台灣運彩,,3478445.1,131,2026-07-18T17:00:00+08:00,福岡軟銀鷹,羅德海洋,福岡軟銀鷹 @ 羅德海洋,51459109.1,363,福岡軟銀鷹 大小 4.5,252884582.1,小 4.5,H,4.5,1.55,20,11,H,4.5,
2026-07-18,2026-07-18T13:55:23,台灣運彩,,3478445.1,131,2026-07-18T17:00:00+08:00,福岡軟銀鷹,羅德海洋,福岡軟銀鷹 @ 羅德海洋,51459106.1,366,[總分]單雙,252884575.1,單,,,1.53,100,53,,,
2026-07-18,2026-07-18T13:55:23,台灣運彩,,3478445.1,131,2026-07-18T17:00:00+08:00,福岡軟銀鷹,羅德海洋,福岡軟銀鷹 @ 羅德海洋,51459106.1,366,[總分]單雙,252884574.1,雙,,,1.93,100,93,,,
2026-07-18,2026-07-18T13:55:23,台灣運彩,,3478445.1,131,2026-07-18T17:00:00+08:00,福岡軟銀鷹,羅德海洋,福岡軟銀鷹 @ 羅德海洋,51459107.1,376,[1-5局] 不讓分,252884576.1,羅德海洋,H,,2.50,2,3,H,,1
2026-07-18,2026-07-18T13:55:23,台灣運彩,,3478445.1,131,2026-07-18T17:00:00+08:00,福岡軟銀鷹,羅德海洋,福岡軟銀鷹 @ 羅德海洋,51459107.1,376,[1-5局] 不讓分,252884578.1,福岡軟銀鷹,A,,1.50,2,1,A,,2
2026-07-18,2026-07-18T13:55:23,台灣運彩,,3478445.1,131,2026-07-18T17:00:00+08:00,福岡軟銀鷹,羅德海洋,福岡軟銀鷹 @ 羅德海洋,51459107.1,376,[1-5局] 不讓分,252884577.1,和局,D,,4.15,20,63,D,,
2026-07-18,2026-07-18T13:55:23,台灣運彩,,3478445.1,131,2026-07-18T17:00:00+08:00,福岡軟銀鷹,羅德海洋,福岡軟銀鷹 @ 羅德海洋,51459466.1,378,[1-5局] 大小 3.5,252885656.1,大 3.5,A,3.5,1.56,25,14,A,3.5,
2026-07-18,2026-07-18T13:55:23,台灣運彩,,3478445.1,131,2026-07-18T17:00:00+08:00,福岡軟銀鷹,羅德海洋,福岡軟銀鷹 @ 羅德海洋,51459466.1,378,[1-5局] 大小 3.5,252885655.1,小 3.5,H,3.5,1.78,50,39,H,3.5,
2026-07-18,2026-07-18T13:55:23,台灣運彩,,3478445.1,131,2026-07-18T17:00:00+08:00,福岡軟銀鷹,羅德海洋,福岡軟銀鷹 @ 羅德海洋,51459108.1,389,[第1局] 不讓分,252884579.1,羅德海洋,H,,4.20,5,16,H,,1
2026-07-18,2026-07-18T13:55:23,台灣運彩,,3478445.1,131,2026-07-18T17:00:00+08:00,福岡軟銀鷹,羅德海洋,福岡軟銀鷹 @ 羅德海洋,51459108.1,389,[第1局] 不讓分,252884581.1,福岡軟銀鷹,A,,2.75,4,7,A,,2
2026-07-18,2026-07-18T13:55:23,台灣運彩,,3478445.1,131,2026-07-18T17:00:00+08:00,福岡軟銀鷹,羅德海洋,福岡軟銀鷹 @ 羅德海洋,51459108.1,389,[第1局] 不讓分,252884580.1,和局,D,,1.45,20,9,D,,
2026-07-18,2026-07-18T13:55:23,台灣運彩,,3478446.1,132,2026-07-18T17:00:00+08:00,阪神虎,廣島東洋鯉魚,阪神虎 @ 廣島東洋鯉魚,51459114.1,354,不讓分,252884592.1,廣島東洋鯉魚,H,,1.72,25,18,H,,1
2026-07-18,2026-07-18T13:55:23,台灣運彩,,3478446.1,132,2026-07-18T17:00:00+08:00,阪神虎,廣島東洋鯉魚,阪神虎 @ 廣島東洋鯉魚,51459114.1,354,不讓分,252884593.1,阪神虎,A,,1.72,25,18,A,,2
2026-07-18,2026-07-18T13:55:23,台灣運彩,,3478446.1,132,2026-07-18T17:00:00+08:00,阪神虎,廣島東洋鯉魚,阪神虎 @ 廣島東洋鯉魚,51459127.1,358,讓分 1.5,252884619.1,廣島東洋鯉魚 +1.5,H,1.5,1.35,20,7,H,1.5,1
2026-07-18,2026-07-18T13:55:23,台灣運彩,,3478446.1,132,2026-07-18T17:00:00+08:00,阪神虎,廣島東洋鯉魚,阪神虎 @ 廣島東洋鯉魚,51459127.1,358,讓分 1.5,252884621.1,阪神虎 -1.5,A,1.5,2.30,10,13,A,1.5,2
2026-07-18,2026-07-18T13:55:23,台灣運彩,,3478446.1,132,2026-07-18T17:00:00+08:00,阪神虎,廣島東洋鯉魚,阪神虎 @ 廣島東洋鯉魚,51459116.1,360,[總分]大小 5.5,252884596.1,大 5.5,A,5.5,1.62,50,31,A,5.5,
2026-07-18,2026-07-18T13:55:23,台灣運彩,,3478446.1,132,2026-07-18T17:00:00+08:00,阪神虎,廣島東洋鯉魚,阪神虎 @ 廣島東洋鯉魚,51459116.1,360,[總分]大小 5.5,252884594.1,小 5.5,H,5.5,1.82,50,41,H,5.5,
2026-07-18,2026-07-18T13:55:23,台灣運彩,,3478446.1,132,2026-07-18T17:00:00+08:00,阪神虎,廣島東洋鯉魚,阪神虎 @ 廣島東洋鯉魚,51459120.1,362,廣島東洋鯉魚 大小 2.5,252884604.1,大 2.5,A,2.5,1.63,100,63,A,2.5,
2026-07-18,2026-07-18T13:55:23,台灣運彩,,3478446.1,132,2026-07-18T17:00:00+08:00,阪神虎,廣島東洋鯉魚,阪神虎 @ 廣島東洋鯉魚,51459120.1,362,廣島東洋鯉魚 大小 2.5,252884600.1,小 2.5,H,2.5,1.70,10,7,H,2.5,
2026-07-18,2026-07-18T13:55:23,台灣運彩,,3478446.1,132,2026-07-18T17:00:00+08:00,阪神虎,廣島東洋鯉魚,阪神虎 @ 廣島東洋鯉魚,51459118.1,363,阪神虎 大小 2.5,252884599.1,大 2.5,A,2.5,1.60,5,3,A,2.5,
2026-07-18,2026-07-18T13:55:23,台灣運彩,,3478446.1,132,2026-07-18T17:00:00+08:00,阪神虎,廣島東洋鯉魚,阪神虎 @ 廣島東洋鯉魚,51459118.1,363,阪神虎 大小 2.5,252884598.1,小 2.5,H,2.5,1.73,100,73,H,2.5,
2026-07-18,2026-07-18T13:55:23,台灣運彩,,3478446.1,132,2026-07-18T17:00:00+08:00,阪神虎,廣島東洋鯉魚,阪神虎 @ 廣島東洋鯉魚,51459122.1,366,[總分]單雙,252884608.1,單,,,1.50,2,1,,,
2026-07-18,2026-07-18T13:55:23,台灣運彩,,3478446.1,132,2026-07-18T17:00:00+08:00,阪神虎,廣島東洋鯉魚,阪神虎 @ 廣島東洋鯉魚,51459122.1,366,[總分]單雙,252884606.1,雙,,,1.96,25,24,,,
2026-07-18,2026-07-18T13:55:23,台灣運彩,,3478446.1,132,2026-07-18T17:00:00+08:00,阪神虎,廣島東洋鯉魚,阪神虎 @ 廣島東洋鯉魚,51459130.1,376,[1-5局] 不讓分,252884626.1,廣島東洋鯉魚,H,,1.95,20,19,H,,1
2026-07-18,2026-07-18T13:55:23,台灣運彩,,3478446.1,132,2026-07-18T17:00:00+08:00,阪神虎,廣島東洋鯉魚,阪神虎 @ 廣島東洋鯉魚,51459130.1,376,[1-5局] 不讓分,252884628.1,阪神虎,A,,1.95,20,19,A,,2
2026-07-18,2026-07-18T13:55:23,台灣運彩,,3478446.1,132,2026-07-18T17:00:00+08:00,阪神虎,廣島東洋鯉魚,阪神虎 @ 廣島東洋鯉魚,51459130.1,376,[1-5局] 不讓分,252884627.1,和局,D,,3.55,20,51,D,,
2026-07-18,2026-07-18T13:55:23,台灣運彩,,3478446.1,132,2026-07-18T17:00:00+08:00,阪神虎,廣島東洋鯉魚,阪神虎 @ 廣島東洋鯉魚,51459432.1,378,[1-5局] 大小 3.5,252885560.1,大 3.5,A,3.5,1.90,10,9,A,3.5,
2026-07-18,2026-07-18T13:55:23,台灣運彩,,3478446.1,132,2026-07-18T17:00:00+08:00,阪神虎,廣島東洋鯉魚,阪神虎 @ 廣島東洋鯉魚,51459432.1,378,[1-5局] 大小 3.5,252885559.1,小 3.5,H,3.5,1.48,25,12,H,3.5,
2026-07-18,2026-07-18T13:55:23,台灣運彩,,3478446.1,132,2026-07-18T17:00:00+08:00,阪神虎,廣島東洋鯉魚,阪神虎 @ 廣島東洋鯉魚,51459124.1,389,[第1局] 不讓分,252884612.1,廣島東洋鯉魚,H,,3.50,2,5,H,,1
2026-07-18,2026-07-18T13:55:23,台灣運彩,,3478446.1,132,2026-07-18T17:00:00+08:00,阪神虎,廣島東洋鯉魚,阪神虎 @ 廣島東洋鯉魚,51459124.1,389,[第1局] 不讓分,252884616.1,阪神虎,A,,3.70,10,27,A,,2
2026-07-18,2026-07-18T13:55:23,台灣運彩,,3478446.1,132,2026-07-18T17:00:00+08:00,阪神虎,廣島東洋鯉魚,阪神虎 @ 廣島東洋鯉魚,51459124.1,389,[第1局] 不讓分,252884614.1,和局,D,,1.35,20,7,D,,
2026-07-18,2026-07-18T13:55:23,台灣運彩,,3478447.1,133,2026-07-18T17:00:00+08:00,西武獅,樂天金鷲,西武獅 @ 樂天金鷲,51459131.1,354,不讓分,252884629.1,樂天金鷲,H,,1.85,20,17,H,,1
2026-07-18,2026-07-18T13:55:23,台灣運彩,,3478447.1,133,2026-07-18T17:00:00+08:00,西武獅,樂天金鷲,西武獅 @ 樂天金鷲,51459131.1,354,不讓分,252884630.1,西武獅,A,,1.60,5,3,A,,2
2026-07-18,2026-07-18T13:55:23,台灣運彩,,3478447.1,133,2026-07-18T17:00:00+08:00,西武獅,樂天金鷲,西武獅 @ 樂天金鷲,51459135.1,358,讓分 1.5,252884640.1,樂天金鷲 +1.5,H,1.5,1.42,50,21,H,1.5,1
2026-07-18,2026-07-18T13:55:23,台灣運彩,,3478447.1,133,2026-07-18T17:00:00+08:00,西武獅,樂天金鷲,西武獅 @ 樂天金鷲,51459135.1,358,讓分 1.5,252884641.1,西武獅 -1.5,A,1.5,2.15,20,23,A,1.5,2
2026-07-18,2026-07-18T13:55:23,台灣運彩,,3478447.1,133,2026-07-18T17:00:00+08:00,西武獅,樂天金鷲,西武獅 @ 樂天金鷲,51459125.1,360,[總分]大小 6.5,252884617.1,大 6.5,A,6.5,1.76,25,19,A,6.5,
2026-07-18,2026-07-18T13:55:23,台灣運彩,,3478447.1,133,2026-07-18T17:00:00+08:00,西武獅,樂天金鷲,西武獅 @ 樂天金鷲,51459125.1,360,[總分]大小 6.5,252884613.1,小 6.5,H,6.5,1.66,50,33,H,6.5,
2026-07-18,2026-07-18T13:55:23,台灣運彩,,3478447.1,133,2026-07-18T17:00:00+08:00,西武獅,樂天金鷲,西武獅 @ 樂天金鷲,51459115.1,362,樂天金鷲 大小 2.5,252884597.1,大 2.5,A,2.5,1.60,5,3,A,2.5,
2026-07-18,2026-07-18T13:55:23,台灣運彩,,3478447.1,133,2026-07-18T17:00:00+08:00,西武獅,樂天金鷲,西武獅 @ 樂天金鷲,51459115.1,362,樂天金鷲 大小 2.5,252884595.1,小 2.5,H,2.5,1.73,100,73,H,2.5,
2026-07-18,2026-07-18T13:55:23,台灣運彩,,3478447.1,133,2026-07-18T17:00:00+08:00,西武獅,樂天金鷲,西武獅 @ 樂天金鷲,51459121.1,363,西武獅 大小 3.5,252884609.1,大 3.5,A,3.5,1.82,50,41,A,3.5,
2026-07-18,2026-07-18T13:55:23,台灣運彩,,3478447.1,133,2026-07-18T17:00:00+08:00,西武獅,樂天金鷲,西武獅 @ 樂天金鷲,51459121.1,363,西武獅 大小 3.5,252884607.1,小 3.5,H,3.5,1.53,100,53,H,3.5,
2026-07-18,2026-07-18T13:55:23,台灣運彩,,3478447.1,133,2026-07-18T17:00:00+08:00,西武獅,樂天金鷲,西武獅 @ 樂天金鷲,51459119.1,366,[總分]單雙,252884603.1,單,,,1.50,2,1,,,
2026-07-18,2026-07-18T13:55:23,台灣運彩,,3478447.1,133,2026-07-18T17:00:00+08:00,西武獅,樂天金鷲,西武獅 @ 樂天金鷲,51459119.1,366,[總分]單雙,252884601.1,雙,,,1.96,25,24,,,
2026-07-18,2026-07-18T13:55:23,台灣運彩,,3478447.1,133,2026-07-18T17:00:00+08:00,西武獅,樂天金鷲,西武獅 @ 樂天金鷲,51459128.1,376,[1-5局] 不讓分,252884620.1,樂天金鷲,H,,2.05,20,21,H,,1
2026-07-18,2026-07-18T13:55:23,台灣運彩,,3478447.1,133,2026-07-18T17:00:00+08:00,西武獅,樂天金鷲,西武獅 @ 樂天金鷲,51459128.1,376,[1-5局] 不讓分,252884623.1,西武獅,A,,1.80,5,4,A,,2
2026-07-18,2026-07-18T13:55:23,台灣運彩,,3478447.1,133,2026-07-18T17:00:00+08:00,西武獅,樂天金鷲,西武獅 @ 樂天金鷲,51459128.1,376,[1-5局] 不讓分,252884622.1,和局,D,,3.80,5,14,D,,
2026-07-18,2026-07-18T13:55:23,台灣運彩,,3478447.1,133,2026-07-18T17:00:00+08:00,西武獅,樂天金鷲,西武獅 @ 樂天金鷲,51459467.1,378,[1-5局] 大小 3.5,252885658.1,大 3.5,A,3.5,1.71,100,71,A,3.5,
2026-07-18,2026-07-18T13:55:23,台灣運彩,,3478447.1,133,2026-07-18T17:00:00+08:00,西武獅,樂天金鷲,西武獅 @ 樂天金鷲,51459467.1,378,[1-5局] 大小 3.5,252885657.1,小 3.5,H,3.5,1.62,50,31,H,3.5,
2026-07-18,2026-07-18T13:55:23,台灣運彩,,3478447.1,133,2026-07-18T17:00:00+08:00,西武獅,樂天金鷲,西武獅 @ 樂天金鷲,51459133.1,389,[第1局] 不讓分,252884634.1,樂天金鷲,H,,3.55,20,51,H,,1
2026-07-18,2026-07-18T13:55:23,台灣運彩,,3478447.1,133,2026-07-18T17:00:00+08:00,西武獅,樂天金鷲,西武獅 @ 樂天金鷲,51459133.1,389,[第1局] 不讓分,252884636.1,西武獅,A,,3.35,20,47,A,,2
2026-07-18,2026-07-18T13:55:23,台灣運彩,,3478447.1,133,2026-07-18T17:00:00+08:00,西武獅,樂天金鷲,西武獅 @ 樂天金鷲,51459133.1,389,[第1局] 不讓分,252884635.1,和局,D,,1.40,5,2,D,,
2026-07-18,2026-07-18T13:55:23,台灣運彩,,3478448.1,134,2026-07-18T17:00:00+08:00,養樂多燕子,橫濱海灣之星,養樂多燕子 @ 橫濱海灣之星,51459123.1,354,不讓分,252884610.1,橫濱海灣之星,H,,1.50,2,1,H,,1
2026-07-18,2026-07-18T13:55:23,台灣運彩,,3478448.1,134,2026-07-18T17:00:00+08:00,養樂多燕子,橫濱海灣之星,養樂多燕子 @ 橫濱海灣之星,51459123.1,354,不讓分,252884611.1,養樂多燕子,A,,1.96,25,24,A,,2
2026-07-18,2026-07-18T13:55:23,台灣運彩,,3478448.1,134,2026-07-18T17:00:00+08:00,養樂多燕子,橫濱海灣之星,養樂多燕子 @ 橫濱海灣之星,51459137.1,358,讓分 -1.5,252884644.1,橫濱海灣之星 -1.5,H,-1.5,1.94,50,47,H,-1.5,1
2026-07-18,2026-07-18T13:55:23,台灣運彩,,3478448.1,134,2026-07-18T17:00:00+08:00,養樂多燕子,橫濱海灣之星,養樂多燕子 @ 橫濱海灣之星,51459137.1,358,讓分 -1.5,252884645.1,養樂多燕子 +1.5,A,-1.5,1.52,25,13,A,-1.5,2
2026-07-18,2026-07-18T13:55:23,台灣運彩,,3478448.1,134,2026-07-18T17:00:00+08:00,養樂多燕子,橫濱海灣之星,養樂多燕子 @ 橫濱海灣之星,51459129.1,360,[總分]大小 7.5,252884625.1,大 7.5,A,7.5,1.82,50,41,A,7.5,
2026-07-18,2026-07-18T13:55:23,台灣運彩,,3478448.1,134,2026-07-18T17:00:00+08:00,養樂多燕子,橫濱海灣之星,養樂多燕子 @ 橫濱海灣之星,51459129.1,360,[總分]大小 7.5,252884624.1,小 7.5,H,7.5,1.62,50,31,H,7.5,
2026-07-18,2026-07-18T13:55:23,台灣運彩,,3478448.1,134,2026-07-18T17:00:00+08:00,養樂多燕子,橫濱海灣之星,養樂多燕子 @ 橫濱海灣之星,51459126.1,362,橫濱海灣之星 大小 3.5,252884618.1,大 3.5,A,3.5,1.43,100,43,A,3.5,
2026-07-18,2026-07-18T13:55:23,台灣運彩,,3478448.1,134,2026-07-18T17:00:00+08:00,養樂多燕子,橫濱海灣之星,養樂多燕子 @ 橫濱海灣之星,51459126.1,362,橫濱海灣之星 大小 3.5,252884615.1,小 3.5,H,3.5,1.98,50,49,H,3.5,
2026-07-18,2026-07-18T13:55:23,台灣運彩,,3478448.1,134,2026-07-18T17:00:00+08:00,養樂多燕子,橫濱海灣之星,養樂多燕子 @ 橫濱海灣之星,51459136.1,363,養樂多燕子 大小 3.5,252884643.1,大 3.5,A,3.5,1.68,25,17,A,3.5,
2026-07-18,2026-07-18T13:55:23,台灣運彩,,3478448.1,134,2026-07-18T17:00:00+08:00,養樂多燕子,橫濱海灣之星,養樂多燕子 @ 橫濱海灣之星,51459136.1,363,養樂多燕子 大小 3.5,252884642.1,小 3.5,H,3.5,1.65,20,13,H,3.5,
2026-07-18,2026-07-18T13:55:23,台灣運彩,,3478448.1,134,2026-07-18T17:00:00+08:00,養樂多燕子,橫濱海灣之星,養樂多燕子 @ 橫濱海灣之星,51459117.1,366,[總分]單雙,252884605.1,單,,,1.50,2,1,,,
2026-07-18,2026-07-18T13:55:23,台灣運彩,,3478448.1,134,2026-07-18T17:00:00+08:00,養樂多燕子,橫濱海灣之星,養樂多燕子 @ 橫濱海灣之星,51459117.1,366,[總分]單雙,252884602.1,雙,,,1.96,25,24,,,
2026-07-18,2026-07-18T13:55:23,台灣運彩,,3478448.1,134,2026-07-18T17:00:00+08:00,養樂多燕子,橫濱海灣之星,養樂多燕子 @ 橫濱海灣之星,51459134.1,376,[1-5局] 不讓分,252884637.1,橫濱海灣之星,H,,1.65,20,13,H,,1
2026-07-18,2026-07-18T13:55:23,台灣運彩,,3478448.1,134,2026-07-18T17:00:00+08:00,養樂多燕子,橫濱海灣之星,養樂多燕子 @ 橫濱海灣之星,51459134.1,376,[1-5局] 不讓分,252884639.1,養樂多燕子,A,,2.20,5,6,A,,2
2026-07-18,2026-07-18T13:55:23,台灣運彩,,3478448.1,134,2026-07-18T17:00:00+08:00,養樂多燕子,橫濱海灣之星,養樂多燕子 @ 橫濱海灣之星,51459134.1,376,[1-5局] 不讓分,252884638.1,和局,D,,4.30,10,33,D,,
2026-07-18,2026-07-18T13:55:23,台灣運彩,,3478448.1,134,2026-07-18T17:00:00+08:00,養樂多燕子,橫濱海灣之星,養樂多燕子 @ 橫濱海灣之星,51459433.1,378,[1-5局] 大小 3.5,252885562.1,大 3.5,A,3.5,1.55,20,11,A,3.5,
2026-07-18,2026-07-18T13:55:23,台灣運彩,,3478448.1,134,2026-07-18T17:00:00+08:00,養樂多燕子,橫濱海灣之星,養樂多燕子 @ 橫濱海灣之星,51459433.1,378,[1-5局] 大小 3.5,252885561.1,小 3.5,H,3.5,1.80,5,4,H,3.5,
2026-07-18,2026-07-18T13:55:23,台灣運彩,,3478448.1,134,2026-07-18T17:00:00+08:00,養樂多燕子,橫濱海灣之星,養樂多燕子 @ 橫濱海灣之星,51459132.1,389,[第1局] 不讓分,252884631.1,橫濱海灣之星,H,,2.85,20,37,H,,1
2026-07-18,2026-07-18T13:55:23,台灣運彩,,3478448.1,134,2026-07-18T17:00:00+08:00,養樂多燕子,橫濱海灣之星,養樂多燕子 @ 橫濱海灣之星,51459132.1,389,[第1局] 不讓分,252884633.1,養樂多燕子,A,,3.80,5,14,A,,2
2026-07-18,2026-07-18T13:55:23,台灣運彩,,3478448.1,134,2026-07-18T17:00:00+08:00,養樂多燕子,橫濱海灣之星,養樂多燕子 @ 橫濱海灣之星,51459132.1,389,[第1局] 不讓分,252884632.1,和局,D,,1.45,20,9,D,,
2026-07-18,2026-07-18T13:55:23,台灣運彩,,3478486.1,144,2026-07-18T17:00:00+08:00,樂天巨人,三星獅,樂天巨人 @ 三星獅,51459793.1,354,不讓分,252886664.1,三星獅,H,,1.43,100,43,H,,1
2026-07-18,2026-07-18T13:55:23,台灣運彩,,3478486.1,144,2026-07-18T17:00:00+08:00,樂天巨人,三星獅,樂天巨人 @ 三星獅,51459793.1,354,不讓分,252886665.1,樂天巨人,A,,2.10,10,11,A,,2
2026-07-18,2026-07-18T13:55:23,台灣運彩,,3478486.1,144,2026-07-18T17:00:00+08:00,樂天巨人,三星獅,樂天巨人 @ 三星獅,51459802.1,358,讓分 -1.5,252886684.1,三星獅 -1.5,H,-1.5,1.85,20,17,H,-1.5,1
2026-07-18,2026-07-18T13:55:23,台灣運彩,,3478486.1,144,2026-07-18T17:00:00+08:00,樂天巨人,三星獅,樂天巨人 @ 三星獅,51459802.1,358,讓分 -1.5,252886685.1,樂天巨人 +1.5,A,-1.5,1.60,5,3,A,-1.5,2
2026-07-18,2026-07-18T13:55:23,台灣運彩,,3478486.1,144,2026-07-18T17:00:00+08:00,樂天巨人,三星獅,樂天巨人 @ 三星獅,51459795.1,360,[總分]大小 10.5,252886669.1,大 10.5,A,10.5,1.78,50,39,A,10.5,
2026-07-18,2026-07-18T13:55:23,台灣運彩,,3478486.1,144,2026-07-18T17:00:00+08:00,樂天巨人,三星獅,樂天巨人 @ 三星獅,51459795.1,360,[總分]大小 10.5,252886668.1,小 10.5,H,10.5,1.65,20,13,H,10.5,
2026-07-18,2026-07-18T13:55:23,台灣運彩,,3478486.1,144,2026-07-18T17:00:00+08:00,樂天巨人,三星獅,樂天巨人 @ 三星獅,51459794.1,362,三星獅 大小 5.5,252886667.1,大 5.5,A,5.5,1.82,50,41,A,5.5,
2026-07-18,2026-07-18T13:55:23,台灣運彩,,3478486.1,144,2026-07-18T17:00:00+08:00,樂天巨人,三星獅,樂天巨人 @ 三星獅,51459794.1,362,三星獅 大小 5.5,252886666.1,小 5.5,H,5.5,1.62,50,31,H,5.5,
2026-07-18,2026-07-18T13:55:23,台灣運彩,,3478486.1,144,2026-07-18T17:00:00+08:00,樂天巨人,三星獅,樂天巨人 @ 三星獅,51459803.1,363,樂天巨人 大小 4.5,252886687.1,大 4.5,A,4.5,1.88,25,22,A,4.5,
2026-07-18,2026-07-18T13:55:23,台灣運彩,,3478486.1,144,2026-07-18T17:00:00+08:00,樂天巨人,三星獅,樂天巨人 @ 三星獅,51459803.1,363,樂天巨人 大小 4.5,252886686.1,小 4.5,H,4.5,1.56,25,14,H,4.5,
2026-07-18,2026-07-18T13:55:23,台灣運彩,,3478486.1,144,2026-07-18T17:00:00+08:00,樂天巨人,三星獅,樂天巨人 @ 三星獅,51459792.1,366,[總分]單雙,252886663.1,單,,,1.55,20,11,,,
2026-07-18,2026-07-18T13:55:23,台灣運彩,,3478486.1,144,2026-07-18T17:00:00+08:00,樂天巨人,三星獅,樂天巨人 @ 三星獅,51459792.1,366,[總分]單雙,252886662.1,雙,,,1.90,10,9,,,
2026-07-18,2026-07-18T13:55:23,台灣運彩,,3478486.1,144,2026-07-18T17:00:00+08:00,樂天巨人,三星獅,樂天巨人 @ 三星獅,51459796.1,376,[1-5局] 不讓分,252886670.1,三星獅,H,,1.55,20,11,H,,1
2026-07-18,2026-07-18T13:55:23,台灣運彩,,3478486.1,144,2026-07-18T17:00:00+08:00,樂天巨人,三星獅,樂天巨人 @ 三星獅,51459796.1,376,[1-5局] 不讓分,252886672.1,樂天巨人,A,,2.30,10,13,A,,2
2026-07-18,2026-07-18T13:55:23,台灣運彩,,3478486.1,144,2026-07-18T17:00:00+08:00,樂天巨人,三星獅,樂天巨人 @ 三星獅,51459796.1,376,[1-5局] 不讓分,252886671.1,和局,D,,5.70,10,47,D,,
2026-07-18,2026-07-18T13:55:23,台灣運彩,,3478486.1,144,2026-07-18T17:00:00+08:00,樂天巨人,三星獅,樂天巨人 @ 三星獅,51459797.1,377,[1-5局] 讓分 -0.5,252886673.1,三星獅 -0.5,H,-0.5,1.60,5,3,H,-0.5,1
2026-07-18,2026-07-18T13:55:23,台灣運彩,,3478486.1,144,2026-07-18T17:00:00+08:00,樂天巨人,三星獅,樂天巨人 @ 三星獅,51459797.1,377,[1-5局] 讓分 -0.5,252886674.1,樂天巨人 +0.5,A,-0.5,1.85,20,17,A,-0.5,2
2026-07-18,2026-07-18T13:55:23,台灣運彩,,3478486.1,144,2026-07-18T17:00:00+08:00,樂天巨人,三星獅,樂天巨人 @ 三星獅,51459798.1,378,[1-5局] 大小 5.5,252886676.1,大 5.5,A,5.5,1.68,25,17,A,5.5,
2026-07-18,2026-07-18T13:55:23,台灣運彩,,3478486.1,144,2026-07-18T17:00:00+08:00,樂天巨人,三星獅,樂天巨人 @ 三星獅,51459798.1,378,[1-5局] 大小 5.5,252886675.1,小 5.5,H,5.5,1.75,4,3,H,5.5,
2026-07-18,2026-07-18T13:55:23,台灣運彩,,3478486.1,144,2026-07-18T17:00:00+08:00,樂天巨人,三星獅,樂天巨人 @ 三星獅,51459799.1,379,[1-5局] 三星獅 大小 2.5,252886678.1,大 2.5,A,2.5,1.55,20,11,A,2.5,
2026-07-18,2026-07-18T13:55:23,台灣運彩,,3478486.1,144,2026-07-18T17:00:00+08:00,樂天巨人,三星獅,樂天巨人 @ 三星獅,51459799.1,379,[1-5局] 三星獅 大小 2.5,252886677.1,小 2.5,H,2.5,1.90,10,9,H,2.5,
2026-07-18,2026-07-18T13:55:23,台灣運彩,,3478486.1,144,2026-07-18T17:00:00+08:00,樂天巨人,三星獅,樂天巨人 @ 三星獅,51459801.1,380,[1-5局] 樂天巨人 大小 2.5,252886683.1,大 2.5,A,2.5,1.93,100,93,A,2.5,
2026-07-18,2026-07-18T13:55:23,台灣運彩,,3478486.1,144,2026-07-18T17:00:00+08:00,樂天巨人,三星獅,樂天巨人 @ 三星獅,51459801.1,380,[1-5局] 樂天巨人 大小 2.5,252886682.1,小 2.5,H,2.5,1.53,100,53,H,2.5,
2026-07-18,2026-07-18T13:55:23,台灣運彩,,3478486.1,144,2026-07-18T17:00:00+08:00,樂天巨人,三星獅,樂天巨人 @ 三星獅,51459800.1,389,[第1局] 不讓分,252886679.1,三星獅,H,,2.50,2,3,H,,1
2026-07-18,2026-07-18T13:55:23,台灣運彩,,3478486.1,144,2026-07-18T17:00:00+08:00,樂天巨人,三星獅,樂天巨人 @ 三星獅,51459800.1,389,[第1局] 不讓分,252886681.1,樂天巨人,A,,3.70,10,27,A,,2
2026-07-18,2026-07-18T13:55:23,台灣運彩,,3478486.1,144,2026-07-18T17:00:00+08:00,樂天巨人,三星獅,樂天巨人 @ 三星獅,51459800.1,389,[第1局] 不讓分,252886680.1,和局,D,,1.75,4,3,D,,
2026-07-18,2026-07-18T13:55:23,台灣運彩,,3478487.1,145,2026-07-18T17:00:00+08:00,培證英雄,韓華老鷹,培證英雄 @ 韓華老鷹,51459804.1,354,不讓分,252886688.1,韓華老鷹,H,,1.48,25,12,H,,1
2026-07-18,2026-07-18T13:55:23,台灣運彩,,3478487.1,145,2026-07-18T17:00:00+08:00,培證英雄,韓華老鷹,培證英雄 @ 韓華老鷹,51459804.1,354,不讓分,252886689.1,培證英雄,A,,2.00,1,1,A,,2
2026-07-18,2026-07-18T13:55:23,台灣運彩,,3478487.1,145,2026-07-18T17:00:00+08:00,培證英雄,韓華老鷹,培證英雄 @ 韓華老鷹,51459806.1,358,讓分 -1.5,252886692.1,韓華老鷹 -1.5,H,-1.5,1.94,50,47,H,-1.5,1
2026-07-18,2026-07-18T13:55:23,台灣運彩,,3478487.1,145,2026-07-18T17:00:00+08:00,培證英雄,韓華老鷹,培證英雄 @ 韓華老鷹,51459806.1,358,讓分 -1.5,252886693.1,培證英雄 +1.5,A,-1.5,1.52,25,13,A,-1.5,2
2026-07-18,2026-07-18T13:55:23,台灣運彩,,3478487.1,145,2026-07-18T17:00:00+08:00,培證英雄,韓華老鷹,培證英雄 @ 韓華老鷹,51459809.1,360,[總分]大小 9.5,252886699.1,大 9.5,A,9.5,1.68,25,17,A,9.5,
2026-07-18,2026-07-18T13:55:23,台灣運彩,,3478487.1,145,2026-07-18T17:00:00+08:00,培證英雄,韓華老鷹,培證英雄 @ 韓華老鷹,51459809.1,360,[總分]大小 9.5,252886698.1,小 9.5,H,9.5,1.75,4,3,H,9.5,
2026-07-18,2026-07-18T13:55:23,台灣運彩,,3478487.1,145,2026-07-18T17:00:00+08:00,培證英雄,韓華老鷹,培證英雄 @ 韓華老鷹,51459813.1,362,韓華老鷹 大小 4.5,252886708.1,大 4.5,A,4.5,1.58,50,29,A,4.5,
2026-07-18,2026-07-18T13:55:23,台灣運彩,,3478487.1,145,2026-07-18T17:00:00+08:00,培證英雄,韓華老鷹,培證英雄 @ 韓華老鷹,51459813.1,362,韓華老鷹 大小 4.5,252886707.1,小 4.5,H,4.5,1.86,50,43,H,4.5,
2026-07-18,2026-07-18T13:55:23,台灣運彩,,3478487.1,145,2026-07-18T17:00:00+08:00,培證英雄,韓華老鷹,培證英雄 @ 韓華老鷹,51459816.1,363,培證英雄 大小 3.5,252886715.1,大 3.5,A,3.5,1.55,20,11,A,3.5,
2026-07-18,2026-07-18T13:55:23,台灣運彩,,3478487.1,145,2026-07-18T17:00:00+08:00,培證英雄,韓華老鷹,培證英雄 @ 韓華老鷹,51459816.1,363,培證英雄 大小 3.5,252886714.1,小 3.5,H,3.5,1.90,10,9,H,3.5,
2026-07-18,2026-07-18T13:55:23,台灣運彩,,3478487.1,145,2026-07-18T17:00:00+08:00,培證英雄,韓華老鷹,培證英雄 @ 韓華老鷹,51459805.1,366,[總分]單雙,252886691.1,單,,,1.55,20,11,,,
2026-07-18,2026-07-18T13:55:23,台灣運彩,,3478487.1,145,2026-07-18T17:00:00+08:00,培證英雄,韓華老鷹,培證英雄 @ 韓華老鷹,51459805.1,366,[總分]單雙,252886690.1,雙,,,1.90,10,9,,,
2026-07-18,2026-07-18T13:55:23,台灣運彩,,3478487.1,145,2026-07-18T17:00:00+08:00,培證英雄,韓華老鷹,培證英雄 @ 韓華老鷹,51459814.1,376,[1-5局] 不讓分,252886709.1,韓華老鷹,H,,1.60,5,3,H,,1
2026-07-18,2026-07-18T13:55:23,台灣運彩,,3478487.1,145,2026-07-18T17:00:00+08:00,培證英雄,韓華老鷹,培證英雄 @ 韓華老鷹,51459814.1,376,[1-5局] 不讓分,252886711.1,培證英雄,A,,2.25,4,5,A,,2
2026-07-18,2026-07-18T13:55:23,台灣運彩,,3478487.1,145,2026-07-18T17:00:00+08:00,培證英雄,韓華老鷹,培證英雄 @ 韓華老鷹,51459814.1,376,[1-5局] 不讓分,252886710.1,和局,D,,5.50,2,9,D,,
2026-07-18,2026-07-18T13:55:23,台灣運彩,,3478487.1,145,2026-07-18T17:00:00+08:00,培證英雄,韓華老鷹,培證英雄 @ 韓華老鷹,51459808.1,377,[1-5局] 讓分 -0.5,252886696.1,韓華老鷹 -0.5,H,-0.5,1.65,20,13,H,-0.5,1
2026-07-18,2026-07-18T13:55:23,台灣運彩,,3478487.1,145,2026-07-18T17:00:00+08:00,培證英雄,韓華老鷹,培證英雄 @ 韓華老鷹,51459808.1,377,[1-5局] 讓分 -0.5,252886697.1,培證英雄 +0.5,A,-0.5,1.78,50,39,A,-0.5,2
2026-07-18,2026-07-18T13:55:23,台灣運彩,,3478487.1,145,2026-07-18T17:00:00+08:00,培證英雄,韓華老鷹,培證英雄 @ 韓華老鷹,51459812.1,378,[1-5局] 大小 5.5,252886706.1,大 5.5,A,5.5,1.85,20,17,A,5.5,
2026-07-18,2026-07-18T13:55:23,台灣運彩,,3478487.1,145,2026-07-18T17:00:00+08:00,培證英雄,韓華老鷹,培證英雄 @ 韓華老鷹,51459812.1,378,[1-5局] 大小 5.5,252886705.1,小 5.5,H,5.5,1.60,5,3,H,5.5,
2026-07-18,2026-07-18T13:55:23,台灣運彩,,3478487.1,145,2026-07-18T17:00:00+08:00,培證英雄,韓華老鷹,培證英雄 @ 韓華老鷹,51459811.1,379,[1-5局] 韓華老鷹 大小 2.5,252886704.1,大 2.5,A,2.5,1.65,20,13,A,2.5,
2026-07-18,2026-07-18T13:55:23,台灣運彩,,3478487.1,145,2026-07-18T17:00:00+08:00,培證英雄,韓華老鷹,培證英雄 @ 韓華老鷹,51459811.1,379,[1-5局] 韓華老鷹 大小 2.5,252886703.1,小 2.5,H,2.5,1.78,50,39,H,2.5,
2026-07-18,2026-07-18T13:55:23,台灣運彩,,3478487.1,145,2026-07-18T17:00:00+08:00,培證英雄,韓華老鷹,培證英雄 @ 韓華老鷹,51459807.1,380,[1-5局] 培證英雄 大小 1.5,252886695.1,大 1.5,A,1.5,1.50,2,1,A,1.5,
2026-07-18,2026-07-18T13:55:23,台灣運彩,,3478487.1,145,2026-07-18T17:00:00+08:00,培證英雄,韓華老鷹,培證英雄 @ 韓華老鷹,51459807.1,380,[1-5局] 培證英雄 大小 1.5,252886694.1,小 1.5,H,1.5,1.96,25,24,H,1.5,
2026-07-18,2026-07-18T13:55:23,台灣運彩,,3478487.1,145,2026-07-18T17:00:00+08:00,培證英雄,韓華老鷹,培證英雄 @ 韓華老鷹,51459810.1,389,[第1局] 不讓分,252886700.1,韓華老鷹,H,,2.60,5,8,H,,1
2026-07-18,2026-07-18T13:55:23,台灣運彩,,3478487.1,145,2026-07-18T17:00:00+08:00,培證英雄,韓華老鷹,培證英雄 @ 韓華老鷹,51459810.1,389,[第1局] 不讓分,252886702.1,培證英雄,A,,3.70,10,27,A,,2
2026-07-18,2026-07-18T13:55:23,台灣運彩,,3478487.1,145,2026-07-18T17:00:00+08:00,培證英雄,韓華老鷹,培證英雄 @ 韓華老鷹,51459810.1,389,[第1局] 不讓分,252886701.1,和局,D,,1.70,10,7,D,,
2026-07-18,2026-07-18T13:55:23,台灣運彩,,3478488.1,146,2026-07-18T17:00:00+08:00,斗山熊,NC恐龍,斗山熊 @ NC恐龍,51459817.1,354,不讓分,252886716.1,NC恐龍,H,,1.75,4,3,H,,1
2026-07-18,2026-07-18T13:55:23,台灣運彩,,3478488.1,146,2026-07-18T17:00:00+08:00,斗山熊,NC恐龍,斗山熊 @ NC恐龍,51459817.1,354,不讓分,252886717.1,斗山熊,A,,1.68,25,17,A,,2
2026-07-18,2026-07-18T13:55:23,台灣運彩,,3478488.1,146,2026-07-18T17:00:00+08:00,斗山熊,NC恐龍,斗山熊 @ NC恐龍,51459840.1,358,讓分 1.5,252886766.1,NC恐龍 +1.5,H,1.5,1.46,50,23,H,1.5,1
2026-07-18,2026-07-18T13:55:23,台灣運彩,,3478488.1,146,2026-07-18T17:00:00+08:00,斗山熊,NC恐龍,斗山熊 @ NC恐龍,51459840.1,358,讓分 1.5,252886767.1,斗山熊 -1.5,A,1.5,2.05,20,21,A,1.5,2
2026-07-18,2026-07-18T13:55:23,台灣運彩,,3478488.1,146,2026-07-18T17:00:00+08:00,斗山熊,NC恐龍,斗山熊 @ NC恐龍,51459834.1,360,[總分]大小 9.5,252886755.1,大 9.5,A,9.5,1.85,20,17,A,9.5,
2026-07-18,2026-07-18T13:55:23,台灣運彩,,3478488.1,146,2026-07-18T17:00:00+08:00,斗山熊,NC恐龍,斗山熊 @ NC恐龍,51459834.1,360,[總分]大小 9.5,252886754.1,小 9.5,H,9.5,1.60,5,3,H,9.5,
2026-07-18,2026-07-18T13:55:23,台灣運彩,,3478488.1,146,2026-07-18T17:00:00+08:00,斗山熊,NC恐龍,斗山熊 @ NC恐龍,51459975.1,362,NC恐龍 大小 3.5,252887147.1,大 3.5,A,3.5,1.55,20,11,A,3.5,
2026-07-18,2026-07-18T13:55:23,台灣運彩,,3478488.1,146,2026-07-18T17:00:00+08:00,斗山熊,NC恐龍,斗山熊 @ NC恐龍,51459975.1,362,NC恐龍 大小 3.5,252887146.1,小 3.5,H,3.5,1.90,10,9,H,3.5,
2026-07-18,2026-07-18T13:55:23,台灣運彩,,3478488.1,146,2026-07-18T17:00:00+08:00,斗山熊,NC恐龍,斗山熊 @ NC恐龍,51459843.1,363,斗山熊 大小 4.5,252886774.1,大 4.5,A,4.5,1.78,50,39,A,4.5,
2026-07-18,2026-07-18T13:55:23,台灣運彩,,3478488.1,146,2026-07-18T17:00:00+08:00,斗山熊,NC恐龍,斗山熊 @ NC恐龍,51459843.1,363,斗山熊 大小 4.5,252886773.1,小 4.5,H,4.5,1.65,20,13,H,4.5,
2026-07-18,2026-07-18T13:55:23,台灣運彩,,3478488.1,146,2026-07-18T17:00:00+08:00,斗山熊,NC恐龍,斗山熊 @ NC恐龍,51459815.1,366,[總分]單雙,252886713.1,單,,,1.55,20,11,,,
2026-07-18,2026-07-18T13:55:23,台灣運彩,,3478488.1,146,2026-07-18T17:00:00+08:00,斗山熊,NC恐龍,斗山熊 @ NC恐龍,51459815.1,366,[總分]單雙,252886712.1,雙,,,1.90,10,9,,,
2026-07-18,2026-07-18T13:55:23,台灣運彩,,3478488.1,146,2026-07-18T17:00:00+08:00,斗山熊,NC恐龍,斗山熊 @ NC恐龍,51459828.1,376,[1-5局] 不讓分,252886738.1,NC恐龍,H,,1.95,20,19,H,,1
2026-07-18,2026-07-18T13:55:23,台灣運彩,,3478488.1,146,2026-07-18T17:00:00+08:00,斗山熊,NC恐龍,斗山熊 @ NC恐龍,51459828.1,376,[1-5局] 不讓分,252886741.1,斗山熊,A,,1.85,20,17,A,,2
2026-07-18,2026-07-18T13:55:23,台灣運彩,,3478488.1,146,2026-07-18T17:00:00+08:00,斗山熊,NC恐龍,斗山熊 @ NC恐龍,51459828.1,376,[1-5局] 不讓分,252886740.1,和局,D,,5.05,20,81,D,,
2026-07-18,2026-07-18T13:55:23,台灣運彩,,3478488.1,146,2026-07-18T17:00:00+08:00,斗山熊,NC恐龍,斗山熊 @ NC恐龍,51459837.1,377,[1-5局] 讓分 0.5,252886760.1,NC恐龍 +0.5,H,0.5,1.56,25,14,H,0.5,1
2026-07-18,2026-07-18T13:55:23,台灣運彩,,3478488.1,146,2026-07-18T17:00:00+08:00,斗山熊,NC恐龍,斗山熊 @ NC恐龍,51459837.1,377,[1-5局] 讓分 0.5,252886761.1,斗山熊 -0.5,A,0.5,1.88,25,22,A,0.5,2
2026-07-18,2026-07-18T13:55:23,台灣運彩,,3478488.1,146,2026-07-18T17:00:00+08:00,斗山熊,NC恐龍,斗山熊 @ NC恐龍,51459823.1,378,[1-5局] 大小 4.5,252886727.1,大 4.5,A,4.5,1.60,5,3,A,4.5,
2026-07-18,2026-07-18T13:55:23,台灣運彩,,3478488.1,146,2026-07-18T17:00:00+08:00,斗山熊,NC恐龍,斗山熊 @ NC恐龍,51459823.1,378,[1-5局] 大小 4.5,252886726.1,小 4.5,H,4.5,1.85,20,17,H,4.5,
2026-07-18,2026-07-18T13:55:23,台灣運彩,,3478488.1,146,2026-07-18T17:00:00+08:00,斗山熊,NC恐龍,斗山熊 @ NC恐龍,51459820.1,379,[1-5局] NC恐龍 大小 2.5,252886723.1,大 2.5,A,2.5,1.93,100,93,A,2.5,
2026-07-18,2026-07-18T13:55:23,台灣運彩,,3478488.1,146,2026-07-18T17:00:00+08:00,斗山熊,NC恐龍,斗山熊 @ NC恐龍,51459820.1,379,[1-5局] NC恐龍 大小 2.5,252886722.1,小 2.5,H,2.5,1.53,100,53,H,2.5,
2026-07-18,2026-07-18T13:55:23,台灣運彩,,3478488.1,146,2026-07-18T17:00:00+08:00,斗山熊,NC恐龍,斗山熊 @ NC恐龍,51459825.1,380,[1-5局] 斗山熊 大小 2.5,252886733.1,大 2.5,A,2.5,1.86,50,43,A,2.5,
2026-07-18,2026-07-18T13:55:23,台灣運彩,,3478488.1,146,2026-07-18T17:00:00+08:00,斗山熊,NC恐龍,斗山熊 @ NC恐龍,51459825.1,380,[1-5局] 斗山熊 大小 2.5,252886732.1,小 2.5,H,2.5,1.58,50,29,H,2.5,
2026-07-18,2026-07-18T13:55:23,台灣運彩,,3478488.1,146,2026-07-18T17:00:00+08:00,斗山熊,NC恐龍,斗山熊 @ NC恐龍,51459831.1,389,[第1局] 不讓分,252886745.1,NC恐龍,H,,3.20,5,11,H,,1
2026-07-18,2026-07-18T13:55:23,台灣運彩,,3478488.1,146,2026-07-18T17:00:00+08:00,斗山熊,NC恐龍,斗山熊 @ NC恐龍,51459831.1,389,[第1局] 不讓分,252886748.1,斗山熊,A,,3.15,20,43,A,,2
2026-07-18,2026-07-18T13:55:23,台灣運彩,,3478488.1,146,2026-07-18T17:00:00+08:00,斗山熊,NC恐龍,斗山熊 @ NC恐龍,51459831.1,389,[第1局] 不讓分,252886747.1,和局,D,,1.60,5,3,D,,
2026-07-18,2026-07-18T13:55:23,台灣運彩,,3478489.1,147,2026-07-18T17:00:00+08:00,起亞老虎,SSG登陸者,起亞老虎 @ SSG登陸者,51459818.1,354,不讓分,252886720.1,SSG登陸者,H,,2.00,1,1,H,,1
2026-07-18,2026-07-18T13:55:23,台灣運彩,,3478489.1,147,2026-07-18T17:00:00+08:00,起亞老虎,SSG登陸者,起亞老虎 @ SSG登陸者,51459818.1,354,不讓分,252886721.1,起亞老虎,A,,1.48,25,12,A,,2
2026-07-18,2026-07-18T13:55:23,台灣運彩,,3478489.1,147,2026-07-18T17:00:00+08:00,起亞老虎,SSG登陸者,起亞老虎 @ SSG登陸者,51459824.1,358,讓分 1.5,252886728.1,SSG登陸者 +1.5,H,1.5,1.63,100,63,H,1.5,1
2026-07-18,2026-07-18T13:55:23,台灣運彩,,3478489.1,147,2026-07-18T17:00:00+08:00,起亞老虎,SSG登陸者,起亞老虎 @ SSG登陸者,51459824.1,358,讓分 1.5,252886730.1,起亞老虎 -1.5,A,1.5,1.80,5,4,A,1.5,2
2026-07-18,2026-07-18T13:55:23,台灣運彩,,3478489.1,147,2026-07-18T17:00:00+08:00,起亞老虎,SSG登陸者,起亞老虎 @ SSG登陸者,51459844.1,360,[總分]大小 10.5,252886777.1,大 10.5,A,10.5,1.68,25,17,A,10.5,
2026-07-18,2026-07-18T13:55:23,台灣運彩,,3478489.1,147,2026-07-18T17:00:00+08:00,起亞老虎,SSG登陸者,起亞老虎 @ SSG登陸者,51459844.1,360,[總分]大小 10.5,252886775.1,小 10.5,H,10.5,1.75,4,3,H,10.5,
2026-07-18,2026-07-18T13:55:23,台灣運彩,,3478489.1,147,2026-07-18T17:00:00+08:00,起亞老虎,SSG登陸者,起亞老虎 @ SSG登陸者,51459829.1,362,SSG登陸者 大小 4.5,252886743.1,大 4.5,A,4.5,1.80,5,4,A,4.5,
2026-07-18,2026-07-18T13:55:23,台灣運彩,,3478489.1,147,2026-07-18T17:00:00+08:00,起亞老虎,SSG登陸者,起亞老虎 @ SSG登陸者,51459829.1,362,SSG登陸者 大小 4.5,252886742.1,小 4.5,H,4.5,1.63,100,63,H,4.5,
2026-07-18,2026-07-18T13:55:23,台灣運彩,,3478489.1,147,2026-07-18T17:00:00+08:00,起亞老虎,SSG登陸者,起亞老虎 @ SSG登陸者,51459835.1,363,起亞老虎 大小 5.5,252886758.1,大 5.5,A,5.5,1.72,25,18,A,5.5,
2026-07-18,2026-07-18T13:55:23,台灣運彩,,3478489.1,147,2026-07-18T17:00:00+08:00,起亞老虎,SSG登陸者,起亞老虎 @ SSG登陸者,51459835.1,363,起亞老虎 大小 5.5,252886756.1,小 5.5,H,5.5,1.72,25,18,H,5.5,
2026-07-18,2026-07-18T13:55:23,台灣運彩,,3478489.1,147,2026-07-18T17:00:00+08:00,起亞老虎,SSG登陸者,起亞老虎 @ SSG登陸者,51459848.1,366,[總分]單雙,252886785.1,單,,,1.55,20,11,,,
2026-07-18,2026-07-18T13:55:23,台灣運彩,,3478489.1,147,2026-07-18T17:00:00+08:00,起亞老虎,SSG登陸者,起亞老虎 @ SSG登陸者,51459848.1,366,[總分]單雙,252886783.1,雙,,,1.90,10,9,,,
2026-07-18,2026-07-18T13:55:23,台灣運彩,,3478489.1,147,2026-07-18T17:00:00+08:00,起亞老虎,SSG登陸者,起亞老虎 @ SSG登陸者,51459827.1,376,[1-5局] 不讓分,252886734.1,SSG登陸者,H,,2.15,20,23,H,,1
2026-07-18,2026-07-18T13:55:23,台灣運彩,,3478489.1,147,2026-07-18T17:00:00+08:00,起亞老虎,SSG登陸者,起亞老虎 @ SSG登陸者,51459827.1,376,[1-5局] 不讓分,252886736.1,起亞老虎,A,,1.60,5,3,A,,2
2026-07-18,2026-07-18T13:55:23,台灣運彩,,3478489.1,147,2026-07-18T17:00:00+08:00,起亞老虎,SSG登陸者,起亞老虎 @ SSG登陸者,51459827.1,376,[1-5局] 不讓分,252886735.1,和局,D,,5.80,5,24,D,,
2026-07-18,2026-07-18T13:55:23,台灣運彩,,3478489.1,147,2026-07-18T17:00:00+08:00,起亞老虎,SSG登陸者,起亞老虎 @ SSG登陸者,51459846.1,377,[1-5局] 讓分 0.5,252886779.1,SSG登陸者 +0.5,H,0.5,1.76,25,19,H,0.5,1
2026-07-18,2026-07-18T13:55:23,台灣運彩,,3478489.1,147,2026-07-18T17:00:00+08:00,起亞老虎,SSG登陸者,起亞老虎 @ SSG登陸者,51459846.1,377,[1-5局] 讓分 0.5,252886781.1,起亞老虎 -0.5,A,0.5,1.66,50,33,A,0.5,2
2026-07-18,2026-07-18T13:55:23,台灣運彩,,3478489.1,147,2026-07-18T17:00:00+08:00,起亞老虎,SSG登陸者,起亞老虎 @ SSG登陸者,51459821.1,378,[1-5局] 大小 5.5,252886725.1,大 5.5,A,5.5,1.68,25,17,A,5.5,
2026-07-18,2026-07-18T13:55:23,台灣運彩,,3478489.1,147,2026-07-18T17:00:00+08:00,起亞老虎,SSG登陸者,起亞老虎 @ SSG登陸者,51459821.1,378,[1-5局] 大小 5.5,252886724.1,小 5.5,H,5.5,1.75,4,3,H,5.5,
2026-07-18,2026-07-18T13:55:23,台灣運彩,,3478489.1,147,2026-07-18T17:00:00+08:00,起亞老虎,SSG登陸者,起亞老虎 @ SSG登陸者,51459838.1,379,[1-5局] SSG登陸者 大小 2.5,252886765.1,大 2.5,A,2.5,1.88,25,22,A,2.5,
2026-07-18,2026-07-18T13:55:23,台灣運彩,,3478489.1,147,2026-07-18T17:00:00+08:00,起亞老虎,SSG登陸者,起亞老虎 @ SSG登陸者,51459838.1,379,[1-5局] SSG登陸者 大小 2.5,252886763.1,小 2.5,H,2.5,1.56,25,14,H,2.5,
2026-07-18,2026-07-18T13:55:23,台灣運彩,,3478489.1,147,2026-07-18T17:00:00+08:00,起亞老虎,SSG登陸者,起亞老虎 @ SSG登陸者,51459842.1,380,[1-5局] 起亞老虎 大小 2.5,252886771.1,大 2.5,A,2.5,1.56,25,14,A,2.5,
2026-07-18,2026-07-18T13:55:23,台灣運彩,,3478489.1,147,2026-07-18T17:00:00+08:00,起亞老虎,SSG登陸者,起亞老虎 @ SSG登陸者,51459842.1,380,[1-5局] 起亞老虎 大小 2.5,252886768.1,小 2.5,H,2.5,1.88,25,22,H,2.5,
2026-07-18,2026-07-18T13:55:23,台灣運彩,,3478489.1,147,2026-07-18T17:00:00+08:00,起亞老虎,SSG登陸者,起亞老虎 @ SSG登陸者,51459832.1,389,[第1局] 不讓分,252886749.1,SSG登陸者,H,,3.35,20,47,H,,1
2026-07-18,2026-07-18T13:55:23,台灣運彩,,3478489.1,147,2026-07-18T17:00:00+08:00,起亞老虎,SSG登陸者,起亞老虎 @ SSG登陸者,51459832.1,389,[第1局] 不讓分,252886752.1,起亞老虎,A,,2.65,20,33,A,,2
2026-07-18,2026-07-18T13:55:23,台灣運彩,,3478489.1,147,2026-07-18T17:00:00+08:00,起亞老虎,SSG登陸者,起亞老虎 @ SSG登陸者,51459832.1,389,[第1局] 不讓分,252886750.1,和局,D,,1.75,4,3,D,,
2026-07-18,2026-07-18T13:55:23,台灣運彩,,3478490.1,148,2026-07-18T17:00:00+08:00,KT巫師,LG雙子,KT巫師 @ LG雙子,51459830.1,354,不讓分,252886744.1,LG雙子,H,,1.55,20,11,H,,1
2026-07-18,2026-07-18T13:55:23,台灣運彩,,3478490.1,148,2026-07-18T17:00:00+08:00,KT巫師,LG雙子,KT巫師 @ LG雙子,51459830.1,354,不讓分,252886746.1,KT巫師,A,,1.90,10,9,A,,2
2026-07-18,2026-07-18T13:55:23,台灣運彩,,3478490.1,148,2026-07-18T17:00:00+08:00,KT巫師,LG雙子,KT巫師 @ LG雙子,51459849.1,358,讓分 -1.5,252886784.1,LG雙子 -1.5,H,-1.5,2.07,100,107,H,-1.5,1
2026-07-18,2026-07-18T13:55:23,台灣運彩,,3478490.1,148,2026-07-18T17:00:00+08:00,KT巫師,LG雙子,KT巫師 @ LG雙子,51459849.1,358,讓分 -1.5,252886786.1,KT巫師 +1.5,A,-1.5,1.45,20,9,A,-1.5,2
2026-07-18,2026-07-18T13:55:23,台灣運彩,,3478490.1,148,2026-07-18T17:00:00+08:00,KT巫師,LG雙子,KT巫師 @ LG雙子,51459836.1,360,[總分]大小 9.5,252886759.1,大 9.5,A,9.5,1.80,5,4,A,9.5,
2026-07-18,2026-07-18T13:55:23,台灣運彩,,3478490.1,148,2026-07-18T17:00:00+08:00,KT巫師,LG雙子,KT巫師 @ LG雙子,51459836.1,360,[總分]大小 9.5,252886757.1,小 9.5,H,9.5,1.63,100,63,H,9.5,
2026-07-18,2026-07-18T13:55:23,台灣運彩,,3478490.1,148,2026-07-18T17:00:00+08:00,KT巫師,LG雙子,KT巫師 @ LG雙子,51459826.1,362,LG雙子 大小 4.5,252886739.1,大 4.5,A,4.5,1.73,100,73,A,4.5,
2026-07-18,2026-07-18T13:55:23,台灣運彩,,3478490.1,148,2026-07-18T17:00:00+08:00,KT巫師,LG雙子,KT巫師 @ LG雙子,51459826.1,362,LG雙子 大小 4.5,252886737.1,小 4.5,H,4.5,1.70,10,7,H,4.5,
2026-07-18,2026-07-18T13:55:23,台灣運彩,,3478490.1,148,2026-07-18T17:00:00+08:00,KT巫師,LG雙子,KT巫師 @ LG雙子,51459839.1,363,KT巫師 大小 3.5,252886764.1,大 3.5,A,3.5,1.56,25,14,A,3.5,
2026-07-18,2026-07-18T13:55:23,台灣運彩,,3478490.1,148,2026-07-18T17:00:00+08:00,KT巫師,LG雙子,KT巫師 @ LG雙子,51459839.1,363,KT巫師 大小 3.5,252886762.1,小 3.5,H,3.5,1.88,25,22,H,3.5,
2026-07-18,2026-07-18T13:55:23,台灣運彩,,3478490.1,148,2026-07-18T17:00:00+08:00,KT巫師,LG雙子,KT巫師 @ LG雙子,51459822.1,366,[總分]單雙,252886731.1,單,,,1.55,20,11,,,
2026-07-18,2026-07-18T13:55:23,台灣運彩,,3478490.1,148,2026-07-18T17:00:00+08:00,KT巫師,LG雙子,KT巫師 @ LG雙子,51459822.1,366,[總分]單雙,252886729.1,雙,,,1.90,10,9,,,
2026-07-18,2026-07-18T13:55:23,台灣運彩,,3478490.1,148,2026-07-18T17:00:00+08:00,KT巫師,LG雙子,KT巫師 @ LG雙子,51459850.1,376,[1-5局] 不讓分,252886787.1,LG雙子,H,,1.70,10,7,H,,1
2026-07-18,2026-07-18T13:55:23,台灣運彩,,3478490.1,148,2026-07-18T17:00:00+08:00,KT巫師,LG雙子,KT巫師 @ LG雙子,51459850.1,376,[1-5局] 不讓分,252886789.1,KT巫師,A,,2.10,10,11,A,,2
2026-07-18,2026-07-18T13:55:23,台灣運彩,,3478490.1,148,2026-07-18T17:00:00+08:00,KT巫師,LG雙子,KT巫師 @ LG雙子,51459850.1,376,[1-5局] 不讓分,252886788.1,和局,D,,5.30,10,43,D,,
2026-07-18,2026-07-18T13:55:23,台灣運彩,,3478490.1,148,2026-07-18T17:00:00+08:00,KT巫師,LG雙子,KT巫師 @ LG雙子,51459845.1,377,[1-5局] 讓分 -0.5,252886776.1,LG雙子 -0.5,H,-0.5,1.75,4,3,H,-0.5,1
2026-07-18,2026-07-18T13:55:23,台灣運彩,,3478490.1,148,2026-07-18T17:00:00+08:00,KT巫師,LG雙子,KT巫師 @ LG雙子,51459845.1,377,[1-5局] 讓分 -0.5,252886778.1,KT巫師 +0.5,A,-0.5,1.68,25,17,A,-0.5,2
2026-07-18,2026-07-18T13:55:23,台灣運彩,,3478490.1,148,2026-07-18T17:00:00+08:00,KT巫師,LG雙子,KT巫師 @ LG雙子,51459833.1,378,[1-5局] 大小 4.5,252886753.1,大 4.5,A,4.5,1.56,25,14,A,4.5,
2026-07-18,2026-07-18T13:55:23,台灣運彩,,3478490.1,148,2026-07-18T17:00:00+08:00,KT巫師,LG雙子,KT巫師 @ LG雙子,51459833.1,378,[1-5局] 大小 4.5,252886751.1,小 4.5,H,4.5,1.88,25,22,H,4.5,
2026-07-18,2026-07-18T13:55:23,台灣運彩,,3478490.1,148,2026-07-18T17:00:00+08:00,KT巫師,LG雙子,KT巫師 @ LG雙子,51459851.1,379,[1-5局] LG雙子 大小 2.5,252886791.1,大 2.5,A,2.5,1.73,100,73,A,2.5,
2026-07-18,2026-07-18T13:55:23,台灣運彩,,3478490.1,148,2026-07-18T17:00:00+08:00,KT巫師,LG雙子,KT巫師 @ LG雙子,51459851.1,379,[1-5局] LG雙子 大小 2.5,252886790.1,小 2.5,H,2.5,1.70,10,7,H,2.5,
2026-07-18,2026-07-18T13:55:23,台灣運彩,,3478490.1,148,2026-07-18T17:00:00+08:00,KT巫師,LG雙子,KT巫師 @ LG雙子,51459847.1,380,[1-5局] KT巫師 大小 1.5,252886782.1,大 1.5,A,1.5,1.50,2,1,A,1.5,
2026-07-18,2026-07-18T13:55:23,台灣運彩,,3478490.1,148,2026-07-18T17:00:00+08:00,KT巫師,LG雙子,KT巫師 @ LG雙子,51459847.1,380,[1-5局] KT巫師 大小 1.5,252886780.1,小 1.5,H,1.5,1.96,25,24,H,1.5,
2026-07-18,2026-07-18T13:55:23,台灣運彩,,3478490.1,148,2026-07-18T17:00:00+08:00,KT巫師,LG雙子,KT巫師 @ LG雙子,51459841.1,389,[第1局] 不讓分,252886769.1,LG雙子,H,,2.80,5,9,H,,1
2026-07-18,2026-07-18T13:55:23,台灣運彩,,3478490.1,148,2026-07-18T17:00:00+08:00,KT巫師,LG雙子,KT巫師 @ LG雙子,51459841.1,389,[第1局] 不讓分,252886772.1,KT巫師,A,,3.50,2,5,A,,2
2026-07-18,2026-07-18T13:55:23,台灣運彩,,3478490.1,148,2026-07-18T17:00:00+08:00,KT巫師,LG雙子,KT巫師 @ LG雙子,51459841.1,389,[第1局] 不讓分,252886770.1,和局,D,,1.65,20,13,D,,
2026-07-18,2026-07-18T13:55:23,台灣運彩,824412,3478453.1,135,2026-07-19T01:10:00+08:00,匹茲堡海盜,克里夫蘭守護者,匹茲堡海盜 @ 克里夫蘭守護者,51459210.1,354,不讓分,252884879.1,克里夫蘭守護者,H,,1.58,50,29,H,,1
2026-07-18,2026-07-18T13:55:23,台灣運彩,824412,3478453.1,135,2026-07-19T01:10:00+08:00,匹茲堡海盜,克里夫蘭守護者,匹茲堡海盜 @ 克里夫蘭守護者,51459210.1,354,不讓分,252884880.1,匹茲堡海盜,A,,1.92,25,23,A,,2
2026-07-18,2026-07-18T13:55:23,台灣運彩,824412,3478453.1,135,2026-07-19T01:10:00+08:00,匹茲堡海盜,克里夫蘭守護者,匹茲堡海盜 @ 克里夫蘭守護者,51459220.1,357,勝分差,252884899.1,克里夫蘭守護者 1 分,H,,3.85,20,57,H,,
2026-07-18,2026-07-18T13:55:23,台灣運彩,824412,3478453.1,135,2026-07-19T01:10:00+08:00,匹茲堡海盜,克里夫蘭守護者,匹茲堡海盜 @ 克里夫蘭守護者,51459220.1,357,勝分差,252884900.1,克里夫蘭守護者 2 分,H,,6.75,4,23,H,,
2026-07-18,2026-07-18T13:55:23,台灣運彩,824412,3478453.1,135,2026-07-19T01:10:00+08:00,匹茲堡海盜,克里夫蘭守護者,匹茲堡海盜 @ 克里夫蘭守護者,51459220.1,357,勝分差,252884901.1,克里夫蘭守護者 > 2分,H,,2.65,20,33,H,,
2026-07-18,2026-07-18T13:55:23,台灣運彩,824412,3478453.1,135,2026-07-19T01:10:00+08:00,匹茲堡海盜,克里夫蘭守護者,匹茲堡海盜 @ 克里夫蘭守護者,51459220.1,357,勝分差,252884902.1,匹茲堡海盜 1 分,A,,5.35,20,87,A,,
2026-07-18,2026-07-18T13:55:23,台灣運彩,824412,3478453.1,135,2026-07-19T01:10:00+08:00,匹茲堡海盜,克里夫蘭守護者,匹茲堡海盜 @ 克里夫蘭守護者,51459220.1,357,勝分差,252884903.1,匹茲堡海盜 2 分,A,,7.25,4,25,A,,
2026-07-18,2026-07-18T13:55:23,台灣運彩,824412,3478453.1,135,2026-07-19T01:10:00+08:00,匹茲堡海盜,克里夫蘭守護者,匹茲堡海盜 @ 克里夫蘭守護者,51459220.1,357,勝分差,252884904.1,匹茲堡海盜 > 2分,A,,2.95,20,39,A,,
2026-07-18,2026-07-18T13:55:23,台灣運彩,824412,3478453.1,135,2026-07-19T01:10:00+08:00,匹茲堡海盜,克里夫蘭守護者,匹茲堡海盜 @ 克里夫蘭守護者,51459212.1,358,讓分 1.5,252884883.1,克里夫蘭守護者 +1.5,H,1.5,1.35,20,7,H,1.5,1
2026-07-18,2026-07-18T13:55:23,台灣運彩,824412,3478453.1,135,2026-07-19T01:10:00+08:00,匹茲堡海盜,克里夫蘭守護者,匹茲堡海盜 @ 克里夫蘭守護者,51459212.1,358,讓分 1.5,252884884.1,匹茲堡海盜 -1.5,A,1.5,2.45,20,29,A,1.5,2
2026-07-18,2026-07-18T13:55:23,台灣運彩,824412,3478453.1,135,2026-07-19T01:10:00+08:00,匹茲堡海盜,克里夫蘭守護者,匹茲堡海盜 @ 克里夫蘭守護者,51459215.1,358,讓分 -1.5,252884889.1,克里夫蘭守護者 -1.5,H,-1.5,2.15,20,23,H,-1.5,1
2026-07-18,2026-07-18T13:55:23,台灣運彩,824412,3478453.1,135,2026-07-19T01:10:00+08:00,匹茲堡海盜,克里夫蘭守護者,匹茲堡海盜 @ 克里夫蘭守護者,51459215.1,358,讓分 -1.5,252884890.1,匹茲堡海盜 +1.5,A,-1.5,1.43,100,43,A,-1.5,2
2026-07-18,2026-07-18T13:55:23,台灣運彩,824412,3478453.1,135,2026-07-19T01:10:00+08:00,匹茲堡海盜,克里夫蘭守護者,匹茲堡海盜 @ 克里夫蘭守護者,51459217.1,358,讓分 -2.5,252884893.1,克里夫蘭守護者 -2.5,H,-2.5,2.70,10,17,H,-2.5,1
2026-07-18,2026-07-18T13:55:23,台灣運彩,824412,3478453.1,135,2026-07-19T01:10:00+08:00,匹茲堡海盜,克里夫蘭守護者,匹茲堡海盜 @ 克里夫蘭守護者,51459217.1,358,讓分 -2.5,252884894.1,匹茲堡海盜 +2.5,A,-2.5,1.28,25,7,A,-2.5,2
2026-07-18,2026-07-18T13:55:23,台灣運彩,824412,3478453.1,135,2026-07-19T01:10:00+08:00,匹茲堡海盜,克里夫蘭守護者,匹茲堡海盜 @ 克里夫蘭守護者,51459213.1,360,[總分]大小 7.5,252884886.1,大 7.5,A,7.5,1.76,25,19,A,7.5,
2026-07-18,2026-07-18T13:55:23,台灣運彩,824412,3478453.1,135,2026-07-19T01:10:00+08:00,匹茲堡海盜,克里夫蘭守護者,匹茲堡海盜 @ 克里夫蘭守護者,51459213.1,360,[總分]大小 7.5,252884885.1,小 7.5,H,7.5,1.74,50,37,H,7.5,
2026-07-18,2026-07-18T13:55:23,台灣運彩,824412,3478453.1,135,2026-07-19T01:10:00+08:00,匹茲堡海盜,克里夫蘭守護者,匹茲堡海盜 @ 克里夫蘭守護者,51459216.1,360,[總分]大小 8.5,252884892.1,大 8.5,A,8.5,1.98,50,49,A,8.5,
2026-07-18,2026-07-18T13:55:23,台灣運彩,824412,3478453.1,135,2026-07-19T01:10:00+08:00,匹茲堡海盜,克里夫蘭守護者,匹茲堡海盜 @ 克里夫蘭守護者,51459216.1,360,[總分]大小 8.5,252884891.1,小 8.5,H,8.5,1.52,25,13,H,8.5,
2026-07-18,2026-07-18T13:55:23,台灣運彩,824412,3478453.1,135,2026-07-19T01:10:00+08:00,匹茲堡海盜,克里夫蘭守護者,匹茲堡海盜 @ 克里夫蘭守護者,51459218.1,360,[總分]大小 6.5,252884896.1,大 6.5,A,6.5,1.45,20,9,A,6.5,
2026-07-18,2026-07-18T13:55:23,台灣運彩,824412,3478453.1,135,2026-07-19T01:10:00+08:00,匹茲堡海盜,克里夫蘭守護者,匹茲堡海盜 @ 克里夫蘭守護者,51459218.1,360,[總分]大小 6.5,252884895.1,小 6.5,H,6.5,2.10,10,11,H,6.5,
2026-07-18,2026-07-18T13:55:23,台灣運彩,824412,3478453.1,135,2026-07-19T01:10:00+08:00,匹茲堡海盜,克里夫蘭守護者,匹茲堡海盜 @ 克里夫蘭守護者,51459219.1,362,克里夫蘭守護者 大小 3.5,252884898.1,大 3.5,A,3.5,1.63,100,63,A,3.5,
2026-07-18,2026-07-18T13:55:23,台灣運彩,824412,3478453.1,135,2026-07-19T01:10:00+08:00,匹茲堡海盜,克里夫蘭守護者,匹茲堡海盜 @ 克里夫蘭守護者,51459219.1,362,克里夫蘭守護者 大小 3.5,252884897.1,小 3.5,H,3.5,1.80,5,4,H,3.5,
2026-07-18,2026-07-18T13:55:23,台灣運彩,824412,3478453.1,135,2026-07-19T01:10:00+08:00,匹茲堡海盜,克里夫蘭守護者,匹茲堡海盜 @ 克里夫蘭守護者,51459214.1,363,匹茲堡海盜 大小 3.5,252884888.1,大 3.5,A,3.5,1.76,25,19,A,3.5,
2026-07-18,2026-07-18T13:55:23,台灣運彩,824412,3478453.1,135,2026-07-19T01:10:00+08:00,匹茲堡海盜,克里夫蘭守護者,匹茲堡海盜 @ 克里夫蘭守護者,51459214.1,363,匹茲堡海盜 大小 3.5,252884887.1,小 3.5,H,3.5,1.66,50,33,H,3.5,
2026-07-18,2026-07-18T13:55:23,台灣運彩,824412,3478453.1,135,2026-07-19T01:10:00+08:00,匹茲堡海盜,克里夫蘭守護者,匹茲堡海盜 @ 克里夫蘭守護者,51459211.1,366,[總分]單雙,252884882.1,單,,,1.46,50,23,,,
2026-07-18,2026-07-18T13:55:23,台灣運彩,824412,3478453.1,135,2026-07-19T01:10:00+08:00,匹茲堡海盜,克里夫蘭守護者,匹茲堡海盜 @ 克里夫蘭守護者,51459211.1,366,[總分]單雙,252884881.1,雙,,,2.05,20,21,,,
2026-07-18,2026-07-18T13:55:23,台灣運彩,824412,3478453.1,135,2026-07-19T01:10:00+08:00,匹茲堡海盜,克里夫蘭守護者,匹茲堡海盜 @ 克里夫蘭守護者,51459279.1,374,得分最高單局(不含延長賽),252885084.1,一樣多,,,2.20,5,6,,,
2026-07-18,2026-07-18T13:55:23,台灣運彩,824412,3478453.1,135,2026-07-19T01:10:00+08:00,匹茲堡海盜,克里夫蘭守護者,匹茲堡海盜 @ 克里夫蘭守護者,51459279.1,374,得分最高單局(不含延長賽),252885075.1,第1局,,,5.55,20,91,,,
2026-07-18,2026-07-18T13:55:23,台灣運彩,824412,3478453.1,135,2026-07-19T01:10:00+08:00,匹茲堡海盜,克里夫蘭守護者,匹茲堡海盜 @ 克里夫蘭守護者,51459279.1,374,得分最高單局(不含延長賽),252885076.1,第2局,,,6.50,2,11,,,
2026-07-18,2026-07-18T13:55:23,台灣運彩,824412,3478453.1,135,2026-07-19T01:10:00+08:00,匹茲堡海盜,克里夫蘭守護者,匹茲堡海盜 @ 克里夫蘭守護者,51459279.1,374,得分最高單局(不含延長賽),252885077.1,第3局,,,5.85,20,97,,,
2026-07-18,2026-07-18T13:55:23,台灣運彩,824412,3478453.1,135,2026-07-19T01:10:00+08:00,匹茲堡海盜,克里夫蘭守護者,匹茲堡海盜 @ 克里夫蘭守護者,51459279.1,374,得分最高單局(不含延長賽),252885078.1,第4局,,,6.50,2,11,,,
2026-07-18,2026-07-18T13:55:23,台灣運彩,824412,3478453.1,135,2026-07-19T01:10:00+08:00,匹茲堡海盜,克里夫蘭守護者,匹茲堡海盜 @ 克里夫蘭守護者,51459279.1,374,得分最高單局(不含延長賽),252885079.1,第5局,,,6.25,4,21,,,
2026-07-18,2026-07-18T13:55:23,台灣運彩,824412,3478453.1,135,2026-07-19T01:10:00+08:00,匹茲堡海盜,克里夫蘭守護者,匹茲堡海盜 @ 克里夫蘭守護者,51459279.1,374,得分最高單局(不含延長賽),252885080.1,第6局,,,5.70,10,47,,,
2026-07-18,2026-07-18T13:55:23,台灣運彩,824412,3478453.1,135,2026-07-19T01:10:00+08:00,匹茲堡海盜,克里夫蘭守護者,匹茲堡海盜 @ 克里夫蘭守護者,51459279.1,374,得分最高單局(不含延長賽),252885081.1,第7局,,,5.90,10,49,,,
2026-07-18,2026-07-18T13:55:23,台灣運彩,824412,3478453.1,135,2026-07-19T01:10:00+08:00,匹茲堡海盜,克里夫蘭守護者,匹茲堡海盜 @ 克里夫蘭守護者,51459279.1,374,得分最高單局(不含延長賽),252885082.1,第8局,,,5.55,20,91,,,
2026-07-18,2026-07-18T13:55:23,台灣運彩,824412,3478453.1,135,2026-07-19T01:10:00+08:00,匹茲堡海盜,克里夫蘭守護者,匹茲堡海盜 @ 克里夫蘭守護者,51459279.1,374,得分最高單局(不含延長賽),252885083.1,第9局,,,8.00,1,7,,,
2026-07-18,2026-07-18T13:55:23,台灣運彩,824412,3478453.1,135,2026-07-19T01:10:00+08:00,匹茲堡海盜,克里夫蘭守護者,匹茲堡海盜 @ 克里夫蘭守護者,51459275.1,376,[1-5局] 不讓分,252885065.1,克里夫蘭守護者,H,,1.75,4,3,H,,1
2026-07-18,2026-07-18T13:55:23,台灣運彩,824412,3478453.1,135,2026-07-19T01:10:00+08:00,匹茲堡海盜,克里夫蘭守護者,匹茲堡海盜 @ 克里夫蘭守護者,51459275.1,376,[1-5局] 不讓分,252885067.1,匹茲堡海盜,A,,2.05,20,21,A,,2
2026-07-18,2026-07-18T13:55:23,台灣運彩,824412,3478453.1,135,2026-07-19T01:10:00+08:00,匹茲堡海盜,克里夫蘭守護者,匹茲堡海盜 @ 克里夫蘭守護者,51459275.1,376,[1-5局] 不讓分,252885066.1,和局,D,,4.25,4,13,D,,
2026-07-18,2026-07-18T13:55:23,台灣運彩,824412,3478453.1,135,2026-07-19T01:10:00+08:00,匹茲堡海盜,克里夫蘭守護者,匹茲堡海盜 @ 克里夫蘭守護者,51459273.1,378,[1-5局] 大小 3.5,252885062.1,大 3.5,A,3.5,1.53,100,53,A,3.5,
2026-07-18,2026-07-18T13:55:23,台灣運彩,824412,3478453.1,135,2026-07-19T01:10:00+08:00,匹茲堡海盜,克里夫蘭守護者,匹茲堡海盜 @ 克里夫蘭守護者,51459273.1,378,[1-5局] 大小 3.5,252885061.1,小 3.5,H,3.5,1.82,50,41,H,3.5,
2026-07-18,2026-07-18T13:55:23,台灣運彩,824412,3478453.1,135,2026-07-19T01:10:00+08:00,匹茲堡海盜,克里夫蘭守護者,匹茲堡海盜 @ 克里夫蘭守護者,51459277.1,379,[1-5局] 克里夫蘭守護者 大小 1.5,252885071.1,大 1.5,A,1.5,1.55,20,11,A,1.5,
2026-07-18,2026-07-18T13:55:23,台灣運彩,824412,3478453.1,135,2026-07-19T01:10:00+08:00,匹茲堡海盜,克里夫蘭守護者,匹茲堡海盜 @ 克里夫蘭守護者,51459277.1,379,[1-5局] 克里夫蘭守護者 大小 1.5,252885070.1,小 1.5,H,1.5,1.90,10,9,H,1.5,
2026-07-18,2026-07-18T13:55:23,台灣運彩,824412,3478453.1,135,2026-07-19T01:10:00+08:00,匹茲堡海盜,克里夫蘭守護者,匹茲堡海盜 @ 克里夫蘭守護者,51459274.1,380,[1-5局] 匹茲堡海盜 大小 1.5,252885064.1,大 1.5,A,1.5,1.72,25,18,A,1.5,
2026-07-18,2026-07-18T13:55:23,台灣運彩,824412,3478453.1,135,2026-07-19T01:10:00+08:00,匹茲堡海盜,克里夫蘭守護者,匹茲堡海盜 @ 克里夫蘭守護者,51459274.1,380,[1-5局] 匹茲堡海盜 大小 1.5,252885063.1,小 1.5,H,1.5,1.72,25,18,H,1.5,
2026-07-18,2026-07-18T13:55:23,台灣運彩,824412,3478453.1,135,2026-07-19T01:10:00+08:00,匹茲堡海盜,克里夫蘭守護者,匹茲堡海盜 @ 克里夫蘭守護者,51459278.1,389,[第1局] 不讓分,252885072.1,克里夫蘭守護者,H,,3.05,20,41,H,,1
2026-07-18,2026-07-18T13:55:23,台灣運彩,824412,3478453.1,135,2026-07-19T01:10:00+08:00,匹茲堡海盜,克里夫蘭守護者,匹茲堡海盜 @ 克里夫蘭守護者,51459278.1,389,[第1局] 不讓分,252885074.1,匹茲堡海盜,A,,3.50,2,5,A,,2
2026-07-18,2026-07-18T13:55:23,台灣運彩,824412,3478453.1,135,2026-07-19T01:10:00+08:00,匹茲堡海盜,克里夫蘭守護者,匹茲堡海盜 @ 克里夫蘭守護者,51459278.1,389,[第1局] 不讓分,252885073.1,和局,D,,1.45,20,9,D,,
2026-07-18,2026-07-18T13:55:23,台灣運彩,824412,3478453.1,135,2026-07-19T01:10:00+08:00,匹茲堡海盜,克里夫蘭守護者,匹茲堡海盜 @ 克里夫蘭守護者,51459276.1,398,[第1局] 大小 0.5,252885069.1,大 0.5,A,0.5,1.80,5,4,A,0.5,
2026-07-18,2026-07-18T13:55:23,台灣運彩,824412,3478453.1,135,2026-07-19T01:10:00+08:00,匹茲堡海盜,克里夫蘭守護者,匹茲堡海盜 @ 克里夫蘭守護者,51459276.1,398,[第1局] 大小 0.5,252885068.1,小 0.5,H,0.5,1.55,20,11,H,0.5,
2026-07-18,2026-07-18T13:55:23,台灣運彩,822790,3478430.1,122,2026-07-19T03:07:00+08:00,芝加哥白襪,多倫多藍鳥,芝加哥白襪 @ 多倫多藍鳥,51458865.1,354,不讓分,252883873.1,多倫多藍鳥,H,,1.82,50,41,H,,1
2026-07-18,2026-07-18T13:55:23,台灣運彩,822790,3478430.1,122,2026-07-19T03:07:00+08:00,芝加哥白襪,多倫多藍鳥,芝加哥白襪 @ 多倫多藍鳥,51458865.1,354,不讓分,252883874.1,芝加哥白襪,A,,1.68,25,17,A,,2
2026-07-18,2026-07-18T13:55:23,台灣運彩,822790,3478430.1,122,2026-07-19T03:07:00+08:00,芝加哥白襪,多倫多藍鳥,芝加哥白襪 @ 多倫多藍鳥,51458871.1,357,勝分差,252883885.1,多倫多藍鳥 1 分,H,,4.10,10,31,H,,
2026-07-18,2026-07-18T13:55:23,台灣運彩,822790,3478430.1,122,2026-07-19T03:07:00+08:00,芝加哥白襪,多倫多藍鳥,芝加哥白襪 @ 多倫多藍鳥,51458871.1,357,勝分差,252883886.1,多倫多藍鳥 2 分,H,,7.50,2,13,H,,
2026-07-18,2026-07-18T13:55:23,台灣運彩,822790,3478430.1,122,2026-07-19T03:07:00+08:00,芝加哥白襪,多倫多藍鳥,芝加哥白襪 @ 多倫多藍鳥,51458871.1,357,勝分差,252883887.1,多倫多藍鳥 > 2分,H,,2.90,10,19,H,,
2026-07-18,2026-07-18T13:55:23,台灣運彩,822790,3478430.1,122,2026-07-19T03:07:00+08:00,芝加哥白襪,多倫多藍鳥,芝加哥白襪 @ 多倫多藍鳥,51458871.1,357,勝分差,252883888.1,芝加哥白襪 1 分,A,,5.40,5,22,A,,
2026-07-18,2026-07-18T13:55:23,台灣運彩,822790,3478430.1,122,2026-07-19T03:07:00+08:00,芝加哥白襪,多倫多藍鳥,芝加哥白襪 @ 多倫多藍鳥,51458871.1,357,勝分差,252883889.1,芝加哥白襪 2 分,A,,7.00,1,6,A,,
2026-07-18,2026-07-18T13:55:23,台灣運彩,822790,3478430.1,122,2026-07-19T03:07:00+08:00,芝加哥白襪,多倫多藍鳥,芝加哥白襪 @ 多倫多藍鳥,51458871.1,357,勝分差,252883890.1,芝加哥白襪 > 2分,A,,2.50,2,3,A,,
2026-07-18,2026-07-18T13:55:23,台灣運彩,822790,3478430.1,122,2026-07-19T03:07:00+08:00,芝加哥白襪,多倫多藍鳥,芝加哥白襪 @ 多倫多藍鳥,51458866.1,358,讓分 1.5,252883875.1,多倫多藍鳥 +1.5,H,1.5,1.46,50,23,H,1.5,1
2026-07-18,2026-07-18T13:55:23,台灣運彩,822790,3478430.1,122,2026-07-19T03:07:00+08:00,芝加哥白襪,多倫多藍鳥,芝加哥白襪 @ 多倫多藍鳥,51458866.1,358,讓分 1.5,252883876.1,芝加哥白襪 -1.5,A,1.5,2.07,100,107,A,1.5,2
2026-07-18,2026-07-18T13:55:23,台灣運彩,822790,3478430.1,122,2026-07-19T03:07:00+08:00,芝加哥白襪,多倫多藍鳥,芝加哥白襪 @ 多倫多藍鳥,51458870.1,358,讓分 2.5,252883883.1,多倫多藍鳥 +2.5,H,2.5,1.30,10,3,H,2.5,1
2026-07-18,2026-07-18T13:55:23,台灣運彩,822790,3478430.1,122,2026-07-19T03:07:00+08:00,芝加哥白襪,多倫多藍鳥,芝加哥白襪 @ 多倫多藍鳥,51458870.1,358,讓分 2.5,252883884.1,芝加哥白襪 -2.5,A,2.5,2.60,5,8,A,2.5,2
2026-07-18,2026-07-18T13:55:23,台灣運彩,822790,3478430.1,122,2026-07-19T03:07:00+08:00,芝加哥白襪,多倫多藍鳥,芝加哥白襪 @ 多倫多藍鳥,51458864.1,360,[總分]大小 8.5,252883872.1,大 8.5,A,8.5,1.74,50,37,A,8.5,
2026-07-18,2026-07-18T13:55:23,台灣運彩,822790,3478430.1,122,2026-07-19T03:07:00+08:00,芝加哥白襪,多倫多藍鳥,芝加哥白襪 @ 多倫多藍鳥,51458864.1,360,[總分]大小 8.5,252883871.1,小 8.5,H,8.5,1.76,25,19,H,8.5,
2026-07-18,2026-07-18T13:55:23,台灣運彩,822790,3478430.1,122,2026-07-19T03:07:00+08:00,芝加哥白襪,多倫多藍鳥,芝加哥白襪 @ 多倫多藍鳥,51458868.1,360,[總分]大小 9.5,252883880.1,大 9.5,A,9.5,2.07,100,107,A,9.5,
2026-07-18,2026-07-18T13:55:23,台灣運彩,822790,3478430.1,122,2026-07-19T03:07:00+08:00,芝加哥白襪,多倫多藍鳥,芝加哥白襪 @ 多倫多藍鳥,51458868.1,360,[總分]大小 9.5,252883879.1,小 9.5,H,9.5,1.46,50,23,H,9.5,
2026-07-18,2026-07-18T13:55:23,台灣運彩,822790,3478430.1,122,2026-07-19T03:07:00+08:00,芝加哥白襪,多倫多藍鳥,芝加哥白襪 @ 多倫多藍鳥,51458869.1,360,[總分]大小 7.5,252883882.1,大 7.5,A,7.5,1.52,25,13,A,7.5,
2026-07-18,2026-07-18T13:55:23,台灣運彩,822790,3478430.1,122,2026-07-19T03:07:00+08:00,芝加哥白襪,多倫多藍鳥,芝加哥白襪 @ 多倫多藍鳥,51458869.1,360,[總分]大小 7.5,252883881.1,小 7.5,H,7.5,1.98,50,49,H,7.5,
2026-07-18,2026-07-18T13:55:23,台灣運彩,822790,3478430.1,122,2026-07-19T03:07:00+08:00,芝加哥白襪,多倫多藍鳥,芝加哥白襪 @ 多倫多藍鳥,51458872.1,362,多倫多藍鳥 大小 3.5,252883892.1,大 3.5,A,3.5,1.58,50,29,A,3.5,
2026-07-18,2026-07-18T13:55:23,台灣運彩,822790,3478430.1,122,2026-07-19T03:07:00+08:00,芝加哥白襪,多倫多藍鳥,芝加哥白襪 @ 多倫多藍鳥,51458872.1,362,多倫多藍鳥 大小 3.5,252883891.1,小 3.5,H,3.5,1.86,50,43,H,3.5,
2026-07-18,2026-07-18T13:55:23,台灣運彩,822790,3478430.1,122,2026-07-19T03:07:00+08:00,芝加哥白襪,多倫多藍鳥,芝加哥白襪 @ 多倫多藍鳥,51458867.1,363,芝加哥白襪 大小 4.5,252883878.1,大 4.5,A,4.5,1.86,50,43,A,4.5,
2026-07-18,2026-07-18T13:55:23,台灣運彩,822790,3478430.1,122,2026-07-19T03:07:00+08:00,芝加哥白襪,多倫多藍鳥,芝加哥白襪 @ 多倫多藍鳥,51458867.1,363,芝加哥白襪 大小 4.5,252883877.1,小 4.5,H,4.5,1.58,50,29,H,4.5,
2026-07-18,2026-07-18T13:55:23,台灣運彩,822790,3478430.1,122,2026-07-19T03:07:00+08:00,芝加哥白襪,多倫多藍鳥,芝加哥白襪 @ 多倫多藍鳥,51458862.1,366,[總分]單雙,252883868.1,單,,,1.48,25,12,,,
2026-07-18,2026-07-18T13:55:23,台灣運彩,822790,3478430.1,122,2026-07-19T03:07:00+08:00,芝加哥白襪,多倫多藍鳥,芝加哥白襪 @ 多倫多藍鳥,51458862.1,366,[總分]單雙,252883867.1,雙,,,2.00,1,1,,,
2026-07-18,2026-07-18T13:55:23,台灣運彩,822790,3478430.1,122,2026-07-19T03:07:00+08:00,芝加哥白襪,多倫多藍鳥,芝加哥白襪 @ 多倫多藍鳥,51459550.1,374,得分最高單局(不含延長賽),252885903.1,一樣多,,,2.25,4,5,,,
2026-07-18,2026-07-18T13:55:23,台灣運彩,822790,3478430.1,122,2026-07-19T03:07:00+08:00,芝加哥白襪,多倫多藍鳥,芝加哥白襪 @ 多倫多藍鳥,51459550.1,374,得分最高單局(不含延長賽),252885894.1,第1局,,,5.30,10,43,,,
2026-07-18,2026-07-18T13:55:23,台灣運彩,822790,3478430.1,122,2026-07-19T03:07:00+08:00,芝加哥白襪,多倫多藍鳥,芝加哥白襪 @ 多倫多藍鳥,51459550.1,374,得分最高單局(不含延長賽),252885895.1,第2局,,,6.25,4,21,,,
2026-07-18,2026-07-18T13:55:23,台灣運彩,822790,3478430.1,122,2026-07-19T03:07:00+08:00,芝加哥白襪,多倫多藍鳥,芝加哥白襪 @ 多倫多藍鳥,51459550.1,374,得分最高單局(不含延長賽),252885896.1,第3局,,,5.60,5,23,,,
2026-07-18,2026-07-18T13:55:23,台灣運彩,822790,3478430.1,122,2026-07-19T03:07:00+08:00,芝加哥白襪,多倫多藍鳥,芝加哥白襪 @ 多倫多藍鳥,51459550.1,374,得分最高單局(不含延長賽),252885897.1,第4局,,,6.00,1,5,,,
2026-07-18,2026-07-18T13:55:23,台灣運彩,822790,3478430.1,122,2026-07-19T03:07:00+08:00,芝加哥白襪,多倫多藍鳥,芝加哥白襪 @ 多倫多藍鳥,51459550.1,374,得分最高單局(不含延長賽),252885898.1,第5局,,,5.75,4,19,,,
2026-07-18,2026-07-18T13:55:23,台灣運彩,822790,3478430.1,122,2026-07-19T03:07:00+08:00,芝加哥白襪,多倫多藍鳥,芝加哥白襪 @ 多倫多藍鳥,51459550.1,374,得分最高單局(不含延長賽),252885899.1,第6局,,,6.25,4,21,,,
2026-07-18,2026-07-18T13:55:23,台灣運彩,822790,3478430.1,122,2026-07-19T03:07:00+08:00,芝加哥白襪,多倫多藍鳥,芝加哥白襪 @ 多倫多藍鳥,51459550.1,374,得分最高單局(不含延長賽),252885900.1,第7局,,,6.50,2,11,,,
2026-07-18,2026-07-18T13:55:23,台灣運彩,822790,3478430.1,122,2026-07-19T03:07:00+08:00,芝加哥白襪,多倫多藍鳥,芝加哥白襪 @ 多倫多藍鳥,51459550.1,374,得分最高單局(不含延長賽),252885901.1,第8局,,,6.25,4,21,,,
2026-07-18,2026-07-18T13:55:23,台灣運彩,822790,3478430.1,122,2026-07-19T03:07:00+08:00,芝加哥白襪,多倫多藍鳥,芝加哥白襪 @ 多倫多藍鳥,51459550.1,374,得分最高單局(不含延長賽),252885902.1,第9局,,,8.00,1,7,,,
2026-07-18,2026-07-18T13:55:23,台灣運彩,822790,3478430.1,122,2026-07-19T03:07:00+08:00,芝加哥白襪,多倫多藍鳥,芝加哥白襪 @ 多倫多藍鳥,51459549.1,376,[1-5局] 不讓分,252885891.1,多倫多藍鳥,H,,1.85,20,17,H,,1
2026-07-18,2026-07-18T13:55:23,台灣運彩,822790,3478430.1,122,2026-07-19T03:07:00+08:00,芝加哥白襪,多倫多藍鳥,芝加哥白襪 @ 多倫多藍鳥,51459549.1,376,[1-5局] 不讓分,252885893.1,芝加哥白襪,A,,1.80,5,4,A,,2
2026-07-18,2026-07-18T13:55:23,台灣運彩,822790,3478430.1,122,2026-07-19T03:07:00+08:00,芝加哥白襪,多倫多藍鳥,芝加哥白襪 @ 多倫多藍鳥,51459549.1,376,[1-5局] 不讓分,252885892.1,和局,D,,4.75,4,15,D,,
2026-07-18,2026-07-18T13:55:23,台灣運彩,822790,3478430.1,122,2026-07-19T03:07:00+08:00,芝加哥白襪,多倫多藍鳥,芝加哥白襪 @ 多倫多藍鳥,51459547.1,378,[1-5局] 大小 4.5,252885888.1,大 4.5,A,4.5,1.63,100,63,A,4.5,
2026-07-18,2026-07-18T13:55:23,台灣運彩,822790,3478430.1,122,2026-07-19T03:07:00+08:00,芝加哥白襪,多倫多藍鳥,芝加哥白襪 @ 多倫多藍鳥,51459547.1,378,[1-5局] 大小 4.5,252885887.1,小 4.5,H,4.5,1.70,10,7,H,4.5,
2026-07-18,2026-07-18T13:55:23,台灣運彩,822790,3478430.1,122,2026-07-19T03:07:00+08:00,芝加哥白襪,多倫多藍鳥,芝加哥白襪 @ 多倫多藍鳥,51459666.1,379,[1-5局] 多倫多藍鳥 大小 2.5,252886317.1,大 2.5,A,2.5,1.96,25,24,A,2.5,
2026-07-18,2026-07-18T13:55:23,台灣運彩,822790,3478430.1,122,2026-07-19T03:07:00+08:00,芝加哥白襪,多倫多藍鳥,芝加哥白襪 @ 多倫多藍鳥,51459666.1,379,[1-5局] 多倫多藍鳥 大小 2.5,252886316.1,小 2.5,H,2.5,1.50,2,1,H,2.5,
2026-07-18,2026-07-18T13:55:23,台灣運彩,822790,3478430.1,122,2026-07-19T03:07:00+08:00,芝加哥白襪,多倫多藍鳥,芝加哥白襪 @ 多倫多藍鳥,51459544.1,380,[1-5局] 芝加哥白襪 大小 2.5,252885881.1,大 2.5,A,2.5,1.96,25,24,A,2.5,
2026-07-18,2026-07-18T13:55:23,台灣運彩,822790,3478430.1,122,2026-07-19T03:07:00+08:00,芝加哥白襪,多倫多藍鳥,芝加哥白襪 @ 多倫多藍鳥,51459544.1,380,[1-5局] 芝加哥白襪 大小 2.5,252885880.1,小 2.5,H,2.5,1.50,2,1,H,2.5,
2026-07-18,2026-07-18T13:55:23,台灣運彩,822790,3478430.1,122,2026-07-19T03:07:00+08:00,芝加哥白襪,多倫多藍鳥,芝加哥白襪 @ 多倫多藍鳥,51459546.1,389,[第1局] 不讓分,252885884.1,多倫多藍鳥,H,,3.05,20,41,H,,1
2026-07-18,2026-07-18T13:55:23,台灣運彩,822790,3478430.1,122,2026-07-19T03:07:00+08:00,芝加哥白襪,多倫多藍鳥,芝加哥白襪 @ 多倫多藍鳥,51459546.1,389,[第1局] 不讓分,252885886.1,芝加哥白襪,A,,3.05,20,41,A,,2
2026-07-18,2026-07-18T13:55:23,台灣運彩,822790,3478430.1,122,2026-07-19T03:07:00+08:00,芝加哥白襪,多倫多藍鳥,芝加哥白襪 @ 多倫多藍鳥,51459546.1,389,[第1局] 不讓分,252885885.1,和局,D,,1.55,20,11,D,,
2026-07-18,2026-07-18T13:55:23,台灣運彩,822790,3478430.1,122,2026-07-19T03:07:00+08:00,芝加哥白襪,多倫多藍鳥,芝加哥白襪 @ 多倫多藍鳥,51459548.1,398,[第1局] 大小 0.5,252885890.1,大 0.5,A,0.5,1.68,25,17,A,0.5,
2026-07-18,2026-07-18T13:55:23,台灣運彩,822790,3478430.1,122,2026-07-19T03:07:00+08:00,芝加哥白襪,多倫多藍鳥,芝加哥白襪 @ 多倫多藍鳥,51459548.1,398,[第1局] 大小 0.5,252885889.1,小 0.5,H,0.5,1.65,20,13,H,0.5,
2026-07-18,2026-07-18T13:55:23,台灣運彩,824331,3478462.1,136,2026-07-19T03:10:00+08:00,辛辛那提紅人,科羅拉多洛磯,辛辛那提紅人 @ 科羅拉多洛磯,51459381.1,354,不讓分,252885411.1,科羅拉多落磯,H,,1.82,50,41,H,,1
2026-07-18,2026-07-18T13:55:23,台灣運彩,824331,3478462.1,136,2026-07-19T03:10:00+08:00,辛辛那提紅人,科羅拉多洛磯,辛辛那提紅人 @ 科羅拉多洛磯,51459381.1,354,不讓分,252885412.1,辛辛那堤紅人,A,,1.68,25,17,A,,2
2026-07-18,2026-07-18T13:55:23,台灣運彩,824331,3478462.1,136,2026-07-19T03:10:00+08:00,辛辛那提紅人,科羅拉多洛磯,辛辛那提紅人 @ 科羅拉多洛磯,51459398.1,357,勝分差,252885449.1,科羅拉多落磯 1 分,H,,4.60,5,18,H,,
2026-07-18,2026-07-18T13:55:23,台灣運彩,824331,3478462.1,136,2026-07-19T03:10:00+08:00,辛辛那提紅人,科羅拉多洛磯,辛辛那提紅人 @ 科羅拉多洛磯,51459398.1,357,勝分差,252885450.1,科羅拉多落磯 2 分,H,,8.25,4,29,H,,
2026-07-18,2026-07-18T13:55:23,台灣運彩,824331,3478462.1,136,2026-07-19T03:10:00+08:00,辛辛那提紅人,科羅拉多洛磯,辛辛那提紅人 @ 科羅拉多洛磯,51459398.1,357,勝分差,252885451.1,科羅拉多落磯 > 2分,H,,2.55,20,31,H,,
2026-07-18,2026-07-18T13:55:23,台灣運彩,824331,3478462.1,136,2026-07-19T03:10:00+08:00,辛辛那提紅人,科羅拉多洛磯,辛辛那提紅人 @ 科羅拉多洛磯,51459398.1,357,勝分差,252885452.1,辛辛那堤紅人 1 分,A,,7.00,1,6,A,,
2026-07-18,2026-07-18T13:55:23,台灣運彩,824331,3478462.1,136,2026-07-19T03:10:00+08:00,辛辛那提紅人,科羅拉多洛磯,辛辛那提紅人 @ 科羅拉多洛磯,51459398.1,357,勝分差,252885453.1,辛辛那堤紅人 2 分,A,,8.25,4,29,A,,
2026-07-18,2026-07-18T13:55:23,台灣運彩,824331,3478462.1,136,2026-07-19T03:10:00+08:00,辛辛那提紅人,科羅拉多洛磯,辛辛那提紅人 @ 科羅拉多洛磯,51459398.1,357,勝分差,252885454.1,辛辛那堤紅人 > 2分,A,,2.20,5,6,A,,
2026-07-18,2026-07-18T13:55:23,台灣運彩,824331,3478462.1,136,2026-07-19T03:10:00+08:00,辛辛那提紅人,科羅拉多洛磯,辛辛那提紅人 @ 科羅拉多洛磯,51459392.1,358,讓分 2.5,252885437.1,科羅拉多落磯 +2.5,H,2.5,1.38,50,19,H,2.5,1
2026-07-18,2026-07-18T13:55:23,台灣運彩,824331,3478462.1,136,2026-07-19T03:10:00+08:00,辛辛那提紅人,科羅拉多洛磯,辛辛那提紅人 @ 科羅拉多洛磯,51459392.1,358,讓分 2.5,252885438.1,辛辛那堤紅人 -2.5,A,2.5,2.33,100,133,A,2.5,2
2026-07-18,2026-07-18T13:55:23,台灣運彩,824331,3478462.1,136,2026-07-19T03:10:00+08:00,辛辛那提紅人,科羅拉多洛磯,辛辛那提紅人 @ 科羅拉多洛磯,51459395.1,358,讓分 1.5,252885443.1,科羅拉多落磯 +1.5,H,1.5,1.53,100,53,H,1.5,1
2026-07-18,2026-07-18T13:55:23,台灣運彩,824331,3478462.1,136,2026-07-19T03:10:00+08:00,辛辛那提紅人,科羅拉多洛磯,辛辛那提紅人 @ 科羅拉多洛磯,51459395.1,358,讓分 1.5,252885444.1,辛辛那堤紅人 -1.5,A,1.5,1.97,100,97,A,1.5,2
2026-07-18,2026-07-18T13:55:23,台灣運彩,824331,3478462.1,136,2026-07-19T03:10:00+08:00,辛辛那提紅人,科羅拉多洛磯,辛辛那提紅人 @ 科羅拉多洛磯,51459391.1,360,[總分]大小 12.5,252885436.1,大 12.5,A,12.5,1.74,50,37,A,12.5,
2026-07-18,2026-07-18T13:55:23,台灣運彩,824331,3478462.1,136,2026-07-19T03:10:00+08:00,辛辛那提紅人,科羅拉多洛磯,辛辛那提紅人 @ 科羅拉多洛磯,51459391.1,360,[總分]大小 12.5,252885435.1,小 12.5,H,12.5,1.76,25,19,H,12.5,
2026-07-18,2026-07-18T13:55:23,台灣運彩,824331,3478462.1,136,2026-07-19T03:10:00+08:00,辛辛那提紅人,科羅拉多洛磯,辛辛那提紅人 @ 科羅拉多洛磯,51459393.1,360,[總分]大小 11.5,252885440.1,大 11.5,A,11.5,1.55,20,11,A,11.5,
2026-07-18,2026-07-18T13:55:23,台灣運彩,824331,3478462.1,136,2026-07-19T03:10:00+08:00,辛辛那提紅人,科羅拉多洛磯,辛辛那提紅人 @ 科羅拉多洛磯,51459393.1,360,[總分]大小 11.5,252885439.1,小 11.5,H,11.5,1.95,20,19,H,11.5,
2026-07-18,2026-07-18T13:55:23,台灣運彩,824331,3478462.1,136,2026-07-19T03:10:00+08:00,辛辛那提紅人,科羅拉多洛磯,辛辛那提紅人 @ 科羅拉多洛磯,51459396.1,360,[總分]大小 13.5,252885446.1,大 13.5,A,13.5,1.98,50,49,A,13.5,
2026-07-18,2026-07-18T13:55:23,台灣運彩,824331,3478462.1,136,2026-07-19T03:10:00+08:00,辛辛那提紅人,科羅拉多洛磯,辛辛那提紅人 @ 科羅拉多洛磯,51459396.1,360,[總分]大小 13.5,252885445.1,小 13.5,H,13.5,1.52,25,13,H,13.5,
2026-07-18,2026-07-18T13:55:23,台灣運彩,824331,3478462.1,136,2026-07-19T03:10:00+08:00,辛辛那提紅人,科羅拉多洛磯,辛辛那提紅人 @ 科羅拉多洛磯,51459397.1,362,科羅拉多落磯 大小 5.5,252885448.1,大 5.5,A,5.5,1.60,5,3,A,5.5,
2026-07-18,2026-07-18T13:55:23,台灣運彩,824331,3478462.1,136,2026-07-19T03:10:00+08:00,辛辛那提紅人,科羅拉多洛磯,辛辛那提紅人 @ 科羅拉多洛磯,51459397.1,362,科羅拉多落磯 大小 5.5,252885447.1,小 5.5,H,5.5,1.85,20,17,H,5.5,
2026-07-18,2026-07-18T13:55:23,台灣運彩,824331,3478462.1,136,2026-07-19T03:10:00+08:00,辛辛那提紅人,科羅拉多洛磯,辛辛那提紅人 @ 科羅拉多洛磯,51459390.1,363,辛辛那堤紅人 大小 6.5,252885434.1,大 6.5,A,6.5,1.82,50,41,A,6.5,
2026-07-18,2026-07-18T13:55:23,台灣運彩,824331,3478462.1,136,2026-07-19T03:10:00+08:00,辛辛那提紅人,科羅拉多洛磯,辛辛那提紅人 @ 科羅拉多洛磯,51459390.1,363,辛辛那堤紅人 大小 6.5,252885433.1,小 6.5,H,6.5,1.62,50,31,H,6.5,
2026-07-18,2026-07-18T13:55:23,台灣運彩,824331,3478462.1,136,2026-07-19T03:10:00+08:00,辛辛那提紅人,科羅拉多洛磯,辛辛那提紅人 @ 科羅拉多洛磯,51459399.1,366,[總分]單雙,252885456.1,單,,,1.52,25,13,,,
2026-07-18,2026-07-18T13:55:23,台灣運彩,824331,3478462.1,136,2026-07-19T03:10:00+08:00,辛辛那提紅人,科羅拉多洛磯,辛辛那提紅人 @ 科羅拉多洛磯,51459399.1,366,[總分]單雙,252885455.1,雙,,,1.94,50,47,,,
2026-07-18,2026-07-18T13:55:23,台灣運彩,823441,3478436.1,123,2026-07-19T04:05:00+08:00,紐約大都會,費城費城人,紐約大都會 @ 費城費城人,51458954.1,354,不讓分,252884150.1,費城費城人,H,,1.43,100,43,H,,1
2026-07-18,2026-07-18T13:55:23,台灣運彩,823441,3478436.1,123,2026-07-19T04:05:00+08:00,紐約大都會,費城費城人,紐約大都會 @ 費城費城人,51458954.1,354,不讓分,252884151.1,紐約大都會,A,,2.15,20,23,A,,2
2026-07-18,2026-07-18T13:55:23,台灣運彩,823441,3478436.1,123,2026-07-19T04:05:00+08:00,紐約大都會,費城費城人,紐約大都會 @ 費城費城人,51458955.1,357,勝分差,252884155.1,紐約大都會 1 分,A,,5.95,20,99,A,,
2026-07-18,2026-07-18T13:55:23,台灣運彩,823441,3478436.1,123,2026-07-19T04:05:00+08:00,紐約大都會,費城費城人,紐約大都會 @ 費城費城人,51458955.1,357,勝分差,252884156.1,紐約大都會 2 分,A,,8.00,1,7,A,,
2026-07-18,2026-07-18T13:55:23,台灣運彩,823441,3478436.1,123,2026-07-19T04:05:00+08:00,紐約大都會,費城費城人,紐約大都會 @ 費城費城人,51458955.1,357,勝分差,252884157.1,紐約大都會 > 2分,A,,3.25,4,9,A,,
2026-07-18,2026-07-18T13:55:23,台灣運彩,823441,3478436.1,123,2026-07-19T04:05:00+08:00,紐約大都會,費城費城人,紐約大都會 @ 費城費城人,51458955.1,357,勝分差,252884152.1,費城費城人 1 分,H,,4.00,1,3,H,,
2026-07-18,2026-07-18T13:55:23,台灣運彩,823441,3478436.1,123,2026-07-19T04:05:00+08:00,紐約大都會,費城費城人,紐約大都會 @ 費城費城人,51458955.1,357,勝分差,252884153.1,費城費城人 2 分,H,,6.50,2,11,H,,
2026-07-18,2026-07-18T13:55:23,台灣運彩,823441,3478436.1,123,2026-07-19T04:05:00+08:00,紐約大都會,費城費城人,紐約大都會 @ 費城費城人,51458955.1,357,勝分差,252884154.1,費城費城人 > 2分,H,,2.20,5,6,H,,
2026-07-18,2026-07-18T13:55:23,台灣運彩,823441,3478436.1,123,2026-07-19T04:05:00+08:00,紐約大都會,費城費城人,紐約大都會 @ 費城費城人,51458946.1,358,讓分 -2.5,252884134.1,費城費城人 -2.5,H,-2.5,2.33,100,133,H,-2.5,1
2026-07-18,2026-07-18T13:55:23,台灣運彩,823441,3478436.1,123,2026-07-19T04:05:00+08:00,紐約大都會,費城費城人,紐約大都會 @ 費城費城人,51458946.1,358,讓分 -2.5,252884135.1,紐約大都會 +2.5,A,-2.5,1.38,50,19,A,-2.5,2
2026-07-18,2026-07-18T13:55:23,台灣運彩,823441,3478436.1,123,2026-07-19T04:05:00+08:00,紐約大都會,費城費城人,紐約大都會 @ 費城費城人,51458950.1,358,讓分 -1.5,252884142.1,費城費城人 -1.5,H,-1.5,1.90,10,9,H,-1.5,1
2026-07-18,2026-07-18T13:55:23,台灣運彩,823441,3478436.1,123,2026-07-19T04:05:00+08:00,紐約大都會,費城費城人,紐約大都會 @ 費城費城人,51458950.1,358,讓分 -1.5,252884143.1,紐約大都會 +1.5,A,-1.5,1.60,5,3,A,-1.5,2
2026-07-18,2026-07-18T13:55:23,台灣運彩,823441,3478436.1,123,2026-07-19T04:05:00+08:00,紐約大都會,費城費城人,紐約大都會 @ 費城費城人,51458947.1,360,[總分]大小 9.5,252884137.1,大 9.5,A,9.5,2.00,1,1,A,9.5,
2026-07-18,2026-07-18T13:55:23,台灣運彩,823441,3478436.1,123,2026-07-19T04:05:00+08:00,紐約大都會,費城費城人,紐約大都會 @ 費城費城人,51458947.1,360,[總分]大小 9.5,252884136.1,小 9.5,H,9.5,1.50,2,1,H,9.5,
2026-07-18,2026-07-18T13:55:23,台灣運彩,823441,3478436.1,123,2026-07-19T04:05:00+08:00,紐約大都會,費城費城人,紐約大都會 @ 費城費城人,51458949.1,360,[總分]大小 8.5,252884141.1,大 8.5,A,8.5,1.71,100,71,A,8.5,
2026-07-18,2026-07-18T13:55:23,台灣運彩,823441,3478436.1,123,2026-07-19T04:05:00+08:00,紐約大都會,費城費城人,紐約大都會 @ 費城費城人,51458949.1,360,[總分]大小 8.5,252884140.1,小 8.5,H,8.5,1.79,100,79,H,8.5,
2026-07-18,2026-07-18T13:55:23,台灣運彩,823441,3478436.1,123,2026-07-19T04:05:00+08:00,紐約大都會,費城費城人,紐約大都會 @ 費城費城人,51458953.1,360,[總分]大小 7.5,252884149.1,大 7.5,A,7.5,1.48,25,12,A,7.5,
2026-07-18,2026-07-18T13:55:23,台灣運彩,823441,3478436.1,123,2026-07-19T04:05:00+08:00,紐約大都會,費城費城人,紐約大都會 @ 費城費城人,51458953.1,360,[總分]大小 7.5,252884148.1,小 7.5,H,7.5,2.05,20,21,H,7.5,
2026-07-18,2026-07-18T13:55:23,台灣運彩,823441,3478436.1,123,2026-07-19T04:05:00+08:00,紐約大都會,費城費城人,紐約大都會 @ 費城費城人,51458951.1,362,費城費城人 大小 4.5,252884145.1,大 4.5,A,4.5,1.72,25,18,A,4.5,
2026-07-18,2026-07-18T13:55:23,台灣運彩,823441,3478436.1,123,2026-07-19T04:05:00+08:00,紐約大都會,費城費城人,紐約大都會 @ 費城費城人,51458951.1,362,費城費城人 大小 4.5,252884144.1,小 4.5,H,4.5,1.72,25,18,H,4.5,
2026-07-18,2026-07-18T13:55:23,台灣運彩,823441,3478436.1,123,2026-07-19T04:05:00+08:00,紐約大都會,費城費城人,紐約大都會 @ 費城費城人,51458945.1,363,紐約大都會 大小 3.5,252884133.1,大 3.5,A,3.5,1.70,10,7,A,3.5,
2026-07-18,2026-07-18T13:55:23,台灣運彩,823441,3478436.1,123,2026-07-19T04:05:00+08:00,紐約大都會,費城費城人,紐約大都會 @ 費城費城人,51458945.1,363,紐約大都會 大小 3.5,252884132.1,小 3.5,H,3.5,1.73,100,73,H,3.5,
2026-07-18,2026-07-18T13:55:23,台灣運彩,823441,3478436.1,123,2026-07-19T04:05:00+08:00,紐約大都會,費城費城人,紐約大都會 @ 費城費城人,51458948.1,366,[總分]單雙,252884139.1,單,,,1.48,25,12,,,
2026-07-18,2026-07-18T13:55:23,台灣運彩,823441,3478436.1,123,2026-07-19T04:05:00+08:00,紐約大都會,費城費城人,紐約大都會 @ 費城費城人,51458948.1,366,[總分]單雙,252884138.1,雙,,,2.00,1,1,,,
2026-07-18,2026-07-18T13:55:23,台灣運彩,823441,3478436.1,123,2026-07-19T04:05:00+08:00,紐約大都會,費城費城人,紐約大都會 @ 費城費城人,51459557.1,374,得分最高單局(不含延長賽),252885927.1,一樣多,,,2.25,4,5,,,
2026-07-18,2026-07-18T13:55:23,台灣運彩,823441,3478436.1,123,2026-07-19T04:05:00+08:00,紐約大都會,費城費城人,紐約大都會 @ 費城費城人,51459557.1,374,得分最高單局(不含延長賽),252885918.1,第1局,,,5.70,10,47,,,
2026-07-18,2026-07-18T13:55:23,台灣運彩,823441,3478436.1,123,2026-07-19T04:05:00+08:00,紐約大都會,費城費城人,紐約大都會 @ 費城費城人,51459557.1,374,得分最高單局(不含延長賽),252885919.1,第2局,,,6.50,2,11,,,
2026-07-18,2026-07-18T13:55:23,台灣運彩,823441,3478436.1,123,2026-07-19T04:05:00+08:00,紐約大都會,費城費城人,紐約大都會 @ 費城費城人,51459557.1,374,得分最高單局(不含延長賽),252885920.1,第3局,,,5.90,10,49,,,
2026-07-18,2026-07-18T13:55:23,台灣運彩,823441,3478436.1,123,2026-07-19T04:05:00+08:00,紐約大都會,費城費城人,紐約大都會 @ 費城費城人,51459557.1,374,得分最高單局(不含延長賽),252885921.1,第4局,,,6.50,2,11,,,
2026-07-18,2026-07-18T13:55:23,台灣運彩,823441,3478436.1,123,2026-07-19T04:05:00+08:00,紐約大都會,費城費城人,紐約大都會 @ 費城費城人,51459557.1,374,得分最高單局(不含延長賽),252885922.1,第5局,,,6.25,4,21,,,
2026-07-18,2026-07-18T13:55:23,台灣運彩,823441,3478436.1,123,2026-07-19T04:05:00+08:00,紐約大都會,費城費城人,紐約大都會 @ 費城費城人,51459557.1,374,得分最高單局(不含延長賽),252885923.1,第6局,,,5.60,5,23,,,
2026-07-18,2026-07-18T13:55:23,台灣運彩,823441,3478436.1,123,2026-07-19T04:05:00+08:00,紐約大都會,費城費城人,紐約大都會 @ 費城費城人,51459557.1,374,得分最高單局(不含延長賽),252885924.1,第7局,,,5.60,5,23,,,
2026-07-18,2026-07-18T13:55:23,台灣運彩,823441,3478436.1,123,2026-07-19T04:05:00+08:00,紐約大都會,費城費城人,紐約大都會 @ 費城費城人,51459557.1,374,得分最高單局(不含延長賽),252885925.1,第8局,,,5.60,5,23,,,
2026-07-18,2026-07-18T13:55:23,台灣運彩,823441,3478436.1,123,2026-07-19T04:05:00+08:00,紐約大都會,費城費城人,紐約大都會 @ 費城費城人,51459557.1,374,得分最高單局(不含延長賽),252885926.1,第9局,,,8.00,1,7,,,
2026-07-18,2026-07-18T13:55:23,台灣運彩,823441,3478436.1,123,2026-07-19T04:05:00+08:00,紐約大都會,費城費城人,紐約大都會 @ 費城費城人,51459556.1,376,[1-5局] 不讓分,252885915.1,費城費城人,H,,1.55,20,11,H,,1
2026-07-18,2026-07-18T13:55:23,台灣運彩,823441,3478436.1,123,2026-07-19T04:05:00+08:00,紐約大都會,費城費城人,紐約大都會 @ 費城費城人,51459556.1,376,[1-5局] 不讓分,252885917.1,紐約大都會,A,,2.25,4,5,A,,2
2026-07-18,2026-07-18T13:55:23,台灣運彩,823441,3478436.1,123,2026-07-19T04:05:00+08:00,紐約大都會,費城費城人,紐約大都會 @ 費城費城人,51459556.1,376,[1-5局] 不讓分,252885916.1,和局,D,,4.70,10,37,D,,
2026-07-18,2026-07-18T13:55:23,台灣運彩,823441,3478436.1,123,2026-07-19T04:05:00+08:00,紐約大都會,費城費城人,紐約大都會 @ 費城費城人,51459551.1,378,[1-5局] 大小 4.5,252885905.1,大 4.5,A,4.5,1.68,25,17,A,4.5,
2026-07-18,2026-07-18T13:55:23,台灣運彩,823441,3478436.1,123,2026-07-19T04:05:00+08:00,紐約大都會,費城費城人,紐約大都會 @ 費城費城人,51459551.1,378,[1-5局] 大小 4.5,252885904.1,小 4.5,H,4.5,1.65,20,13,H,4.5,
2026-07-18,2026-07-18T13:55:23,台灣運彩,823441,3478436.1,123,2026-07-19T04:05:00+08:00,紐約大都會,費城費城人,紐約大都會 @ 費城費城人,51459553.1,379,[1-5局] 費城費城人 大小 2.5,252885909.1,大 2.5,A,2.5,1.80,5,4,A,2.5,
2026-07-18,2026-07-18T13:55:23,台灣運彩,823441,3478436.1,123,2026-07-19T04:05:00+08:00,紐約大都會,費城費城人,紐約大都會 @ 費城費城人,51459553.1,379,[1-5局] 費城費城人 大小 2.5,252885908.1,小 2.5,H,2.5,1.63,100,63,H,2.5,
2026-07-18,2026-07-18T13:55:23,台灣運彩,823441,3478436.1,123,2026-07-19T04:05:00+08:00,紐約大都會,費城費城人,紐約大都會 @ 費城費城人,51459555.1,380,[1-5局] 紐約大都會 大小 1.5,252885914.1,大 1.5,A,1.5,1.70,10,7,A,1.5,
2026-07-18,2026-07-18T13:55:23,台灣運彩,823441,3478436.1,123,2026-07-19T04:05:00+08:00,紐約大都會,費城費城人,紐約大都會 @ 費城費城人,51459555.1,380,[1-5局] 紐約大都會 大小 1.5,252885913.1,小 1.5,H,1.5,1.73,100,73,H,1.5,
2026-07-18,2026-07-18T13:55:23,台灣運彩,823441,3478436.1,123,2026-07-19T04:05:00+08:00,紐約大都會,費城費城人,紐約大都會 @ 費城費城人,51459554.1,389,[第1局] 不讓分,252885910.1,費城費城人,H,,2.60,5,8,H,,1
2026-07-18,2026-07-18T13:55:23,台灣運彩,823441,3478436.1,123,2026-07-19T04:05:00+08:00,紐約大都會,費城費城人,紐約大都會 @ 費城費城人,51459554.1,389,[第1局] 不讓分,252885912.1,紐約大都會,A,,3.80,5,14,A,,2
2026-07-18,2026-07-18T13:55:23,台灣運彩,823441,3478436.1,123,2026-07-19T04:05:00+08:00,紐約大都會,費城費城人,紐約大都會 @ 費城費城人,51459554.1,389,[第1局] 不讓分,252885911.1,和局,D,,1.55,20,11,D,,
2026-07-18,2026-07-18T13:55:23,台灣運彩,823441,3478436.1,123,2026-07-19T04:05:00+08:00,紐約大都會,費城費城人,紐約大都會 @ 費城費城人,51459552.1,398,[第1局] 大小 0.5,252885907.1,大 0.5,A,0.5,1.70,10,7,A,0.5,
2026-07-18,2026-07-18T13:55:23,台灣運彩,823441,3478436.1,123,2026-07-19T04:05:00+08:00,紐約大都會,費城費城人,紐約大都會 @ 費城費城人,51459552.1,398,[第1局] 大小 0.5,252885906.1,小 0.5,H,0.5,1.63,100,63,H,0.5,
2026-07-18,2026-07-18T13:55:23,台灣運彩,825059,3478437.1,124,2026-07-19T04:10:00+08:00,聖路易紅雀,亞利桑那響尾蛇,聖路易紅雀 @ 亞利桑那響尾蛇,51458965.1,354,不讓分,252884180.1,亞歷桑那響尾蛇,H,,1.63,100,63,H,,1
2026-07-18,2026-07-18T13:55:23,台灣運彩,825059,3478437.1,124,2026-07-19T04:10:00+08:00,聖路易紅雀,亞利桑那響尾蛇,聖路易紅雀 @ 亞利桑那響尾蛇,51458965.1,354,不讓分,252884181.1,聖路易紅雀,A,,1.87,100,87,A,,2
2026-07-18,2026-07-18T13:55:23,台灣運彩,825059,3478437.1,124,2026-07-19T04:10:00+08:00,聖路易紅雀,亞利桑那響尾蛇,聖路易紅雀 @ 亞利桑那響尾蛇,51458971.1,358,讓分 1.5,252884192.1,亞歷桑那響尾蛇 +1.5,H,1.5,1.38,50,19,H,1.5,1
2026-07-18,2026-07-18T13:55:23,台灣運彩,825059,3478437.1,124,2026-07-19T04:10:00+08:00,聖路易紅雀,亞利桑那響尾蛇,聖路易紅雀 @ 亞利桑那響尾蛇,51458971.1,358,讓分 1.5,252884193.1,聖路易紅雀 -1.5,A,1.5,2.33,100,133,A,1.5,2
2026-07-18,2026-07-18T13:55:23,台灣運彩,825059,3478437.1,124,2026-07-19T04:10:00+08:00,聖路易紅雀,亞利桑那響尾蛇,聖路易紅雀 @ 亞利桑那響尾蛇,51458972.1,358,讓分 -1.5,252884194.1,亞歷桑那響尾蛇 -1.5,H,-1.5,2.15,20,23,H,-1.5,1
2026-07-18,2026-07-18T13:55:23,台灣運彩,825059,3478437.1,124,2026-07-19T04:10:00+08:00,聖路易紅雀,亞利桑那響尾蛇,聖路易紅雀 @ 亞利桑那響尾蛇,51458972.1,358,讓分 -1.5,252884195.1,聖路易紅雀 +1.5,A,-1.5,1.43,100,43,A,-1.5,2
2026-07-18,2026-07-18T13:55:23,台灣運彩,825059,3478437.1,124,2026-07-19T04:10:00+08:00,聖路易紅雀,亞利桑那響尾蛇,聖路易紅雀 @ 亞利桑那響尾蛇,51458974.1,358,讓分 -2.5,252884198.1,亞歷桑那響尾蛇 -2.5,H,-2.5,2.70,10,17,H,-2.5,1
2026-07-18,2026-07-18T13:55:23,台灣運彩,825059,3478437.1,124,2026-07-19T04:10:00+08:00,聖路易紅雀,亞利桑那響尾蛇,聖路易紅雀 @ 亞利桑那響尾蛇,51458974.1,358,讓分 -2.5,252884199.1,聖路易紅雀 +2.5,A,-2.5,1.28,25,7,A,-2.5,2
2026-07-18,2026-07-18T13:55:23,台灣運彩,825059,3478437.1,124,2026-07-19T04:10:00+08:00,聖路易紅雀,亞利桑那響尾蛇,聖路易紅雀 @ 亞利桑那響尾蛇,51458968.1,360,[總分]大小 7.5,252884187.1,大 7.5,A,7.5,1.42,50,21,A,7.5,
2026-07-18,2026-07-18T13:55:23,台灣運彩,825059,3478437.1,124,2026-07-19T04:10:00+08:00,聖路易紅雀,亞利桑那響尾蛇,聖路易紅雀 @ 亞利桑那響尾蛇,51458968.1,360,[總分]大小 7.5,252884186.1,小 7.5,H,7.5,2.20,5,6,H,7.5,
2026-07-18,2026-07-18T13:55:23,台灣運彩,825059,3478437.1,124,2026-07-19T04:10:00+08:00,聖路易紅雀,亞利桑那響尾蛇,聖路易紅雀 @ 亞利桑那響尾蛇,51458970.1,360,[總分]大小 9.5,252884191.1,大 9.5,A,9.5,1.92,25,23,A,9.5,
2026-07-18,2026-07-18T13:55:23,台灣運彩,825059,3478437.1,124,2026-07-19T04:10:00+08:00,聖路易紅雀,亞利桑那響尾蛇,聖路易紅雀 @ 亞利桑那響尾蛇,51458970.1,360,[總分]大小 9.5,252884190.1,小 9.5,H,9.5,1.58,50,29,H,9.5,
2026-07-18,2026-07-18T13:55:23,台灣運彩,825059,3478437.1,124,2026-07-19T04:10:00+08:00,聖路易紅雀,亞利桑那響尾蛇,聖路易紅雀 @ 亞利桑那響尾蛇,51458973.1,360,[總分]大小 8.5,252884197.1,大 8.5,A,8.5,1.60,5,3,A,8.5,
2026-07-18,2026-07-18T13:55:23,台灣運彩,825059,3478437.1,124,2026-07-19T04:10:00+08:00,聖路易紅雀,亞利桑那響尾蛇,聖路易紅雀 @ 亞利桑那響尾蛇,51458973.1,360,[總分]大小 8.5,252884196.1,小 8.5,H,8.5,1.90,10,9,H,8.5,
2026-07-18,2026-07-18T13:55:23,台灣運彩,825059,3478437.1,124,2026-07-19T04:10:00+08:00,聖路易紅雀,亞利桑那響尾蛇,聖路易紅雀 @ 亞利桑那響尾蛇,51459686.1,374,得分最高單局(不含延長賽),252886379.1,一樣多,,,2.30,10,13,,,
2026-07-18,2026-07-18T13:55:23,台灣運彩,825059,3478437.1,124,2026-07-19T04:10:00+08:00,聖路易紅雀,亞利桑那響尾蛇,聖路易紅雀 @ 亞利桑那響尾蛇,51459686.1,374,得分最高單局(不含延長賽),252886370.1,第1局,,,5.40,5,22,,,
2026-07-18,2026-07-18T13:55:23,台灣運彩,825059,3478437.1,124,2026-07-19T04:10:00+08:00,聖路易紅雀,亞利桑那響尾蛇,聖路易紅雀 @ 亞利桑那響尾蛇,51459686.1,374,得分最高單局(不含延長賽),252886371.1,第2局,,,6.25,4,21,,,
2026-07-18,2026-07-18T13:55:23,台灣運彩,825059,3478437.1,124,2026-07-19T04:10:00+08:00,聖路易紅雀,亞利桑那響尾蛇,聖路易紅雀 @ 亞利桑那響尾蛇,51459686.1,374,得分最高單局(不含延長賽),252886372.1,第3局,,,5.50,2,9,,,
2026-07-18,2026-07-18T13:55:23,台灣運彩,825059,3478437.1,124,2026-07-19T04:10:00+08:00,聖路易紅雀,亞利桑那響尾蛇,聖路易紅雀 @ 亞利桑那響尾蛇,51459686.1,374,得分最高單局(不含延長賽),252886373.1,第4局,,,5.95,20,99,,,
2026-07-18,2026-07-18T13:55:23,台灣運彩,825059,3478437.1,124,2026-07-19T04:10:00+08:00,聖路易紅雀,亞利桑那響尾蛇,聖路易紅雀 @ 亞利桑那響尾蛇,51459686.1,374,得分最高單局(不含延長賽),252886374.1,第5局,,,5.90,10,49,,,
2026-07-18,2026-07-18T13:55:23,台灣運彩,825059,3478437.1,124,2026-07-19T04:10:00+08:00,聖路易紅雀,亞利桑那響尾蛇,聖路易紅雀 @ 亞利桑那響尾蛇,51459686.1,374,得分最高單局(不含延長賽),252886375.1,第6局,,,6.25,4,21,,,
2026-07-18,2026-07-18T13:55:23,台灣運彩,825059,3478437.1,124,2026-07-19T04:10:00+08:00,聖路易紅雀,亞利桑那響尾蛇,聖路易紅雀 @ 亞利桑那響尾蛇,51459686.1,374,得分最高單局(不含延長賽),252886376.1,第7局,,,6.25,4,21,,,
2026-07-18,2026-07-18T13:55:23,台灣運彩,825059,3478437.1,124,2026-07-19T04:10:00+08:00,聖路易紅雀,亞利桑那響尾蛇,聖路易紅雀 @ 亞利桑那響尾蛇,51459686.1,374,得分最高單局(不含延長賽),252886377.1,第8局,,,6.00,1,5,,,
2026-07-18,2026-07-18T13:55:23,台灣運彩,825059,3478437.1,124,2026-07-19T04:10:00+08:00,聖路易紅雀,亞利桑那響尾蛇,聖路易紅雀 @ 亞利桑那響尾蛇,51459686.1,374,得分最高單局(不含延長賽),252886378.1,第9局,,,8.00,1,7,,,
2026-07-18,2026-07-18T13:55:23,台灣運彩,825059,3478437.1,124,2026-07-19T04:10:00+08:00,聖路易紅雀,亞利桑那響尾蛇,聖路易紅雀 @ 亞利桑那響尾蛇,51459685.1,376,[1-5局] 不讓分,252886367.1,亞歷桑那響尾蛇,H,,1.75,4,3,H,,1
2026-07-18,2026-07-18T13:55:23,台灣運彩,825059,3478437.1,124,2026-07-19T04:10:00+08:00,聖路易紅雀,亞利桑那響尾蛇,聖路易紅雀 @ 亞利桑那響尾蛇,51459685.1,376,[1-5局] 不讓分,252886369.1,聖路易紅雀,A,,1.90,10,9,A,,2
2026-07-18,2026-07-18T13:55:23,台灣運彩,825059,3478437.1,124,2026-07-19T04:10:00+08:00,聖路易紅雀,亞利桑那響尾蛇,聖路易紅雀 @ 亞利桑那響尾蛇,51459685.1,376,[1-5局] 不讓分,252886368.1,和局,D,,5.00,1,4,D,,
2026-07-18,2026-07-18T13:55:23,台灣運彩,825059,3478437.1,124,2026-07-19T04:10:00+08:00,聖路易紅雀,亞利桑那響尾蛇,聖路易紅雀 @ 亞利桑那響尾蛇,51459681.1,378,[1-5局] 大小 4.5,252886359.1,大 4.5,A,4.5,1.55,20,11,A,4.5,
2026-07-18,2026-07-18T13:55:23,台灣運彩,825059,3478437.1,124,2026-07-19T04:10:00+08:00,聖路易紅雀,亞利桑那響尾蛇,聖路易紅雀 @ 亞利桑那響尾蛇,51459681.1,378,[1-5局] 大小 4.5,252886358.1,小 4.5,H,4.5,1.80,5,4,H,4.5,
2026-07-18,2026-07-18T13:55:23,台灣運彩,825059,3478437.1,124,2026-07-19T04:10:00+08:00,聖路易紅雀,亞利桑那響尾蛇,聖路易紅雀 @ 亞利桑那響尾蛇,51459682.1,379,[1-5局] 亞歷桑那響尾蛇 大小 2.5,252886361.1,大 2.5,A,2.5,1.82,50,41,A,2.5,
2026-07-18,2026-07-18T13:55:23,台灣運彩,825059,3478437.1,124,2026-07-19T04:10:00+08:00,聖路易紅雀,亞利桑那響尾蛇,聖路易紅雀 @ 亞利桑那響尾蛇,51459682.1,379,[1-5局] 亞歷桑那響尾蛇 大小 2.5,252886360.1,小 2.5,H,2.5,1.62,50,31,H,2.5,
2026-07-18,2026-07-18T13:55:23,台灣運彩,825059,3478437.1,124,2026-07-19T04:10:00+08:00,聖路易紅雀,亞利桑那響尾蛇,聖路易紅雀 @ 亞利桑那響尾蛇,51459683.1,380,[1-5局] 聖路易紅雀 大小 2.5,252886363.1,大 2.5,A,2.5,1.94,50,47,A,2.5,
2026-07-18,2026-07-18T13:55:23,台灣運彩,825059,3478437.1,124,2026-07-19T04:10:00+08:00,聖路易紅雀,亞利桑那響尾蛇,聖路易紅雀 @ 亞利桑那響尾蛇,51459683.1,380,[1-5局] 聖路易紅雀 大小 2.5,252886362.1,小 2.5,H,2.5,1.52,25,13,H,2.5,
2026-07-18,2026-07-18T13:55:23,台灣運彩,825059,3478437.1,124,2026-07-19T04:10:00+08:00,聖路易紅雀,亞利桑那響尾蛇,聖路易紅雀 @ 亞利桑那響尾蛇,51459684.1,389,[第1局] 不讓分,252886364.1,亞歷桑那響尾蛇,H,,2.80,5,9,H,,1
2026-07-18,2026-07-18T13:55:23,台灣運彩,825059,3478437.1,124,2026-07-19T04:10:00+08:00,聖路易紅雀,亞利桑那響尾蛇,聖路易紅雀 @ 亞利桑那響尾蛇,51459684.1,389,[第1局] 不讓分,252886366.1,聖路易紅雀,A,,3.20,5,11,A,,2
2026-07-18,2026-07-18T13:55:23,台灣運彩,825059,3478437.1,124,2026-07-19T04:10:00+08:00,聖路易紅雀,亞利桑那響尾蛇,聖路易紅雀 @ 亞利桑那響尾蛇,51459684.1,389,[第1局] 不讓分,252886365.1,和局,D,,1.60,5,3,D,,
2026-07-18,2026-07-18T13:55:23,台灣運彩,825059,3478437.1,124,2026-07-19T04:10:00+08:00,聖路易紅雀,亞利桑那響尾蛇,聖路易紅雀 @ 亞利桑那響尾蛇,51459687.1,398,[第1局] 大小 0.5,252886381.1,大 0.5,A,0.5,1.63,100,63,A,0.5,
2026-07-18,2026-07-18T13:55:23,台灣運彩,825059,3478437.1,124,2026-07-19T04:10:00+08:00,聖路易紅雀,亞利桑那響尾蛇,聖路易紅雀 @ 亞利桑那響尾蛇,51459687.1,398,[第1局] 大小 0.5,252886380.1,小 0.5,H,0.5,1.70,10,7,H,0.5,
2026-07-18,2026-07-18T13:55:23,台灣運彩,824738,3478439.1,126,2026-07-19T04:10:00+08:00,坦帕灣光芒,波士頓紅襪,坦帕灣光芒 @ 波士頓紅襪,51458988.1,354,不讓分,252884234.1,波士頓紅襪,H,,1.63,100,63,H,,1
2026-07-18,2026-07-18T13:55:23,台灣運彩,824738,3478439.1,126,2026-07-19T04:10:00+08:00,坦帕灣光芒,波士頓紅襪,坦帕灣光芒 @ 波士頓紅襪,51458988.1,354,不讓分,252884235.1,坦帕灣光芒,A,,1.87,100,87,A,,2
2026-07-18,2026-07-18T13:55:23,台灣運彩,824738,3478439.1,126,2026-07-19T04:10:00+08:00,坦帕灣光芒,波士頓紅襪,坦帕灣光芒 @ 波士頓紅襪,51458997.1,357,勝分差,252884255.1,坦帕灣光芒 1 分,A,,6.00,1,5,A,,
2026-07-18,2026-07-18T13:55:23,台灣運彩,824738,3478439.1,126,2026-07-19T04:10:00+08:00,坦帕灣光芒,波士頓紅襪,坦帕灣光芒 @ 波士頓紅襪,51458997.1,357,勝分差,252884256.1,坦帕灣光芒 2 分,A,,7.75,4,27,A,,
2026-07-18,2026-07-18T13:55:23,台灣運彩,824738,3478439.1,126,2026-07-19T04:10:00+08:00,坦帕灣光芒,波士頓紅襪,坦帕灣光芒 @ 波士頓紅襪,51458997.1,357,勝分差,252884257.1,坦帕灣光芒 > 2分,A,,2.55,20,31,A,,
2026-07-18,2026-07-18T13:55:23,台灣運彩,824738,3478439.1,126,2026-07-19T04:10:00+08:00,坦帕灣光芒,波士頓紅襪,坦帕灣光芒 @ 波士頓紅襪,51458997.1,357,勝分差,252884252.1,波士頓紅襪 1 分,H,,4.20,5,16,H,,
2026-07-18,2026-07-18T13:55:23,台灣運彩,824738,3478439.1,126,2026-07-19T04:10:00+08:00,坦帕灣光芒,波士頓紅襪,坦帕灣光芒 @ 波士頓紅襪,51458997.1,357,勝分差,252884253.1,波士頓紅襪 2 分,H,,7.50,2,13,H,,
2026-07-18,2026-07-18T13:55:23,台灣運彩,824738,3478439.1,126,2026-07-19T04:10:00+08:00,坦帕灣光芒,波士頓紅襪,坦帕灣光芒 @ 波士頓紅襪,51458997.1,357,勝分差,252884254.1,波士頓紅襪 > 2分,H,,2.60,5,8,H,,
2026-07-18,2026-07-18T13:55:23,台灣運彩,824738,3478439.1,126,2026-07-19T04:10:00+08:00,坦帕灣光芒,波士頓紅襪,坦帕灣光芒 @ 波士頓紅襪,51458992.1,358,讓分 -1.5,252884242.1,波士頓紅襪 -1.5,H,-1.5,2.15,20,23,H,-1.5,1
2026-07-18,2026-07-18T13:55:23,台灣運彩,824738,3478439.1,126,2026-07-19T04:10:00+08:00,坦帕灣光芒,波士頓紅襪,坦帕灣光芒 @ 波士頓紅襪,51458992.1,358,讓分 -1.5,252884243.1,坦帕灣光芒 +1.5,A,-1.5,1.43,100,43,A,-1.5,2
2026-07-18,2026-07-18T13:55:23,台灣運彩,824738,3478439.1,126,2026-07-19T04:10:00+08:00,坦帕灣光芒,波士頓紅襪,坦帕灣光芒 @ 波士頓紅襪,51458995.1,358,讓分 1.5,252884248.1,波士頓紅襪 +1.5,H,1.5,1.38,50,19,H,1.5,1
2026-07-18,2026-07-18T13:55:23,台灣運彩,824738,3478439.1,126,2026-07-19T04:10:00+08:00,坦帕灣光芒,波士頓紅襪,坦帕灣光芒 @ 波士頓紅襪,51458995.1,358,讓分 1.5,252884249.1,坦帕灣光芒 -1.5,A,1.5,2.33,100,133,A,1.5,2
2026-07-18,2026-07-18T13:55:23,台灣運彩,824738,3478439.1,126,2026-07-19T04:10:00+08:00,坦帕灣光芒,波士頓紅襪,坦帕灣光芒 @ 波士頓紅襪,51458996.1,358,讓分 -2.5,252884250.1,波士頓紅襪 -2.5,H,-2.5,2.70,10,17,H,-2.5,1
2026-07-18,2026-07-18T13:55:23,台灣運彩,824738,3478439.1,126,2026-07-19T04:10:00+08:00,坦帕灣光芒,波士頓紅襪,坦帕灣光芒 @ 波士頓紅襪,51458996.1,358,讓分 -2.5,252884251.1,坦帕灣光芒 +2.5,A,-2.5,1.28,25,7,A,-2.5,2
2026-07-18,2026-07-18T13:55:23,台灣運彩,824738,3478439.1,126,2026-07-19T04:10:00+08:00,坦帕灣光芒,波士頓紅襪,坦帕灣光芒 @ 波士頓紅襪,51458989.1,360,[總分]大小 10.5,252884237.1,大 10.5,A,10.5,1.97,100,97,A,10.5,
2026-07-18,2026-07-18T13:55:23,台灣運彩,824738,3478439.1,126,2026-07-19T04:10:00+08:00,坦帕灣光芒,波士頓紅襪,坦帕灣光芒 @ 波士頓紅襪,51458989.1,360,[總分]大小 10.5,252884236.1,小 10.5,H,10.5,1.53,100,53,H,10.5,
2026-07-18,2026-07-18T13:55:23,台灣運彩,824738,3478439.1,126,2026-07-19T04:10:00+08:00,坦帕灣光芒,波士頓紅襪,坦帕灣光芒 @ 波士頓紅襪,51458990.1,360,[總分]大小 8.5,252884239.1,大 8.5,A,8.5,1.48,25,12,A,8.5,
2026-07-18,2026-07-18T13:55:23,台灣運彩,824738,3478439.1,126,2026-07-19T04:10:00+08:00,坦帕灣光芒,波士頓紅襪,坦帕灣光芒 @ 波士頓紅襪,51458990.1,360,[總分]大小 8.5,252884238.1,小 8.5,H,8.5,2.05,20,21,H,8.5,
2026-07-18,2026-07-18T13:55:23,台灣運彩,824738,3478439.1,126,2026-07-19T04:10:00+08:00,坦帕灣光芒,波士頓紅襪,坦帕灣光芒 @ 波士頓紅襪,51458991.1,360,[總分]大小 9.5,252884241.1,大 9.5,A,9.5,1.76,25,19,A,9.5,
2026-07-18,2026-07-18T13:55:23,台灣運彩,824738,3478439.1,126,2026-07-19T04:10:00+08:00,坦帕灣光芒,波士頓紅襪,坦帕灣光芒 @ 波士頓紅襪,51458991.1,360,[總分]大小 9.5,252884240.1,小 9.5,H,9.5,1.74,50,37,H,9.5,
2026-07-18,2026-07-18T13:55:23,台灣運彩,824738,3478439.1,126,2026-07-19T04:10:00+08:00,坦帕灣光芒,波士頓紅襪,坦帕灣光芒 @ 波士頓紅襪,51458994.1,362,波士頓紅襪 大小 4.5,252884247.1,大 4.5,A,4.5,1.68,25,17,A,4.5,
2026-07-18,2026-07-18T13:55:23,台灣運彩,824738,3478439.1,126,2026-07-19T04:10:00+08:00,坦帕灣光芒,波士頓紅襪,坦帕灣光芒 @ 波士頓紅襪,51458994.1,362,波士頓紅襪 大小 4.5,252884246.1,小 4.5,H,4.5,1.75,4,3,H,4.5,
2026-07-18,2026-07-18T13:55:23,台灣運彩,824738,3478439.1,126,2026-07-19T04:10:00+08:00,坦帕灣光芒,波士頓紅襪,坦帕灣光芒 @ 波士頓紅襪,51458993.1,363,坦帕灣光芒 大小 4.5,252884245.1,大 4.5,A,4.5,1.72,25,18,A,4.5,
2026-07-18,2026-07-18T13:55:23,台灣運彩,824738,3478439.1,126,2026-07-19T04:10:00+08:00,坦帕灣光芒,波士頓紅襪,坦帕灣光芒 @ 波士頓紅襪,51458993.1,363,坦帕灣光芒 大小 4.5,252884244.1,小 4.5,H,4.5,1.72,25,18,H,4.5,
2026-07-18,2026-07-18T13:55:23,台灣運彩,824738,3478439.1,126,2026-07-19T04:10:00+08:00,坦帕灣光芒,波士頓紅襪,坦帕灣光芒 @ 波士頓紅襪,51458987.1,366,[總分]單雙,252884233.1,單,,,1.48,25,12,,,
2026-07-18,2026-07-18T13:55:23,台灣運彩,824738,3478439.1,126,2026-07-19T04:10:00+08:00,坦帕灣光芒,波士頓紅襪,坦帕灣光芒 @ 波士頓紅襪,51458987.1,366,[總分]單雙,252884232.1,雙,,,2.00,1,1,,,
2026-07-18,2026-07-18T13:55:23,台灣運彩,824738,3478439.1,126,2026-07-19T04:10:00+08:00,坦帕灣光芒,波士頓紅襪,坦帕灣光芒 @ 波士頓紅襪,51459564.1,374,得分最高單局(不含延長賽),252885951.1,一樣多,,,2.30,10,13,,,
2026-07-18,2026-07-18T13:55:23,台灣運彩,824738,3478439.1,126,2026-07-19T04:10:00+08:00,坦帕灣光芒,波士頓紅襪,坦帕灣光芒 @ 波士頓紅襪,51459564.1,374,得分最高單局(不含延長賽),252885942.1,第1局,,,5.50,2,9,,,
2026-07-18,2026-07-18T13:55:23,台灣運彩,824738,3478439.1,126,2026-07-19T04:10:00+08:00,坦帕灣光芒,波士頓紅襪,坦帕灣光芒 @ 波士頓紅襪,51459564.1,374,得分最高單局(不含延長賽),252885943.1,第2局,,,6.50,2,11,,,
2026-07-18,2026-07-18T13:55:23,台灣運彩,824738,3478439.1,126,2026-07-19T04:10:00+08:00,坦帕灣光芒,波士頓紅襪,坦帕灣光芒 @ 波士頓紅襪,51459564.1,374,得分最高單局(不含延長賽),252885944.1,第3局,,,5.75,4,19,,,
2026-07-18,2026-07-18T13:55:23,台灣運彩,824738,3478439.1,126,2026-07-19T04:10:00+08:00,坦帕灣光芒,波士頓紅襪,坦帕灣光芒 @ 波士頓紅襪,51459564.1,374,得分最高單局(不含延長賽),252885945.1,第4局,,,6.25,4,21,,,
2026-07-18,2026-07-18T13:55:23,台灣運彩,824738,3478439.1,126,2026-07-19T04:10:00+08:00,坦帕灣光芒,波士頓紅襪,坦帕灣光芒 @ 波士頓紅襪,51459564.1,374,得分最高單局(不含延長賽),252885946.1,第5局,,,6.25,4,21,,,
2026-07-18,2026-07-18T13:55:23,台灣運彩,824738,3478439.1,126,2026-07-19T04:10:00+08:00,坦帕灣光芒,波士頓紅襪,坦帕灣光芒 @ 波士頓紅襪,51459564.1,374,得分最高單局(不含延長賽),252885947.1,第6局,,,5.65,20,93,,,
2026-07-18,2026-07-18T13:55:23,台灣運彩,824738,3478439.1,126,2026-07-19T04:10:00+08:00,坦帕灣光芒,波士頓紅襪,坦帕灣光芒 @ 波士頓紅襪,51459564.1,374,得分最高單局(不含延長賽),252885948.1,第7局,,,5.85,20,97,,,
2026-07-18,2026-07-18T13:55:23,台灣運彩,824738,3478439.1,126,2026-07-19T04:10:00+08:00,坦帕灣光芒,波士頓紅襪,坦帕灣光芒 @ 波士頓紅襪,51459564.1,374,得分最高單局(不含延長賽),252885949.1,第8局,,,5.60,5,23,,,
2026-07-18,2026-07-18T13:55:23,台灣運彩,824738,3478439.1,126,2026-07-19T04:10:00+08:00,坦帕灣光芒,波士頓紅襪,坦帕灣光芒 @ 波士頓紅襪,51459564.1,374,得分最高單局(不含延長賽),252885950.1,第9局,,,8.00,1,7,,,
2026-07-18,2026-07-18T13:55:23,台灣運彩,824738,3478439.1,126,2026-07-19T04:10:00+08:00,坦帕灣光芒,波士頓紅襪,坦帕灣光芒 @ 波士頓紅襪,51459563.1,376,[1-5局] 不讓分,252885939.1,波士頓紅襪,H,,1.75,4,3,H,,1
2026-07-18,2026-07-18T13:55:23,台灣運彩,824738,3478439.1,126,2026-07-19T04:10:00+08:00,坦帕灣光芒,波士頓紅襪,坦帕灣光芒 @ 波士頓紅襪,51459563.1,376,[1-5局] 不讓分,252885941.1,坦帕灣光芒,A,,1.90,10,9,A,,2
2026-07-18,2026-07-18T13:55:23,台灣運彩,824738,3478439.1,126,2026-07-19T04:10:00+08:00,坦帕灣光芒,波士頓紅襪,坦帕灣光芒 @ 波士頓紅襪,51459563.1,376,[1-5局] 不讓分,252885940.1,和局,D,,5.05,20,81,D,,
2026-07-18,2026-07-18T13:55:23,台灣運彩,824738,3478439.1,126,2026-07-19T04:10:00+08:00,坦帕灣光芒,波士頓紅襪,坦帕灣光芒 @ 波士頓紅襪,51459558.1,378,[1-5局] 大小 5.5,252885929.1,大 5.5,A,5.5,1.82,50,41,A,5.5,
2026-07-18,2026-07-18T13:55:23,台灣運彩,824738,3478439.1,126,2026-07-19T04:10:00+08:00,坦帕灣光芒,波士頓紅襪,坦帕灣光芒 @ 波士頓紅襪,51459558.1,378,[1-5局] 大小 5.5,252885928.1,小 5.5,H,5.5,1.53,100,53,H,5.5,
2026-07-18,2026-07-18T13:55:23,台灣運彩,824738,3478439.1,126,2026-07-19T04:10:00+08:00,坦帕灣光芒,波士頓紅襪,坦帕灣光芒 @ 波士頓紅襪,51459561.1,379,[1-5局] 波士頓紅襪 大小 2.5,252885935.1,大 2.5,A,2.5,1.80,5,4,A,2.5,
2026-07-18,2026-07-18T13:55:23,台灣運彩,824738,3478439.1,126,2026-07-19T04:10:00+08:00,坦帕灣光芒,波士頓紅襪,坦帕灣光芒 @ 波士頓紅襪,51459561.1,379,[1-5局] 波士頓紅襪 大小 2.5,252885934.1,小 2.5,H,2.5,1.63,100,63,H,2.5,
2026-07-18,2026-07-18T13:55:23,台灣運彩,824738,3478439.1,126,2026-07-19T04:10:00+08:00,坦帕灣光芒,波士頓紅襪,坦帕灣光芒 @ 波士頓紅襪,51459559.1,380,[1-5局] 坦帕灣光芒 大小 2.5,252885931.1,大 2.5,A,2.5,1.90,10,9,A,2.5,
2026-07-18,2026-07-18T13:55:23,台灣運彩,824738,3478439.1,126,2026-07-19T04:10:00+08:00,坦帕灣光芒,波士頓紅襪,坦帕灣光芒 @ 波士頓紅襪,51459559.1,380,[1-5局] 坦帕灣光芒 大小 2.5,252885930.1,小 2.5,H,2.5,1.55,20,11,H,2.5,
2026-07-18,2026-07-18T13:55:23,台灣運彩,824738,3478439.1,126,2026-07-19T04:10:00+08:00,坦帕灣光芒,波士頓紅襪,坦帕灣光芒 @ 波士頓紅襪,51459562.1,389,[第1局] 不讓分,252885936.1,波士頓紅襪,H,,2.80,5,9,H,,1
2026-07-18,2026-07-18T13:55:23,台灣運彩,824738,3478439.1,126,2026-07-19T04:10:00+08:00,坦帕灣光芒,波士頓紅襪,坦帕灣光芒 @ 波士頓紅襪,51459562.1,389,[第1局] 不讓分,252885938.1,坦帕灣光芒,A,,3.10,10,21,A,,2
2026-07-18,2026-07-18T13:55:23,台灣運彩,824738,3478439.1,126,2026-07-19T04:10:00+08:00,坦帕灣光芒,波士頓紅襪,坦帕灣光芒 @ 波士頓紅襪,51459562.1,389,[第1局] 不讓分,252885937.1,和局,D,,1.60,5,3,D,,
2026-07-18,2026-07-18T13:55:23,台灣運彩,824738,3478439.1,126,2026-07-19T04:10:00+08:00,坦帕灣光芒,波士頓紅襪,坦帕灣光芒 @ 波士頓紅襪,51459560.1,398,[第1局] 大小 0.5,252885933.1,大 0.5,A,0.5,1.60,5,3,A,0.5,
2026-07-18,2026-07-18T13:55:23,台灣運彩,824738,3478439.1,126,2026-07-19T04:10:00+08:00,坦帕灣光芒,波士頓紅襪,坦帕灣光芒 @ 波士頓紅襪,51459560.1,398,[第1局] 大小 0.5,252885932.1,小 0.5,H,0.5,1.73,100,73,H,0.5,
2026-07-18,2026-07-18T13:55:23,台灣運彩,823763,3478440.1,127,2026-07-19T04:10:00+08:00,邁阿密馬林魚,密爾瓦基釀酒人,邁阿密馬林魚 @ 密爾瓦基釀酒人,51458999.1,354,不讓分,252884260.1,密爾瓦基釀酒人,H,,1.56,25,14,H,,1
2026-07-18,2026-07-18T13:55:23,台灣運彩,823763,3478440.1,127,2026-07-19T04:10:00+08:00,邁阿密馬林魚,密爾瓦基釀酒人,邁阿密馬林魚 @ 密爾瓦基釀酒人,51458999.1,354,不讓分,252884261.1,邁阿密馬林魚,A,,1.94,50,47,A,,2
2026-07-18,2026-07-18T13:55:23,台灣運彩,823763,3478440.1,127,2026-07-19T04:10:00+08:00,邁阿密馬林魚,密爾瓦基釀酒人,邁阿密馬林魚 @ 密爾瓦基釀酒人,51459004.1,358,讓分 -1.5,252884270.1,密爾瓦基釀酒人 -1.5,H,-1.5,2.07,100,107,H,-1.5,1
2026-07-18,2026-07-18T13:55:23,台灣運彩,823763,3478440.1,127,2026-07-19T04:10:00+08:00,邁阿密馬林魚,密爾瓦基釀酒人,邁阿密馬林魚 @ 密爾瓦基釀酒人,51459004.1,358,讓分 -1.5,252884271.1,邁阿密馬林魚 +1.5,A,-1.5,1.46,50,23,A,-1.5,2
2026-07-18,2026-07-18T13:55:23,台灣運彩,823763,3478440.1,127,2026-07-19T04:10:00+08:00,邁阿密馬林魚,密爾瓦基釀酒人,邁阿密馬林魚 @ 密爾瓦基釀酒人,51459006.1,358,讓分 -2.5,252884274.1,密爾瓦基釀酒人 -2.5,H,-2.5,2.60,5,8,H,-2.5,1
2026-07-18,2026-07-18T13:55:23,台灣運彩,823763,3478440.1,127,2026-07-19T04:10:00+08:00,邁阿密馬林魚,密爾瓦基釀酒人,邁阿密馬林魚 @ 密爾瓦基釀酒人,51459006.1,358,讓分 -2.5,252884275.1,邁阿密馬林魚 +2.5,A,-2.5,1.30,10,3,A,-2.5,2
2026-07-18,2026-07-18T13:55:23,台灣運彩,823763,3478440.1,127,2026-07-19T04:10:00+08:00,邁阿密馬林魚,密爾瓦基釀酒人,邁阿密馬林魚 @ 密爾瓦基釀酒人,51459001.1,360,[總分]大小 8.5,252884265.1,大 8.5,A,8.5,1.87,100,87,A,8.5,
2026-07-18,2026-07-18T13:55:23,台灣運彩,823763,3478440.1,127,2026-07-19T04:10:00+08:00,邁阿密馬林魚,密爾瓦基釀酒人,邁阿密馬林魚 @ 密爾瓦基釀酒人,51459001.1,360,[總分]大小 8.5,252884264.1,小 8.5,H,8.5,1.63,100,63,H,8.5,
2026-07-18,2026-07-18T13:55:23,台灣運彩,823763,3478440.1,127,2026-07-19T04:10:00+08:00,邁阿密馬林魚,密爾瓦基釀酒人,邁阿密馬林魚 @ 密爾瓦基釀酒人,51459002.1,360,[總分]大小 7.5,252884267.1,大 7.5,A,7.5,1.63,100,63,A,7.5,
2026-07-18,2026-07-18T13:55:23,台灣運彩,823763,3478440.1,127,2026-07-19T04:10:00+08:00,邁阿密馬林魚,密爾瓦基釀酒人,邁阿密馬林魚 @ 密爾瓦基釀酒人,51459002.1,360,[總分]大小 7.5,252884266.1,小 7.5,H,7.5,1.87,100,87,H,7.5,
2026-07-18,2026-07-18T13:55:23,台灣運彩,823763,3478440.1,127,2026-07-19T04:10:00+08:00,邁阿密馬林魚,密爾瓦基釀酒人,邁阿密馬林魚 @ 密爾瓦基釀酒人,51459574.1,360,[總分]大小 9.5,252885981.1,大 9.5,A,9.5,2.30,10,13,A,9.5,
2026-07-18,2026-07-18T13:55:23,台灣運彩,823763,3478440.1,127,2026-07-19T04:10:00+08:00,邁阿密馬林魚,密爾瓦基釀酒人,邁阿密馬林魚 @ 密爾瓦基釀酒人,51459574.1,360,[總分]大小 9.5,252885980.1,小 9.5,H,9.5,1.40,5,2,H,9.5,
2026-07-18,2026-07-18T13:55:23,台灣運彩,823763,3478440.1,127,2026-07-19T04:10:00+08:00,邁阿密馬林魚,密爾瓦基釀酒人,邁阿密馬林魚 @ 密爾瓦基釀酒人,51459674.1,374,得分最高單局(不含延長賽),252886343.1,一樣多,,,2.25,4,5,,,
2026-07-18,2026-07-18T13:55:23,台灣運彩,823763,3478440.1,127,2026-07-19T04:10:00+08:00,邁阿密馬林魚,密爾瓦基釀酒人,邁阿密馬林魚 @ 密爾瓦基釀酒人,51459674.1,374,得分最高單局(不含延長賽),252886334.1,第1局,,,5.55,20,91,,,
2026-07-18,2026-07-18T13:55:23,台灣運彩,823763,3478440.1,127,2026-07-19T04:10:00+08:00,邁阿密馬林魚,密爾瓦基釀酒人,邁阿密馬林魚 @ 密爾瓦基釀酒人,51459674.1,374,得分最高單局(不含延長賽),252886335.1,第2局,,,6.25,4,21,,,
2026-07-18,2026-07-18T13:55:23,台灣運彩,823763,3478440.1,127,2026-07-19T04:10:00+08:00,邁阿密馬林魚,密爾瓦基釀酒人,邁阿密馬林魚 @ 密爾瓦基釀酒人,51459674.1,374,得分最高單局(不含延長賽),252886336.1,第3局,,,5.80,5,24,,,
2026-07-18,2026-07-18T13:55:23,台灣運彩,823763,3478440.1,127,2026-07-19T04:10:00+08:00,邁阿密馬林魚,密爾瓦基釀酒人,邁阿密馬林魚 @ 密爾瓦基釀酒人,51459674.1,374,得分最高單局(不含延長賽),252886337.1,第4局,,,6.25,4,21,,,
2026-07-18,2026-07-18T13:55:23,台灣運彩,823763,3478440.1,127,2026-07-19T04:10:00+08:00,邁阿密馬林魚,密爾瓦基釀酒人,邁阿密馬林魚 @ 密爾瓦基釀酒人,51459674.1,374,得分最高單局(不含延長賽),252886338.1,第5局,,,5.95,20,99,,,
2026-07-18,2026-07-18T13:55:23,台灣運彩,823763,3478440.1,127,2026-07-19T04:10:00+08:00,邁阿密馬林魚,密爾瓦基釀酒人,邁阿密馬林魚 @ 密爾瓦基釀酒人,51459674.1,374,得分最高單局(不含延長賽),252886339.1,第6局,,,5.90,10,49,,,
2026-07-18,2026-07-18T13:55:23,台灣運彩,823763,3478440.1,127,2026-07-19T04:10:00+08:00,邁阿密馬林魚,密爾瓦基釀酒人,邁阿密馬林魚 @ 密爾瓦基釀酒人,51459674.1,374,得分最高單局(不含延長賽),252886340.1,第7局,,,6.00,1,5,,,
2026-07-18,2026-07-18T13:55:23,台灣運彩,823763,3478440.1,127,2026-07-19T04:10:00+08:00,邁阿密馬林魚,密爾瓦基釀酒人,邁阿密馬林魚 @ 密爾瓦基釀酒人,51459674.1,374,得分最高單局(不含延長賽),252886341.1,第8局,,,5.75,4,19,,,
2026-07-18,2026-07-18T13:55:23,台灣運彩,823763,3478440.1,127,2026-07-19T04:10:00+08:00,邁阿密馬林魚,密爾瓦基釀酒人,邁阿密馬林魚 @ 密爾瓦基釀酒人,51459674.1,374,得分最高單局(不含延長賽),252886342.1,第9局,,,8.00,1,7,,,
2026-07-18,2026-07-18T13:55:23,台灣運彩,823763,3478440.1,127,2026-07-19T04:10:00+08:00,邁阿密馬林魚,密爾瓦基釀酒人,邁阿密馬林魚 @ 密爾瓦基釀酒人,51459669.1,376,[1-5局] 不讓分,252886322.1,密爾瓦基釀酒人,H,,1.70,10,7,H,,1
2026-07-18,2026-07-18T13:55:23,台灣運彩,823763,3478440.1,127,2026-07-19T04:10:00+08:00,邁阿密馬林魚,密爾瓦基釀酒人,邁阿密馬林魚 @ 密爾瓦基釀酒人,51459669.1,376,[1-5局] 不讓分,252886324.1,邁阿密馬林魚,A,,2.05,20,21,A,,2
2026-07-18,2026-07-18T13:55:23,台灣運彩,823763,3478440.1,127,2026-07-19T04:10:00+08:00,邁阿密馬林魚,密爾瓦基釀酒人,邁阿密馬林魚 @ 密爾瓦基釀酒人,51459669.1,376,[1-5局] 不讓分,252886323.1,和局,D,,4.55,20,71,D,,
2026-07-18,2026-07-18T13:55:23,台灣運彩,823763,3478440.1,127,2026-07-19T04:10:00+08:00,邁阿密馬林魚,密爾瓦基釀酒人,邁阿密馬林魚 @ 密爾瓦基釀酒人,51459668.1,378,[1-5局] 大小 4.5,252886321.1,大 4.5,A,4.5,1.75,4,3,A,4.5,
2026-07-18,2026-07-18T13:55:23,台灣運彩,823763,3478440.1,127,2026-07-19T04:10:00+08:00,邁阿密馬林魚,密爾瓦基釀酒人,邁阿密馬林魚 @ 密爾瓦基釀酒人,51459668.1,378,[1-5局] 大小 4.5,252886320.1,小 4.5,H,4.5,1.58,50,29,H,4.5,
2026-07-18,2026-07-18T13:55:23,台灣運彩,823763,3478440.1,127,2026-07-19T04:10:00+08:00,邁阿密馬林魚,密爾瓦基釀酒人,邁阿密馬林魚 @ 密爾瓦基釀酒人,51459929.1,379,[1-5局] 密爾瓦基釀酒人 大小 2.5,252887039.1,大 2.5,A,2.5,1.96,25,24,A,2.5,
2026-07-18,2026-07-18T13:55:23,台灣運彩,823763,3478440.1,127,2026-07-19T04:10:00+08:00,邁阿密馬林魚,密爾瓦基釀酒人,邁阿密馬林魚 @ 密爾瓦基釀酒人,51459929.1,379,[1-5局] 密爾瓦基釀酒人 大小 2.5,252887038.1,小 2.5,H,2.5,1.50,2,1,H,2.5,
2026-07-18,2026-07-18T13:55:23,台灣運彩,823763,3478440.1,127,2026-07-19T04:10:00+08:00,邁阿密馬林魚,密爾瓦基釀酒人,邁阿密馬林魚 @ 密爾瓦基釀酒人,51459673.1,380,[1-5局] 邁阿密馬林魚 大小 1.5,252886333.1,大 1.5,A,1.5,1.63,100,63,A,1.5,
2026-07-18,2026-07-18T13:55:23,台灣運彩,823763,3478440.1,127,2026-07-19T04:10:00+08:00,邁阿密馬林魚,密爾瓦基釀酒人,邁阿密馬林魚 @ 密爾瓦基釀酒人,51459673.1,380,[1-5局] 邁阿密馬林魚 大小 1.5,252886332.1,小 1.5,H,1.5,1.80,5,4,H,1.5,
2026-07-18,2026-07-18T13:55:23,台灣運彩,823763,3478440.1,127,2026-07-19T04:10:00+08:00,邁阿密馬林魚,密爾瓦基釀酒人,邁阿密馬林魚 @ 密爾瓦基釀酒人,51459672.1,389,[第1局] 不讓分,252886329.1,密爾瓦基釀酒人,H,,2.95,20,39,H,,1
2026-07-18,2026-07-18T13:55:23,台灣運彩,823763,3478440.1,127,2026-07-19T04:10:00+08:00,邁阿密馬林魚,密爾瓦基釀酒人,邁阿密馬林魚 @ 密爾瓦基釀酒人,51459672.1,389,[第1局] 不讓分,252886331.1,邁阿密馬林魚,A,,3.45,20,49,A,,2
2026-07-18,2026-07-18T13:55:23,台灣運彩,823763,3478440.1,127,2026-07-19T04:10:00+08:00,邁阿密馬林魚,密爾瓦基釀酒人,邁阿密馬林魚 @ 密爾瓦基釀酒人,51459672.1,389,[第1局] 不讓分,252886330.1,和局,D,,1.50,2,1,D,,
2026-07-18,2026-07-18T13:55:23,台灣運彩,823763,3478440.1,127,2026-07-19T04:10:00+08:00,邁阿密馬林魚,密爾瓦基釀酒人,邁阿密馬林魚 @ 密爾瓦基釀酒人,51459670.1,398,[第1局] 大小 0.5,252886326.1,大 0.5,A,0.5,1.73,100,73,A,0.5,
2026-07-18,2026-07-18T13:55:23,台灣運彩,823763,3478440.1,127,2026-07-19T04:10:00+08:00,邁阿密馬林魚,密爾瓦基釀酒人,邁阿密馬林魚 @ 密爾瓦基釀酒人,51459670.1,398,[第1局] 大小 0.5,252886325.1,小 0.5,H,0.5,1.60,5,3,H,0.5,
2026-07-18,2026-07-18T13:55:23,台灣運彩,824169,3478441.1,128,2026-07-19T04:10:00+08:00,巴爾的摩金鶯,休士頓太空人,巴爾的摩金鶯 @ 休士頓太空人,51459009.1,354,不讓分,252884284.1,休士頓太空人,H,,1.70,10,7,H,,1
2026-07-18,2026-07-18T13:55:23,台灣運彩,824169,3478441.1,128,2026-07-19T04:10:00+08:00,巴爾的摩金鶯,休士頓太空人,巴爾的摩金鶯 @ 休士頓太空人,51459009.1,354,不讓分,252884285.1,巴爾的摩金鶯,A,,1.80,5,4,A,,2
2026-07-18,2026-07-18T13:55:23,台灣運彩,824169,3478441.1,128,2026-07-19T04:10:00+08:00,巴爾的摩金鶯,休士頓太空人,巴爾的摩金鶯 @ 休士頓太空人,51459019.1,357,勝分差,252884304.1,休士頓太空人 1 分,H,,4.10,10,31,H,,
2026-07-18,2026-07-18T13:55:23,台灣運彩,824169,3478441.1,128,2026-07-19T04:10:00+08:00,巴爾的摩金鶯,休士頓太空人,巴爾的摩金鶯 @ 休士頓太空人,51459019.1,357,勝分差,252884305.1,休士頓太空人 2 分,H,,7.25,4,25,H,,
2026-07-18,2026-07-18T13:55:23,台灣運彩,824169,3478441.1,128,2026-07-19T04:10:00+08:00,巴爾的摩金鶯,休士頓太空人,巴爾的摩金鶯 @ 休士頓太空人,51459019.1,357,勝分差,252884306.1,休士頓太空人 > 2分,H,,2.85,20,37,H,,
2026-07-18,2026-07-18T13:55:23,台灣運彩,824169,3478441.1,128,2026-07-19T04:10:00+08:00,巴爾的摩金鶯,休士頓太空人,巴爾的摩金鶯 @ 休士頓太空人,51459019.1,357,勝分差,252884307.1,巴爾的摩金鶯 1 分,A,,5.65,20,93,A,,
2026-07-18,2026-07-18T13:55:23,台灣運彩,824169,3478441.1,128,2026-07-19T04:10:00+08:00,巴爾的摩金鶯,休士頓太空人,巴爾的摩金鶯 @ 休士頓太空人,51459019.1,357,勝分差,252884308.1,巴爾的摩金鶯 2 分,A,,7.00,1,6,A,,
2026-07-18,2026-07-18T13:55:23,台灣運彩,824169,3478441.1,128,2026-07-19T04:10:00+08:00,巴爾的摩金鶯,休士頓太空人,巴爾的摩金鶯 @ 休士頓太空人,51459019.1,357,勝分差,252884309.1,巴爾的摩金鶯 > 2分,A,,2.50,2,3,A,,
2026-07-18,2026-07-18T13:55:23,台灣運彩,824169,3478441.1,128,2026-07-19T04:10:00+08:00,巴爾的摩金鶯,休士頓太空人,巴爾的摩金鶯 @ 休士頓太空人,51459013.1,358,讓分 1.5,252884292.1,休士頓太空人 +1.5,H,1.5,1.42,50,21,H,1.5,1
2026-07-18,2026-07-18T13:55:23,台灣運彩,824169,3478441.1,128,2026-07-19T04:10:00+08:00,巴爾的摩金鶯,休士頓太空人,巴爾的摩金鶯 @ 休士頓太空人,51459013.1,358,讓分 1.5,252884293.1,巴爾的摩金鶯 -1.5,A,1.5,2.20,5,6,A,1.5,2
2026-07-18,2026-07-18T13:55:23,台灣運彩,824169,3478441.1,128,2026-07-19T04:10:00+08:00,巴爾的摩金鶯,休士頓太空人,巴爾的摩金鶯 @ 休士頓太空人,51459578.1,358,讓分 2.5,252885989.1,休士頓太空人 +2.5,H,2.5,1.26,50,13,H,2.5,1
2026-07-18,2026-07-18T13:55:23,台灣運彩,824169,3478441.1,128,2026-07-19T04:10:00+08:00,巴爾的摩金鶯,休士頓太空人,巴爾的摩金鶯 @ 休士頓太空人,51459578.1,358,讓分 2.5,252885990.1,巴爾的摩金鶯 -2.5,A,2.5,2.75,4,7,A,2.5,2
2026-07-18,2026-07-18T13:55:23,台灣運彩,824169,3478441.1,128,2026-07-19T04:10:00+08:00,巴爾的摩金鶯,休士頓太空人,巴爾的摩金鶯 @ 休士頓太空人,51459014.1,360,[總分]大小 7.5,252884295.1,大 7.5,A,7.5,1.46,50,23,A,7.5,
2026-07-18,2026-07-18T13:55:23,台灣運彩,824169,3478441.1,128,2026-07-19T04:10:00+08:00,巴爾的摩金鶯,休士頓太空人,巴爾的摩金鶯 @ 休士頓太空人,51459014.1,360,[總分]大小 7.5,252884294.1,小 7.5,H,7.5,2.07,100,107,H,7.5,
2026-07-18,2026-07-18T13:55:23,台灣運彩,824169,3478441.1,128,2026-07-19T04:10:00+08:00,巴爾的摩金鶯,休士頓太空人,巴爾的摩金鶯 @ 休士頓太空人,51459017.1,360,[總分]大小 8.5,252884301.1,大 8.5,A,8.5,1.68,25,17,A,8.5,
2026-07-18,2026-07-18T13:55:23,台灣運彩,824169,3478441.1,128,2026-07-19T04:10:00+08:00,巴爾的摩金鶯,休士頓太空人,巴爾的摩金鶯 @ 休士頓太空人,51459017.1,360,[總分]大小 8.5,252884300.1,小 8.5,H,8.5,1.82,50,41,H,8.5,
2026-07-18,2026-07-18T13:55:23,台灣運彩,824169,3478441.1,128,2026-07-19T04:10:00+08:00,巴爾的摩金鶯,休士頓太空人,巴爾的摩金鶯 @ 休士頓太空人,51459018.1,360,[總分]大小 9.5,252884303.1,大 9.5,A,9.5,1.98,50,49,A,9.5,
2026-07-18,2026-07-18T13:55:23,台灣運彩,824169,3478441.1,128,2026-07-19T04:10:00+08:00,巴爾的摩金鶯,休士頓太空人,巴爾的摩金鶯 @ 休士頓太空人,51459018.1,360,[總分]大小 9.5,252884302.1,小 9.5,H,9.5,1.52,25,13,H,9.5,
2026-07-18,2026-07-18T13:55:23,台灣運彩,824169,3478441.1,128,2026-07-19T04:10:00+08:00,巴爾的摩金鶯,休士頓太空人,巴爾的摩金鶯 @ 休士頓太空人,51459905.1,362,休士頓太空人 大小 4.5,252886972.1,大 4.5,A,4.5,1.90,10,9,A,4.5,
2026-07-18,2026-07-18T13:55:23,台灣運彩,824169,3478441.1,128,2026-07-19T04:10:00+08:00,巴爾的摩金鶯,休士頓太空人,巴爾的摩金鶯 @ 休士頓太空人,51459905.1,362,休士頓太空人 大小 4.5,252886971.1,小 4.5,H,4.5,1.55,20,11,H,4.5,
2026-07-18,2026-07-18T13:55:23,台灣運彩,824169,3478441.1,128,2026-07-19T04:10:00+08:00,巴爾的摩金鶯,休士頓太空人,巴爾的摩金鶯 @ 休士頓太空人,51459576.1,363,巴爾的摩金鶯 大小 4.5,252885985.1,大 4.5,A,4.5,1.82,50,41,A,4.5,
2026-07-18,2026-07-18T13:55:23,台灣運彩,824169,3478441.1,128,2026-07-19T04:10:00+08:00,巴爾的摩金鶯,休士頓太空人,巴爾的摩金鶯 @ 休士頓太空人,51459576.1,363,巴爾的摩金鶯 大小 4.5,252885984.1,小 4.5,H,4.5,1.62,50,31,H,4.5,
2026-07-18,2026-07-18T13:55:23,台灣運彩,824169,3478441.1,128,2026-07-19T04:10:00+08:00,巴爾的摩金鶯,休士頓太空人,巴爾的摩金鶯 @ 休士頓太空人,51459010.1,366,[總分]單雙,252884287.1,單,,,1.50,2,1,,,
2026-07-18,2026-07-18T13:55:23,台灣運彩,824169,3478441.1,128,2026-07-19T04:10:00+08:00,巴爾的摩金鶯,休士頓太空人,巴爾的摩金鶯 @ 休士頓太空人,51459010.1,366,[總分]單雙,252884286.1,雙,,,1.96,25,24,,,
2026-07-18,2026-07-18T13:55:23,台灣運彩,824169,3478441.1,128,2026-07-19T04:10:00+08:00,巴爾的摩金鶯,休士頓太空人,巴爾的摩金鶯 @ 休士頓太空人,51459583.1,374,得分最高單局(不含延長賽),252886009.1,一樣多,,,2.25,4,5,,,
2026-07-18,2026-07-18T13:55:23,台灣運彩,824169,3478441.1,128,2026-07-19T04:10:00+08:00,巴爾的摩金鶯,休士頓太空人,巴爾的摩金鶯 @ 休士頓太空人,51459583.1,374,得分最高單局(不含延長賽),252886000.1,第1局,,,5.40,5,22,,,
2026-07-18,2026-07-18T13:55:23,台灣運彩,824169,3478441.1,128,2026-07-19T04:10:00+08:00,巴爾的摩金鶯,休士頓太空人,巴爾的摩金鶯 @ 休士頓太空人,51459583.1,374,得分最高單局(不含延長賽),252886001.1,第2局,,,6.50,2,11,,,
2026-07-18,2026-07-18T13:55:23,台灣運彩,824169,3478441.1,128,2026-07-19T04:10:00+08:00,巴爾的摩金鶯,休士頓太空人,巴爾的摩金鶯 @ 休士頓太空人,51459583.1,374,得分最高單局(不含延長賽),252886002.1,第3局,,,5.65,20,93,,,
2026-07-18,2026-07-18T13:55:23,台灣運彩,824169,3478441.1,128,2026-07-19T04:10:00+08:00,巴爾的摩金鶯,休士頓太空人,巴爾的摩金鶯 @ 休士頓太空人,51459583.1,374,得分最高單局(不含延長賽),252886003.1,第4局,,,6.25,4,21,,,
2026-07-18,2026-07-18T13:55:23,台灣運彩,824169,3478441.1,128,2026-07-19T04:10:00+08:00,巴爾的摩金鶯,休士頓太空人,巴爾的摩金鶯 @ 休士頓太空人,51459583.1,374,得分最高單局(不含延長賽),252886004.1,第5局,,,6.00,1,5,,,
2026-07-18,2026-07-18T13:55:23,台灣運彩,824169,3478441.1,128,2026-07-19T04:10:00+08:00,巴爾的摩金鶯,休士頓太空人,巴爾的摩金鶯 @ 休士頓太空人,51459583.1,374,得分最高單局(不含延長賽),252886005.1,第6局,,,5.95,20,99,,,
2026-07-18,2026-07-18T13:55:23,台灣運彩,824169,3478441.1,128,2026-07-19T04:10:00+08:00,巴爾的摩金鶯,休士頓太空人,巴爾的摩金鶯 @ 休士頓太空人,51459583.1,374,得分最高單局(不含延長賽),252886006.1,第7局,,,6.00,1,5,,,
2026-07-18,2026-07-18T13:55:23,台灣運彩,824169,3478441.1,128,2026-07-19T04:10:00+08:00,巴爾的摩金鶯,休士頓太空人,巴爾的摩金鶯 @ 休士頓太空人,51459583.1,374,得分最高單局(不含延長賽),252886007.1,第8局,,,5.90,10,49,,,
2026-07-18,2026-07-18T13:55:23,台灣運彩,824169,3478441.1,128,2026-07-19T04:10:00+08:00,巴爾的摩金鶯,休士頓太空人,巴爾的摩金鶯 @ 休士頓太空人,51459583.1,374,得分最高單局(不含延長賽),252886008.1,第9局,,,8.00,1,7,,,
2026-07-18,2026-07-18T13:55:23,台灣運彩,824169,3478441.1,128,2026-07-19T04:10:00+08:00,巴爾的摩金鶯,休士頓太空人,巴爾的摩金鶯 @ 休士頓太空人,51459581.1,376,[1-5局] 不讓分,252885995.1,休士頓太空人,H,,1.85,20,17,H,,1
2026-07-18,2026-07-18T13:55:23,台灣運彩,824169,3478441.1,128,2026-07-19T04:10:00+08:00,巴爾的摩金鶯,休士頓太空人,巴爾的摩金鶯 @ 休士頓太空人,51459581.1,376,[1-5局] 不讓分,252885997.1,巴爾的摩金鶯,A,,1.85,20,17,A,,2
2026-07-18,2026-07-18T13:55:23,台灣運彩,824169,3478441.1,128,2026-07-19T04:10:00+08:00,巴爾的摩金鶯,休士頓太空人,巴爾的摩金鶯 @ 休士頓太空人,51459581.1,376,[1-5局] 不讓分,252885996.1,和局,D,,4.75,4,15,D,,
2026-07-18,2026-07-18T13:55:23,台灣運彩,824169,3478441.1,128,2026-07-19T04:10:00+08:00,巴爾的摩金鶯,休士頓太空人,巴爾的摩金鶯 @ 休士頓太空人,51459579.1,378,[1-5局] 大小 4.5,252885992.1,大 4.5,A,4.5,1.63,100,63,A,4.5,
2026-07-18,2026-07-18T13:55:23,台灣運彩,824169,3478441.1,128,2026-07-19T04:10:00+08:00,巴爾的摩金鶯,休士頓太空人,巴爾的摩金鶯 @ 休士頓太空人,51459579.1,378,[1-5局] 大小 4.5,252885991.1,小 4.5,H,4.5,1.70,10,7,H,4.5,
2026-07-18,2026-07-18T13:55:23,台灣運彩,824169,3478441.1,128,2026-07-19T04:10:00+08:00,巴爾的摩金鶯,休士頓太空人,巴爾的摩金鶯 @ 休士頓太空人,51459575.1,379,[1-5局] 休士頓太空人 大小 2.5,252885983.1,大 2.5,A,2.5,1.96,25,24,A,2.5,
2026-07-18,2026-07-18T13:55:23,台灣運彩,824169,3478441.1,128,2026-07-19T04:10:00+08:00,巴爾的摩金鶯,休士頓太空人,巴爾的摩金鶯 @ 休士頓太空人,51459575.1,379,[1-5局] 休士頓太空人 大小 2.5,252885982.1,小 2.5,H,2.5,1.50,2,1,H,2.5,
2026-07-18,2026-07-18T13:55:23,台灣運彩,824169,3478441.1,128,2026-07-19T04:10:00+08:00,巴爾的摩金鶯,休士頓太空人,巴爾的摩金鶯 @ 休士頓太空人,51459580.1,380,[1-5局] 巴爾的摩金鶯 大小 2.5,252885994.1,大 2.5,A,2.5,1.96,25,24,A,2.5,
2026-07-18,2026-07-18T13:55:23,台灣運彩,824169,3478441.1,128,2026-07-19T04:10:00+08:00,巴爾的摩金鶯,休士頓太空人,巴爾的摩金鶯 @ 休士頓太空人,51459580.1,380,[1-5局] 巴爾的摩金鶯 大小 2.5,252885993.1,小 2.5,H,2.5,1.50,2,1,H,2.5,
2026-07-18,2026-07-18T13:55:23,台灣運彩,824169,3478441.1,128,2026-07-19T04:10:00+08:00,巴爾的摩金鶯,休士頓太空人,巴爾的摩金鶯 @ 休士頓太空人,51459577.1,389,[第1局] 不讓分,252885986.1,休士頓太空人,H,,3.00,1,2,H,,1
2026-07-18,2026-07-18T13:55:23,台灣運彩,824169,3478441.1,128,2026-07-19T04:10:00+08:00,巴爾的摩金鶯,休士頓太空人,巴爾的摩金鶯 @ 休士頓太空人,51459577.1,389,[第1局] 不讓分,252885988.1,巴爾的摩金鶯,A,,3.10,10,21,A,,2
2026-07-18,2026-07-18T13:55:23,台灣運彩,824169,3478441.1,128,2026-07-19T04:10:00+08:00,巴爾的摩金鶯,休士頓太空人,巴爾的摩金鶯 @ 休士頓太空人,51459577.1,389,[第1局] 不讓分,252885987.1,和局,D,,1.55,20,11,D,,
2026-07-18,2026-07-18T13:55:23,台灣運彩,824169,3478441.1,128,2026-07-19T04:10:00+08:00,巴爾的摩金鶯,休士頓太空人,巴爾的摩金鶯 @ 休士頓太空人,51459582.1,398,[第1局] 大小 0.5,252885999.1,大 0.5,A,0.5,1.66,50,33,A,0.5,
2026-07-18,2026-07-18T13:55:23,台灣運彩,824169,3478441.1,128,2026-07-19T04:10:00+08:00,巴爾的摩金鶯,休士頓太空人,巴爾的摩金鶯 @ 休士頓太空人,51459582.1,398,[第1局] 大小 0.5,252885998.1,小 0.5,H,0.5,1.66,50,33,H,0.5,
2026-07-18,2026-07-18T13:55:23,台灣運彩,824899,3478442.1,130,2026-07-19T04:10:00+08:00,德州遊騎兵,亞特蘭大勇士,德州遊騎兵 @ 亞特蘭大勇士,51459020.1,354,不讓分,252884310.1,亞特蘭大勇士,H,,1.66,50,33,H,,1
2026-07-18,2026-07-18T13:55:23,台灣運彩,824899,3478442.1,130,2026-07-19T04:10:00+08:00,德州遊騎兵,亞特蘭大勇士,德州遊騎兵 @ 亞特蘭大勇士,51459020.1,354,不讓分,252884311.1,德州遊騎兵,A,,1.84,25,21,A,,2
2026-07-18,2026-07-18T13:55:23,台灣運彩,824899,3478442.1,130,2026-07-19T04:10:00+08:00,德州遊騎兵,亞特蘭大勇士,德州遊騎兵 @ 亞特蘭大勇士,51459030.1,357,勝分差,252884330.1,亞特蘭大勇士 1 分,H,,4.25,4,13,H,,
2026-07-18,2026-07-18T13:55:23,台灣運彩,824899,3478442.1,130,2026-07-19T04:10:00+08:00,德州遊騎兵,亞特蘭大勇士,德州遊騎兵 @ 亞特蘭大勇士,51459030.1,357,勝分差,252884331.1,亞特蘭大勇士 2 分,H,,7.50,2,13,H,,
2026-07-18,2026-07-18T13:55:23,台灣運彩,824899,3478442.1,130,2026-07-19T04:10:00+08:00,德州遊騎兵,亞特蘭大勇士,德州遊騎兵 @ 亞特蘭大勇士,51459030.1,357,勝分差,252884332.1,亞特蘭大勇士 > 2分,H,,2.65,20,33,H,,
2026-07-18,2026-07-18T13:55:23,台灣運彩,824899,3478442.1,130,2026-07-19T04:10:00+08:00,德州遊騎兵,亞特蘭大勇士,德州遊騎兵 @ 亞特蘭大勇士,51459030.1,357,勝分差,252884333.1,德州遊騎兵 1 分,A,,5.65,20,93,A,,
2026-07-18,2026-07-18T13:55:23,台灣運彩,824899,3478442.1,130,2026-07-19T04:10:00+08:00,德州遊騎兵,亞特蘭大勇士,德州遊騎兵 @ 亞特蘭大勇士,51459030.1,357,勝分差,252884334.1,德州遊騎兵 2 分,A,,7.50,2,13,A,,
2026-07-18,2026-07-18T13:55:23,台灣運彩,824899,3478442.1,130,2026-07-19T04:10:00+08:00,德州遊騎兵,亞特蘭大勇士,德州遊騎兵 @ 亞特蘭大勇士,51459030.1,357,勝分差,252884335.1,德州遊騎兵 > 2分,A,,2.50,2,3,A,,
2026-07-18,2026-07-18T13:55:23,台灣運彩,824899,3478442.1,130,2026-07-19T04:10:00+08:00,德州遊騎兵,亞特蘭大勇士,德州遊騎兵 @ 亞特蘭大勇士,51459022.1,358,讓分 -2.5,252884314.1,亞特蘭大勇士 -2.5,H,-2.5,2.75,4,7,H,-2.5,1
2026-07-18,2026-07-18T13:55:23,台灣運彩,824899,3478442.1,130,2026-07-19T04:10:00+08:00,德州遊騎兵,亞特蘭大勇士,德州遊騎兵 @ 亞特蘭大勇士,51459022.1,358,讓分 -2.5,252884315.1,德州遊騎兵 +2.5,A,-2.5,1.26,50,13,A,-2.5,2
2026-07-18,2026-07-18T13:55:23,台灣運彩,824899,3478442.1,130,2026-07-19T04:10:00+08:00,德州遊騎兵,亞特蘭大勇士,德州遊騎兵 @ 亞特蘭大勇士,51459028.1,358,讓分 -1.5,252884326.1,亞特蘭大勇士 -1.5,H,-1.5,2.20,5,6,H,-1.5,1
2026-07-18,2026-07-18T13:55:23,台灣運彩,824899,3478442.1,130,2026-07-19T04:10:00+08:00,德州遊騎兵,亞特蘭大勇士,德州遊騎兵 @ 亞特蘭大勇士,51459028.1,358,讓分 -1.5,252884327.1,德州遊騎兵 +1.5,A,-1.5,1.42,50,21,A,-1.5,2
2026-07-18,2026-07-18T13:55:23,台灣運彩,824899,3478442.1,130,2026-07-19T04:10:00+08:00,德州遊騎兵,亞特蘭大勇士,德州遊騎兵 @ 亞特蘭大勇士,51459029.1,358,讓分 1.5,252884328.1,亞特蘭大勇士 +1.5,H,1.5,1.40,5,2,H,1.5,1
2026-07-18,2026-07-18T13:55:23,台灣運彩,824899,3478442.1,130,2026-07-19T04:10:00+08:00,德州遊騎兵,亞特蘭大勇士,德州遊騎兵 @ 亞特蘭大勇士,51459029.1,358,讓分 1.5,252884329.1,德州遊騎兵 -1.5,A,1.5,2.30,10,13,A,1.5,2
2026-07-18,2026-07-18T13:55:23,台灣運彩,824899,3478442.1,130,2026-07-19T04:10:00+08:00,德州遊騎兵,亞特蘭大勇士,德州遊騎兵 @ 亞特蘭大勇士,51459024.1,360,[總分]大小 8.5,252884319.1,大 8.5,A,8.5,1.58,50,29,A,8.5,
2026-07-18,2026-07-18T13:55:23,台灣運彩,824899,3478442.1,130,2026-07-19T04:10:00+08:00,德州遊騎兵,亞特蘭大勇士,德州遊騎兵 @ 亞特蘭大勇士,51459024.1,360,[總分]大小 8.5,252884318.1,小 8.5,H,8.5,1.92,25,23,H,8.5,
2026-07-18,2026-07-18T13:55:23,台灣運彩,824899,3478442.1,130,2026-07-19T04:10:00+08:00,德州遊騎兵,亞特蘭大勇士,德州遊騎兵 @ 亞特蘭大勇士,51459025.1,360,[總分]大小 9.5,252884321.1,大 9.5,A,9.5,1.90,10,9,A,9.5,
2026-07-18,2026-07-18T13:55:23,台灣運彩,824899,3478442.1,130,2026-07-19T04:10:00+08:00,德州遊騎兵,亞特蘭大勇士,德州遊騎兵 @ 亞特蘭大勇士,51459025.1,360,[總分]大小 9.5,252884320.1,小 9.5,H,9.5,1.60,5,3,H,9.5,
2026-07-18,2026-07-18T13:55:23,台灣運彩,824899,3478442.1,130,2026-07-19T04:10:00+08:00,德州遊騎兵,亞特蘭大勇士,德州遊騎兵 @ 亞特蘭大勇士,51459027.1,360,[總分]大小 10.5,252884325.1,大 10.5,A,10.5,2.15,20,23,A,10.5,
2026-07-18,2026-07-18T13:55:23,台灣運彩,824899,3478442.1,130,2026-07-19T04:10:00+08:00,德州遊騎兵,亞特蘭大勇士,德州遊騎兵 @ 亞特蘭大勇士,51459027.1,360,[總分]大小 10.5,252884324.1,小 10.5,H,10.5,1.43,100,43,H,10.5,
2026-07-18,2026-07-18T13:55:23,台灣運彩,824899,3478442.1,130,2026-07-19T04:10:00+08:00,德州遊騎兵,亞特蘭大勇士,德州遊騎兵 @ 亞特蘭大勇士,51459023.1,362,亞特蘭大勇士 大小 4.5,252884317.1,大 4.5,A,4.5,1.80,5,4,A,4.5,
2026-07-18,2026-07-18T13:55:23,台灣運彩,824899,3478442.1,130,2026-07-19T04:10:00+08:00,德州遊騎兵,亞特蘭大勇士,德州遊騎兵 @ 亞特蘭大勇士,51459023.1,362,亞特蘭大勇士 大小 4.5,252884316.1,小 4.5,H,4.5,1.63,100,63,H,4.5,
2026-07-18,2026-07-18T13:55:23,台灣運彩,824899,3478442.1,130,2026-07-19T04:10:00+08:00,德州遊騎兵,亞特蘭大勇士,德州遊騎兵 @ 亞特蘭大勇士,51459026.1,363,德州遊騎兵 大小 4.5,252884323.1,大 4.5,A,4.5,1.78,50,39,A,4.5,
2026-07-18,2026-07-18T13:55:23,台灣運彩,824899,3478442.1,130,2026-07-19T04:10:00+08:00,德州遊騎兵,亞特蘭大勇士,德州遊騎兵 @ 亞特蘭大勇士,51459026.1,363,德州遊騎兵 大小 4.5,252884322.1,小 4.5,H,4.5,1.65,20,13,H,4.5,
2026-07-18,2026-07-18T13:55:23,台灣運彩,824899,3478442.1,130,2026-07-19T04:10:00+08:00,德州遊騎兵,亞特蘭大勇士,德州遊騎兵 @ 亞特蘭大勇士,51459021.1,366,[總分]單雙,252884313.1,單,,,1.48,25,12,,,
2026-07-18,2026-07-18T13:55:23,台灣運彩,824899,3478442.1,130,2026-07-19T04:10:00+08:00,德州遊騎兵,亞特蘭大勇士,德州遊騎兵 @ 亞特蘭大勇士,51459021.1,366,[總分]單雙,252884312.1,雙,,,2.00,1,1,,,
2026-07-18,2026-07-18T13:55:23,台灣運彩,824899,3478442.1,130,2026-07-19T04:10:00+08:00,德州遊騎兵,亞特蘭大勇士,德州遊騎兵 @ 亞特蘭大勇士,51459572.1,374,得分最高單局(不含延長賽),252885977.1,一樣多,,,2.25,4,5,,,
2026-07-18,2026-07-18T13:55:23,台灣運彩,824899,3478442.1,130,2026-07-19T04:10:00+08:00,德州遊騎兵,亞特蘭大勇士,德州遊騎兵 @ 亞特蘭大勇士,51459572.1,374,得分最高單局(不含延長賽),252885968.1,第1局,,,5.25,4,17,,,
2026-07-18,2026-07-18T13:55:23,台灣運彩,824899,3478442.1,130,2026-07-19T04:10:00+08:00,德州遊騎兵,亞特蘭大勇士,德州遊騎兵 @ 亞特蘭大勇士,51459572.1,374,得分最高單局(不含延長賽),252885969.1,第2局,,,6.25,4,21,,,
2026-07-18,2026-07-18T13:55:23,台灣運彩,824899,3478442.1,130,2026-07-19T04:10:00+08:00,德州遊騎兵,亞特蘭大勇士,德州遊騎兵 @ 亞特蘭大勇士,51459572.1,374,得分最高單局(不含延長賽),252885970.1,第3局,,,5.50,2,9,,,
2026-07-18,2026-07-18T13:55:23,台灣運彩,824899,3478442.1,130,2026-07-19T04:10:00+08:00,德州遊騎兵,亞特蘭大勇士,德州遊騎兵 @ 亞特蘭大勇士,51459572.1,374,得分最高單局(不含延長賽),252885971.1,第4局,,,6.00,1,5,,,
2026-07-18,2026-07-18T13:55:23,台灣運彩,824899,3478442.1,130,2026-07-19T04:10:00+08:00,德州遊騎兵,亞特蘭大勇士,德州遊騎兵 @ 亞特蘭大勇士,51459572.1,374,得分最高單局(不含延長賽),252885972.1,第5局,,,5.65,20,93,,,
2026-07-18,2026-07-18T13:55:23,台灣運彩,824899,3478442.1,130,2026-07-19T04:10:00+08:00,德州遊騎兵,亞特蘭大勇士,德州遊騎兵 @ 亞特蘭大勇士,51459572.1,374,得分最高單局(不含延長賽),252885973.1,第6局,,,6.25,4,21,,,
2026-07-18,2026-07-18T13:55:23,台灣運彩,824899,3478442.1,130,2026-07-19T04:10:00+08:00,德州遊騎兵,亞特蘭大勇士,德州遊騎兵 @ 亞特蘭大勇士,51459572.1,374,得分最高單局(不含延長賽),252885974.1,第7局,,,6.25,4,21,,,
2026-07-18,2026-07-18T13:55:23,台灣運彩,824899,3478442.1,130,2026-07-19T04:10:00+08:00,德州遊騎兵,亞特蘭大勇士,德州遊騎兵 @ 亞特蘭大勇士,51459572.1,374,得分最高單局(不含延長賽),252885975.1,第8局,,,6.00,1,5,,,
2026-07-18,2026-07-18T13:55:23,台灣運彩,824899,3478442.1,130,2026-07-19T04:10:00+08:00,德州遊騎兵,亞特蘭大勇士,德州遊騎兵 @ 亞特蘭大勇士,51459572.1,374,得分最高單局(不含延長賽),252885976.1,第9局,,,8.00,1,7,,,
2026-07-18,2026-07-18T13:55:23,台灣運彩,824899,3478442.1,130,2026-07-19T04:10:00+08:00,德州遊騎兵,亞特蘭大勇士,德州遊騎兵 @ 亞特蘭大勇士,51459568.1,376,[1-5局] 不讓分,252885958.1,亞特蘭大勇士,H,,1.75,4,3,H,,1
2026-07-18,2026-07-18T13:55:23,台灣運彩,824899,3478442.1,130,2026-07-19T04:10:00+08:00,德州遊騎兵,亞特蘭大勇士,德州遊騎兵 @ 亞特蘭大勇士,51459568.1,376,[1-5局] 不讓分,252885960.1,德州遊騎兵,A,,1.85,20,17,A,,2
2026-07-18,2026-07-18T13:55:23,台灣運彩,824899,3478442.1,130,2026-07-19T04:10:00+08:00,德州遊騎兵,亞特蘭大勇士,德州遊騎兵 @ 亞特蘭大勇士,51459568.1,376,[1-5局] 不讓分,252885959.1,和局,D,,5.00,1,4,D,,
2026-07-18,2026-07-18T13:55:23,台灣運彩,824899,3478442.1,130,2026-07-19T04:10:00+08:00,德州遊騎兵,亞特蘭大勇士,德州遊騎兵 @ 亞特蘭大勇士,51459567.1,378,[1-5局] 大小 4.5,252885957.1,大 4.5,A,4.5,1.53,100,53,A,4.5,
2026-07-18,2026-07-18T13:55:23,台灣運彩,824899,3478442.1,130,2026-07-19T04:10:00+08:00,德州遊騎兵,亞特蘭大勇士,德州遊騎兵 @ 亞特蘭大勇士,51459567.1,378,[1-5局] 大小 4.5,252885956.1,小 4.5,H,4.5,1.82,50,41,H,4.5,
2026-07-18,2026-07-18T13:55:23,台灣運彩,824899,3478442.1,130,2026-07-19T04:10:00+08:00,德州遊騎兵,亞特蘭大勇士,德州遊騎兵 @ 亞特蘭大勇士,51459571.1,379,[1-5局] 亞特蘭大勇士 大小 2.5,252885967.1,大 2.5,A,2.5,1.85,20,17,A,2.5,
2026-07-18,2026-07-18T13:55:23,台灣運彩,824899,3478442.1,130,2026-07-19T04:10:00+08:00,德州遊騎兵,亞特蘭大勇士,德州遊騎兵 @ 亞特蘭大勇士,51459571.1,379,[1-5局] 亞特蘭大勇士 大小 2.5,252885966.1,小 2.5,H,2.5,1.60,5,3,H,2.5,
2026-07-18,2026-07-18T13:55:23,台灣運彩,824899,3478442.1,130,2026-07-19T04:10:00+08:00,德州遊騎兵,亞特蘭大勇士,德州遊騎兵 @ 亞特蘭大勇士,51459565.1,380,[1-5局] 德州遊騎兵 大小 2.5,252885953.1,大 2.5,A,2.5,1.90,10,9,A,2.5,
2026-07-18,2026-07-18T13:55:23,台灣運彩,824899,3478442.1,130,2026-07-19T04:10:00+08:00,德州遊騎兵,亞特蘭大勇士,德州遊騎兵 @ 亞特蘭大勇士,51459565.1,380,[1-5局] 德州遊騎兵 大小 2.5,252885952.1,小 2.5,H,2.5,1.55,20,11,H,2.5,
2026-07-18,2026-07-18T13:55:23,台灣運彩,824899,3478442.1,130,2026-07-19T04:10:00+08:00,德州遊騎兵,亞特蘭大勇士,德州遊騎兵 @ 亞特蘭大勇士,51459570.1,389,[第1局] 不讓分,252885963.1,亞特蘭大勇士,H,,2.85,20,37,H,,1
2026-07-18,2026-07-18T13:55:23,台灣運彩,824899,3478442.1,130,2026-07-19T04:10:00+08:00,德州遊騎兵,亞特蘭大勇士,德州遊騎兵 @ 亞特蘭大勇士,51459570.1,389,[第1局] 不讓分,252885965.1,德州遊騎兵,A,,3.05,20,41,A,,2
2026-07-18,2026-07-18T13:55:23,台灣運彩,824899,3478442.1,130,2026-07-19T04:10:00+08:00,德州遊騎兵,亞特蘭大勇士,德州遊騎兵 @ 亞特蘭大勇士,51459570.1,389,[第1局] 不讓分,252885964.1,和局,D,,1.60,5,3,D,,
2026-07-18,2026-07-18T13:55:23,台灣運彩,824899,3478442.1,130,2026-07-19T04:10:00+08:00,德州遊騎兵,亞特蘭大勇士,德州遊騎兵 @ 亞特蘭大勇士,51459569.1,398,[第1局] 大小 0.5,252885962.1,大 0.5,A,0.5,1.62,50,31,A,0.5,
2026-07-18,2026-07-18T13:55:23,台灣運彩,824899,3478442.1,130,2026-07-19T04:10:00+08:00,德州遊騎兵,亞特蘭大勇士,德州遊騎兵 @ 亞特蘭大勇士,51459569.1,398,[第1局] 大小 0.5,252885961.1,小 0.5,H,0.5,1.71,100,71,H,0.5,
2026-07-18,2026-07-18T13:55:23,台灣運彩,824088,3478463.1,137,2026-07-19T04:10:00+08:00,聖地牙哥教士,堪薩斯市皇家,聖地牙哥教士 @ 堪薩斯市皇家,51459382.1,354,不讓分,252885413.1,堪薩斯皇家,H,,1.82,50,41,H,,1
2026-07-18,2026-07-18T13:55:23,台灣運彩,824088,3478463.1,137,2026-07-19T04:10:00+08:00,聖地牙哥教士,堪薩斯市皇家,聖地牙哥教士 @ 堪薩斯市皇家,51459382.1,354,不讓分,252885414.1,聖地牙哥教士,A,,1.68,25,17,A,,2
2026-07-18,2026-07-18T13:55:23,台灣運彩,824088,3478463.1,137,2026-07-19T04:10:00+08:00,聖地牙哥教士,堪薩斯市皇家,聖地牙哥教士 @ 堪薩斯市皇家,51459540.1,358,讓分 2.5,252885872.1,堪薩斯皇家 +2.5,H,2.5,1.36,25,9,H,2.5,1
2026-07-18,2026-07-18T13:55:23,台灣運彩,824088,3478463.1,137,2026-07-19T04:10:00+08:00,聖地牙哥教士,堪薩斯市皇家,聖地牙哥教士 @ 堪薩斯市皇家,51459540.1,358,讓分 2.5,252885873.1,聖地牙哥教士 -2.5,A,2.5,2.40,5,7,A,2.5,2
2026-07-18,2026-07-18T13:55:23,台灣運彩,824088,3478463.1,137,2026-07-19T04:10:00+08:00,聖地牙哥教士,堪薩斯市皇家,聖地牙哥教士 @ 堪薩斯市皇家,51459541.1,358,讓分 1.5,252885874.1,堪薩斯皇家 +1.5,H,1.5,1.52,25,13,H,1.5,1
2026-07-18,2026-07-18T13:55:23,台灣運彩,824088,3478463.1,137,2026-07-19T04:10:00+08:00,聖地牙哥教士,堪薩斯市皇家,聖地牙哥教士 @ 堪薩斯市皇家,51459541.1,358,讓分 1.5,252885875.1,聖地牙哥教士 -1.5,A,1.5,1.98,50,49,A,1.5,2
2026-07-18,2026-07-18T13:55:23,台灣運彩,824088,3478463.1,137,2026-07-19T04:10:00+08:00,聖地牙哥教士,堪薩斯市皇家,聖地牙哥教士 @ 堪薩斯市皇家,51459385.1,360,[總分]大小 10.5,252885420.1,大 10.5,A,10.5,1.70,10,7,A,10.5,
2026-07-18,2026-07-18T13:55:23,台灣運彩,824088,3478463.1,137,2026-07-19T04:10:00+08:00,聖地牙哥教士,堪薩斯市皇家,聖地牙哥教士 @ 堪薩斯市皇家,51459385.1,360,[總分]大小 10.5,252885419.1,小 10.5,H,10.5,1.80,5,4,H,10.5,
2026-07-18,2026-07-18T13:55:23,台灣運彩,824088,3478463.1,137,2026-07-19T04:10:00+08:00,聖地牙哥教士,堪薩斯市皇家,聖地牙哥教士 @ 堪薩斯市皇家,51459386.1,360,[總分]大小 9.5,252885422.1,大 9.5,A,9.5,1.50,2,1,A,9.5,
2026-07-18,2026-07-18T13:55:23,台灣運彩,824088,3478463.1,137,2026-07-19T04:10:00+08:00,聖地牙哥教士,堪薩斯市皇家,聖地牙哥教士 @ 堪薩斯市皇家,51459386.1,360,[總分]大小 9.5,252885421.1,小 9.5,H,9.5,2.00,1,1,H,9.5,
2026-07-18,2026-07-18T13:55:23,台灣運彩,824088,3478463.1,137,2026-07-19T04:10:00+08:00,聖地牙哥教士,堪薩斯市皇家,聖地牙哥教士 @ 堪薩斯市皇家,51459387.1,360,[總分]大小 11.5,252885424.1,大 11.5,A,11.5,1.97,100,97,A,11.5,
2026-07-18,2026-07-18T13:55:23,台灣運彩,824088,3478463.1,137,2026-07-19T04:10:00+08:00,聖地牙哥教士,堪薩斯市皇家,聖地牙哥教士 @ 堪薩斯市皇家,51459387.1,360,[總分]大小 11.5,252885423.1,小 11.5,H,11.5,1.53,100,53,H,11.5,
2026-07-18,2026-07-18T13:55:23,台灣運彩,823116,3478466.1,138,2026-07-19T08:08:00+08:00,舊金山巨人,西雅圖水手,舊金山巨人 @ 西雅圖水手,51459437.1,354,不讓分,252885569.1,西雅圖水手,H,,1.55,20,11,H,,1
2026-07-18,2026-07-18T13:55:23,台灣運彩,823116,3478466.1,138,2026-07-19T08:08:00+08:00,舊金山巨人,西雅圖水手,舊金山巨人 @ 西雅圖水手,51459437.1,354,不讓分,252885570.1,舊金山巨人,A,,1.95,20,19,A,,2
2026-07-18,2026-07-18T13:55:23,台灣運彩,823116,3478466.1,138,2026-07-19T08:08:00+08:00,舊金山巨人,西雅圖水手,舊金山巨人 @ 西雅圖水手,51459449.1,357,勝分差,252885598.1,舊金山巨人 1 分,A,,5.10,10,41,A,,
2026-07-18,2026-07-18T13:55:23,台灣運彩,823116,3478466.1,138,2026-07-19T08:08:00+08:00,舊金山巨人,西雅圖水手,舊金山巨人 @ 西雅圖水手,51459449.1,357,勝分差,252885599.1,舊金山巨人 2 分,A,,7.25,4,25,A,,
2026-07-18,2026-07-18T13:55:23,台灣運彩,823116,3478466.1,138,2026-07-19T08:08:00+08:00,舊金山巨人,西雅圖水手,舊金山巨人 @ 西雅圖水手,51459449.1,357,勝分差,252885600.1,舊金山巨人 > 2分,A,,3.20,5,11,A,,
2026-07-18,2026-07-18T13:55:23,台灣運彩,823116,3478466.1,138,2026-07-19T08:08:00+08:00,舊金山巨人,西雅圖水手,舊金山巨人 @ 西雅圖水手,51459449.1,357,勝分差,252885595.1,西雅圖水手 1 分,H,,3.65,20,53,H,,
2026-07-18,2026-07-18T13:55:23,台灣運彩,823116,3478466.1,138,2026-07-19T08:08:00+08:00,舊金山巨人,西雅圖水手,舊金山巨人 @ 西雅圖水手,51459449.1,357,勝分差,252885596.1,西雅圖水手 2 分,H,,6.50,2,11,H,,
2026-07-18,2026-07-18T13:55:23,台灣運彩,823116,3478466.1,138,2026-07-19T08:08:00+08:00,舊金山巨人,西雅圖水手,舊金山巨人 @ 西雅圖水手,51459449.1,357,勝分差,252885597.1,西雅圖水手 > 2分,H,,2.70,10,17,H,,
2026-07-18,2026-07-18T13:55:23,台灣運彩,823116,3478466.1,138,2026-07-19T08:08:00+08:00,舊金山巨人,西雅圖水手,舊金山巨人 @ 西雅圖水手,51459440.1,358,讓分 -1.5,252885575.1,西雅圖水手 -1.5,H,-1.5,2.15,20,23,H,-1.5,1
2026-07-18,2026-07-18T13:55:23,台灣運彩,823116,3478466.1,138,2026-07-19T08:08:00+08:00,舊金山巨人,西雅圖水手,舊金山巨人 @ 西雅圖水手,51459440.1,358,讓分 -1.5,252885576.1,舊金山巨人 +1.5,A,-1.5,1.43,100,43,A,-1.5,2
2026-07-18,2026-07-18T13:55:23,台灣運彩,823116,3478466.1,138,2026-07-19T08:08:00+08:00,舊金山巨人,西雅圖水手,舊金山巨人 @ 西雅圖水手,51459442.1,358,讓分 -2.5,252885579.1,西雅圖水手 -2.5,H,-2.5,2.75,4,7,H,-2.5,1
2026-07-18,2026-07-18T13:55:23,台灣運彩,823116,3478466.1,138,2026-07-19T08:08:00+08:00,舊金山巨人,西雅圖水手,舊金山巨人 @ 西雅圖水手,51459442.1,358,讓分 -2.5,252885580.1,舊金山巨人 +2.5,A,-2.5,1.26,50,13,A,-2.5,2
2026-07-18,2026-07-18T13:55:23,台灣運彩,823116,3478466.1,138,2026-07-19T08:08:00+08:00,舊金山巨人,西雅圖水手,舊金山巨人 @ 西雅圖水手,51459441.1,360,[總分]大小 5.5,252885578.1,大 5.5,A,5.5,1.43,100,43,A,5.5,
2026-07-18,2026-07-18T13:55:23,台灣運彩,823116,3478466.1,138,2026-07-19T08:08:00+08:00,舊金山巨人,西雅圖水手,舊金山巨人 @ 西雅圖水手,51459441.1,360,[總分]大小 5.5,252885577.1,小 5.5,H,5.5,2.15,20,23,H,5.5,
2026-07-18,2026-07-18T13:55:23,台灣運彩,823116,3478466.1,138,2026-07-19T08:08:00+08:00,舊金山巨人,西雅圖水手,舊金山巨人 @ 西雅圖水手,51459443.1,360,[總分]大小 7.5,252885582.1,大 7.5,A,7.5,2.00,1,1,A,7.5,
2026-07-18,2026-07-18T13:55:23,台灣運彩,823116,3478466.1,138,2026-07-19T08:08:00+08:00,舊金山巨人,西雅圖水手,舊金山巨人 @ 西雅圖水手,51459443.1,360,[總分]大小 7.5,252885581.1,小 7.5,H,7.5,1.50,2,1,H,7.5,
2026-07-18,2026-07-18T13:55:23,台灣運彩,823116,3478466.1,138,2026-07-19T08:08:00+08:00,舊金山巨人,西雅圖水手,舊金山巨人 @ 西雅圖水手,51459444.1,360,[總分]大小 6.5,252885584.1,大 6.5,A,6.5,1.65,20,13,A,6.5,
2026-07-18,2026-07-18T13:55:23,台灣運彩,823116,3478466.1,138,2026-07-19T08:08:00+08:00,舊金山巨人,西雅圖水手,舊金山巨人 @ 西雅圖水手,51459444.1,360,[總分]大小 6.5,252885583.1,小 6.5,H,6.5,1.85,20,17,H,6.5,
2026-07-18,2026-07-18T13:55:23,台灣運彩,823116,3478466.1,138,2026-07-19T08:08:00+08:00,舊金山巨人,西雅圖水手,舊金山巨人 @ 西雅圖水手,51459447.1,362,西雅圖水手 大小 3.5,252885592.1,大 3.5,A,3.5,1.78,50,39,A,3.5,
2026-07-18,2026-07-18T13:55:23,台灣運彩,823116,3478466.1,138,2026-07-19T08:08:00+08:00,舊金山巨人,西雅圖水手,舊金山巨人 @ 西雅圖水手,51459447.1,362,西雅圖水手 大小 3.5,252885591.1,小 3.5,H,3.5,1.65,20,13,H,3.5,
2026-07-18,2026-07-18T13:55:23,台灣運彩,823116,3478466.1,138,2026-07-19T08:08:00+08:00,舊金山巨人,西雅圖水手,舊金山巨人 @ 西雅圖水手,51459435.1,363,舊金山巨人 大小 2.5,252885566.1,大 2.5,A,2.5,1.55,20,11,A,2.5,
2026-07-18,2026-07-18T13:55:23,台灣運彩,823116,3478466.1,138,2026-07-19T08:08:00+08:00,舊金山巨人,西雅圖水手,舊金山巨人 @ 西雅圖水手,51459435.1,363,舊金山巨人 大小 2.5,252885565.1,小 2.5,H,2.5,1.90,10,9,H,2.5,
2026-07-18,2026-07-18T13:55:23,台灣運彩,823116,3478466.1,138,2026-07-19T08:08:00+08:00,舊金山巨人,西雅圖水手,舊金山巨人 @ 西雅圖水手,51459434.1,366,[總分]單雙,252885564.1,單,,,1.45,20,9,,,
2026-07-18,2026-07-18T13:55:23,台灣運彩,823116,3478466.1,138,2026-07-19T08:08:00+08:00,舊金山巨人,西雅圖水手,舊金山巨人 @ 西雅圖水手,51459434.1,366,[總分]單雙,252885563.1,雙,,,2.07,100,107,,,
2026-07-18,2026-07-18T13:55:23,台灣運彩,823116,3478466.1,138,2026-07-19T08:08:00+08:00,舊金山巨人,西雅圖水手,舊金山巨人 @ 西雅圖水手,51459450.1,374,得分最高單局(不含延長賽),252885610.1,一樣多,,,2.15,20,23,,,
2026-07-18,2026-07-18T13:55:23,台灣運彩,823116,3478466.1,138,2026-07-19T08:08:00+08:00,舊金山巨人,西雅圖水手,舊金山巨人 @ 西雅圖水手,51459450.1,374,得分最高單局(不含延長賽),252885601.1,第1局,,,5.30,10,43,,,
2026-07-18,2026-07-18T13:55:23,台灣運彩,823116,3478466.1,138,2026-07-19T08:08:00+08:00,舊金山巨人,西雅圖水手,舊金山巨人 @ 西雅圖水手,51459450.1,374,得分最高單局(不含延長賽),252885602.1,第2局,,,6.25,4,21,,,
2026-07-18,2026-07-18T13:55:23,台灣運彩,823116,3478466.1,138,2026-07-19T08:08:00+08:00,舊金山巨人,西雅圖水手,舊金山巨人 @ 西雅圖水手,51459450.1,374,得分最高單局(不含延長賽),252885603.1,第3局,,,5.40,5,22,,,
2026-07-18,2026-07-18T13:55:23,台灣運彩,823116,3478466.1,138,2026-07-19T08:08:00+08:00,舊金山巨人,西雅圖水手,舊金山巨人 @ 西雅圖水手,51459450.1,374,得分最高單局(不含延長賽),252885604.1,第4局,,,5.95,20,99,,,
2026-07-18,2026-07-18T13:55:23,台灣運彩,823116,3478466.1,138,2026-07-19T08:08:00+08:00,舊金山巨人,西雅圖水手,舊金山巨人 @ 西雅圖水手,51459450.1,374,得分最高單局(不含延長賽),252885605.1,第5局,,,5.55,20,91,,,
2026-07-18,2026-07-18T13:55:23,台灣運彩,823116,3478466.1,138,2026-07-19T08:08:00+08:00,舊金山巨人,西雅圖水手,舊金山巨人 @ 西雅圖水手,51459450.1,374,得分最高單局(不含延長賽),252885606.1,第6局,,,6.50,2,11,,,
2026-07-18,2026-07-18T13:55:23,台灣運彩,823116,3478466.1,138,2026-07-19T08:08:00+08:00,舊金山巨人,西雅圖水手,舊金山巨人 @ 西雅圖水手,51459450.1,374,得分最高單局(不含延長賽),252885607.1,第7局,,,6.75,4,23,,,
2026-07-18,2026-07-18T13:55:23,台灣運彩,823116,3478466.1,138,2026-07-19T08:08:00+08:00,舊金山巨人,西雅圖水手,舊金山巨人 @ 西雅圖水手,51459450.1,374,得分最高單局(不含延長賽),252885608.1,第8局,,,6.50,2,11,,,
2026-07-18,2026-07-18T13:55:23,台灣運彩,823116,3478466.1,138,2026-07-19T08:08:00+08:00,舊金山巨人,西雅圖水手,舊金山巨人 @ 西雅圖水手,51459450.1,374,得分最高單局(不含延長賽),252885609.1,第9局,,,8.00,1,7,,,
2026-07-18,2026-07-18T13:55:23,台灣運彩,823116,3478466.1,138,2026-07-19T08:08:00+08:00,舊金山巨人,西雅圖水手,舊金山巨人 @ 西雅圖水手,51459445.1,376,[1-5局] 不讓分,252885585.1,西雅圖水手,H,,1.75,4,3,H,,1
2026-07-18,2026-07-18T13:55:23,台灣運彩,823116,3478466.1,138,2026-07-19T08:08:00+08:00,舊金山巨人,西雅圖水手,舊金山巨人 @ 西雅圖水手,51459445.1,376,[1-5局] 不讓分,252885587.1,舊金山巨人,A,,2.10,10,11,A,,2
2026-07-18,2026-07-18T13:55:23,台灣運彩,823116,3478466.1,138,2026-07-19T08:08:00+08:00,舊金山巨人,西雅圖水手,舊金山巨人 @ 西雅圖水手,51459445.1,376,[1-5局] 不讓分,252885586.1,和局,D,,4.10,10,31,D,,
2026-07-18,2026-07-18T13:55:23,台灣運彩,823116,3478466.1,138,2026-07-19T08:08:00+08:00,舊金山巨人,西雅圖水手,舊金山巨人 @ 西雅圖水手,51459438.1,378,[1-5局] 大小 3.5,252885572.1,大 3.5,A,3.5,1.58,50,29,A,3.5,
2026-07-18,2026-07-18T13:55:23,台灣運彩,823116,3478466.1,138,2026-07-19T08:08:00+08:00,舊金山巨人,西雅圖水手,舊金山巨人 @ 西雅圖水手,51459438.1,378,[1-5局] 大小 3.5,252885571.1,小 3.5,H,3.5,1.75,4,3,H,3.5,
2026-07-18,2026-07-18T13:55:23,台灣運彩,823116,3478466.1,138,2026-07-19T08:08:00+08:00,舊金山巨人,西雅圖水手,舊金山巨人 @ 西雅圖水手,51459436.1,379,[1-5局] 西雅圖水手 大小 1.5,252885568.1,大 1.5,A,1.5,1.58,50,29,A,1.5,
2026-07-18,2026-07-18T13:55:23,台灣運彩,823116,3478466.1,138,2026-07-19T08:08:00+08:00,舊金山巨人,西雅圖水手,舊金山巨人 @ 西雅圖水手,51459436.1,379,[1-5局] 西雅圖水手 大小 1.5,252885567.1,小 1.5,H,1.5,1.86,50,43,H,1.5,
2026-07-18,2026-07-18T13:55:23,台灣運彩,823116,3478466.1,138,2026-07-19T08:08:00+08:00,舊金山巨人,西雅圖水手,舊金山巨人 @ 西雅圖水手,51459439.1,380,[1-5局] 舊金山巨人 大小 1.5,252885574.1,大 1.5,A,1.5,1.80,5,4,A,1.5,
2026-07-18,2026-07-18T13:55:23,台灣運彩,823116,3478466.1,138,2026-07-19T08:08:00+08:00,舊金山巨人,西雅圖水手,舊金山巨人 @ 西雅圖水手,51459439.1,380,[1-5局] 舊金山巨人 大小 1.5,252885573.1,小 1.5,H,1.5,1.63,100,63,H,1.5,
2026-07-18,2026-07-18T13:55:23,台灣運彩,823116,3478466.1,138,2026-07-19T08:08:00+08:00,舊金山巨人,西雅圖水手,舊金山巨人 @ 西雅圖水手,51459446.1,389,[第1局] 不讓分,252885588.1,西雅圖水手,H,,3.05,20,41,H,,1
2026-07-18,2026-07-18T13:55:23,台灣運彩,823116,3478466.1,138,2026-07-19T08:08:00+08:00,舊金山巨人,西雅圖水手,舊金山巨人 @ 西雅圖水手,51459446.1,389,[第1局] 不讓分,252885590.1,舊金山巨人,A,,3.70,10,27,A,,2
2026-07-18,2026-07-18T13:55:23,台灣運彩,823116,3478466.1,138,2026-07-19T08:08:00+08:00,舊金山巨人,西雅圖水手,舊金山巨人 @ 西雅圖水手,51459446.1,389,[第1局] 不讓分,252885589.1,和局,D,,1.45,20,9,D,,
2026-07-18,2026-07-18T13:55:23,台灣運彩,823116,3478466.1,138,2026-07-19T08:08:00+08:00,舊金山巨人,西雅圖水手,舊金山巨人 @ 西雅圖水手,51459448.1,398,[第1局] 大小 0.5,252885594.1,大 0.5,A,0.5,1.85,20,17,A,0.5,
2026-07-18,2026-07-18T13:55:23,台灣運彩,823116,3478466.1,138,2026-07-19T08:08:00+08:00,舊金山巨人,西雅圖水手,舊金山巨人 @ 西雅圖水手,51459448.1,398,[第1局] 大小 0.5,252885593.1,小 0.5,H,0.5,1.50,2,1,H,0.5,
2026-07-18,2026-07-18T13:55:23,台灣運彩,823523,3478467.1,139,2026-07-19T08:08:00+08:00,洛杉磯道奇,紐約洋基,洛杉磯道奇 @ 紐約洋基,51459451.1,354,不讓分,252885611.1,紐約洋基,H,,1.77,100,77,H,,1
2026-07-18,2026-07-18T13:55:23,台灣運彩,823523,3478467.1,139,2026-07-19T08:08:00+08:00,洛杉磯道奇,紐約洋基,洛杉磯道奇 @ 紐約洋基,51459451.1,354,不讓分,252885612.1,洛杉磯道奇,A,,1.73,100,73,A,,2
2026-07-18,2026-07-18T13:55:23,台灣運彩,823523,3478467.1,139,2026-07-19T08:08:00+08:00,洛杉磯道奇,紐約洋基,洛杉磯道奇 @ 紐約洋基,51459463.1,357,勝分差,252885640.1,洛杉磯道奇 1 分,A,,5.55,20,91,A,,
2026-07-18,2026-07-18T13:55:23,台灣運彩,823523,3478467.1,139,2026-07-19T08:08:00+08:00,洛杉磯道奇,紐約洋基,洛杉磯道奇 @ 紐約洋基,51459463.1,357,勝分差,252885641.1,洛杉磯道奇 2 分,A,,7.00,1,6,A,,
2026-07-18,2026-07-18T13:55:23,台灣運彩,823523,3478467.1,139,2026-07-19T08:08:00+08:00,洛杉磯道奇,紐約洋基,洛杉磯道奇 @ 紐約洋基,51459463.1,357,勝分差,252885642.1,洛杉磯道奇 > 2分,A,,2.45,20,29,A,,
2026-07-18,2026-07-18T13:55:23,台灣運彩,823523,3478467.1,139,2026-07-19T08:08:00+08:00,洛杉磯道奇,紐約洋基,洛杉磯道奇 @ 紐約洋基,51459463.1,357,勝分差,252885637.1,紐約洋基 1 分,H,,4.20,5,16,H,,
2026-07-18,2026-07-18T13:55:23,台灣運彩,823523,3478467.1,139,2026-07-19T08:08:00+08:00,洛杉磯道奇,紐約洋基,洛杉磯道奇 @ 紐約洋基,51459463.1,357,勝分差,252885638.1,紐約洋基 2 分,H,,7.50,2,13,H,,
2026-07-18,2026-07-18T13:55:23,台灣運彩,823523,3478467.1,139,2026-07-19T08:08:00+08:00,洛杉磯道奇,紐約洋基,洛杉磯道奇 @ 紐約洋基,51459463.1,357,勝分差,252885639.1,紐約洋基 > 2分,H,,2.85,20,37,H,,
2026-07-18,2026-07-18T13:55:23,台灣運彩,823523,3478467.1,139,2026-07-19T08:08:00+08:00,洛杉磯道奇,紐約洋基,洛杉磯道奇 @ 紐約洋基,51459453.1,358,讓分 1.5,252885616.1,紐約洋基 +1.5,H,1.5,1.48,25,12,H,1.5,1
2026-07-18,2026-07-18T13:55:23,台灣運彩,823523,3478467.1,139,2026-07-19T08:08:00+08:00,洛杉磯道奇,紐約洋基,洛杉磯道奇 @ 紐約洋基,51459453.1,358,讓分 1.5,252885617.1,洛杉磯道奇 -1.5,A,1.5,2.05,20,21,A,1.5,2
2026-07-18,2026-07-18T13:55:23,台灣運彩,823523,3478467.1,139,2026-07-19T08:08:00+08:00,洛杉磯道奇,紐約洋基,洛杉磯道奇 @ 紐約洋基,51459460.1,360,[總分]大小 8.5,252885631.1,大 8.5,A,8.5,1.68,25,17,A,8.5,
2026-07-18,2026-07-18T13:55:23,台灣運彩,823523,3478467.1,139,2026-07-19T08:08:00+08:00,洛杉磯道奇,紐約洋基,洛杉磯道奇 @ 紐約洋基,51459460.1,360,[總分]大小 8.5,252885630.1,小 8.5,H,8.5,1.82,50,41,H,8.5,
2026-07-18,2026-07-18T13:55:23,台灣運彩,823523,3478467.1,139,2026-07-19T08:08:00+08:00,洛杉磯道奇,紐約洋基,洛杉磯道奇 @ 紐約洋基,51459458.1,362,紐約洋基 大小 3.5,252885627.1,大 3.5,A,3.5,1.52,25,13,A,3.5,
2026-07-18,2026-07-18T13:55:23,台灣運彩,823523,3478467.1,139,2026-07-19T08:08:00+08:00,洛杉磯道奇,紐約洋基,洛杉磯道奇 @ 紐約洋基,51459458.1,362,紐約洋基 大小 3.5,252885626.1,小 3.5,H,3.5,1.94,50,47,H,3.5,
2026-07-18,2026-07-18T13:55:23,台灣運彩,823523,3478467.1,139,2026-07-19T08:08:00+08:00,洛杉磯道奇,紐約洋基,洛杉磯道奇 @ 紐約洋基,51459455.1,363,洛杉磯道奇 大小 4.5,252885621.1,大 4.5,A,4.5,1.86,50,43,A,4.5,
2026-07-18,2026-07-18T13:55:23,台灣運彩,823523,3478467.1,139,2026-07-19T08:08:00+08:00,洛杉磯道奇,紐約洋基,洛杉磯道奇 @ 紐約洋基,51459455.1,363,洛杉磯道奇 大小 4.5,252885620.1,小 4.5,H,4.5,1.58,50,29,H,4.5,
2026-07-18,2026-07-18T13:55:23,台灣運彩,823523,3478467.1,139,2026-07-19T08:08:00+08:00,洛杉磯道奇,紐約洋基,洛杉磯道奇 @ 紐約洋基,51459454.1,366,[總分]單雙,252885619.1,單,,,1.46,50,23,,,
2026-07-18,2026-07-18T13:55:23,台灣運彩,823523,3478467.1,139,2026-07-19T08:08:00+08:00,洛杉磯道奇,紐約洋基,洛杉磯道奇 @ 紐約洋基,51459454.1,366,[總分]單雙,252885618.1,雙,,,1.93,100,93,,,
2026-07-18,2026-07-18T13:55:23,台灣運彩,823523,3478467.1,139,2026-07-19T08:08:00+08:00,洛杉磯道奇,紐約洋基,洛杉磯道奇 @ 紐約洋基,51459464.1,374,得分最高單局(不含延長賽),252885652.1,一樣多,,,2.35,20,27,,,
2026-07-18,2026-07-18T13:55:23,台灣運彩,823523,3478467.1,139,2026-07-19T08:08:00+08:00,洛杉磯道奇,紐約洋基,洛杉磯道奇 @ 紐約洋基,51459464.1,374,得分最高單局(不含延長賽),252885643.1,第1局,,,5.55,20,91,,,
2026-07-18,2026-07-18T13:55:23,台灣運彩,823523,3478467.1,139,2026-07-19T08:08:00+08:00,洛杉磯道奇,紐約洋基,洛杉磯道奇 @ 紐約洋基,51459464.1,374,得分最高單局(不含延長賽),252885644.1,第2局,,,6.50,2,11,,,
2026-07-18,2026-07-18T13:55:23,台灣運彩,823523,3478467.1,139,2026-07-19T08:08:00+08:00,洛杉磯道奇,紐約洋基,洛杉磯道奇 @ 紐約洋基,51459464.1,374,得分最高單局(不含延長賽),252885645.1,第3局,,,5.75,4,19,,,
2026-07-18,2026-07-18T13:55:23,台灣運彩,823523,3478467.1,139,2026-07-19T08:08:00+08:00,洛杉磯道奇,紐約洋基,洛杉磯道奇 @ 紐約洋基,51459464.1,374,得分最高單局(不含延長賽),252885646.1,第4局,,,6.25,4,21,,,
2026-07-18,2026-07-18T13:55:23,台灣運彩,823523,3478467.1,139,2026-07-19T08:08:00+08:00,洛杉磯道奇,紐約洋基,洛杉磯道奇 @ 紐約洋基,51459464.1,374,得分最高單局(不含延長賽),252885647.1,第5局,,,4.00,1,3,,,
2026-07-18,2026-07-18T13:55:23,台灣運彩,823523,3478467.1,139,2026-07-19T08:08:00+08:00,洛杉磯道奇,紐約洋基,洛杉磯道奇 @ 紐約洋基,51459464.1,374,得分最高單局(不含延長賽),252885648.1,第6局,,,6.50,2,11,,,
2026-07-18,2026-07-18T13:55:23,台灣運彩,823523,3478467.1,139,2026-07-19T08:08:00+08:00,洛杉磯道奇,紐約洋基,洛杉磯道奇 @ 紐約洋基,51459464.1,374,得分最高單局(不含延長賽),252885649.1,第7局,,,6.75,4,23,,,
2026-07-18,2026-07-18T13:55:23,台灣運彩,823523,3478467.1,139,2026-07-19T08:08:00+08:00,洛杉磯道奇,紐約洋基,洛杉磯道奇 @ 紐約洋基,51459464.1,374,得分最高單局(不含延長賽),252885650.1,第8局,,,6.50,2,11,,,
2026-07-18,2026-07-18T13:55:23,台灣運彩,823523,3478467.1,139,2026-07-19T08:08:00+08:00,洛杉磯道奇,紐約洋基,洛杉磯道奇 @ 紐約洋基,51459464.1,374,得分最高單局(不含延長賽),252885651.1,第9局,,,8.00,1,7,,,
2026-07-18,2026-07-18T13:55:23,台灣運彩,823523,3478467.1,139,2026-07-19T08:08:00+08:00,洛杉磯道奇,紐約洋基,洛杉磯道奇 @ 紐約洋基,51459452.1,376,[1-5局] 不讓分,252885613.1,紐約洋基,H,,1.85,20,17,H,,1
2026-07-18,2026-07-18T13:55:23,台灣運彩,823523,3478467.1,139,2026-07-19T08:08:00+08:00,洛杉磯道奇,紐約洋基,洛杉磯道奇 @ 紐約洋基,51459452.1,376,[1-5局] 不讓分,252885615.1,洛杉磯道奇,A,,1.80,5,4,A,,2
2026-07-18,2026-07-18T13:55:23,台灣運彩,823523,3478467.1,139,2026-07-19T08:08:00+08:00,洛杉磯道奇,紐約洋基,洛杉磯道奇 @ 紐約洋基,51459452.1,376,[1-5局] 不讓分,252885614.1,和局,D,,4.80,5,19,D,,
2026-07-18,2026-07-18T13:55:23,台灣運彩,823523,3478467.1,139,2026-07-19T08:08:00+08:00,洛杉磯道奇,紐約洋基,洛杉磯道奇 @ 紐約洋基,51459456.1,378,[1-5局] 大小 4.5,252885623.1,大 4.5,A,4.5,1.58,50,29,A,4.5,
2026-07-18,2026-07-18T13:55:23,台灣運彩,823523,3478467.1,139,2026-07-19T08:08:00+08:00,洛杉磯道奇,紐約洋基,洛杉磯道奇 @ 紐約洋基,51459456.1,378,[1-5局] 大小 4.5,252885622.1,小 4.5,H,4.5,1.75,4,3,H,4.5,
2026-07-18,2026-07-18T13:55:23,台灣運彩,823523,3478467.1,139,2026-07-19T08:08:00+08:00,洛杉磯道奇,紐約洋基,洛杉磯道奇 @ 紐約洋基,51459459.1,379,[1-5局] 紐約洋基 大小 2.5,252885629.1,大 2.5,A,2.5,1.93,100,93,A,2.5,
2026-07-18,2026-07-18T13:55:23,台灣運彩,823523,3478467.1,139,2026-07-19T08:08:00+08:00,洛杉磯道奇,紐約洋基,洛杉磯道奇 @ 紐約洋基,51459459.1,379,[1-5局] 紐約洋基 大小 2.5,252885628.1,小 2.5,H,2.5,1.53,100,53,H,2.5,
2026-07-18,2026-07-18T13:55:23,台灣運彩,823523,3478467.1,139,2026-07-19T08:08:00+08:00,洛杉磯道奇,紐約洋基,洛杉磯道奇 @ 紐約洋基,51459461.1,380,[1-5局] 洛杉磯道奇 大小 2.5,252885633.1,大 2.5,A,2.5,1.90,10,9,A,2.5,
2026-07-18,2026-07-18T13:55:23,台灣運彩,823523,3478467.1,139,2026-07-19T08:08:00+08:00,洛杉磯道奇,紐約洋基,洛杉磯道奇 @ 紐約洋基,51459461.1,380,[1-5局] 洛杉磯道奇 大小 2.5,252885632.1,小 2.5,H,2.5,1.55,20,11,H,2.5,
2026-07-18,2026-07-18T13:55:23,台灣運彩,823523,3478467.1,139,2026-07-19T08:08:00+08:00,洛杉磯道奇,紐約洋基,洛杉磯道奇 @ 紐約洋基,51459462.1,389,[第1局] 不讓分,252885634.1,紐約洋基,H,,3.00,1,2,H,,1
2026-07-18,2026-07-18T13:55:23,台灣運彩,823523,3478467.1,139,2026-07-19T08:08:00+08:00,洛杉磯道奇,紐約洋基,洛杉磯道奇 @ 紐約洋基,51459462.1,389,[第1局] 不讓分,252885636.1,洛杉磯道奇,A,,3.00,1,2,A,,2
2026-07-18,2026-07-18T13:55:23,台灣運彩,823523,3478467.1,139,2026-07-19T08:08:00+08:00,洛杉磯道奇,紐約洋基,洛杉磯道奇 @ 紐約洋基,51459462.1,389,[第1局] 不讓分,252885635.1,和局,D,,1.55,20,11,D,,
2026-07-18,2026-07-18T13:55:23,台灣運彩,823523,3478467.1,139,2026-07-19T08:08:00+08:00,洛杉磯道奇,紐約洋基,洛杉磯道奇 @ 紐約洋基,51459457.1,398,[第1局] 大小 0.5,252885625.1,大 0.5,A,0.5,1.65,20,13,A,0.5,
2026-07-18,2026-07-18T13:55:23,台灣運彩,823523,3478467.1,139,2026-07-19T08:08:00+08:00,洛杉磯道奇,紐約洋基,洛杉磯道奇 @ 紐約洋基,51459457.1,398,[第1局] 大小 0.5,252885624.1,小 0.5,H,0.5,1.68,25,17,H,0.5,
2026-07-18,2026-07-18T13:55:23,台灣運彩,824979,3478484.1,141,2026-07-19T10:05:00+08:00,華盛頓國民,運動家,華盛頓國民 @ 運動家,51459716.1,354,不讓分,252886450.1,運動家,H,,1.58,50,29,H,,1
2026-07-18,2026-07-18T13:55:23,台灣運彩,824979,3478484.1,141,2026-07-19T10:05:00+08:00,華盛頓國民,運動家,華盛頓國民 @ 運動家,51459716.1,354,不讓分,252886451.1,華盛頓國民,A,,1.92,25,23,A,,2
2026-07-18,2026-07-18T13:55:23,台灣運彩,824979,3478484.1,141,2026-07-19T10:05:00+08:00,華盛頓國民,運動家,華盛頓國民 @ 運動家,51459731.1,357,勝分差,252886485.1,華盛頓國民 1 分,A,,6.50,2,11,A,,
2026-07-18,2026-07-18T13:55:23,台灣運彩,824979,3478484.1,141,2026-07-19T10:05:00+08:00,華盛頓國民,運動家,華盛頓國民 @ 運動家,51459731.1,357,勝分差,252886486.1,華盛頓國民 2 分,A,,8.00,1,7,A,,
2026-07-18,2026-07-18T13:55:23,台灣運彩,824979,3478484.1,141,2026-07-19T10:05:00+08:00,華盛頓國民,運動家,華盛頓國民 @ 運動家,51459731.1,357,勝分差,252886487.1,華盛頓國民 > 2分,A,,2.60,5,8,A,,
2026-07-18,2026-07-18T13:55:23,台灣運彩,824979,3478484.1,141,2026-07-19T10:05:00+08:00,華盛頓國民,運動家,華盛頓國民 @ 運動家,51459731.1,357,勝分差,252886482.1,運動家 1 分,H,,4.25,4,13,H,,
2026-07-18,2026-07-18T13:55:23,台灣運彩,824979,3478484.1,141,2026-07-19T10:05:00+08:00,華盛頓國民,運動家,華盛頓國民 @ 運動家,51459731.1,357,勝分差,252886483.1,運動家 2 分,H,,7.50,2,13,H,,
2026-07-18,2026-07-18T13:55:23,台灣運彩,824979,3478484.1,141,2026-07-19T10:05:00+08:00,華盛頓國民,運動家,華盛頓國民 @ 運動家,51459731.1,357,勝分差,252886484.1,運動家 > 2分,H,,2.40,5,7,H,,
2026-07-18,2026-07-18T13:55:23,台灣運彩,824979,3478484.1,141,2026-07-19T10:05:00+08:00,華盛頓國民,運動家,華盛頓國民 @ 運動家,51459723.1,358,讓分 -1.5,252886464.1,運動家 -1.5,H,-1.5,2.05,20,21,H,-1.5,1
2026-07-18,2026-07-18T13:55:23,台灣運彩,824979,3478484.1,141,2026-07-19T10:05:00+08:00,華盛頓國民,運動家,華盛頓國民 @ 運動家,51459723.1,358,讓分 -1.5,252886465.1,華盛頓國民 +1.5,A,-1.5,1.48,25,12,A,-1.5,2
2026-07-18,2026-07-18T13:55:23,台灣運彩,824979,3478484.1,141,2026-07-19T10:05:00+08:00,華盛頓國民,運動家,華盛頓國民 @ 運動家,51459730.1,358,讓分 -2.5,252886480.1,運動家 -2.5,H,-2.5,2.47,100,147,H,-2.5,1
2026-07-18,2026-07-18T13:55:23,台灣運彩,824979,3478484.1,141,2026-07-19T10:05:00+08:00,華盛頓國民,運動家,華盛頓國民 @ 運動家,51459730.1,358,讓分 -2.5,252886481.1,華盛頓國民 +2.5,A,-2.5,1.33,100,33,A,-2.5,2
2026-07-18,2026-07-18T13:55:23,台灣運彩,824979,3478484.1,141,2026-07-19T10:05:00+08:00,華盛頓國民,運動家,華盛頓國民 @ 運動家,51459719.1,360,[總分]大小 11.5,252886457.1,大 11.5,A,11.5,1.98,50,49,A,11.5,
2026-07-18,2026-07-18T13:55:23,台灣運彩,824979,3478484.1,141,2026-07-19T10:05:00+08:00,華盛頓國民,運動家,華盛頓國民 @ 運動家,51459719.1,360,[總分]大小 11.5,252886456.1,小 11.5,H,11.5,1.52,25,13,H,11.5,
2026-07-18,2026-07-18T13:55:23,台灣運彩,824979,3478484.1,141,2026-07-19T10:05:00+08:00,華盛頓國民,運動家,華盛頓國民 @ 運動家,51459720.1,360,[總分]大小 9.5,252886459.1,大 9.5,A,9.5,1.52,25,13,A,9.5,
2026-07-18,2026-07-18T13:55:23,台灣運彩,824979,3478484.1,141,2026-07-19T10:05:00+08:00,華盛頓國民,運動家,華盛頓國民 @ 運動家,51459720.1,360,[總分]大小 9.5,252886458.1,小 9.5,H,9.5,1.98,50,49,H,9.5,
2026-07-18,2026-07-18T13:55:23,台灣運彩,824979,3478484.1,141,2026-07-19T10:05:00+08:00,華盛頓國民,運動家,華盛頓國民 @ 運動家,51459722.1,360,[總分]大小 10.5,252886463.1,大 10.5,A,10.5,1.71,100,71,A,10.5,
2026-07-18,2026-07-18T13:55:23,台灣運彩,824979,3478484.1,141,2026-07-19T10:05:00+08:00,華盛頓國民,運動家,華盛頓國民 @ 運動家,51459722.1,360,[總分]大小 10.5,252886462.1,小 10.5,H,10.5,1.79,100,79,H,10.5,
2026-07-18,2026-07-18T13:55:23,台灣運彩,824979,3478484.1,141,2026-07-19T10:05:00+08:00,華盛頓國民,運動家,華盛頓國民 @ 運動家,51459728.1,362,運動家 大小 5.5,252886477.1,大 5.5,A,5.5,1.82,50,41,A,5.5,
2026-07-18,2026-07-18T13:55:23,台灣運彩,824979,3478484.1,141,2026-07-19T10:05:00+08:00,華盛頓國民,運動家,華盛頓國民 @ 運動家,51459728.1,362,運動家 大小 5.5,252886476.1,小 5.5,H,5.5,1.62,50,31,H,5.5,
2026-07-18,2026-07-18T13:55:23,台灣運彩,824979,3478484.1,141,2026-07-19T10:05:00+08:00,華盛頓國民,運動家,華盛頓國民 @ 運動家,51459729.1,363,華盛頓國民 大小 4.5,252886479.1,大 4.5,A,4.5,1.60,5,3,A,4.5,
2026-07-18,2026-07-18T13:55:23,台灣運彩,824979,3478484.1,141,2026-07-19T10:05:00+08:00,華盛頓國民,運動家,華盛頓國民 @ 運動家,51459729.1,363,華盛頓國民 大小 4.5,252886478.1,小 4.5,H,4.5,1.85,20,17,H,4.5,
2026-07-18,2026-07-18T13:55:23,台灣運彩,824979,3478484.1,141,2026-07-19T10:05:00+08:00,華盛頓國民,運動家,華盛頓國民 @ 運動家,51459715.1,366,[總分]單雙,252886449.1,單,,,1.50,2,1,,,
2026-07-18,2026-07-18T13:55:23,台灣運彩,824979,3478484.1,141,2026-07-19T10:05:00+08:00,華盛頓國民,運動家,華盛頓國民 @ 運動家,51459715.1,366,[總分]單雙,252886448.1,雙,,,1.96,25,24,,,
2026-07-18,2026-07-18T13:55:23,台灣運彩,824979,3478484.1,141,2026-07-19T10:05:00+08:00,華盛頓國民,運動家,華盛頓國民 @ 運動家,51459732.1,374,得分最高單局(不含延長賽),252886497.1,一樣多,,,2.35,20,27,,,
2026-07-18,2026-07-18T13:55:23,台灣運彩,824979,3478484.1,141,2026-07-19T10:05:00+08:00,華盛頓國民,運動家,華盛頓國民 @ 運動家,51459732.1,374,得分最高單局(不含延長賽),252886488.1,第1局,,,5.15,20,83,,,
2026-07-18,2026-07-18T13:55:23,台灣運彩,824979,3478484.1,141,2026-07-19T10:05:00+08:00,華盛頓國民,運動家,華盛頓國民 @ 運動家,51459732.1,374,得分最高單局(不含延長賽),252886489.1,第2局,,,6.25,4,21,,,
2026-07-18,2026-07-18T13:55:23,台灣運彩,824979,3478484.1,141,2026-07-19T10:05:00+08:00,華盛頓國民,運動家,華盛頓國民 @ 運動家,51459732.1,374,得分最高單局(不含延長賽),252886490.1,第3局,,,5.50,2,9,,,
2026-07-18,2026-07-18T13:55:23,台灣運彩,824979,3478484.1,141,2026-07-19T10:05:00+08:00,華盛頓國民,運動家,華盛頓國民 @ 運動家,51459732.1,374,得分最高單局(不含延長賽),252886491.1,第4局,,,6.00,1,5,,,
2026-07-18,2026-07-18T13:55:23,台灣運彩,824979,3478484.1,141,2026-07-19T10:05:00+08:00,華盛頓國民,運動家,華盛頓國民 @ 運動家,51459732.1,374,得分最高單局(不含延長賽),252886492.1,第5局,,,5.65,20,93,,,
2026-07-18,2026-07-18T13:55:23,台灣運彩,824979,3478484.1,141,2026-07-19T10:05:00+08:00,華盛頓國民,運動家,華盛頓國民 @ 運動家,51459732.1,374,得分最高單局(不含延長賽),252886493.1,第6局,,,6.00,1,5,,,
2026-07-18,2026-07-18T13:55:23,台灣運彩,824979,3478484.1,141,2026-07-19T10:05:00+08:00,華盛頓國民,運動家,華盛頓國民 @ 運動家,51459732.1,374,得分最高單局(不含延長賽),252886494.1,第7局,,,6.00,1,5,,,
2026-07-18,2026-07-18T13:55:23,台灣運彩,824979,3478484.1,141,2026-07-19T10:05:00+08:00,華盛頓國民,運動家,華盛頓國民 @ 運動家,51459732.1,374,得分最高單局(不含延長賽),252886495.1,第8局,,,6.00,1,5,,,
2026-07-18,2026-07-18T13:55:23,台灣運彩,824979,3478484.1,141,2026-07-19T10:05:00+08:00,華盛頓國民,運動家,華盛頓國民 @ 運動家,51459732.1,374,得分最高單局(不含延長賽),252886496.1,第9局,,,8.00,1,7,,,
2026-07-18,2026-07-18T13:55:23,台灣運彩,824979,3478484.1,141,2026-07-19T10:05:00+08:00,華盛頓國民,運動家,華盛頓國民 @ 運動家,51459725.1,376,[1-5局] 不讓分,252886469.1,運動家,H,,1.65,20,13,H,,1
2026-07-18,2026-07-18T13:55:23,台灣運彩,824979,3478484.1,141,2026-07-19T10:05:00+08:00,華盛頓國民,運動家,華盛頓國民 @ 運動家,51459725.1,376,[1-5局] 不讓分,252886471.1,華盛頓國民,A,,1.95,20,19,A,,2
2026-07-18,2026-07-18T13:55:23,台灣運彩,824979,3478484.1,141,2026-07-19T10:05:00+08:00,華盛頓國民,運動家,華盛頓國民 @ 運動家,51459725.1,376,[1-5局] 不讓分,252886470.1,和局,D,,5.65,20,93,D,,
2026-07-18,2026-07-18T13:55:23,台灣運彩,824979,3478484.1,141,2026-07-19T10:05:00+08:00,華盛頓國民,運動家,華盛頓國民 @ 運動家,51459717.1,378,[1-5局] 大小 5.5,252886453.1,大 5.5,A,5.5,1.56,25,14,A,5.5,
2026-07-18,2026-07-18T13:55:23,台灣運彩,824979,3478484.1,141,2026-07-19T10:05:00+08:00,華盛頓國民,運動家,華盛頓國民 @ 運動家,51459717.1,378,[1-5局] 大小 5.5,252886452.1,小 5.5,H,5.5,1.78,50,39,H,5.5,
2026-07-18,2026-07-18T13:55:23,台灣運彩,824979,3478484.1,141,2026-07-19T10:05:00+08:00,華盛頓國民,運動家,華盛頓國民 @ 運動家,51459718.1,379,[1-5局] 運動家 大小 2.5,252886455.1,大 2.5,A,2.5,1.56,25,14,A,2.5,
2026-07-18,2026-07-18T13:55:23,台灣運彩,824979,3478484.1,141,2026-07-19T10:05:00+08:00,華盛頓國民,運動家,華盛頓國民 @ 運動家,51459718.1,379,[1-5局] 運動家 大小 2.5,252886454.1,小 2.5,H,2.5,1.88,25,22,H,2.5,
2026-07-18,2026-07-18T13:55:23,台灣運彩,824979,3478484.1,141,2026-07-19T10:05:00+08:00,華盛頓國民,運動家,華盛頓國民 @ 運動家,51459726.1,380,[1-5局] 華盛頓國民 大小 2.5,252886473.1,大 2.5,A,2.5,1.75,4,3,A,2.5,
2026-07-18,2026-07-18T13:55:23,台灣運彩,824979,3478484.1,141,2026-07-19T10:05:00+08:00,華盛頓國民,運動家,華盛頓國民 @ 運動家,51459726.1,380,[1-5局] 華盛頓國民 大小 2.5,252886472.1,小 2.5,H,2.5,1.68,25,17,H,2.5,
2026-07-18,2026-07-18T13:55:23,台灣運彩,824979,3478484.1,141,2026-07-19T10:05:00+08:00,華盛頓國民,運動家,華盛頓國民 @ 運動家,51459724.1,389,[第1局] 不讓分,252886466.1,運動家,H,,2.55,20,31,H,,1
2026-07-18,2026-07-18T13:55:23,台灣運彩,824979,3478484.1,141,2026-07-19T10:05:00+08:00,華盛頓國民,運動家,華盛頓國民 @ 運動家,51459724.1,389,[第1局] 不讓分,252886468.1,華盛頓國民,A,,3.00,1,2,A,,2
2026-07-18,2026-07-18T13:55:23,台灣運彩,824979,3478484.1,141,2026-07-19T10:05:00+08:00,華盛頓國民,運動家,華盛頓國民 @ 運動家,51459724.1,389,[第1局] 不讓分,252886467.1,和局,D,,1.75,4,3,D,,
2026-07-18,2026-07-18T13:55:23,台灣運彩,824979,3478484.1,141,2026-07-19T10:05:00+08:00,華盛頓國民,運動家,華盛頓國民 @ 運動家,51459721.1,398,[第1局] 大小 0.5,252886461.1,大 0.5,A,0.5,1.48,25,12,A,0.5,
2026-07-18,2026-07-18T13:55:23,台灣運彩,824979,3478484.1,141,2026-07-19T10:05:00+08:00,華盛頓國民,運動家,華盛頓國民 @ 運動家,51459721.1,398,[第1局] 大小 0.5,252886460.1,小 0.5,H,0.5,1.90,10,9,H,0.5,
2026-07-18,2026-07-18T13:55:23,台灣運彩,824008,3478485.1,143,2026-07-19T10:07:00+08:00,底特律老虎,洛杉磯天使,底特律老虎 @ 洛杉磯天使,51459741.1,354,不讓分,252886516.1,洛杉磯天使,H,,2.20,5,6,H,,1
2026-07-18,2026-07-18T13:55:23,台灣運彩,824008,3478485.1,143,2026-07-19T10:07:00+08:00,底特律老虎,洛杉磯天使,底特律老虎 @ 洛杉磯天使,51459741.1,354,不讓分,252886517.1,底特律老虎,A,,1.42,50,21,A,,2
2026-07-18,2026-07-18T13:55:23,台灣運彩,824008,3478485.1,143,2026-07-19T10:07:00+08:00,底特律老虎,洛杉磯天使,底特律老虎 @ 洛杉磯天使,51459745.1,357,勝分差,252886528.1,底特律老虎 1 分,A,,5.05,20,81,A,,
2026-07-18,2026-07-18T13:55:23,台灣運彩,824008,3478485.1,143,2026-07-19T10:07:00+08:00,底特律老虎,洛杉磯天使,底特律老虎 @ 洛杉磯天使,51459745.1,357,勝分差,252886529.1,底特律老虎 2 分,A,,6.00,1,5,A,,
2026-07-18,2026-07-18T13:55:23,台灣運彩,824008,3478485.1,143,2026-07-19T10:07:00+08:00,底特律老虎,洛杉磯天使,底特律老虎 @ 洛杉磯天使,51459745.1,357,勝分差,252886530.1,底特律老虎 > 2分,A,,1.90,10,9,A,,
2026-07-18,2026-07-18T13:55:23,台灣運彩,824008,3478485.1,143,2026-07-19T10:07:00+08:00,底特律老虎,洛杉磯天使,底特律老虎 @ 洛杉磯天使,51459745.1,357,勝分差,252886525.1,洛杉磯天使 1 分,H,,4.50,2,7,H,,
2026-07-18,2026-07-18T13:55:23,台灣運彩,824008,3478485.1,143,2026-07-19T10:07:00+08:00,底特律老虎,洛杉磯天使,底特律老虎 @ 洛杉磯天使,51459745.1,357,勝分差,252886526.1,洛杉磯天使 2 分,H,,9.25,4,33,H,,
2026-07-18,2026-07-18T13:55:23,台灣運彩,824008,3478485.1,143,2026-07-19T10:07:00+08:00,底特律老虎,洛杉磯天使,底特律老虎 @ 洛杉磯天使,51459745.1,357,勝分差,252886527.1,洛杉磯天使 > 2分,H,,4.45,20,69,H,,
2026-07-18,2026-07-18T13:55:23,台灣運彩,824008,3478485.1,143,2026-07-19T10:07:00+08:00,底特律老虎,洛杉磯天使,底特律老虎 @ 洛杉磯天使,51459743.1,358,讓分 1.5,252886520.1,洛杉磯天使 +1.5,H,1.5,1.82,50,41,H,1.5,1
2026-07-18,2026-07-18T13:55:23,台灣運彩,824008,3478485.1,143,2026-07-19T10:07:00+08:00,底特律老虎,洛杉磯天使,底特律老虎 @ 洛杉磯天使,51459743.1,358,讓分 1.5,252886521.1,底特律老虎 -1.5,A,1.5,1.68,25,17,A,1.5,2
2026-07-18,2026-07-18T13:55:23,台灣運彩,824008,3478485.1,143,2026-07-19T10:07:00+08:00,底特律老虎,洛杉磯天使,底特律老虎 @ 洛杉磯天使,51459742.1,360,[總分]大小 8.5,252886519.1,大 8.5,A,8.5,1.85,20,17,A,8.5,
2026-07-18,2026-07-18T13:55:23,台灣運彩,824008,3478485.1,143,2026-07-19T10:07:00+08:00,底特律老虎,洛杉磯天使,底特律老虎 @ 洛杉磯天使,51459742.1,360,[總分]大小 8.5,252886518.1,小 8.5,H,8.5,1.65,20,13,H,8.5,
2026-07-18,2026-07-18T13:55:23,台灣運彩,824008,3478485.1,143,2026-07-19T10:07:00+08:00,底特律老虎,洛杉磯天使,底特律老虎 @ 洛杉磯天使,51459782.1,362,洛杉磯天使 大小 3.5,252886633.1,大 3.5,A,3.5,1.94,50,47,A,3.5,
2026-07-18,2026-07-18T13:55:23,台灣運彩,824008,3478485.1,143,2026-07-19T10:07:00+08:00,底特律老虎,洛杉磯天使,底特律老虎 @ 洛杉磯天使,51459782.1,362,洛杉磯天使 大小 3.5,252886632.1,小 3.5,H,3.5,1.52,25,13,H,3.5,
2026-07-18,2026-07-18T13:55:23,台灣運彩,824008,3478485.1,143,2026-07-19T10:07:00+08:00,底特律老虎,洛杉磯天使,底特律老虎 @ 洛杉磯天使,51459738.1,363,底特律老虎 大小 4.5,252886510.1,大 4.5,A,4.5,1.66,50,33,A,4.5,
2026-07-18,2026-07-18T13:55:23,台灣運彩,824008,3478485.1,143,2026-07-19T10:07:00+08:00,底特律老虎,洛杉磯天使,底特律老虎 @ 洛杉磯天使,51459738.1,363,底特律老虎 大小 4.5,252886509.1,小 4.5,H,4.5,1.76,25,19,H,4.5,
2026-07-18,2026-07-18T13:55:23,台灣運彩,824008,3478485.1,143,2026-07-19T10:07:00+08:00,底特律老虎,洛杉磯天使,底特律老虎 @ 洛杉磯天使,51459734.1,366,[總分]單雙,252886502.1,單,,,1.45,20,9,,,
2026-07-18,2026-07-18T13:55:23,台灣運彩,824008,3478485.1,143,2026-07-19T10:07:00+08:00,底特律老虎,洛杉磯天使,底特律老虎 @ 洛杉磯天使,51459734.1,366,[總分]單雙,252886501.1,雙,,,1.95,20,19,,,
2026-07-18,2026-07-18T13:55:23,台灣運彩,824008,3478485.1,143,2026-07-19T10:07:00+08:00,底特律老虎,洛杉磯天使,底特律老虎 @ 洛杉磯天使,51459747.1,374,得分最高單局(不含延長賽),252886542.1,一樣多,,,2.30,10,13,,,
2026-07-18,2026-07-18T13:55:23,台灣運彩,824008,3478485.1,143,2026-07-19T10:07:00+08:00,底特律老虎,洛杉磯天使,底特律老虎 @ 洛杉磯天使,51459747.1,374,得分最高單局(不含延長賽),252886533.1,第1局,,,6.00,1,5,,,
2026-07-18,2026-07-18T13:55:23,台灣運彩,824008,3478485.1,143,2026-07-19T10:07:00+08:00,底特律老虎,洛杉磯天使,底特律老虎 @ 洛杉磯天使,51459747.1,374,得分最高單局(不含延長賽),252886534.1,第2局,,,6.75,4,23,,,
2026-07-18,2026-07-18T13:55:23,台灣運彩,824008,3478485.1,143,2026-07-19T10:07:00+08:00,底特律老虎,洛杉磯天使,底特律老虎 @ 洛杉磯天使,51459747.1,374,得分最高單局(不含延長賽),252886535.1,第3局,,,6.25,4,21,,,
2026-07-18,2026-07-18T13:55:23,台灣運彩,824008,3478485.1,143,2026-07-19T10:07:00+08:00,底特律老虎,洛杉磯天使,底特律老虎 @ 洛杉磯天使,51459747.1,374,得分最高單局(不含延長賽),252886536.1,第4局,,,6.75,4,23,,,
2026-07-18,2026-07-18T13:55:23,台灣運彩,824008,3478485.1,143,2026-07-19T10:07:00+08:00,底特律老虎,洛杉磯天使,底特律老虎 @ 洛杉磯天使,51459747.1,374,得分最高單局(不含延長賽),252886537.1,第5局,,,4.00,1,3,,,
2026-07-18,2026-07-18T13:55:23,台灣運彩,824008,3478485.1,143,2026-07-19T10:07:00+08:00,底特律老虎,洛杉磯天使,底特律老虎 @ 洛杉磯天使,51459747.1,374,得分最高單局(不含延長賽),252886538.1,第6局,,,6.25,4,21,,,
2026-07-18,2026-07-18T13:55:23,台灣運彩,824008,3478485.1,143,2026-07-19T10:07:00+08:00,底特律老虎,洛杉磯天使,底特律老虎 @ 洛杉磯天使,51459747.1,374,得分最高單局(不含延長賽),252886539.1,第7局,,,6.25,4,21,,,
2026-07-18,2026-07-18T13:55:23,台灣運彩,824008,3478485.1,143,2026-07-19T10:07:00+08:00,底特律老虎,洛杉磯天使,底特律老虎 @ 洛杉磯天使,51459747.1,374,得分最高單局(不含延長賽),252886540.1,第8局,,,6.25,4,21,,,
2026-07-18,2026-07-18T13:55:23,台灣運彩,824008,3478485.1,143,2026-07-19T10:07:00+08:00,底特律老虎,洛杉磯天使,底特律老虎 @ 洛杉磯天使,51459747.1,374,得分最高單局(不含延長賽),252886541.1,第9局,,,8.00,1,7,,,
2026-07-18,2026-07-18T13:55:23,台灣運彩,824008,3478485.1,143,2026-07-19T10:07:00+08:00,底特律老虎,洛杉磯天使,底特律老虎 @ 洛杉磯天使,51459744.1,376,[1-5局] 不讓分,252886522.1,洛杉磯天使,H,,2.35,20,27,H,,1
2026-07-18,2026-07-18T13:55:23,台灣運彩,824008,3478485.1,143,2026-07-19T10:07:00+08:00,底特律老虎,洛杉磯天使,底特律老虎 @ 洛杉磯天使,51459744.1,376,[1-5局] 不讓分,252886524.1,底特律老虎,A,,1.55,20,11,A,,2
2026-07-18,2026-07-18T13:55:23,台灣運彩,824008,3478485.1,143,2026-07-19T10:07:00+08:00,底特律老虎,洛杉磯天使,底特律老虎 @ 洛杉磯天使,51459744.1,376,[1-5局] 不讓分,252886523.1,和局,D,,4.50,2,7,D,,
2026-07-18,2026-07-18T13:55:23,台灣運彩,824008,3478485.1,143,2026-07-19T10:07:00+08:00,底特律老虎,洛杉磯天使,底特律老虎 @ 洛杉磯天使,51459739.1,378,[1-5局] 大小 4.5,252886512.1,大 4.5,A,4.5,1.78,50,39,A,4.5,
2026-07-18,2026-07-18T13:55:23,台灣運彩,824008,3478485.1,143,2026-07-19T10:07:00+08:00,底特律老虎,洛杉磯天使,底特律老虎 @ 洛杉磯天使,51459739.1,378,[1-5局] 大小 4.5,252886511.1,小 4.5,H,4.5,1.56,25,14,H,4.5,
2026-07-18,2026-07-18T13:55:23,台灣運彩,824008,3478485.1,143,2026-07-19T10:07:00+08:00,底特律老虎,洛杉磯天使,底特律老虎 @ 洛杉磯天使,51459735.1,379,[1-5局] 洛杉磯天使 大小 1.5,252886504.1,大 1.5,A,1.5,1.85,20,17,A,1.5,
2026-07-18,2026-07-18T13:55:23,台灣運彩,824008,3478485.1,143,2026-07-19T10:07:00+08:00,底特律老虎,洛杉磯天使,底特律老虎 @ 洛杉磯天使,51459735.1,379,[1-5局] 洛杉磯天使 大小 1.5,252886503.1,小 1.5,H,1.5,1.60,5,3,H,1.5,
2026-07-18,2026-07-18T13:55:23,台灣運彩,824008,3478485.1,143,2026-07-19T10:07:00+08:00,底特律老虎,洛杉磯天使,底特律老虎 @ 洛杉磯天使,51459746.1,380,[1-5局] 底特律老虎 大小 2.5,252886532.1,大 2.5,A,2.5,1.82,50,41,A,2.5,
2026-07-18,2026-07-18T13:55:23,台灣運彩,824008,3478485.1,143,2026-07-19T10:07:00+08:00,底特律老虎,洛杉磯天使,底特律老虎 @ 洛杉磯天使,51459746.1,380,[1-5局] 底特律老虎 大小 2.5,252886531.1,小 2.5,H,2.5,1.62,50,31,H,2.5,
2026-07-18,2026-07-18T13:55:23,台灣運彩,824008,3478485.1,143,2026-07-19T10:07:00+08:00,底特律老虎,洛杉磯天使,底特律老虎 @ 洛杉磯天使,51459740.1,389,[第1局] 不讓分,252886513.1,洛杉磯天使,H,,3.90,10,29,H,,1
2026-07-18,2026-07-18T13:55:23,台灣運彩,824008,3478485.1,143,2026-07-19T10:07:00+08:00,底特律老虎,洛杉磯天使,底特律老虎 @ 洛杉磯天使,51459740.1,389,[第1局] 不讓分,252886515.1,底特律老虎,A,,2.65,20,33,A,,2
2026-07-18,2026-07-18T13:55:23,台灣運彩,824008,3478485.1,143,2026-07-19T10:07:00+08:00,底特律老虎,洛杉磯天使,底特律老虎 @ 洛杉磯天使,51459740.1,389,[第1局] 不讓分,252886514.1,和局,D,,1.50,2,1,D,,
2026-07-18,2026-07-18T13:55:23,台灣運彩,824008,3478485.1,143,2026-07-19T10:07:00+08:00,底特律老虎,洛杉磯天使,底特律老虎 @ 洛杉磯天使,51459737.1,398,[第1局] 大小 0.5,252886508.1,大 0.5,A,0.5,1.75,4,3,A,0.5,
2026-07-18,2026-07-18T13:55:23,台灣運彩,824008,3478485.1,143,2026-07-19T10:07:00+08:00,底特律老虎,洛杉磯天使,底特律老虎 @ 洛杉磯天使,51459737.1,398,[第1局] 大小 0.5,252886507.1,小 0.5,H,0.5,1.58,50,29,H,0.5,
