date,captured_at_tw,sportsbook,game_pk,official_event_id,event_no,kickoff_tw,away_zh,home_zh,matchup_zh,market_id,market_ti,market_name,selection_id,selection_name,selection_side,selection_line,odds_decimal,pd,pu,raw_v,raw_hv,raw_cn
2026-07-23,2026-07-23T00:03:14,台灣運彩,,3478954.1,102,2026-07-23T01:05:00+08:00,匹茲堡海盜,紐約洋基,匹茲堡海盜 @ 紐約洋基,51469278.1,354,不讓分,252914314.1,紐約洋基,H,,1.32,25,8,H,,1
2026-07-23,2026-07-23T00:03:14,台灣運彩,,3478954.1,102,2026-07-23T01:05:00+08:00,匹茲堡海盜,紐約洋基,匹茲堡海盜 @ 紐約洋基,51469278.1,354,不讓分,252914315.1,匹茲堡海盜,A,,2.50,2,3,A,,2
2026-07-23,2026-07-23T00:03:14,台灣運彩,,3478954.1,102,2026-07-23T01:05:00+08:00,匹茲堡海盜,紐約洋基,匹茲堡海盜 @ 紐約洋基,51469289.1,357,勝分差,252914339.1,匹茲堡海盜 1 分,A,,7.00,1,6,A,,
2026-07-23,2026-07-23T00:03:14,台灣運彩,,3478954.1,102,2026-07-23T01:05:00+08:00,匹茲堡海盜,紐約洋基,匹茲堡海盜 @ 紐約洋基,51469289.1,357,勝分差,252914340.1,匹茲堡海盜 2 分,A,,9.75,4,35,A,,
2026-07-23,2026-07-23T00:03:14,台灣運彩,,3478954.1,102,2026-07-23T01:05:00+08:00,匹茲堡海盜,紐約洋基,匹茲堡海盜 @ 紐約洋基,51469289.1,357,勝分差,252914341.1,匹茲堡海盜 > 2分,A,,4.05,20,61,A,,
2026-07-23,2026-07-23T00:03:14,台灣運彩,,3478954.1,102,2026-07-23T01:05:00+08:00,匹茲堡海盜,紐約洋基,匹茲堡海盜 @ 紐約洋基,51469289.1,357,勝分差,252914336.1,紐約洋基 1 分,H,,4.05,20,61,H,,
2026-07-23,2026-07-23T00:03:14,台灣運彩,,3478954.1,102,2026-07-23T01:05:00+08:00,匹茲堡海盜,紐約洋基,匹茲堡海盜 @ 紐約洋基,51469289.1,357,勝分差,252914337.1,紐約洋基 2 分,H,,6.25,4,21,H,,
2026-07-23,2026-07-23T00:03:14,台灣運彩,,3478954.1,102,2026-07-23T01:05:00+08:00,匹茲堡海盜,紐約洋基,匹茲堡海盜 @ 紐約洋基,51469289.1,357,勝分差,252914338.1,紐約洋基 > 2分,H,,1.80,5,4,H,,
2026-07-23,2026-07-23T00:03:14,台灣運彩,,3478954.1,102,2026-07-23T01:05:00+08:00,匹茲堡海盜,紐約洋基,匹茲堡海盜 @ 紐約洋基,51469281.1,358,讓分 -1.5,252914320.1,紐約洋基 -1.5,H,-1.5,1.68,25,17,H,-1.5,1
2026-07-23,2026-07-23T00:03:14,台灣運彩,,3478954.1,102,2026-07-23T01:05:00+08:00,匹茲堡海盜,紐約洋基,匹茲堡海盜 @ 紐約洋基,51469281.1,358,讓分 -1.5,252914321.1,匹茲堡海盜 +1.5,A,-1.5,1.82,50,41,A,-1.5,2
2026-07-23,2026-07-23T00:03:14,台灣運彩,,3478954.1,102,2026-07-23T01:05:00+08:00,匹茲堡海盜,紐約洋基,匹茲堡海盜 @ 紐約洋基,51469286.1,358,讓分 -2.5,252914330.1,紐約洋基 -2.5,H,-2.5,1.98,50,49,H,-2.5,1
2026-07-23,2026-07-23T00:03:14,台灣運彩,,3478954.1,102,2026-07-23T01:05:00+08:00,匹茲堡海盜,紐約洋基,匹茲堡海盜 @ 紐約洋基,51469286.1,358,讓分 -2.5,252914331.1,匹茲堡海盜 +2.5,A,-2.5,1.52,25,13,A,-2.5,2
2026-07-23,2026-07-23T00:03:14,台灣運彩,,3478954.1,102,2026-07-23T01:05:00+08:00,匹茲堡海盜,紐約洋基,匹茲堡海盜 @ 紐約洋基,51469284.1,360,[總分]大小 9.5,252914327.1,大 9.5,A,9.5,1.80,5,4,A,9.5,
2026-07-23,2026-07-23T00:03:14,台灣運彩,,3478954.1,102,2026-07-23T01:05:00+08:00,匹茲堡海盜,紐約洋基,匹茲堡海盜 @ 紐約洋基,51469284.1,360,[總分]大小 9.5,252914326.1,小 9.5,H,9.5,1.70,10,7,H,9.5,
2026-07-23,2026-07-23T00:03:14,台灣運彩,,3478954.1,102,2026-07-23T01:05:00+08:00,匹茲堡海盜,紐約洋基,匹茲堡海盜 @ 紐約洋基,51469285.1,360,[總分]大小 10.5,252914329.1,大 10.5,A,10.5,2.00,1,1,A,10.5,
2026-07-23,2026-07-23T00:03:14,台灣運彩,,3478954.1,102,2026-07-23T01:05:00+08:00,匹茲堡海盜,紐約洋基,匹茲堡海盜 @ 紐約洋基,51469285.1,360,[總分]大小 10.5,252914328.1,小 10.5,H,10.5,1.50,2,1,H,10.5,
2026-07-23,2026-07-23T00:03:14,台灣運彩,,3478954.1,102,2026-07-23T01:05:00+08:00,匹茲堡海盜,紐約洋基,匹茲堡海盜 @ 紐約洋基,51469288.1,360,[總分]大小 8.5,252914335.1,大 8.5,A,8.5,1.50,2,1,A,8.5,
2026-07-23,2026-07-23T00:03:14,台灣運彩,,3478954.1,102,2026-07-23T01:05:00+08:00,匹茲堡海盜,紐約洋基,匹茲堡海盜 @ 紐約洋基,51469288.1,360,[總分]大小 8.5,252914334.1,小 8.5,H,8.5,2.00,1,1,H,8.5,
2026-07-23,2026-07-23T00:03:14,台灣運彩,,3478954.1,102,2026-07-23T01:05:00+08:00,匹茲堡海盜,紐約洋基,匹茲堡海盜 @ 紐約洋基,51469282.1,362,紐約洋基 大小 5.5,252914323.1,大 5.5,A,5.5,1.75,4,3,A,5.5,
2026-07-23,2026-07-23T00:03:14,台灣運彩,,3478954.1,102,2026-07-23T01:05:00+08:00,匹茲堡海盜,紐約洋基,匹茲堡海盜 @ 紐約洋基,51469282.1,362,紐約洋基 大小 5.5,252914322.1,小 5.5,H,5.5,1.68,25,17,H,5.5,
2026-07-23,2026-07-23T00:03:14,台灣運彩,,3478954.1,102,2026-07-23T01:05:00+08:00,匹茲堡海盜,紐約洋基,匹茲堡海盜 @ 紐約洋基,51469283.1,363,匹茲堡海盜 大小 3.5,252914325.1,大 3.5,A,3.5,1.73,100,73,A,3.5,
2026-07-23,2026-07-23T00:03:14,台灣運彩,,3478954.1,102,2026-07-23T01:05:00+08:00,匹茲堡海盜,紐約洋基,匹茲堡海盜 @ 紐約洋基,51469283.1,363,匹茲堡海盜 大小 3.5,252914324.1,小 3.5,H,3.5,1.70,10,7,H,3.5,
2026-07-23,2026-07-23T00:03:14,台灣運彩,,3478954.1,102,2026-07-23T01:05:00+08:00,匹茲堡海盜,紐約洋基,匹茲堡海盜 @ 紐約洋基,51469280.1,366,[總分]單雙,252914319.1,單,,,1.50,2,1,,,
2026-07-23,2026-07-23T00:03:14,台灣運彩,,3478954.1,102,2026-07-23T01:05:00+08:00,匹茲堡海盜,紐約洋基,匹茲堡海盜 @ 紐約洋基,51469280.1,366,[總分]單雙,252914318.1,雙,,,1.96,25,24,,,
2026-07-23,2026-07-23T00:03:14,台灣運彩,,3478954.1,102,2026-07-23T01:05:00+08:00,匹茲堡海盜,紐約洋基,匹茲堡海盜 @ 紐約洋基,51470909.1,374,得分最高單局(不含延長賽),252920993.1,一樣多,,,2.30,10,13,,,
2026-07-23,2026-07-23T00:03:14,台灣運彩,,3478954.1,102,2026-07-23T01:05:00+08:00,匹茲堡海盜,紐約洋基,匹茲堡海盜 @ 紐約洋基,51470909.1,374,得分最高單局(不含延長賽),252920984.1,第1局,,,5.35,20,87,,,
2026-07-23,2026-07-23T00:03:14,台灣運彩,,3478954.1,102,2026-07-23T01:05:00+08:00,匹茲堡海盜,紐約洋基,匹茲堡海盜 @ 紐約洋基,51470909.1,374,得分最高單局(不含延長賽),252920985.1,第2局,,,6.50,2,11,,,
2026-07-23,2026-07-23T00:03:14,台灣運彩,,3478954.1,102,2026-07-23T01:05:00+08:00,匹茲堡海盜,紐約洋基,匹茲堡海盜 @ 紐約洋基,51470909.1,374,得分最高單局(不含延長賽),252920986.1,第3局,,,5.60,5,23,,,
2026-07-23,2026-07-23T00:03:14,台灣運彩,,3478954.1,102,2026-07-23T01:05:00+08:00,匹茲堡海盜,紐約洋基,匹茲堡海盜 @ 紐約洋基,51470909.1,374,得分最高單局(不含延長賽),252920987.1,第4局,,,6.25,4,21,,,
2026-07-23,2026-07-23T00:03:14,台灣運彩,,3478954.1,102,2026-07-23T01:05:00+08:00,匹茲堡海盜,紐約洋基,匹茲堡海盜 @ 紐約洋基,51470909.1,374,得分最高單局(不含延長賽),252920988.1,第5局,,,5.90,10,49,,,
2026-07-23,2026-07-23T00:03:14,台灣運彩,,3478954.1,102,2026-07-23T01:05:00+08:00,匹茲堡海盜,紐約洋基,匹茲堡海盜 @ 紐約洋基,51470909.1,374,得分最高單局(不含延長賽),252920989.1,第6局,,,5.70,10,47,,,
2026-07-23,2026-07-23T00:03:14,台灣運彩,,3478954.1,102,2026-07-23T01:05:00+08:00,匹茲堡海盜,紐約洋基,匹茲堡海盜 @ 紐約洋基,51470909.1,374,得分最高單局(不含延長賽),252920990.1,第7局,,,5.70,10,47,,,
2026-07-23,2026-07-23T00:03:14,台灣運彩,,3478954.1,102,2026-07-23T01:05:00+08:00,匹茲堡海盜,紐約洋基,匹茲堡海盜 @ 紐約洋基,51470909.1,374,得分最高單局(不含延長賽),252920991.1,第8局,,,5.60,5,23,,,
2026-07-23,2026-07-23T00:03:14,台灣運彩,,3478954.1,102,2026-07-23T01:05:00+08:00,匹茲堡海盜,紐約洋基,匹茲堡海盜 @ 紐約洋基,51470909.1,374,得分最高單局(不含延長賽),252920992.1,第9局,,,8.00,1,7,,,
2026-07-23,2026-07-23T00:03:14,台灣運彩,,3478954.1,102,2026-07-23T01:05:00+08:00,匹茲堡海盜,紐約洋基,匹茲堡海盜 @ 紐約洋基,51470907.1,376,[1-5局] 不讓分,252920979.1,紐約洋基,H,,1.40,5,2,H,,1
2026-07-23,2026-07-23T00:03:14,台灣運彩,,3478954.1,102,2026-07-23T01:05:00+08:00,匹茲堡海盜,紐約洋基,匹茲堡海盜 @ 紐約洋基,51470907.1,376,[1-5局] 不讓分,252920981.1,匹茲堡海盜,A,,2.55,20,31,A,,2
2026-07-23,2026-07-23T00:03:14,台灣運彩,,3478954.1,102,2026-07-23T01:05:00+08:00,匹茲堡海盜,紐約洋基,匹茲堡海盜 @ 紐約洋基,51470907.1,376,[1-5局] 不讓分,252920980.1,和局,D,,5.25,4,17,D,,
2026-07-23,2026-07-23T00:03:14,台灣運彩,,3478954.1,102,2026-07-23T01:05:00+08:00,匹茲堡海盜,紐約洋基,匹茲堡海盜 @ 紐約洋基,51470905.1,378,[1-5局] 大小 5.5,252920975.1,大 5.5,A,5.5,1.80,5,4,A,5.5,
2026-07-23,2026-07-23T00:03:14,台灣運彩,,3478954.1,102,2026-07-23T01:05:00+08:00,匹茲堡海盜,紐約洋基,匹茲堡海盜 @ 紐約洋基,51470905.1,378,[1-5局] 大小 5.5,252920974.1,小 5.5,H,5.5,1.55,20,11,H,5.5,
2026-07-23,2026-07-23T00:03:14,台灣運彩,,3478954.1,102,2026-07-23T01:05:00+08:00,匹茲堡海盜,紐約洋基,匹茲堡海盜 @ 紐約洋基,51470903.1,379,[1-5局] 紐約洋基 大小 2.5,252920971.1,大 2.5,A,2.5,1.53,100,53,A,2.5,
2026-07-23,2026-07-23T00:03:14,台灣運彩,,3478954.1,102,2026-07-23T01:05:00+08:00,匹茲堡海盜,紐約洋基,匹茲堡海盜 @ 紐約洋基,51470903.1,379,[1-5局] 紐約洋基 大小 2.5,252920970.1,小 2.5,H,2.5,1.93,100,93,H,2.5,
2026-07-23,2026-07-23T00:03:14,台灣運彩,,3478954.1,102,2026-07-23T01:05:00+08:00,匹茲堡海盜,紐約洋基,匹茲堡海盜 @ 紐約洋基,51470904.1,380,[1-5局] 匹茲堡海盜 大小 1.5,252920973.1,大 1.5,A,1.5,1.70,10,7,A,1.5,
2026-07-23,2026-07-23T00:03:14,台灣運彩,,3478954.1,102,2026-07-23T01:05:00+08:00,匹茲堡海盜,紐約洋基,匹茲堡海盜 @ 紐約洋基,51470904.1,380,[1-5局] 匹茲堡海盜 大小 1.5,252920972.1,小 1.5,H,1.5,1.73,100,73,H,1.5,
2026-07-23,2026-07-23T00:03:14,台灣運彩,,3478954.1,102,2026-07-23T01:05:00+08:00,匹茲堡海盜,紐約洋基,匹茲堡海盜 @ 紐約洋基,51470906.1,389,[第1局] 不讓分,252920976.1,紐約洋基,H,,2.30,10,13,H,,1
2026-07-23,2026-07-23T00:03:14,台灣運彩,,3478954.1,102,2026-07-23T01:05:00+08:00,匹茲堡海盜,紐約洋基,匹茲堡海盜 @ 紐約洋基,51470906.1,389,[第1局] 不讓分,252920978.1,匹茲堡海盜,A,,4.05,20,61,A,,2
2026-07-23,2026-07-23T00:03:14,台灣運彩,,3478954.1,102,2026-07-23T01:05:00+08:00,匹茲堡海盜,紐約洋基,匹茲堡海盜 @ 紐約洋基,51470906.1,389,[第1局] 不讓分,252920977.1,和局,D,,1.60,5,3,D,,
2026-07-23,2026-07-23T00:03:14,台灣運彩,,3478954.1,102,2026-07-23T01:05:00+08:00,匹茲堡海盜,紐約洋基,匹茲堡海盜 @ 紐約洋基,51470908.1,398,[第1局] 大小 0.5,252920983.1,大 0.5,A,0.5,1.58,50,29,A,0.5,
2026-07-23,2026-07-23T00:03:14,台灣運彩,,3478954.1,102,2026-07-23T01:05:00+08:00,匹茲堡海盜,紐約洋基,匹茲堡海盜 @ 紐約洋基,51470908.1,398,[第1局] 大小 0.5,252920982.1,小 0.5,H,0.5,1.75,4,3,H,0.5,
2026-07-23,2026-07-23T00:03:14,台灣運彩,,3478984.1,131,2026-07-23T01:35:00+08:00,巴爾的摩金鶯,波士頓紅襪,巴爾的摩金鶯 @ 波士頓紅襪,51469708.1,354,不讓分,252915490.1,波士頓紅襪,H,,1.43,100,43,H,,1
2026-07-23,2026-07-23T00:03:14,台灣運彩,,3478984.1,131,2026-07-23T01:35:00+08:00,巴爾的摩金鶯,波士頓紅襪,巴爾的摩金鶯 @ 波士頓紅襪,51469708.1,354,不讓分,252915491.1,巴爾的摩金鶯,A,,2.15,20,23,A,,2
2026-07-23,2026-07-23T00:03:14,台灣運彩,,3478984.1,131,2026-07-23T01:35:00+08:00,巴爾的摩金鶯,波士頓紅襪,巴爾的摩金鶯 @ 波士頓紅襪,51470810.1,357,勝分差,252920755.1,巴爾的摩金鶯 1 分,A,,6.50,2,11,A,,
2026-07-23,2026-07-23T00:03:14,台灣運彩,,3478984.1,131,2026-07-23T01:35:00+08:00,巴爾的摩金鶯,波士頓紅襪,巴爾的摩金鶯 @ 波士頓紅襪,51470810.1,357,勝分差,252920756.1,巴爾的摩金鶯 2 分,A,,8.75,4,31,A,,
2026-07-23,2026-07-23T00:03:14,台灣運彩,,3478984.1,131,2026-07-23T01:35:00+08:00,巴爾的摩金鶯,波士頓紅襪,巴爾的摩金鶯 @ 波士頓紅襪,51470810.1,357,勝分差,252920757.1,巴爾的摩金鶯 > 2分,A,,3.30,10,23,A,,
2026-07-23,2026-07-23T00:03:14,台灣運彩,,3478984.1,131,2026-07-23T01:35:00+08:00,巴爾的摩金鶯,波士頓紅襪,巴爾的摩金鶯 @ 波士頓紅襪,51470810.1,357,勝分差,252920752.1,波士頓紅襪 1 分,H,,4.05,20,61,H,,
2026-07-23,2026-07-23T00:03:14,台灣運彩,,3478984.1,131,2026-07-23T01:35:00+08:00,巴爾的摩金鶯,波士頓紅襪,巴爾的摩金鶯 @ 波士頓紅襪,51470810.1,357,勝分差,252920753.1,波士頓紅襪 2 分,H,,6.75,4,23,H,,
2026-07-23,2026-07-23T00:03:14,台灣運彩,,3478984.1,131,2026-07-23T01:35:00+08:00,巴爾的摩金鶯,波士頓紅襪,巴爾的摩金鶯 @ 波士頓紅襪,51470810.1,357,勝分差,252920754.1,波士頓紅襪 > 2分,H,,2.05,20,21,H,,
2026-07-23,2026-07-23T00:03:14,台灣運彩,,3478984.1,131,2026-07-23T01:35:00+08:00,巴爾的摩金鶯,波士頓紅襪,巴爾的摩金鶯 @ 波士頓紅襪,51470799.1,358,讓分 -1.5,252920729.1,波士頓紅襪 -1.5,H,-1.5,1.88,25,22,H,-1.5,1
2026-07-23,2026-07-23T00:03:14,台灣運彩,,3478984.1,131,2026-07-23T01:35:00+08:00,巴爾的摩金鶯,波士頓紅襪,巴爾的摩金鶯 @ 波士頓紅襪,51470799.1,358,讓分 -1.5,252920730.1,巴爾的摩金鶯 +1.5,A,-1.5,1.62,50,31,A,-1.5,2
2026-07-23,2026-07-23T00:03:14,台灣運彩,,3478984.1,131,2026-07-23T01:35:00+08:00,巴爾的摩金鶯,波士頓紅襪,巴爾的摩金鶯 @ 波士頓紅襪,51470803.1,358,讓分 -2.5,252920737.1,波士頓紅襪 -2.5,H,-2.5,2.30,10,13,H,-2.5,1
2026-07-23,2026-07-23T00:03:14,台灣運彩,,3478984.1,131,2026-07-23T01:35:00+08:00,巴爾的摩金鶯,波士頓紅襪,巴爾的摩金鶯 @ 波士頓紅襪,51470803.1,358,讓分 -2.5,252920738.1,巴爾的摩金鶯 +2.5,A,-2.5,1.40,5,2,A,-2.5,2
2026-07-23,2026-07-23T00:03:14,台灣運彩,,3478984.1,131,2026-07-23T01:35:00+08:00,巴爾的摩金鶯,波士頓紅襪,巴爾的摩金鶯 @ 波士頓紅襪,51470796.1,360,[總分]大小 10.5,252920723.1,大 10.5,A,10.5,1.98,50,49,A,10.5,
2026-07-23,2026-07-23T00:03:14,台灣運彩,,3478984.1,131,2026-07-23T01:35:00+08:00,巴爾的摩金鶯,波士頓紅襪,巴爾的摩金鶯 @ 波士頓紅襪,51470796.1,360,[總分]大小 10.5,252920722.1,小 10.5,H,10.5,1.52,25,13,H,10.5,
2026-07-23,2026-07-23T00:03:14,台灣運彩,,3478984.1,131,2026-07-23T01:35:00+08:00,巴爾的摩金鶯,波士頓紅襪,巴爾的摩金鶯 @ 波士頓紅襪,51470801.1,360,[總分]大小 8.5,252920734.1,大 8.5,A,8.5,1.48,25,12,A,8.5,
2026-07-23,2026-07-23T00:03:14,台灣運彩,,3478984.1,131,2026-07-23T01:35:00+08:00,巴爾的摩金鶯,波士頓紅襪,巴爾的摩金鶯 @ 波士頓紅襪,51470801.1,360,[總分]大小 8.5,252920733.1,小 8.5,H,8.5,2.05,20,21,H,8.5,
2026-07-23,2026-07-23T00:03:14,台灣運彩,,3478984.1,131,2026-07-23T01:35:00+08:00,巴爾的摩金鶯,波士頓紅襪,巴爾的摩金鶯 @ 波士頓紅襪,51470802.1,360,[總分]大小 9.5,252920736.1,大 9.5,A,9.5,1.77,100,77,A,9.5,
2026-07-23,2026-07-23T00:03:14,台灣運彩,,3478984.1,131,2026-07-23T01:35:00+08:00,巴爾的摩金鶯,波士頓紅襪,巴爾的摩金鶯 @ 波士頓紅襪,51470802.1,360,[總分]大小 9.5,252920735.1,小 9.5,H,9.5,1.73,100,73,H,9.5,
2026-07-23,2026-07-23T00:03:14,台灣運彩,,3478984.1,131,2026-07-23T01:35:00+08:00,巴爾的摩金鶯,波士頓紅襪,巴爾的摩金鶯 @ 波士頓紅襪,51471279.1,362,波士頓紅襪 大小 5.5,252921905.1,大 5.5,A,5.5,1.86,50,43,A,5.5,
2026-07-23,2026-07-23T00:03:14,台灣運彩,,3478984.1,131,2026-07-23T01:35:00+08:00,巴爾的摩金鶯,波士頓紅襪,巴爾的摩金鶯 @ 波士頓紅襪,51471279.1,362,波士頓紅襪 大小 5.5,252921904.1,小 5.5,H,5.5,1.58,50,29,H,5.5,
2026-07-23,2026-07-23T00:03:14,台灣運彩,,3478984.1,131,2026-07-23T01:35:00+08:00,巴爾的摩金鶯,波士頓紅襪,巴爾的摩金鶯 @ 波士頓紅襪,51470800.1,363,巴爾的摩金鶯 大小 4.5,252920732.1,大 4.5,A,4.5,1.88,25,22,A,4.5,
2026-07-23,2026-07-23T00:03:14,台灣運彩,,3478984.1,131,2026-07-23T01:35:00+08:00,巴爾的摩金鶯,波士頓紅襪,巴爾的摩金鶯 @ 波士頓紅襪,51470800.1,363,巴爾的摩金鶯 大小 4.5,252920731.1,小 4.5,H,4.5,1.56,25,14,H,4.5,
2026-07-23,2026-07-23T00:03:14,台灣運彩,,3478984.1,131,2026-07-23T01:35:00+08:00,巴爾的摩金鶯,波士頓紅襪,巴爾的摩金鶯 @ 波士頓紅襪,51471185.1,363,巴爾的摩金鶯 大小 3.5,252921671.1,大 3.5,A,3.5,1.58,50,29,A,3.5,
2026-07-23,2026-07-23T00:03:14,台灣運彩,,3478984.1,131,2026-07-23T01:35:00+08:00,巴爾的摩金鶯,波士頓紅襪,巴爾的摩金鶯 @ 波士頓紅襪,51471185.1,363,巴爾的摩金鶯 大小 3.5,252921670.1,小 3.5,H,3.5,1.86,50,43,H,3.5,
2026-07-23,2026-07-23T00:03:14,台灣運彩,,3478984.1,131,2026-07-23T01:35:00+08:00,巴爾的摩金鶯,波士頓紅襪,巴爾的摩金鶯 @ 波士頓紅襪,51470795.1,366,[總分]單雙,252920721.1,單,,,1.50,2,1,,,
2026-07-23,2026-07-23T00:03:14,台灣運彩,,3478984.1,131,2026-07-23T01:35:00+08:00,巴爾的摩金鶯,波士頓紅襪,巴爾的摩金鶯 @ 波士頓紅襪,51470795.1,366,[總分]單雙,252920720.1,雙,,,1.96,25,24,,,
2026-07-23,2026-07-23T00:03:14,台灣運彩,,3478984.1,131,2026-07-23T01:35:00+08:00,巴爾的摩金鶯,波士頓紅襪,巴爾的摩金鶯 @ 波士頓紅襪,51470811.1,374,得分最高單局(不含延長賽),252920767.1,一樣多,,,2.30,10,13,,,
2026-07-23,2026-07-23T00:03:14,台灣運彩,,3478984.1,131,2026-07-23T01:35:00+08:00,巴爾的摩金鶯,波士頓紅襪,巴爾的摩金鶯 @ 波士頓紅襪,51470811.1,374,得分最高單局(不含延長賽),252920758.1,第1局,,,5.20,5,21,,,
2026-07-23,2026-07-23T00:03:14,台灣運彩,,3478984.1,131,2026-07-23T01:35:00+08:00,巴爾的摩金鶯,波士頓紅襪,巴爾的摩金鶯 @ 波士頓紅襪,51470811.1,374,得分最高單局(不含延長賽),252920759.1,第2局,,,6.25,4,21,,,
2026-07-23,2026-07-23T00:03:14,台灣運彩,,3478984.1,131,2026-07-23T01:35:00+08:00,巴爾的摩金鶯,波士頓紅襪,巴爾的摩金鶯 @ 波士頓紅襪,51470811.1,374,得分最高單局(不含延長賽),252920760.1,第3局,,,5.50,2,9,,,
2026-07-23,2026-07-23T00:03:14,台灣運彩,,3478984.1,131,2026-07-23T01:35:00+08:00,巴爾的摩金鶯,波士頓紅襪,巴爾的摩金鶯 @ 波士頓紅襪,51470811.1,374,得分最高單局(不含延長賽),252920761.1,第4局,,,6.25,4,21,,,
2026-07-23,2026-07-23T00:03:14,台灣運彩,,3478984.1,131,2026-07-23T01:35:00+08:00,巴爾的摩金鶯,波士頓紅襪,巴爾的摩金鶯 @ 波士頓紅襪,51470811.1,374,得分最高單局(不含延長賽),252920762.1,第5局,,,5.85,20,97,,,
2026-07-23,2026-07-23T00:03:14,台灣運彩,,3478984.1,131,2026-07-23T01:35:00+08:00,巴爾的摩金鶯,波士頓紅襪,巴爾的摩金鶯 @ 波士頓紅襪,51470811.1,374,得分最高單局(不含延長賽),252920763.1,第6局,,,5.90,10,49,,,
2026-07-23,2026-07-23T00:03:14,台灣運彩,,3478984.1,131,2026-07-23T01:35:00+08:00,巴爾的摩金鶯,波士頓紅襪,巴爾的摩金鶯 @ 波士頓紅襪,51470811.1,374,得分最高單局(不含延長賽),252920764.1,第7局,,,5.95,20,99,,,
2026-07-23,2026-07-23T00:03:14,台灣運彩,,3478984.1,131,2026-07-23T01:35:00+08:00,巴爾的摩金鶯,波士頓紅襪,巴爾的摩金鶯 @ 波士頓紅襪,51470811.1,374,得分最高單局(不含延長賽),252920765.1,第8局,,,5.90,10,49,,,
2026-07-23,2026-07-23T00:03:14,台灣運彩,,3478984.1,131,2026-07-23T01:35:00+08:00,巴爾的摩金鶯,波士頓紅襪,巴爾的摩金鶯 @ 波士頓紅襪,51470811.1,374,得分最高單局(不含延長賽),252920766.1,第9局,,,8.00,1,7,,,
2026-07-23,2026-07-23T00:03:14,台灣運彩,,3478984.1,131,2026-07-23T01:35:00+08:00,巴爾的摩金鶯,波士頓紅襪,巴爾的摩金鶯 @ 波士頓紅襪,51470798.1,376,[1-5局] 不讓分,252920726.1,波士頓紅襪,H,,1.55,20,11,H,,1
2026-07-23,2026-07-23T00:03:14,台灣運彩,,3478984.1,131,2026-07-23T01:35:00+08:00,巴爾的摩金鶯,波士頓紅襪,巴爾的摩金鶯 @ 波士頓紅襪,51470798.1,376,[1-5局] 不讓分,252920728.1,巴爾的摩金鶯,A,,2.20,5,6,A,,2
2026-07-23,2026-07-23T00:03:14,台灣運彩,,3478984.1,131,2026-07-23T01:35:00+08:00,巴爾的摩金鶯,波士頓紅襪,巴爾的摩金鶯 @ 波士頓紅襪,51470798.1,376,[1-5局] 不讓分,252920727.1,和局,D,,5.25,4,17,D,,
2026-07-23,2026-07-23T00:03:14,台灣運彩,,3478984.1,131,2026-07-23T01:35:00+08:00,巴爾的摩金鶯,波士頓紅襪,巴爾的摩金鶯 @ 波士頓紅襪,51471154.1,378,[1-5局] 大小 5.5,252921607.1,大 5.5,A,5.5,1.75,4,3,A,5.5,
2026-07-23,2026-07-23T00:03:14,台灣運彩,,3478984.1,131,2026-07-23T01:35:00+08:00,巴爾的摩金鶯,波士頓紅襪,巴爾的摩金鶯 @ 波士頓紅襪,51471154.1,378,[1-5局] 大小 5.5,252921606.1,小 5.5,H,5.5,1.58,50,29,H,5.5,
2026-07-23,2026-07-23T00:03:14,台灣運彩,,3478984.1,131,2026-07-23T01:35:00+08:00,巴爾的摩金鶯,波士頓紅襪,巴爾的摩金鶯 @ 波士頓紅襪,51470809.1,379,[1-5局] 波士頓紅襪 大小 2.5,252920751.1,大 2.5,A,2.5,1.60,5,3,A,2.5,
2026-07-23,2026-07-23T00:03:14,台灣運彩,,3478984.1,131,2026-07-23T01:35:00+08:00,巴爾的摩金鶯,波士頓紅襪,巴爾的摩金鶯 @ 波士頓紅襪,51470809.1,379,[1-5局] 波士頓紅襪 大小 2.5,252920750.1,小 2.5,H,2.5,1.85,20,17,H,2.5,
2026-07-23,2026-07-23T00:03:14,台灣運彩,,3478984.1,131,2026-07-23T01:35:00+08:00,巴爾的摩金鶯,波士頓紅襪,巴爾的摩金鶯 @ 波士頓紅襪,51470805.1,380,[1-5局] 巴爾的摩金鶯 大小 1.5,252920742.1,大 1.5,A,1.5,1.53,100,53,A,1.5,
2026-07-23,2026-07-23T00:03:14,台灣運彩,,3478984.1,131,2026-07-23T01:35:00+08:00,巴爾的摩金鶯,波士頓紅襪,巴爾的摩金鶯 @ 波士頓紅襪,51470805.1,380,[1-5局] 巴爾的摩金鶯 大小 1.5,252920741.1,小 1.5,H,1.5,1.93,100,93,H,1.5,
2026-07-23,2026-07-23T00:03:14,台灣運彩,,3478984.1,131,2026-07-23T01:35:00+08:00,巴爾的摩金鶯,波士頓紅襪,巴爾的摩金鶯 @ 波士頓紅襪,51470806.1,389,[第1局] 不讓分,252920743.1,波士頓紅襪,H,,2.45,20,29,H,,1
2026-07-23,2026-07-23T00:03:14,台灣運彩,,3478984.1,131,2026-07-23T01:35:00+08:00,巴爾的摩金鶯,波士頓紅襪,巴爾的摩金鶯 @ 波士頓紅襪,51470806.1,389,[第1局] 不讓分,252920745.1,巴爾的摩金鶯,A,,3.55,20,51,A,,2
2026-07-23,2026-07-23T00:03:14,台灣運彩,,3478984.1,131,2026-07-23T01:35:00+08:00,巴爾的摩金鶯,波士頓紅襪,巴爾的摩金鶯 @ 波士頓紅襪,51470806.1,389,[第1局] 不讓分,252920744.1,和局,D,,1.65,20,13,D,,
2026-07-23,2026-07-23T00:03:14,台灣運彩,,3478984.1,131,2026-07-23T01:35:00+08:00,巴爾的摩金鶯,波士頓紅襪,巴爾的摩金鶯 @ 波士頓紅襪,51470804.1,398,[第1局] 大小 0.5,252920740.1,大 0.5,A,0.5,1.58,50,29,A,0.5,
2026-07-23,2026-07-23T00:03:14,台灣運彩,,3478984.1,131,2026-07-23T01:35:00+08:00,巴爾的摩金鶯,波士頓紅襪,巴爾的摩金鶯 @ 波士頓紅襪,51470804.1,398,[第1局] 大小 0.5,252920739.1,小 0.5,H,0.5,1.75,4,3,H,0.5,
2026-07-23,2026-07-23T00:03:14,台灣運彩,,3478956.1,103,2026-07-23T02:10:00+08:00,紐約大都會,密爾瓦基釀酒人,紐約大都會 @ 密爾瓦基釀酒人,51469325.1,354,不讓分,252914436.1,密爾瓦基釀酒人,H,,1.45,20,9,H,,1
2026-07-23,2026-07-23T00:03:14,台灣運彩,,3478956.1,103,2026-07-23T02:10:00+08:00,紐約大都會,密爾瓦基釀酒人,紐約大都會 @ 密爾瓦基釀酒人,51469325.1,354,不讓分,252914437.1,紐約大都會,A,,2.10,10,11,A,,2
2026-07-23,2026-07-23T00:03:14,台灣運彩,,3478956.1,103,2026-07-23T02:10:00+08:00,紐約大都會,密爾瓦基釀酒人,紐約大都會 @ 密爾瓦基釀酒人,51469324.1,357,勝分差,252914430.1,密爾瓦基釀酒人 1 分,H,,3.75,4,11,H,,
2026-07-23,2026-07-23T00:03:14,台灣運彩,,3478956.1,103,2026-07-23T02:10:00+08:00,紐約大都會,密爾瓦基釀酒人,紐約大都會 @ 密爾瓦基釀酒人,51469324.1,357,勝分差,252914431.1,密爾瓦基釀酒人 2 分,H,,6.25,4,21,H,,
2026-07-23,2026-07-23T00:03:14,台灣運彩,,3478956.1,103,2026-07-23T02:10:00+08:00,紐約大都會,密爾瓦基釀酒人,紐約大都會 @ 密爾瓦基釀酒人,51469324.1,357,勝分差,252914432.1,密爾瓦基釀酒人 > 2分,H,,2.25,4,5,H,,
2026-07-23,2026-07-23T00:03:14,台灣運彩,,3478956.1,103,2026-07-23T02:10:00+08:00,紐約大都會,密爾瓦基釀酒人,紐約大都會 @ 密爾瓦基釀酒人,51469324.1,357,勝分差,252914433.1,紐約大都會 1 分,A,,5.65,20,93,A,,
2026-07-23,2026-07-23T00:03:14,台灣運彩,,3478956.1,103,2026-07-23T02:10:00+08:00,紐約大都會,密爾瓦基釀酒人,紐約大都會 @ 密爾瓦基釀酒人,51469324.1,357,勝分差,252914434.1,紐約大都會 2 分,A,,8.00,1,7,A,,
2026-07-23,2026-07-23T00:03:14,台灣運彩,,3478956.1,103,2026-07-23T02:10:00+08:00,紐約大都會,密爾瓦基釀酒人,紐約大都會 @ 密爾瓦基釀酒人,51469324.1,357,勝分差,252914435.1,紐約大都會 > 2分,A,,3.55,20,51,A,,
2026-07-23,2026-07-23T00:03:14,台灣運彩,,3478956.1,103,2026-07-23T02:10:00+08:00,紐約大都會,密爾瓦基釀酒人,紐約大都會 @ 密爾瓦基釀酒人,51469330.1,358,讓分 -1.5,252914446.1,密爾瓦基釀酒人 -1.5,H,-1.5,1.95,20,19,H,-1.5,1
2026-07-23,2026-07-23T00:03:14,台灣運彩,,3478956.1,103,2026-07-23T02:10:00+08:00,紐約大都會,密爾瓦基釀酒人,紐約大都會 @ 密爾瓦基釀酒人,51469330.1,358,讓分 -1.5,252914447.1,紐約大都會 +1.5,A,-1.5,1.55,20,11,A,-1.5,2
2026-07-23,2026-07-23T00:03:14,台灣運彩,,3478956.1,103,2026-07-23T02:10:00+08:00,紐約大都會,密爾瓦基釀酒人,紐約大都會 @ 密爾瓦基釀酒人,51469331.1,358,讓分 -2.5,252914448.1,密爾瓦基釀酒人 -2.5,H,-2.5,2.45,20,29,H,-2.5,1
2026-07-23,2026-07-23T00:03:14,台灣運彩,,3478956.1,103,2026-07-23T02:10:00+08:00,紐約大都會,密爾瓦基釀酒人,紐約大都會 @ 密爾瓦基釀酒人,51469331.1,358,讓分 -2.5,252914449.1,紐約大都會 +2.5,A,-2.5,1.35,20,7,A,-2.5,2
2026-07-23,2026-07-23T00:03:14,台灣運彩,,3478956.1,103,2026-07-23T02:10:00+08:00,紐約大都會,密爾瓦基釀酒人,紐約大都會 @ 密爾瓦基釀酒人,51469326.1,360,[總分]大小 7.5,252914439.1,大 7.5,A,7.5,1.77,100,77,A,7.5,
2026-07-23,2026-07-23T00:03:14,台灣運彩,,3478956.1,103,2026-07-23T02:10:00+08:00,紐約大都會,密爾瓦基釀酒人,紐約大都會 @ 密爾瓦基釀酒人,51469326.1,360,[總分]大小 7.5,252914438.1,小 7.5,H,7.5,1.73,100,73,H,7.5,
2026-07-23,2026-07-23T00:03:14,台灣運彩,,3478956.1,103,2026-07-23T02:10:00+08:00,紐約大都會,密爾瓦基釀酒人,紐約大都會 @ 密爾瓦基釀酒人,51469329.1,360,[總分]大小 6.5,252914445.1,大 6.5,A,6.5,1.45,20,9,A,6.5,
2026-07-23,2026-07-23T00:03:14,台灣運彩,,3478956.1,103,2026-07-23T02:10:00+08:00,紐約大都會,密爾瓦基釀酒人,紐約大都會 @ 密爾瓦基釀酒人,51469329.1,360,[總分]大小 6.5,252914444.1,小 6.5,H,6.5,2.10,10,11,H,6.5,
2026-07-23,2026-07-23T00:03:14,台灣運彩,,3478956.1,103,2026-07-23T02:10:00+08:00,紐約大都會,密爾瓦基釀酒人,紐約大都會 @ 密爾瓦基釀酒人,51469333.1,360,[總分]大小 8.5,252914453.1,大 8.5,A,8.5,2.00,1,1,A,8.5,
2026-07-23,2026-07-23T00:03:14,台灣運彩,,3478956.1,103,2026-07-23T02:10:00+08:00,紐約大都會,密爾瓦基釀酒人,紐約大都會 @ 密爾瓦基釀酒人,51469333.1,360,[總分]大小 8.5,252914452.1,小 8.5,H,8.5,1.50,2,1,H,8.5,
2026-07-23,2026-07-23T00:03:14,台灣運彩,,3478956.1,103,2026-07-23T02:10:00+08:00,紐約大都會,密爾瓦基釀酒人,紐約大都會 @ 密爾瓦基釀酒人,51469332.1,362,密爾瓦基釀酒人 大小 4.5,252914451.1,大 4.5,A,4.5,1.90,10,9,A,4.5,
2026-07-23,2026-07-23T00:03:14,台灣運彩,,3478956.1,103,2026-07-23T02:10:00+08:00,紐約大都會,密爾瓦基釀酒人,紐約大都會 @ 密爾瓦基釀酒人,51469332.1,362,密爾瓦基釀酒人 大小 4.5,252914450.1,小 4.5,H,4.5,1.55,20,11,H,4.5,
2026-07-23,2026-07-23T00:03:14,台灣運彩,,3478956.1,103,2026-07-23T02:10:00+08:00,紐約大都會,密爾瓦基釀酒人,紐約大都會 @ 密爾瓦基釀酒人,51469323.1,363,紐約大都會 大小 3.5,252914429.1,大 3.5,A,3.5,1.93,100,93,A,3.5,
2026-07-23,2026-07-23T00:03:14,台灣運彩,,3478956.1,103,2026-07-23T02:10:00+08:00,紐約大都會,密爾瓦基釀酒人,紐約大都會 @ 密爾瓦基釀酒人,51469323.1,363,紐約大都會 大小 3.5,252914428.1,小 3.5,H,3.5,1.53,100,53,H,3.5,
2026-07-23,2026-07-23T00:03:14,台灣運彩,,3478956.1,103,2026-07-23T02:10:00+08:00,紐約大都會,密爾瓦基釀酒人,紐約大都會 @ 密爾瓦基釀酒人,51469328.1,366,[總分]單雙,252914443.1,單,,,1.46,50,23,,,
2026-07-23,2026-07-23T00:03:14,台灣運彩,,3478956.1,103,2026-07-23T02:10:00+08:00,紐約大都會,密爾瓦基釀酒人,紐約大都會 @ 密爾瓦基釀酒人,51469328.1,366,[總分]單雙,252914442.1,雙,,,2.05,20,21,,,
2026-07-23,2026-07-23T00:03:14,台灣運彩,,3478956.1,103,2026-07-23T02:10:00+08:00,紐約大都會,密爾瓦基釀酒人,紐約大都會 @ 密爾瓦基釀酒人,51470247.1,374,得分最高單局(不含延長賽),252917324.1,一樣多,,,2.20,5,6,,,
2026-07-23,2026-07-23T00:03:14,台灣運彩,,3478956.1,103,2026-07-23T02:10:00+08:00,紐約大都會,密爾瓦基釀酒人,紐約大都會 @ 密爾瓦基釀酒人,51470247.1,374,得分最高單局(不含延長賽),252917315.1,第1局,,,5.40,5,22,,,
2026-07-23,2026-07-23T00:03:14,台灣運彩,,3478956.1,103,2026-07-23T02:10:00+08:00,紐約大都會,密爾瓦基釀酒人,紐約大都會 @ 密爾瓦基釀酒人,51470247.1,374,得分最高單局(不含延長賽),252917316.1,第2局,,,6.50,2,11,,,
2026-07-23,2026-07-23T00:03:14,台灣運彩,,3478956.1,103,2026-07-23T02:10:00+08:00,紐約大都會,密爾瓦基釀酒人,紐約大都會 @ 密爾瓦基釀酒人,51470247.1,374,得分最高單局(不含延長賽),252917317.1,第3局,,,5.60,5,23,,,
2026-07-23,2026-07-23T00:03:14,台灣運彩,,3478956.1,103,2026-07-23T02:10:00+08:00,紐約大都會,密爾瓦基釀酒人,紐約大都會 @ 密爾瓦基釀酒人,51470247.1,374,得分最高單局(不含延長賽),252917318.1,第4局,,,6.00,1,5,,,
2026-07-23,2026-07-23T00:03:14,台灣運彩,,3478956.1,103,2026-07-23T02:10:00+08:00,紐約大都會,密爾瓦基釀酒人,紐約大都會 @ 密爾瓦基釀酒人,51470247.1,374,得分最高單局(不含延長賽),252917319.1,第5局,,,5.95,20,99,,,
2026-07-23,2026-07-23T00:03:14,台灣運彩,,3478956.1,103,2026-07-23T02:10:00+08:00,紐約大都會,密爾瓦基釀酒人,紐約大都會 @ 密爾瓦基釀酒人,51470247.1,374,得分最高單局(不含延長賽),252917320.1,第6局,,,5.85,20,97,,,
2026-07-23,2026-07-23T00:03:14,台灣運彩,,3478956.1,103,2026-07-23T02:10:00+08:00,紐約大都會,密爾瓦基釀酒人,紐約大都會 @ 密爾瓦基釀酒人,51470247.1,374,得分最高單局(不含延長賽),252917321.1,第7局,,,6.25,4,21,,,
2026-07-23,2026-07-23T00:03:14,台灣運彩,,3478956.1,103,2026-07-23T02:10:00+08:00,紐約大都會,密爾瓦基釀酒人,紐約大都會 @ 密爾瓦基釀酒人,51470247.1,374,得分最高單局(不含延長賽),252917322.1,第8局,,,5.90,10,49,,,
2026-07-23,2026-07-23T00:03:14,台灣運彩,,3478956.1,103,2026-07-23T02:10:00+08:00,紐約大都會,密爾瓦基釀酒人,紐約大都會 @ 密爾瓦基釀酒人,51470247.1,374,得分最高單局(不含延長賽),252917323.1,第9局,,,8.00,1,7,,,
2026-07-23,2026-07-23T00:03:14,台灣運彩,,3478956.1,103,2026-07-23T02:10:00+08:00,紐約大都會,密爾瓦基釀酒人,紐約大都會 @ 密爾瓦基釀酒人,51470243.1,376,[1-5局] 不讓分,252917305.1,密爾瓦基釀酒人,H,,1.55,20,11,H,,1
2026-07-23,2026-07-23T00:03:14,台灣運彩,,3478956.1,103,2026-07-23T02:10:00+08:00,紐約大都會,密爾瓦基釀酒人,紐約大都會 @ 密爾瓦基釀酒人,51470243.1,376,[1-5局] 不讓分,252917307.1,紐約大都會,A,,2.30,10,13,A,,2
2026-07-23,2026-07-23T00:03:14,台灣運彩,,3478956.1,103,2026-07-23T02:10:00+08:00,紐約大都會,密爾瓦基釀酒人,紐約大都會 @ 密爾瓦基釀酒人,51470243.1,376,[1-5局] 不讓分,252917306.1,和局,D,,4.35,20,67,D,,
2026-07-23,2026-07-23T00:03:14,台灣運彩,,3478956.1,103,2026-07-23T02:10:00+08:00,紐約大都會,密爾瓦基釀酒人,紐約大都會 @ 密爾瓦基釀酒人,51470248.1,378,[1-5局] 大小 4.5,252917326.1,大 4.5,A,4.5,1.83,100,83,A,4.5,
2026-07-23,2026-07-23T00:03:14,台灣運彩,,3478956.1,103,2026-07-23T02:10:00+08:00,紐約大都會,密爾瓦基釀酒人,紐約大都會 @ 密爾瓦基釀酒人,51470248.1,378,[1-5局] 大小 4.5,252917325.1,小 4.5,H,4.5,1.52,25,13,H,4.5,
2026-07-23,2026-07-23T00:03:14,台灣運彩,,3478956.1,103,2026-07-23T02:10:00+08:00,紐約大都會,密爾瓦基釀酒人,紐約大都會 @ 密爾瓦基釀酒人,51470242.1,379,[1-5局] 密爾瓦基釀酒人 大小 2.5,252917304.1,大 2.5,A,2.5,1.90,10,9,A,2.5,
2026-07-23,2026-07-23T00:03:14,台灣運彩,,3478956.1,103,2026-07-23T02:10:00+08:00,紐約大都會,密爾瓦基釀酒人,紐約大都會 @ 密爾瓦基釀酒人,51470242.1,379,[1-5局] 密爾瓦基釀酒人 大小 2.5,252917303.1,小 2.5,H,2.5,1.55,20,11,H,2.5,
2026-07-23,2026-07-23T00:03:14,台灣運彩,,3478956.1,103,2026-07-23T02:10:00+08:00,紐約大都會,密爾瓦基釀酒人,紐約大都會 @ 密爾瓦基釀酒人,51470301.1,379,[1-5局] 密爾瓦基釀酒人 大小 1.5,252917496.1,大 1.5,A,1.5,1.50,2,1,A,1.5,
2026-07-23,2026-07-23T00:03:14,台灣運彩,,3478956.1,103,2026-07-23T02:10:00+08:00,紐約大都會,密爾瓦基釀酒人,紐約大都會 @ 密爾瓦基釀酒人,51470301.1,379,[1-5局] 密爾瓦基釀酒人 大小 1.5,252917495.1,小 1.5,H,1.5,1.96,25,24,H,1.5,
2026-07-23,2026-07-23T00:03:14,台灣運彩,,3478956.1,103,2026-07-23T02:10:00+08:00,紐約大都會,密爾瓦基釀酒人,紐約大都會 @ 密爾瓦基釀酒人,51470245.1,380,[1-5局] 紐約大都會 大小 1.5,252917312.1,大 1.5,A,1.5,1.82,50,41,A,1.5,
2026-07-23,2026-07-23T00:03:14,台灣運彩,,3478956.1,103,2026-07-23T02:10:00+08:00,紐約大都會,密爾瓦基釀酒人,紐約大都會 @ 密爾瓦基釀酒人,51470245.1,380,[1-5局] 紐約大都會 大小 1.5,252917311.1,小 1.5,H,1.5,1.62,50,31,H,1.5,
2026-07-23,2026-07-23T00:03:14,台灣運彩,,3478956.1,103,2026-07-23T02:10:00+08:00,紐約大都會,密爾瓦基釀酒人,紐約大都會 @ 密爾瓦基釀酒人,51470244.1,389,[第1局] 不讓分,252917308.1,密爾瓦基釀酒人,H,,2.70,10,17,H,,1
2026-07-23,2026-07-23T00:03:14,台灣運彩,,3478956.1,103,2026-07-23T02:10:00+08:00,紐約大都會,密爾瓦基釀酒人,紐約大都會 @ 密爾瓦基釀酒人,51470244.1,389,[第1局] 不讓分,252917310.1,紐約大都會,A,,4.00,1,3,A,,2
2026-07-23,2026-07-23T00:03:14,台灣運彩,,3478956.1,103,2026-07-23T02:10:00+08:00,紐約大都會,密爾瓦基釀酒人,紐約大都會 @ 密爾瓦基釀酒人,51470244.1,389,[第1局] 不讓分,252917309.1,和局,D,,1.50,2,1,D,,
2026-07-23,2026-07-23T00:03:14,台灣運彩,,3478956.1,103,2026-07-23T02:10:00+08:00,紐約大都會,密爾瓦基釀酒人,紐約大都會 @ 密爾瓦基釀酒人,51470246.1,398,[第1局] 大小 0.5,252917314.1,大 0.5,A,0.5,1.78,50,39,A,0.5,
2026-07-23,2026-07-23T00:03:14,台灣運彩,,3478956.1,103,2026-07-23T02:10:00+08:00,紐約大都會,密爾瓦基釀酒人,紐約大都會 @ 密爾瓦基釀酒人,51470246.1,398,[第1局] 大小 0.5,252917313.1,小 0.5,H,0.5,1.56,25,14,H,0.5,
2026-07-23,2026-07-23T00:03:14,台灣運彩,,3478957.1,105,2026-07-23T02:10:00+08:00,舊金山巨人,堪薩斯市皇家,舊金山巨人 @ 堪薩斯市皇家,51469340.1,354,不讓分,252914470.1,堪薩斯皇家,H,,1.88,25,22,H,,1
2026-07-23,2026-07-23T00:03:14,台灣運彩,,3478957.1,105,2026-07-23T02:10:00+08:00,舊金山巨人,堪薩斯市皇家,舊金山巨人 @ 堪薩斯市皇家,51469340.1,354,不讓分,252914471.1,舊金山巨人,A,,1.62,50,31,A,,2
2026-07-23,2026-07-23T00:03:14,台灣運彩,,3478957.1,105,2026-07-23T02:10:00+08:00,舊金山巨人,堪薩斯市皇家,舊金山巨人 @ 堪薩斯市皇家,51469335.1,357,勝分差,252914456.1,堪薩斯皇家 1 分,H,,4.20,5,16,H,,
2026-07-23,2026-07-23T00:03:14,台灣運彩,,3478957.1,105,2026-07-23T02:10:00+08:00,舊金山巨人,堪薩斯市皇家,舊金山巨人 @ 堪薩斯市皇家,51469335.1,357,勝分差,252914457.1,堪薩斯皇家 2 分,H,,7.75,4,27,H,,
2026-07-23,2026-07-23T00:03:14,台灣運彩,,3478957.1,105,2026-07-23T02:10:00+08:00,舊金山巨人,堪薩斯市皇家,舊金山巨人 @ 堪薩斯市皇家,51469335.1,357,勝分差,252914458.1,堪薩斯皇家 > 2分,H,,3.25,4,9,H,,
2026-07-23,2026-07-23T00:03:14,台灣運彩,,3478957.1,105,2026-07-23T02:10:00+08:00,舊金山巨人,堪薩斯市皇家,舊金山巨人 @ 堪薩斯市皇家,51469335.1,357,勝分差,252914459.1,舊金山巨人 1 分,A,,5.50,2,9,A,,
2026-07-23,2026-07-23T00:03:14,台灣運彩,,3478957.1,105,2026-07-23T02:10:00+08:00,舊金山巨人,堪薩斯市皇家,舊金山巨人 @ 堪薩斯市皇家,51469335.1,357,勝分差,252914460.1,舊金山巨人 2 分,A,,6.75,4,23,A,,
2026-07-23,2026-07-23T00:03:14,台灣運彩,,3478957.1,105,2026-07-23T02:10:00+08:00,舊金山巨人,堪薩斯市皇家,舊金山巨人 @ 堪薩斯市皇家,51469335.1,357,勝分差,252914461.1,舊金山巨人 > 2分,A,,2.25,4,5,A,,
2026-07-23,2026-07-23T00:03:14,台灣運彩,,3478957.1,105,2026-07-23T02:10:00+08:00,舊金山巨人,堪薩斯市皇家,舊金山巨人 @ 堪薩斯市皇家,51469336.1,358,讓分 1.5,252914462.1,堪薩斯皇家 +1.5,H,1.5,1.58,50,29,H,1.5,1
2026-07-23,2026-07-23T00:03:14,台灣運彩,,3478957.1,105,2026-07-23T02:10:00+08:00,舊金山巨人,堪薩斯市皇家,舊金山巨人 @ 堪薩斯市皇家,51469336.1,358,讓分 1.5,252914463.1,舊金山巨人 -1.5,A,1.5,1.92,25,23,A,1.5,2
2026-07-23,2026-07-23T00:03:14,台灣運彩,,3478957.1,105,2026-07-23T02:10:00+08:00,舊金山巨人,堪薩斯市皇家,舊金山巨人 @ 堪薩斯市皇家,51470875.1,360,[總分]大小 8.5,252920909.1,大 8.5,A,8.5,1.72,25,18,A,8.5,
2026-07-23,2026-07-23T00:03:14,台灣運彩,,3478957.1,105,2026-07-23T02:10:00+08:00,舊金山巨人,堪薩斯市皇家,舊金山巨人 @ 堪薩斯市皇家,51470875.1,360,[總分]大小 8.5,252920908.1,小 8.5,H,8.5,1.78,50,39,H,8.5,
2026-07-23,2026-07-23T00:03:14,台灣運彩,,3478957.1,105,2026-07-23T02:10:00+08:00,舊金山巨人,堪薩斯市皇家,舊金山巨人 @ 堪薩斯市皇家,51469337.1,362,堪薩斯皇家 大小 4.5,252914465.1,大 4.5,A,4.5,2.07,100,107,A,4.5,
2026-07-23,2026-07-23T00:03:14,台灣運彩,,3478957.1,105,2026-07-23T02:10:00+08:00,舊金山巨人,堪薩斯市皇家,舊金山巨人 @ 堪薩斯市皇家,51469337.1,362,堪薩斯皇家 大小 4.5,252914464.1,小 4.5,H,4.5,1.45,20,9,H,4.5,
2026-07-23,2026-07-23T00:03:14,台灣運彩,,3478957.1,105,2026-07-23T02:10:00+08:00,舊金山巨人,堪薩斯市皇家,舊金山巨人 @ 堪薩斯市皇家,51471170.1,362,堪薩斯皇家 大小 3.5,252921639.1,大 3.5,A,3.5,1.63,100,63,A,3.5,
2026-07-23,2026-07-23T00:03:14,台灣運彩,,3478957.1,105,2026-07-23T02:10:00+08:00,舊金山巨人,堪薩斯市皇家,舊金山巨人 @ 堪薩斯市皇家,51471170.1,362,堪薩斯皇家 大小 3.5,252921638.1,小 3.5,H,3.5,1.80,5,4,H,3.5,
2026-07-23,2026-07-23T00:03:14,台灣運彩,,3478957.1,105,2026-07-23T02:10:00+08:00,舊金山巨人,堪薩斯市皇家,舊金山巨人 @ 堪薩斯市皇家,51469339.1,363,舊金山巨人 大小 4.5,252914469.1,大 4.5,A,4.5,1.75,4,3,A,4.5,
2026-07-23,2026-07-23T00:03:14,台灣運彩,,3478957.1,105,2026-07-23T02:10:00+08:00,舊金山巨人,堪薩斯市皇家,舊金山巨人 @ 堪薩斯市皇家,51469339.1,363,舊金山巨人 大小 4.5,252914468.1,小 4.5,H,4.5,1.68,25,17,H,4.5,
2026-07-23,2026-07-23T00:03:14,台灣運彩,,3478957.1,105,2026-07-23T02:10:00+08:00,舊金山巨人,堪薩斯市皇家,舊金山巨人 @ 堪薩斯市皇家,51469338.1,366,[總分]單雙,252914467.1,單,,,1.45,20,9,,,
2026-07-23,2026-07-23T00:03:14,台灣運彩,,3478957.1,105,2026-07-23T02:10:00+08:00,舊金山巨人,堪薩斯市皇家,舊金山巨人 @ 堪薩斯市皇家,51469338.1,366,[總分]單雙,252914466.1,雙,,,1.95,20,19,,,
2026-07-23,2026-07-23T00:03:14,台灣運彩,,3478957.1,105,2026-07-23T02:10:00+08:00,舊金山巨人,堪薩斯市皇家,舊金山巨人 @ 堪薩斯市皇家,51470317.1,374,得分最高單局(不含延長賽),252917548.1,一樣多,,,2.35,20,27,,,
2026-07-23,2026-07-23T00:03:14,台灣運彩,,3478957.1,105,2026-07-23T02:10:00+08:00,舊金山巨人,堪薩斯市皇家,舊金山巨人 @ 堪薩斯市皇家,51470317.1,374,得分最高單局(不含延長賽),252917539.1,第1局,,,5.85,20,97,,,
2026-07-23,2026-07-23T00:03:14,台灣運彩,,3478957.1,105,2026-07-23T02:10:00+08:00,舊金山巨人,堪薩斯市皇家,舊金山巨人 @ 堪薩斯市皇家,51470317.1,374,得分最高單局(不含延長賽),252917540.1,第2局,,,6.75,4,23,,,
2026-07-23,2026-07-23T00:03:14,台灣運彩,,3478957.1,105,2026-07-23T02:10:00+08:00,舊金山巨人,堪薩斯市皇家,舊金山巨人 @ 堪薩斯市皇家,51470317.1,374,得分最高單局(不含延長賽),252917541.1,第3局,,,5.95,20,99,,,
2026-07-23,2026-07-23T00:03:14,台灣運彩,,3478957.1,105,2026-07-23T02:10:00+08:00,舊金山巨人,堪薩斯市皇家,舊金山巨人 @ 堪薩斯市皇家,51470317.1,374,得分最高單局(不含延長賽),252917542.1,第4局,,,6.75,4,23,,,
2026-07-23,2026-07-23T00:03:14,台灣運彩,,3478957.1,105,2026-07-23T02:10:00+08:00,舊金山巨人,堪薩斯市皇家,舊金山巨人 @ 堪薩斯市皇家,51470317.1,374,得分最高單局(不含延長賽),252917543.1,第5局,,,4.00,1,3,,,
2026-07-23,2026-07-23T00:03:14,台灣運彩,,3478957.1,105,2026-07-23T02:10:00+08:00,舊金山巨人,堪薩斯市皇家,舊金山巨人 @ 堪薩斯市皇家,51470317.1,374,得分最高單局(不含延長賽),252917544.1,第6局,,,6.25,4,21,,,
2026-07-23,2026-07-23T00:03:14,台灣運彩,,3478957.1,105,2026-07-23T02:10:00+08:00,舊金山巨人,堪薩斯市皇家,舊金山巨人 @ 堪薩斯市皇家,51470317.1,374,得分最高單局(不含延長賽),252917545.1,第7局,,,6.25,4,21,,,
2026-07-23,2026-07-23T00:03:14,台灣運彩,,3478957.1,105,2026-07-23T02:10:00+08:00,舊金山巨人,堪薩斯市皇家,舊金山巨人 @ 堪薩斯市皇家,51470317.1,374,得分最高單局(不含延長賽),252917546.1,第8局,,,6.25,4,21,,,
2026-07-23,2026-07-23T00:03:14,台灣運彩,,3478957.1,105,2026-07-23T02:10:00+08:00,舊金山巨人,堪薩斯市皇家,舊金山巨人 @ 堪薩斯市皇家,51470317.1,374,得分最高單局(不含延長賽),252917547.1,第9局,,,8.00,1,7,,,
2026-07-23,2026-07-23T00:03:14,台灣運彩,,3478957.1,105,2026-07-23T02:10:00+08:00,舊金山巨人,堪薩斯市皇家,舊金山巨人 @ 堪薩斯市皇家,51470313.1,376,[1-5局] 不讓分,252917529.1,堪薩斯皇家,H,,2.05,20,21,H,,1
2026-07-23,2026-07-23T00:03:14,台灣運彩,,3478957.1,105,2026-07-23T02:10:00+08:00,舊金山巨人,堪薩斯市皇家,舊金山巨人 @ 堪薩斯市皇家,51470313.1,376,[1-5局] 不讓分,252917531.1,舊金山巨人,A,,1.70,10,7,A,,2
2026-07-23,2026-07-23T00:03:14,台灣運彩,,3478957.1,105,2026-07-23T02:10:00+08:00,舊金山巨人,堪薩斯市皇家,舊金山巨人 @ 堪薩斯市皇家,51470313.1,376,[1-5局] 不讓分,252917530.1,和局,D,,4.70,10,37,D,,
2026-07-23,2026-07-23T00:03:14,台灣運彩,,3478957.1,105,2026-07-23T02:10:00+08:00,舊金山巨人,堪薩斯市皇家,舊金山巨人 @ 堪薩斯市皇家,51470315.1,378,[1-5局] 大小 4.5,252917536.1,大 4.5,A,4.5,1.66,50,33,A,4.5,
2026-07-23,2026-07-23T00:03:14,台灣運彩,,3478957.1,105,2026-07-23T02:10:00+08:00,舊金山巨人,堪薩斯市皇家,舊金山巨人 @ 堪薩斯市皇家,51470315.1,378,[1-5局] 大小 4.5,252917535.1,小 4.5,H,4.5,1.66,50,33,H,4.5,
2026-07-23,2026-07-23T00:03:14,台灣運彩,,3478957.1,105,2026-07-23T02:10:00+08:00,舊金山巨人,堪薩斯市皇家,舊金山巨人 @ 堪薩斯市皇家,51471320.1,379,[1-5局] 堪薩斯皇家 大小 1.5,252922013.1,大 1.5,A,1.5,1.58,50,29,A,1.5,
2026-07-23,2026-07-23T00:03:14,台灣運彩,,3478957.1,105,2026-07-23T02:10:00+08:00,舊金山巨人,堪薩斯市皇家,舊金山巨人 @ 堪薩斯市皇家,51471320.1,379,[1-5局] 堪薩斯皇家 大小 1.5,252922012.1,小 1.5,H,1.5,1.86,50,43,H,1.5,
2026-07-23,2026-07-23T00:03:14,台灣運彩,,3478957.1,105,2026-07-23T02:10:00+08:00,舊金山巨人,堪薩斯市皇家,舊金山巨人 @ 堪薩斯市皇家,51470316.1,380,[1-5局] 舊金山巨人 大小 2.5,252917538.1,大 2.5,A,2.5,1.88,25,22,A,2.5,
2026-07-23,2026-07-23T00:03:14,台灣運彩,,3478957.1,105,2026-07-23T02:10:00+08:00,舊金山巨人,堪薩斯市皇家,舊金山巨人 @ 堪薩斯市皇家,51470316.1,380,[1-5局] 舊金山巨人 大小 2.5,252917537.1,小 2.5,H,2.5,1.56,25,14,H,2.5,
2026-07-23,2026-07-23T00:03:14,台灣運彩,,3478957.1,105,2026-07-23T02:10:00+08:00,舊金山巨人,堪薩斯市皇家,舊金山巨人 @ 堪薩斯市皇家,51470314.1,389,[第1局] 不讓分,252917532.1,堪薩斯皇家,H,,3.30,10,23,H,,1
2026-07-23,2026-07-23T00:03:14,台灣運彩,,3478957.1,105,2026-07-23T02:10:00+08:00,舊金山巨人,堪薩斯市皇家,舊金山巨人 @ 堪薩斯市皇家,51470314.1,389,[第1局] 不讓分,252917534.1,舊金山巨人,A,,2.90,10,19,A,,2
2026-07-23,2026-07-23T00:03:14,台灣運彩,,3478957.1,105,2026-07-23T02:10:00+08:00,舊金山巨人,堪薩斯市皇家,舊金山巨人 @ 堪薩斯市皇家,51470314.1,389,[第1局] 不讓分,252917533.1,和局,D,,1.55,20,11,D,,
2026-07-23,2026-07-23T00:03:14,台灣運彩,,3478957.1,105,2026-07-23T02:10:00+08:00,舊金山巨人,堪薩斯市皇家,舊金山巨人 @ 堪薩斯市皇家,51470318.1,398,[第1局] 大小 0.5,252917550.1,大 0.5,A,0.5,1.70,10,7,A,0.5,
2026-07-23,2026-07-23T00:03:14,台灣運彩,,3478957.1,105,2026-07-23T02:10:00+08:00,舊金山巨人,堪薩斯市皇家,舊金山巨人 @ 堪薩斯市皇家,51470318.1,398,[第1局] 大小 0.5,252917549.1,小 0.5,H,0.5,1.63,100,63,H,0.5,
2026-07-23,2026-07-23T00:03:14,台灣運彩,,3478965.1,106,2026-07-23T03:10:00+08:00,華盛頓國民,科羅拉多洛磯,華盛頓國民 @ 科羅拉多洛磯,51469457.1,354,不讓分,252914851.1,科羅拉多落磯,H,,1.98,50,49,H,,1
2026-07-23,2026-07-23T00:03:14,台灣運彩,,3478965.1,106,2026-07-23T03:10:00+08:00,華盛頓國民,科羅拉多洛磯,華盛頓國民 @ 科羅拉多洛磯,51469457.1,354,不讓分,252914852.1,華盛頓國民,A,,1.52,25,13,A,,2
2026-07-23,2026-07-23T00:03:14,台灣運彩,,3478965.1,106,2026-07-23T03:10:00+08:00,華盛頓國民,科羅拉多洛磯,華盛頓國民 @ 科羅拉多洛磯,51469466.1,357,勝分差,252914869.1,科羅拉多落磯 1 分,H,,4.55,20,71,H,,
2026-07-23,2026-07-23T00:03:14,台灣運彩,,3478965.1,106,2026-07-23T03:10:00+08:00,華盛頓國民,科羅拉多洛磯,華盛頓國民 @ 科羅拉多洛磯,51469466.1,357,勝分差,252914870.1,科羅拉多落磯 2 分,H,,9.00,1,8,H,,
2026-07-23,2026-07-23T00:03:14,台灣運彩,,3478965.1,106,2026-07-23T03:10:00+08:00,華盛頓國民,科羅拉多洛磯,華盛頓國民 @ 科羅拉多洛磯,51469466.1,357,勝分差,252914871.1,科羅拉多落磯 > 2分,H,,3.05,20,41,H,,
2026-07-23,2026-07-23T00:03:14,台灣運彩,,3478965.1,106,2026-07-23T03:10:00+08:00,華盛頓國民,科羅拉多洛磯,華盛頓國民 @ 科羅拉多洛磯,51469466.1,357,勝分差,252914872.1,華盛頓國民 1 分,A,,6.50,2,11,A,,
2026-07-23,2026-07-23T00:03:14,台灣運彩,,3478965.1,106,2026-07-23T03:10:00+08:00,華盛頓國民,科羅拉多洛磯,華盛頓國民 @ 科羅拉多洛磯,51469466.1,357,勝分差,252914873.1,華盛頓國民 2 分,A,,7.50,2,13,A,,
2026-07-23,2026-07-23T00:03:14,台灣運彩,,3478965.1,106,2026-07-23T03:10:00+08:00,華盛頓國民,科羅拉多洛磯,華盛頓國民 @ 科羅拉多洛磯,51469466.1,357,勝分差,252914874.1,華盛頓國民 > 2分,A,,2.00,1,1,A,,
2026-07-23,2026-07-23T00:03:14,台灣運彩,,3478965.1,106,2026-07-23T03:10:00+08:00,華盛頓國民,科羅拉多洛磯,華盛頓國民 @ 科羅拉多洛磯,51469460.1,358,讓分 1.5,252914857.1,科羅拉多落磯 +1.5,H,1.5,1.66,50,33,H,1.5,1
2026-07-23,2026-07-23T00:03:14,台灣運彩,,3478965.1,106,2026-07-23T03:10:00+08:00,華盛頓國民,科羅拉多洛磯,華盛頓國民 @ 科羅拉多洛磯,51469460.1,358,讓分 1.5,252914858.1,華盛頓國民 -1.5,A,1.5,1.84,25,21,A,1.5,2
2026-07-23,2026-07-23T00:03:14,台灣運彩,,3478965.1,106,2026-07-23T03:10:00+08:00,華盛頓國民,科羅拉多洛磯,華盛頓國民 @ 科羅拉多洛磯,51469463.1,358,讓分 2.5,252914863.1,科羅拉多落磯 +2.5,H,2.5,1.45,20,9,H,2.5,1
2026-07-23,2026-07-23T00:03:14,台灣運彩,,3478965.1,106,2026-07-23T03:10:00+08:00,華盛頓國民,科羅拉多洛磯,華盛頓國民 @ 科羅拉多洛磯,51469463.1,358,讓分 2.5,252914864.1,華盛頓國民 -2.5,A,2.5,2.10,10,11,A,2.5,2
2026-07-23,2026-07-23T00:03:14,台灣運彩,,3478965.1,106,2026-07-23T03:10:00+08:00,華盛頓國民,科羅拉多洛磯,華盛頓國民 @ 科羅拉多洛磯,51469458.1,360,[總分]大小 12.5,252914854.1,大 12.5,A,12.5,2.00,1,1,A,12.5,
2026-07-23,2026-07-23T00:03:14,台灣運彩,,3478965.1,106,2026-07-23T03:10:00+08:00,華盛頓國民,科羅拉多洛磯,華盛頓國民 @ 科羅拉多洛磯,51469458.1,360,[總分]大小 12.5,252914853.1,小 12.5,H,12.5,1.50,2,1,H,12.5,
2026-07-23,2026-07-23T00:03:14,台灣運彩,,3478965.1,106,2026-07-23T03:10:00+08:00,華盛頓國民,科羅拉多洛磯,華盛頓國民 @ 科羅拉多洛磯,51469459.1,360,[總分]大小 11.5,252914856.1,大 11.5,A,11.5,1.82,50,41,A,11.5,
2026-07-23,2026-07-23T00:03:14,台灣運彩,,3478965.1,106,2026-07-23T03:10:00+08:00,華盛頓國民,科羅拉多洛磯,華盛頓國民 @ 科羅拉多洛磯,51469459.1,360,[總分]大小 11.5,252914855.1,小 11.5,H,11.5,1.68,25,17,H,11.5,
2026-07-23,2026-07-23T00:03:14,台灣運彩,,3478965.1,106,2026-07-23T03:10:00+08:00,華盛頓國民,科羅拉多洛磯,華盛頓國民 @ 科羅拉多洛磯,51469465.1,360,[總分]大小 10.5,252914868.1,大 10.5,A,10.5,1.55,20,11,A,10.5,
2026-07-23,2026-07-23T00:03:14,台灣運彩,,3478965.1,106,2026-07-23T03:10:00+08:00,華盛頓國民,科羅拉多洛磯,華盛頓國民 @ 科羅拉多洛磯,51469465.1,360,[總分]大小 10.5,252914867.1,小 10.5,H,10.5,1.95,20,19,H,10.5,
2026-07-23,2026-07-23T00:03:14,台灣運彩,,3478965.1,106,2026-07-23T03:10:00+08:00,華盛頓國民,科羅拉多洛磯,華盛頓國民 @ 科羅拉多洛磯,51469462.1,362,科羅拉多落磯 大小 4.5,252914862.1,大 4.5,A,4.5,1.56,25,14,A,4.5,
2026-07-23,2026-07-23T00:03:14,台灣運彩,,3478965.1,106,2026-07-23T03:10:00+08:00,華盛頓國民,科羅拉多洛磯,華盛頓國民 @ 科羅拉多洛磯,51469462.1,362,科羅拉多落磯 大小 4.5,252914861.1,小 4.5,H,4.5,1.88,25,22,H,4.5,
2026-07-23,2026-07-23T00:03:14,台灣運彩,,3478965.1,106,2026-07-23T03:10:00+08:00,華盛頓國民,科羅拉多洛磯,華盛頓國民 @ 科羅拉多洛磯,51469461.1,363,華盛頓國民 大小 5.5,252914860.1,大 5.5,A,5.5,1.58,50,29,A,5.5,
2026-07-23,2026-07-23T00:03:14,台灣運彩,,3478965.1,106,2026-07-23T03:10:00+08:00,華盛頓國民,科羅拉多洛磯,華盛頓國民 @ 科羅拉多洛磯,51469461.1,363,華盛頓國民 大小 5.5,252914859.1,小 5.5,H,5.5,1.86,50,43,H,5.5,
2026-07-23,2026-07-23T00:03:14,台灣運彩,,3478965.1,106,2026-07-23T03:10:00+08:00,華盛頓國民,科羅拉多洛磯,華盛頓國民 @ 科羅拉多洛磯,51469456.1,366,[總分]單雙,252914850.1,單,,,1.50,2,1,,,
2026-07-23,2026-07-23T00:03:14,台灣運彩,,3478965.1,106,2026-07-23T03:10:00+08:00,華盛頓國民,科羅拉多洛磯,華盛頓國民 @ 科羅拉多洛磯,51469456.1,366,[總分]單雙,252914849.1,雙,,,1.96,25,24,,,
2026-07-23,2026-07-23T00:03:14,台灣運彩,,3478965.1,106,2026-07-23T03:10:00+08:00,華盛頓國民,科羅拉多洛磯,華盛頓國民 @ 科羅拉多洛磯,51470255.1,374,得分最高單局(不含延長賽),252917350.1,一樣多,,,2.40,5,7,,,
2026-07-23,2026-07-23T00:03:14,台灣運彩,,3478965.1,106,2026-07-23T03:10:00+08:00,華盛頓國民,科羅拉多洛磯,華盛頓國民 @ 科羅拉多洛磯,51470255.1,374,得分最高單局(不含延長賽),252917341.1,第1局,,,5.60,5,23,,,
2026-07-23,2026-07-23T00:03:14,台灣運彩,,3478965.1,106,2026-07-23T03:10:00+08:00,華盛頓國民,科羅拉多洛磯,華盛頓國民 @ 科羅拉多洛磯,51470255.1,374,得分最高單局(不含延長賽),252917342.1,第2局,,,6.50,2,11,,,
2026-07-23,2026-07-23T00:03:14,台灣運彩,,3478965.1,106,2026-07-23T03:10:00+08:00,華盛頓國民,科羅拉多洛磯,華盛頓國民 @ 科羅拉多洛磯,51470255.1,374,得分最高單局(不含延長賽),252917343.1,第3局,,,5.85,20,97,,,
2026-07-23,2026-07-23T00:03:14,台灣運彩,,3478965.1,106,2026-07-23T03:10:00+08:00,華盛頓國民,科羅拉多洛磯,華盛頓國民 @ 科羅拉多洛磯,51470255.1,374,得分最高單局(不含延長賽),252917344.1,第4局,,,6.25,4,21,,,
2026-07-23,2026-07-23T00:03:14,台灣運彩,,3478965.1,106,2026-07-23T03:10:00+08:00,華盛頓國民,科羅拉多洛磯,華盛頓國民 @ 科羅拉多洛磯,51470255.1,374,得分最高單局(不含延長賽),252917345.1,第5局,,,6.00,1,5,,,
2026-07-23,2026-07-23T00:03:14,台灣運彩,,3478965.1,106,2026-07-23T03:10:00+08:00,華盛頓國民,科羅拉多洛磯,華盛頓國民 @ 科羅拉多洛磯,51470255.1,374,得分最高單局(不含延長賽),252917346.1,第6局,,,5.75,4,19,,,
2026-07-23,2026-07-23T00:03:14,台灣運彩,,3478965.1,106,2026-07-23T03:10:00+08:00,華盛頓國民,科羅拉多洛磯,華盛頓國民 @ 科羅拉多洛磯,51470255.1,374,得分最高單局(不含延長賽),252917347.1,第7局,,,5.70,10,47,,,
2026-07-23,2026-07-23T00:03:14,台灣運彩,,3478965.1,106,2026-07-23T03:10:00+08:00,華盛頓國民,科羅拉多洛磯,華盛頓國民 @ 科羅拉多洛磯,51470255.1,374,得分最高單局(不含延長賽),252917348.1,第8局,,,5.55,20,91,,,
2026-07-23,2026-07-23T00:03:14,台灣運彩,,3478965.1,106,2026-07-23T03:10:00+08:00,華盛頓國民,科羅拉多洛磯,華盛頓國民 @ 科羅拉多洛磯,51470255.1,374,得分最高單局(不含延長賽),252917349.1,第9局,,,7.75,4,27,,,
2026-07-23,2026-07-23T00:03:14,台灣運彩,,3478965.1,106,2026-07-23T03:10:00+08:00,華盛頓國民,科羅拉多洛磯,華盛頓國民 @ 科羅拉多洛磯,51470249.1,376,[1-5局] 不讓分,252917327.1,科羅拉多落磯,H,,1.95,20,19,H,,1
2026-07-23,2026-07-23T00:03:14,台灣運彩,,3478965.1,106,2026-07-23T03:10:00+08:00,華盛頓國民,科羅拉多洛磯,華盛頓國民 @ 科羅拉多洛磯,51470249.1,376,[1-5局] 不讓分,252917329.1,華盛頓國民,A,,1.65,20,13,A,,2
2026-07-23,2026-07-23T00:03:14,台灣運彩,,3478965.1,106,2026-07-23T03:10:00+08:00,華盛頓國民,科羅拉多洛磯,華盛頓國民 @ 科羅拉多洛磯,51470249.1,376,[1-5局] 不讓分,252917328.1,和局,D,,5.55,20,91,D,,
2026-07-23,2026-07-23T00:03:14,台灣運彩,,3478965.1,106,2026-07-23T03:10:00+08:00,華盛頓國民,科羅拉多洛磯,華盛頓國民 @ 科羅拉多洛磯,51470250.1,378,[1-5局] 大小 5.5,252917331.1,大 5.5,A,5.5,1.55,20,11,A,5.5,
2026-07-23,2026-07-23T00:03:14,台灣運彩,,3478965.1,106,2026-07-23T03:10:00+08:00,華盛頓國民,科羅拉多洛磯,華盛頓國民 @ 科羅拉多洛磯,51470250.1,378,[1-5局] 大小 5.5,252917330.1,小 5.5,H,5.5,1.80,5,4,H,5.5,
2026-07-23,2026-07-23T00:03:14,台灣運彩,,3478965.1,106,2026-07-23T03:10:00+08:00,華盛頓國民,科羅拉多洛磯,華盛頓國民 @ 科羅拉多洛磯,51470251.1,379,[1-5局] 科羅拉多落磯 大小 2.5,252917333.1,大 2.5,A,2.5,1.75,4,3,A,2.5,
2026-07-23,2026-07-23T00:03:14,台灣運彩,,3478965.1,106,2026-07-23T03:10:00+08:00,華盛頓國民,科羅拉多洛磯,華盛頓國民 @ 科羅拉多洛磯,51470251.1,379,[1-5局] 科羅拉多落磯 大小 2.5,252917332.1,小 2.5,H,2.5,1.68,25,17,H,2.5,
2026-07-23,2026-07-23T00:03:14,台灣運彩,,3478965.1,106,2026-07-23T03:10:00+08:00,華盛頓國民,科羅拉多洛磯,華盛頓國民 @ 科羅拉多洛磯,51470254.1,380,[1-5局] 華盛頓國民 大小 2.5,252917340.1,大 2.5,A,2.5,1.53,100,53,A,2.5,
2026-07-23,2026-07-23T00:03:14,台灣運彩,,3478965.1,106,2026-07-23T03:10:00+08:00,華盛頓國民,科羅拉多洛磯,華盛頓國民 @ 科羅拉多洛磯,51470254.1,380,[1-5局] 華盛頓國民 大小 2.5,252917339.1,小 2.5,H,2.5,1.93,100,93,H,2.5,
2026-07-23,2026-07-23T00:03:14,台灣運彩,,3478965.1,106,2026-07-23T03:10:00+08:00,華盛頓國民,科羅拉多洛磯,華盛頓國民 @ 科羅拉多洛磯,51470252.1,389,[第1局] 不讓分,252917334.1,科羅拉多落磯,H,,2.95,20,39,H,,1
2026-07-23,2026-07-23T00:03:14,台灣運彩,,3478965.1,106,2026-07-23T03:10:00+08:00,華盛頓國民,科羅拉多洛磯,華盛頓國民 @ 科羅拉多洛磯,51470252.1,389,[第1局] 不讓分,252917336.1,華盛頓國民,A,,2.55,20,31,A,,2
2026-07-23,2026-07-23T00:03:14,台灣運彩,,3478965.1,106,2026-07-23T03:10:00+08:00,華盛頓國民,科羅拉多洛磯,華盛頓國民 @ 科羅拉多洛磯,51470252.1,389,[第1局] 不讓分,252917335.1,和局,D,,1.75,4,3,D,,
2026-07-23,2026-07-23T00:03:14,台灣運彩,,3478965.1,106,2026-07-23T03:10:00+08:00,華盛頓國民,科羅拉多洛磯,華盛頓國民 @ 科羅拉多洛磯,51470253.1,398,[第1局] 大小 0.5,252917338.1,大 0.5,A,0.5,1.48,25,12,A,0.5,
2026-07-23,2026-07-23T00:03:14,台灣運彩,,3478965.1,106,2026-07-23T03:10:00+08:00,華盛頓國民,科羅拉多洛磯,華盛頓國民 @ 科羅拉多洛磯,51470253.1,398,[第1局] 大小 0.5,252917337.1,小 0.5,H,0.5,1.90,10,9,H,0.5,
2026-07-23,2026-07-23T00:03:14,台灣運彩,,3478967.1,110,2026-07-23T03:40:00+08:00,辛辛那提紅人,西雅圖水手,辛辛那提紅人 @ 西雅圖水手,51469485.1,354,不讓分,252914913.1,西雅圖水手,H,,1.46,50,23,H,,1
2026-07-23,2026-07-23T00:03:14,台灣運彩,,3478967.1,110,2026-07-23T03:40:00+08:00,辛辛那提紅人,西雅圖水手,辛辛那提紅人 @ 西雅圖水手,51469485.1,354,不讓分,252914914.1,辛辛那堤紅人,A,,2.07,100,107,A,,2
2026-07-23,2026-07-23T00:03:14,台灣運彩,,3478967.1,110,2026-07-23T03:40:00+08:00,辛辛那提紅人,西雅圖水手,辛辛那提紅人 @ 西雅圖水手,51469493.1,357,勝分差,252914929.1,西雅圖水手 1 分,H,,3.95,20,59,H,,
2026-07-23,2026-07-23T00:03:14,台灣運彩,,3478967.1,110,2026-07-23T03:40:00+08:00,辛辛那提紅人,西雅圖水手,辛辛那提紅人 @ 西雅圖水手,51469493.1,357,勝分差,252914930.1,西雅圖水手 2 分,H,,6.75,4,23,H,,
2026-07-23,2026-07-23T00:03:14,台灣運彩,,3478967.1,110,2026-07-23T03:40:00+08:00,辛辛那提紅人,西雅圖水手,辛辛那提紅人 @ 西雅圖水手,51469493.1,357,勝分差,252914931.1,西雅圖水手 > 2分,H,,2.30,10,13,H,,
2026-07-23,2026-07-23T00:03:14,台灣運彩,,3478967.1,110,2026-07-23T03:40:00+08:00,辛辛那提紅人,西雅圖水手,辛辛那提紅人 @ 西雅圖水手,51469493.1,357,勝分差,252914932.1,辛辛那堤紅人 1 分,A,,5.70,10,47,A,,
2026-07-23,2026-07-23T00:03:14,台灣運彩,,3478967.1,110,2026-07-23T03:40:00+08:00,辛辛那提紅人,西雅圖水手,辛辛那提紅人 @ 西雅圖水手,51469493.1,357,勝分差,252914933.1,辛辛那堤紅人 2 分,A,,8.00,1,7,A,,
2026-07-23,2026-07-23T00:03:14,台灣運彩,,3478967.1,110,2026-07-23T03:40:00+08:00,辛辛那提紅人,西雅圖水手,辛辛那提紅人 @ 西雅圖水手,51469493.1,357,勝分差,252914934.1,辛辛那堤紅人 > 2分,A,,3.20,5,11,A,,
2026-07-23,2026-07-23T00:03:14,台灣運彩,,3478967.1,110,2026-07-23T03:40:00+08:00,辛辛那提紅人,西雅圖水手,辛辛那提紅人 @ 西雅圖水手,51469490.1,358,讓分 -2.5,252914923.1,西雅圖水手 -2.5,H,-2.5,2.45,20,29,H,-2.5,1
2026-07-23,2026-07-23T00:03:14,台灣運彩,,3478967.1,110,2026-07-23T03:40:00+08:00,辛辛那提紅人,西雅圖水手,辛辛那提紅人 @ 西雅圖水手,51469490.1,358,讓分 -2.5,252914924.1,辛辛那堤紅人 +2.5,A,-2.5,1.35,20,7,A,-2.5,2
2026-07-23,2026-07-23T00:03:14,台灣運彩,,3478967.1,110,2026-07-23T03:40:00+08:00,辛辛那提紅人,西雅圖水手,辛辛那提紅人 @ 西雅圖水手,51469491.1,358,讓分 -1.5,252914925.1,西雅圖水手 -1.5,H,-1.5,1.95,20,19,H,-1.5,1
2026-07-23,2026-07-23T00:03:14,台灣運彩,,3478967.1,110,2026-07-23T03:40:00+08:00,辛辛那提紅人,西雅圖水手,辛辛那提紅人 @ 西雅圖水手,51469491.1,358,讓分 -1.5,252914926.1,辛辛那堤紅人 +1.5,A,-1.5,1.55,20,11,A,-1.5,2
2026-07-23,2026-07-23T00:03:14,台灣運彩,,3478967.1,110,2026-07-23T03:40:00+08:00,辛辛那提紅人,西雅圖水手,辛辛那提紅人 @ 西雅圖水手,51469486.1,360,[總分]大小 7.5,252914916.1,大 7.5,A,7.5,1.60,5,3,A,7.5,
2026-07-23,2026-07-23T00:03:14,台灣運彩,,3478967.1,110,2026-07-23T03:40:00+08:00,辛辛那提紅人,西雅圖水手,辛辛那提紅人 @ 西雅圖水手,51469486.1,360,[總分]大小 7.5,252914915.1,小 7.5,H,7.5,1.90,10,9,H,7.5,
2026-07-23,2026-07-23T00:03:14,台灣運彩,,3478967.1,110,2026-07-23T03:40:00+08:00,辛辛那提紅人,西雅圖水手,辛辛那提紅人 @ 西雅圖水手,51469488.1,360,[總分]大小 8.5,252914920.1,大 8.5,A,8.5,1.84,25,21,A,8.5,
2026-07-23,2026-07-23T00:03:14,台灣運彩,,3478967.1,110,2026-07-23T03:40:00+08:00,辛辛那提紅人,西雅圖水手,辛辛那提紅人 @ 西雅圖水手,51469488.1,360,[總分]大小 8.5,252914919.1,小 8.5,H,8.5,1.66,50,33,H,8.5,
2026-07-23,2026-07-23T00:03:14,台灣運彩,,3478967.1,110,2026-07-23T03:40:00+08:00,辛辛那提紅人,西雅圖水手,辛辛那提紅人 @ 西雅圖水手,51469492.1,360,[總分]大小 9.5,252914928.1,大 9.5,A,9.5,2.20,5,6,A,9.5,
2026-07-23,2026-07-23T00:03:14,台灣運彩,,3478967.1,110,2026-07-23T03:40:00+08:00,辛辛那提紅人,西雅圖水手,辛辛那提紅人 @ 西雅圖水手,51469492.1,360,[總分]大小 9.5,252914927.1,小 9.5,H,9.5,1.42,50,21,H,9.5,
2026-07-23,2026-07-23T00:03:14,台灣運彩,,3478967.1,110,2026-07-23T03:40:00+08:00,辛辛那提紅人,西雅圖水手,辛辛那提紅人 @ 西雅圖水手,51469487.1,362,西雅圖水手 大小 4.5,252914918.1,大 4.5,A,4.5,1.82,50,41,A,4.5,
2026-07-23,2026-07-23T00:03:14,台灣運彩,,3478967.1,110,2026-07-23T03:40:00+08:00,辛辛那提紅人,西雅圖水手,辛辛那提紅人 @ 西雅圖水手,51469487.1,362,西雅圖水手 大小 4.5,252914917.1,小 4.5,H,4.5,1.62,50,31,H,4.5,
2026-07-23,2026-07-23T00:03:14,台灣運彩,,3478967.1,110,2026-07-23T03:40:00+08:00,辛辛那提紅人,西雅圖水手,辛辛那提紅人 @ 西雅圖水手,51469483.1,363,辛辛那堤紅人 大小 3.5,252914910.1,大 3.5,A,3.5,1.75,4,3,A,3.5,
2026-07-23,2026-07-23T00:03:14,台灣運彩,,3478967.1,110,2026-07-23T03:40:00+08:00,辛辛那提紅人,西雅圖水手,辛辛那提紅人 @ 西雅圖水手,51469483.1,363,辛辛那堤紅人 大小 3.5,252914909.1,小 3.5,H,3.5,1.68,25,17,H,3.5,
2026-07-23,2026-07-23T00:03:14,台灣運彩,,3478967.1,110,2026-07-23T03:40:00+08:00,辛辛那提紅人,西雅圖水手,辛辛那提紅人 @ 西雅圖水手,51469484.1,366,[總分]單雙,252914912.1,單,,,1.48,25,12,,,
2026-07-23,2026-07-23T00:03:14,台灣運彩,,3478967.1,110,2026-07-23T03:40:00+08:00,辛辛那提紅人,西雅圖水手,辛辛那提紅人 @ 西雅圖水手,51469484.1,366,[總分]單雙,252914911.1,雙,,,2.00,1,1,,,
2026-07-23,2026-07-23T00:03:14,台灣運彩,,3478967.1,110,2026-07-23T03:40:00+08:00,辛辛那提紅人,西雅圖水手,辛辛那提紅人 @ 西雅圖水手,51470261.1,374,得分最高單局(不含延長賽),252917372.1,一樣多,,,2.25,4,5,,,
2026-07-23,2026-07-23T00:03:14,台灣運彩,,3478967.1,110,2026-07-23T03:40:00+08:00,辛辛那提紅人,西雅圖水手,辛辛那提紅人 @ 西雅圖水手,51470261.1,374,得分最高單局(不含延長賽),252917363.1,第1局,,,5.40,5,22,,,
2026-07-23,2026-07-23T00:03:14,台灣運彩,,3478967.1,110,2026-07-23T03:40:00+08:00,辛辛那提紅人,西雅圖水手,辛辛那提紅人 @ 西雅圖水手,51470261.1,374,得分最高單局(不含延長賽),252917364.1,第2局,,,6.00,1,5,,,
2026-07-23,2026-07-23T00:03:14,台灣運彩,,3478967.1,110,2026-07-23T03:40:00+08:00,辛辛那提紅人,西雅圖水手,辛辛那提紅人 @ 西雅圖水手,51470261.1,374,得分最高單局(不含延長賽),252917365.1,第3局,,,5.60,5,23,,,
2026-07-23,2026-07-23T00:03:14,台灣運彩,,3478967.1,110,2026-07-23T03:40:00+08:00,辛辛那提紅人,西雅圖水手,辛辛那提紅人 @ 西雅圖水手,51470261.1,374,得分最高單局(不含延長賽),252917366.1,第4局,,,6.00,1,5,,,
2026-07-23,2026-07-23T00:03:14,台灣運彩,,3478967.1,110,2026-07-23T03:40:00+08:00,辛辛那提紅人,西雅圖水手,辛辛那提紅人 @ 西雅圖水手,51470261.1,374,得分最高單局(不含延長賽),252917367.1,第5局,,,5.90,10,49,,,
2026-07-23,2026-07-23T00:03:14,台灣運彩,,3478967.1,110,2026-07-23T03:40:00+08:00,辛辛那提紅人,西雅圖水手,辛辛那提紅人 @ 西雅圖水手,51470261.1,374,得分最高單局(不含延長賽),252917368.1,第6局,,,6.00,1,5,,,
2026-07-23,2026-07-23T00:03:14,台灣運彩,,3478967.1,110,2026-07-23T03:40:00+08:00,辛辛那提紅人,西雅圖水手,辛辛那提紅人 @ 西雅圖水手,51470261.1,374,得分最高單局(不含延長賽),252917369.1,第7局,,,6.25,4,21,,,
2026-07-23,2026-07-23T00:03:14,台灣運彩,,3478967.1,110,2026-07-23T03:40:00+08:00,辛辛那提紅人,西雅圖水手,辛辛那提紅人 @ 西雅圖水手,51470261.1,374,得分最高單局(不含延長賽),252917370.1,第8局,,,6.00,1,5,,,
2026-07-23,2026-07-23T00:03:14,台灣運彩,,3478967.1,110,2026-07-23T03:40:00+08:00,辛辛那提紅人,西雅圖水手,辛辛那提紅人 @ 西雅圖水手,51470261.1,374,得分最高單局(不含延長賽),252917371.1,第9局,,,8.00,1,7,,,
2026-07-23,2026-07-23T00:03:14,台灣運彩,,3478967.1,110,2026-07-23T03:40:00+08:00,辛辛那提紅人,西雅圖水手,辛辛那提紅人 @ 西雅圖水手,51470257.1,376,[1-5局] 不讓分,252917353.1,西雅圖水手,H,,1.60,5,3,H,,1
2026-07-23,2026-07-23T00:03:14,台灣運彩,,3478967.1,110,2026-07-23T03:40:00+08:00,辛辛那提紅人,西雅圖水手,辛辛那提紅人 @ 西雅圖水手,51470257.1,376,[1-5局] 不讓分,252917355.1,辛辛那堤紅人,A,,2.15,20,23,A,,2
2026-07-23,2026-07-23T00:03:14,台灣運彩,,3478967.1,110,2026-07-23T03:40:00+08:00,辛辛那提紅人,西雅圖水手,辛辛那提紅人 @ 西雅圖水手,51470257.1,376,[1-5局] 不讓分,252917354.1,和局,D,,4.75,4,15,D,,
2026-07-23,2026-07-23T00:03:14,台灣運彩,,3478967.1,110,2026-07-23T03:40:00+08:00,辛辛那提紅人,西雅圖水手,辛辛那提紅人 @ 西雅圖水手,51470256.1,378,[1-5局] 大小 4.5,252917352.1,大 4.5,A,4.5,1.70,10,7,A,4.5,
2026-07-23,2026-07-23T00:03:14,台灣運彩,,3478967.1,110,2026-07-23T03:40:00+08:00,辛辛那提紅人,西雅圖水手,辛辛那提紅人 @ 西雅圖水手,51470256.1,378,[1-5局] 大小 4.5,252917351.1,小 4.5,H,4.5,1.63,100,63,H,4.5,
2026-07-23,2026-07-23T00:03:14,台灣運彩,,3478967.1,110,2026-07-23T03:40:00+08:00,辛辛那提紅人,西雅圖水手,辛辛那提紅人 @ 西雅圖水手,51470260.1,379,[1-5局] 西雅圖水手 大小 2.5,252917362.1,大 2.5,A,2.5,1.85,20,17,A,2.5,
2026-07-23,2026-07-23T00:03:14,台灣運彩,,3478967.1,110,2026-07-23T03:40:00+08:00,辛辛那提紅人,西雅圖水手,辛辛那提紅人 @ 西雅圖水手,51470260.1,379,[1-5局] 西雅圖水手 大小 2.5,252917361.1,小 2.5,H,2.5,1.60,5,3,H,2.5,
2026-07-23,2026-07-23T00:03:14,台灣運彩,,3478967.1,110,2026-07-23T03:40:00+08:00,辛辛那提紅人,西雅圖水手,辛辛那提紅人 @ 西雅圖水手,51470258.1,380,[1-5局] 辛辛那堤紅人 大小 1.5,252917357.1,大 1.5,A,1.5,1.66,50,33,A,1.5,
2026-07-23,2026-07-23T00:03:14,台灣運彩,,3478967.1,110,2026-07-23T03:40:00+08:00,辛辛那提紅人,西雅圖水手,辛辛那提紅人 @ 西雅圖水手,51470258.1,380,[1-5局] 辛辛那堤紅人 大小 1.5,252917356.1,小 1.5,H,1.5,1.76,25,19,H,1.5,
2026-07-23,2026-07-23T00:03:14,台灣運彩,,3478967.1,110,2026-07-23T03:40:00+08:00,辛辛那提紅人,西雅圖水手,辛辛那提紅人 @ 西雅圖水手,51470259.1,389,[第1局] 不讓分,252917358.1,西雅圖水手,H,,2.70,10,17,H,,1
2026-07-23,2026-07-23T00:03:14,台灣運彩,,3478967.1,110,2026-07-23T03:40:00+08:00,辛辛那提紅人,西雅圖水手,辛辛那提紅人 @ 西雅圖水手,51470259.1,389,[第1局] 不讓分,252917360.1,辛辛那堤紅人,A,,3.65,20,53,A,,2
2026-07-23,2026-07-23T00:03:14,台灣運彩,,3478967.1,110,2026-07-23T03:40:00+08:00,辛辛那提紅人,西雅圖水手,辛辛那提紅人 @ 西雅圖水手,51470259.1,389,[第1局] 不讓分,252917359.1,和局,D,,1.50,2,1,D,,
2026-07-23,2026-07-23T00:03:14,台灣運彩,,3478967.1,110,2026-07-23T03:40:00+08:00,辛辛那提紅人,西雅圖水手,辛辛那提紅人 @ 西雅圖水手,51470262.1,398,[第1局] 大小 0.5,252917374.1,大 0.5,A,0.5,1.71,100,71,A,0.5,
2026-07-23,2026-07-23T00:03:14,台灣運彩,,3478967.1,110,2026-07-23T03:40:00+08:00,辛辛那提紅人,西雅圖水手,辛辛那提紅人 @ 西雅圖水手,51470262.1,398,[第1局] 大小 0.5,252917373.1,小 0.5,H,0.5,1.62,50,31,H,0.5,
2026-07-23,2026-07-23T00:03:14,台灣運彩,,3478968.1,121,2026-07-23T03:40:00+08:00,運動家,亞利桑那響尾蛇,運動家 @ 亞利桑那響尾蛇,51469495.1,354,不讓分,252914937.1,亞歷桑那響尾蛇,H,,1.58,50,29,H,,1
2026-07-23,2026-07-23T00:03:14,台灣運彩,,3478968.1,121,2026-07-23T03:40:00+08:00,運動家,亞利桑那響尾蛇,運動家 @ 亞利桑那響尾蛇,51469495.1,354,不讓分,252914938.1,運動家,A,,1.92,25,23,A,,2
2026-07-23,2026-07-23T00:03:14,台灣運彩,,3478968.1,121,2026-07-23T03:40:00+08:00,運動家,亞利桑那響尾蛇,運動家 @ 亞利桑那響尾蛇,51469504.1,357,勝分差,252914955.1,亞歷桑那響尾蛇 1 分,H,,4.05,20,61,H,,
2026-07-23,2026-07-23T00:03:14,台灣運彩,,3478968.1,121,2026-07-23T03:40:00+08:00,運動家,亞利桑那響尾蛇,運動家 @ 亞利桑那響尾蛇,51469504.1,357,勝分差,252914956.1,亞歷桑那響尾蛇 2 分,H,,7.00,1,6,H,,
2026-07-23,2026-07-23T00:03:14,台灣運彩,,3478968.1,121,2026-07-23T03:40:00+08:00,運動家,亞利桑那響尾蛇,運動家 @ 亞利桑那響尾蛇,51469504.1,357,勝分差,252914957.1,亞歷桑那響尾蛇 > 2分,H,,2.60,5,8,H,,
2026-07-23,2026-07-23T00:03:14,台灣運彩,,3478968.1,121,2026-07-23T03:40:00+08:00,運動家,亞利桑那響尾蛇,運動家 @ 亞利桑那響尾蛇,51469504.1,357,勝分差,252914958.1,運動家 1 分,A,,5.70,10,47,A,,
2026-07-23,2026-07-23T00:03:14,台灣運彩,,3478968.1,121,2026-07-23T03:40:00+08:00,運動家,亞利桑那響尾蛇,運動家 @ 亞利桑那響尾蛇,51469504.1,357,勝分差,252914959.1,運動家 2 分,A,,7.50,2,13,A,,
2026-07-23,2026-07-23T00:03:14,台灣運彩,,3478968.1,121,2026-07-23T03:40:00+08:00,運動家,亞利桑那響尾蛇,運動家 @ 亞利桑那響尾蛇,51469504.1,357,勝分差,252914960.1,運動家 > 2分,A,,2.70,10,17,A,,
2026-07-23,2026-07-23T00:03:14,台灣運彩,,3478968.1,121,2026-07-23T03:40:00+08:00,運動家,亞利桑那響尾蛇,運動家 @ 亞利桑那響尾蛇,51469498.1,358,讓分 -1.5,252914943.1,亞歷桑那響尾蛇 -1.5,H,-1.5,2.10,10,11,H,-1.5,1
2026-07-23,2026-07-23T00:03:14,台灣運彩,,3478968.1,121,2026-07-23T03:40:00+08:00,運動家,亞利桑那響尾蛇,運動家 @ 亞利桑那響尾蛇,51469498.1,358,讓分 -1.5,252914944.1,運動家 +1.5,A,-1.5,1.45,20,9,A,-1.5,2
2026-07-23,2026-07-23T00:03:14,台灣運彩,,3478968.1,121,2026-07-23T03:40:00+08:00,運動家,亞利桑那響尾蛇,運動家 @ 亞利桑那響尾蛇,51469500.1,358,讓分 1.5,252914947.1,亞歷桑那響尾蛇 +1.5,H,1.5,1.35,20,7,H,1.5,1
2026-07-23,2026-07-23T00:03:14,台灣運彩,,3478968.1,121,2026-07-23T03:40:00+08:00,運動家,亞利桑那響尾蛇,運動家 @ 亞利桑那響尾蛇,51469500.1,358,讓分 1.5,252914948.1,運動家 -1.5,A,1.5,2.45,20,29,A,1.5,2
2026-07-23,2026-07-23T00:03:14,台灣運彩,,3478968.1,121,2026-07-23T03:40:00+08:00,運動家,亞利桑那響尾蛇,運動家 @ 亞利桑那響尾蛇,51469503.1,358,讓分 -2.5,252914953.1,亞歷桑那響尾蛇 -2.5,H,-2.5,2.70,10,17,H,-2.5,1
2026-07-23,2026-07-23T00:03:14,台灣運彩,,3478968.1,121,2026-07-23T03:40:00+08:00,運動家,亞利桑那響尾蛇,運動家 @ 亞利桑那響尾蛇,51469503.1,358,讓分 -2.5,252914954.1,運動家 +2.5,A,-2.5,1.28,25,7,A,-2.5,2
2026-07-23,2026-07-23T00:03:14,台灣運彩,,3478968.1,121,2026-07-23T03:40:00+08:00,運動家,亞利桑那響尾蛇,運動家 @ 亞利桑那響尾蛇,51469501.1,360,[總分]大小 9.5,252914950.1,大 9.5,A,9.5,1.98,50,49,A,9.5,
2026-07-23,2026-07-23T00:03:14,台灣運彩,,3478968.1,121,2026-07-23T03:40:00+08:00,運動家,亞利桑那響尾蛇,運動家 @ 亞利桑那響尾蛇,51469501.1,360,[總分]大小 9.5,252914949.1,小 9.5,H,9.5,1.52,25,13,H,9.5,
2026-07-23,2026-07-23T00:03:14,台灣運彩,,3478968.1,121,2026-07-23T03:40:00+08:00,運動家,亞利桑那響尾蛇,運動家 @ 亞利桑那響尾蛇,51469502.1,360,[總分]大小 8.5,252914952.1,大 8.5,A,8.5,1.68,25,17,A,8.5,
2026-07-23,2026-07-23T00:03:14,台灣運彩,,3478968.1,121,2026-07-23T03:40:00+08:00,運動家,亞利桑那響尾蛇,運動家 @ 亞利桑那響尾蛇,51469502.1,360,[總分]大小 8.5,252914951.1,小 8.5,H,8.5,1.82,50,41,H,8.5,
2026-07-23,2026-07-23T00:03:14,台灣運彩,,3478968.1,121,2026-07-23T03:40:00+08:00,運動家,亞利桑那響尾蛇,運動家 @ 亞利桑那響尾蛇,51471319.1,360,[總分]大小 7.5,252922011.1,大 7.5,A,7.5,1.46,50,23,A,7.5,
2026-07-23,2026-07-23T00:03:14,台灣運彩,,3478968.1,121,2026-07-23T03:40:00+08:00,運動家,亞利桑那響尾蛇,運動家 @ 亞利桑那響尾蛇,51471319.1,360,[總分]大小 7.5,252922010.1,小 7.5,H,7.5,2.07,100,107,H,7.5,
2026-07-23,2026-07-23T00:03:14,台灣運彩,,3478968.1,121,2026-07-23T03:40:00+08:00,運動家,亞利桑那響尾蛇,運動家 @ 亞利桑那響尾蛇,51469496.1,362,亞歷桑那響尾蛇 大小 4.5,252914940.1,大 4.5,A,4.5,1.82,50,41,A,4.5,
2026-07-23,2026-07-23T00:03:14,台灣運彩,,3478968.1,121,2026-07-23T03:40:00+08:00,運動家,亞利桑那響尾蛇,運動家 @ 亞利桑那響尾蛇,51469496.1,362,亞歷桑那響尾蛇 大小 4.5,252914939.1,小 4.5,H,4.5,1.62,50,31,H,4.5,
2026-07-23,2026-07-23T00:03:14,台灣運彩,,3478968.1,121,2026-07-23T03:40:00+08:00,運動家,亞利桑那響尾蛇,運動家 @ 亞利桑那響尾蛇,51471620.1,363,運動家 大小 3.5,252922973.1,大 3.5,A,3.5,1.55,20,11,A,3.5,
2026-07-23,2026-07-23T00:03:14,台灣運彩,,3478968.1,121,2026-07-23T03:40:00+08:00,運動家,亞利桑那響尾蛇,運動家 @ 亞利桑那響尾蛇,51471620.1,363,運動家 大小 3.5,252922972.1,小 3.5,H,3.5,1.90,10,9,H,3.5,
2026-07-23,2026-07-23T00:03:14,台灣運彩,,3478968.1,121,2026-07-23T03:40:00+08:00,運動家,亞利桑那響尾蛇,運動家 @ 亞利桑那響尾蛇,51469494.1,366,[總分]單雙,252914936.1,單,,,1.48,25,12,,,
2026-07-23,2026-07-23T00:03:14,台灣運彩,,3478968.1,121,2026-07-23T03:40:00+08:00,運動家,亞利桑那響尾蛇,運動家 @ 亞利桑那響尾蛇,51469494.1,366,[總分]單雙,252914935.1,雙,,,2.00,1,1,,,
2026-07-23,2026-07-23T00:03:14,台灣運彩,,3478968.1,121,2026-07-23T03:40:00+08:00,運動家,亞利桑那響尾蛇,運動家 @ 亞利桑那響尾蛇,51470269.1,374,得分最高單局(不含延長賽),252917398.1,一樣多,,,2.25,4,5,,,
2026-07-23,2026-07-23T00:03:14,台灣運彩,,3478968.1,121,2026-07-23T03:40:00+08:00,運動家,亞利桑那響尾蛇,運動家 @ 亞利桑那響尾蛇,51470269.1,374,得分最高單局(不含延長賽),252917389.1,第1局,,,5.30,10,43,,,
2026-07-23,2026-07-23T00:03:14,台灣運彩,,3478968.1,121,2026-07-23T03:40:00+08:00,運動家,亞利桑那響尾蛇,運動家 @ 亞利桑那響尾蛇,51470269.1,374,得分最高單局(不含延長賽),252917390.1,第2局,,,6.50,2,11,,,
2026-07-23,2026-07-23T00:03:14,台灣運彩,,3478968.1,121,2026-07-23T03:40:00+08:00,運動家,亞利桑那響尾蛇,運動家 @ 亞利桑那響尾蛇,51470269.1,374,得分最高單局(不含延長賽),252917391.1,第3局,,,5.55,20,91,,,
2026-07-23,2026-07-23T00:03:14,台灣運彩,,3478968.1,121,2026-07-23T03:40:00+08:00,運動家,亞利桑那響尾蛇,運動家 @ 亞利桑那響尾蛇,51470269.1,374,得分最高單局(不含延長賽),252917392.1,第4局,,,6.25,4,21,,,
2026-07-23,2026-07-23T00:03:14,台灣運彩,,3478968.1,121,2026-07-23T03:40:00+08:00,運動家,亞利桑那響尾蛇,運動家 @ 亞利桑那響尾蛇,51470269.1,374,得分最高單局(不含延長賽),252917393.1,第5局,,,5.80,5,24,,,
2026-07-23,2026-07-23T00:03:14,台灣運彩,,3478968.1,121,2026-07-23T03:40:00+08:00,運動家,亞利桑那響尾蛇,運動家 @ 亞利桑那響尾蛇,51470269.1,374,得分最高單局(不含延長賽),252917394.1,第6局,,,6.00,1,5,,,
2026-07-23,2026-07-23T00:03:14,台灣運彩,,3478968.1,121,2026-07-23T03:40:00+08:00,運動家,亞利桑那響尾蛇,運動家 @ 亞利桑那響尾蛇,51470269.1,374,得分最高單局(不含延長賽),252917395.1,第7局,,,6.00,1,5,,,
2026-07-23,2026-07-23T00:03:14,台灣運彩,,3478968.1,121,2026-07-23T03:40:00+08:00,運動家,亞利桑那響尾蛇,運動家 @ 亞利桑那響尾蛇,51470269.1,374,得分最高單局(不含延長賽),252917396.1,第8局,,,5.90,10,49,,,
2026-07-23,2026-07-23T00:03:14,台灣運彩,,3478968.1,121,2026-07-23T03:40:00+08:00,運動家,亞利桑那響尾蛇,運動家 @ 亞利桑那響尾蛇,51470269.1,374,得分最高單局(不含延長賽),252917397.1,第9局,,,8.00,1,7,,,
2026-07-23,2026-07-23T00:03:14,台灣運彩,,3478968.1,121,2026-07-23T03:40:00+08:00,運動家,亞利桑那響尾蛇,運動家 @ 亞利桑那響尾蛇,51470265.1,376,[1-5局] 不讓分,252917380.1,亞歷桑那響尾蛇,H,,1.75,4,3,H,,1
2026-07-23,2026-07-23T00:03:14,台灣運彩,,3478968.1,121,2026-07-23T03:40:00+08:00,運動家,亞利桑那響尾蛇,運動家 @ 亞利桑那響尾蛇,51470265.1,376,[1-5局] 不讓分,252917382.1,運動家,A,,1.90,10,9,A,,2
2026-07-23,2026-07-23T00:03:14,台灣運彩,,3478968.1,121,2026-07-23T03:40:00+08:00,運動家,亞利桑那響尾蛇,運動家 @ 亞利桑那響尾蛇,51470265.1,376,[1-5局] 不讓分,252917381.1,和局,D,,4.80,5,19,D,,
2026-07-23,2026-07-23T00:03:14,台灣運彩,,3478968.1,121,2026-07-23T03:40:00+08:00,運動家,亞利桑那響尾蛇,運動家 @ 亞利桑那響尾蛇,51470267.1,378,[1-5局] 大小 4.5,252917386.1,大 4.5,A,4.5,1.60,5,3,A,4.5,
2026-07-23,2026-07-23T00:03:14,台灣運彩,,3478968.1,121,2026-07-23T03:40:00+08:00,運動家,亞利桑那響尾蛇,運動家 @ 亞利桑那響尾蛇,51470267.1,378,[1-5局] 大小 4.5,252917385.1,小 4.5,H,4.5,1.73,100,73,H,4.5,
2026-07-23,2026-07-23T00:03:14,台灣運彩,,3478968.1,121,2026-07-23T03:40:00+08:00,運動家,亞利桑那響尾蛇,運動家 @ 亞利桑那響尾蛇,51470268.1,379,[1-5局] 亞歷桑那響尾蛇 大小 2.5,252917388.1,大 2.5,A,2.5,1.88,25,22,A,2.5,
2026-07-23,2026-07-23T00:03:14,台灣運彩,,3478968.1,121,2026-07-23T03:40:00+08:00,運動家,亞利桑那響尾蛇,運動家 @ 亞利桑那響尾蛇,51470268.1,379,[1-5局] 亞歷桑那響尾蛇 大小 2.5,252917387.1,小 2.5,H,2.5,1.56,25,14,H,2.5,
2026-07-23,2026-07-23T00:03:14,台灣運彩,,3478968.1,121,2026-07-23T03:40:00+08:00,運動家,亞利桑那響尾蛇,運動家 @ 亞利桑那響尾蛇,51471309.1,380,[1-5局] 運動家 大小 1.5,252921987.1,大 1.5,A,1.5,1.50,2,1,A,1.5,
2026-07-23,2026-07-23T00:03:14,台灣運彩,,3478968.1,121,2026-07-23T03:40:00+08:00,運動家,亞利桑那響尾蛇,運動家 @ 亞利桑那響尾蛇,51471309.1,380,[1-5局] 運動家 大小 1.5,252921986.1,小 1.5,H,1.5,1.96,25,24,H,1.5,
2026-07-23,2026-07-23T00:03:14,台灣運彩,,3478968.1,121,2026-07-23T03:40:00+08:00,運動家,亞利桑那響尾蛇,運動家 @ 亞利桑那響尾蛇,51470264.1,389,[第1局] 不讓分,252917377.1,亞歷桑那響尾蛇,H,,2.80,5,9,H,,1
2026-07-23,2026-07-23T00:03:14,台灣運彩,,3478968.1,121,2026-07-23T03:40:00+08:00,運動家,亞利桑那響尾蛇,運動家 @ 亞利桑那響尾蛇,51470264.1,389,[第1局] 不讓分,252917379.1,運動家,A,,3.25,4,9,A,,2
2026-07-23,2026-07-23T00:03:14,台灣運彩,,3478968.1,121,2026-07-23T03:40:00+08:00,運動家,亞利桑那響尾蛇,運動家 @ 亞利桑那響尾蛇,51470264.1,389,[第1局] 不讓分,252917378.1,和局,D,,1.55,20,11,D,,
2026-07-23,2026-07-23T00:03:14,台灣運彩,,3478968.1,121,2026-07-23T03:40:00+08:00,運動家,亞利桑那響尾蛇,運動家 @ 亞利桑那響尾蛇,51470263.1,398,[第1局] 大小 0.5,252917376.1,大 0.5,A,0.5,1.65,20,13,A,0.5,
2026-07-23,2026-07-23T00:03:14,台灣運彩,,3478968.1,121,2026-07-23T03:40:00+08:00,運動家,亞利桑那響尾蛇,運動家 @ 亞利桑那響尾蛇,51470263.1,398,[第1局] 大小 0.5,252917375.1,小 0.5,H,0.5,1.68,25,17,H,0.5,
2026-07-23,2026-07-23T00:03:14,台灣運彩,,3478972.1,123,2026-07-23T04:07:00+08:00,聖路易紅雀,洛杉磯天使,聖路易紅雀 @ 洛杉磯天使,51469539.1,354,不讓分,252915043.1,洛杉磯天使,H,,1.56,25,14,H,,1
2026-07-23,2026-07-23T00:03:14,台灣運彩,,3478972.1,123,2026-07-23T04:07:00+08:00,聖路易紅雀,洛杉磯天使,聖路易紅雀 @ 洛杉磯天使,51469539.1,354,不讓分,252915044.1,聖路易紅雀,A,,1.94,50,47,A,,2
2026-07-23,2026-07-23T00:03:14,台灣運彩,,3478972.1,123,2026-07-23T04:07:00+08:00,聖路易紅雀,洛杉磯天使,聖路易紅雀 @ 洛杉磯天使,51469549.1,357,勝分差,252915063.1,洛杉磯天使 1 分,H,,4.00,1,3,H,,
2026-07-23,2026-07-23T00:03:14,台灣運彩,,3478972.1,123,2026-07-23T04:07:00+08:00,聖路易紅雀,洛杉磯天使,聖路易紅雀 @ 洛杉磯天使,51469549.1,357,勝分差,252915064.1,洛杉磯天使 2 分,H,,7.00,1,6,H,,
2026-07-23,2026-07-23T00:03:14,台灣運彩,,3478972.1,123,2026-07-23T04:07:00+08:00,聖路易紅雀,洛杉磯天使,聖路易紅雀 @ 洛杉磯天使,51469549.1,357,勝分差,252915065.1,洛杉磯天使 > 2分,H,,2.45,20,29,H,,
2026-07-23,2026-07-23T00:03:14,台灣運彩,,3478972.1,123,2026-07-23T04:07:00+08:00,聖路易紅雀,洛杉磯天使,聖路易紅雀 @ 洛杉磯天使,51469549.1,357,勝分差,252915066.1,聖路易紅雀 1 分,A,,5.85,20,97,A,,
2026-07-23,2026-07-23T00:03:14,台灣運彩,,3478972.1,123,2026-07-23T04:07:00+08:00,聖路易紅雀,洛杉磯天使,聖路易紅雀 @ 洛杉磯天使,51469549.1,357,勝分差,252915067.1,聖路易紅雀 2 分,A,,7.50,2,13,A,,
2026-07-23,2026-07-23T00:03:14,台灣運彩,,3478972.1,123,2026-07-23T04:07:00+08:00,聖路易紅雀,洛杉磯天使,聖路易紅雀 @ 洛杉磯天使,51469549.1,357,勝分差,252915068.1,聖路易紅雀 > 2分,A,,2.90,10,19,A,,
2026-07-23,2026-07-23T00:03:14,台灣運彩,,3478972.1,123,2026-07-23T04:07:00+08:00,聖路易紅雀,洛杉磯天使,聖路易紅雀 @ 洛杉磯天使,51469542.1,358,讓分 -1.5,252915049.1,洛杉磯天使 -1.5,H,-1.5,2.05,20,21,H,-1.5,1
2026-07-23,2026-07-23T00:03:14,台灣運彩,,3478972.1,123,2026-07-23T04:07:00+08:00,聖路易紅雀,洛杉磯天使,聖路易紅雀 @ 洛杉磯天使,51469542.1,358,讓分 -1.5,252915050.1,聖路易紅雀 +1.5,A,-1.5,1.48,25,12,A,-1.5,2
2026-07-23,2026-07-23T00:03:14,台灣運彩,,3478972.1,123,2026-07-23T04:07:00+08:00,聖路易紅雀,洛杉磯天使,聖路易紅雀 @ 洛杉磯天使,51469544.1,358,讓分 -2.5,252915053.1,洛杉磯天使 -2.5,H,-2.5,2.50,2,3,H,-2.5,1
2026-07-23,2026-07-23T00:03:14,台灣運彩,,3478972.1,123,2026-07-23T04:07:00+08:00,聖路易紅雀,洛杉磯天使,聖路易紅雀 @ 洛杉磯天使,51469544.1,358,讓分 -2.5,252915054.1,聖路易紅雀 +2.5,A,-2.5,1.32,25,8,A,-2.5,2
2026-07-23,2026-07-23T00:03:14,台灣運彩,,3478972.1,123,2026-07-23T04:07:00+08:00,聖路易紅雀,洛杉磯天使,聖路易紅雀 @ 洛杉磯天使,51471449.1,358,讓分 -3.5,252922358.1,洛杉磯天使 -3.5,H,-3.5,3.10,10,21,H,-3.5,1
2026-07-23,2026-07-23T00:03:14,台灣運彩,,3478972.1,123,2026-07-23T04:07:00+08:00,聖路易紅雀,洛杉磯天使,聖路易紅雀 @ 洛杉磯天使,51471449.1,358,讓分 -3.5,252922359.1,聖路易紅雀 +3.5,A,-3.5,1.20,5,1,A,-3.5,2
2026-07-23,2026-07-23T00:03:14,台灣運彩,,3478972.1,123,2026-07-23T04:07:00+08:00,聖路易紅雀,洛杉磯天使,聖路易紅雀 @ 洛杉磯天使,51469545.1,360,[總分]大小 8.5,252915056.1,大 8.5,A,8.5,1.68,25,17,A,8.5,
2026-07-23,2026-07-23T00:03:14,台灣運彩,,3478972.1,123,2026-07-23T04:07:00+08:00,聖路易紅雀,洛杉磯天使,聖路易紅雀 @ 洛杉磯天使,51469545.1,360,[總分]大小 8.5,252915055.1,小 8.5,H,8.5,1.82,50,41,H,8.5,
2026-07-23,2026-07-23T00:03:14,台灣運彩,,3478972.1,123,2026-07-23T04:07:00+08:00,聖路易紅雀,洛杉磯天使,聖路易紅雀 @ 洛杉磯天使,51469546.1,360,[總分]大小 9.5,252915058.1,大 9.5,A,9.5,2.00,1,1,A,9.5,
2026-07-23,2026-07-23T00:03:14,台灣運彩,,3478972.1,123,2026-07-23T04:07:00+08:00,聖路易紅雀,洛杉磯天使,聖路易紅雀 @ 洛杉磯天使,51469546.1,360,[總分]大小 9.5,252915057.1,小 9.5,H,9.5,1.50,2,1,H,9.5,
2026-07-23,2026-07-23T00:03:14,台灣運彩,,3478972.1,123,2026-07-23T04:07:00+08:00,聖路易紅雀,洛杉磯天使,聖路易紅雀 @ 洛杉磯天使,51470271.1,360,[總分]大小 7.5,252917402.1,大 7.5,A,7.5,1.48,25,12,A,7.5,
2026-07-23,2026-07-23T00:03:14,台灣運彩,,3478972.1,123,2026-07-23T04:07:00+08:00,聖路易紅雀,洛杉磯天使,聖路易紅雀 @ 洛杉磯天使,51470271.1,360,[總分]大小 7.5,252917401.1,小 7.5,H,7.5,2.05,20,21,H,7.5,
2026-07-23,2026-07-23T00:03:14,台灣運彩,,3478972.1,123,2026-07-23T04:07:00+08:00,聖路易紅雀,洛杉磯天使,聖路易紅雀 @ 洛杉磯天使,51469547.1,362,洛杉磯天使 大小 4.5,252915060.1,大 4.5,A,4.5,1.78,50,39,A,4.5,
2026-07-23,2026-07-23T00:03:14,台灣運彩,,3478972.1,123,2026-07-23T04:07:00+08:00,聖路易紅雀,洛杉磯天使,聖路易紅雀 @ 洛杉磯天使,51469547.1,362,洛杉磯天使 大小 4.5,252915059.1,小 4.5,H,4.5,1.65,20,13,H,4.5,
2026-07-23,2026-07-23T00:03:14,台灣運彩,,3478972.1,123,2026-07-23T04:07:00+08:00,聖路易紅雀,洛杉磯天使,聖路易紅雀 @ 洛杉磯天使,51471450.1,363,聖路易紅雀 大小 3.5,252922361.1,大 3.5,A,3.5,1.58,50,29,A,3.5,
2026-07-23,2026-07-23T00:03:14,台灣運彩,,3478972.1,123,2026-07-23T04:07:00+08:00,聖路易紅雀,洛杉磯天使,聖路易紅雀 @ 洛杉磯天使,51471450.1,363,聖路易紅雀 大小 3.5,252922360.1,小 3.5,H,3.5,1.86,50,43,H,3.5,
2026-07-23,2026-07-23T00:03:14,台灣運彩,,3478972.1,123,2026-07-23T04:07:00+08:00,聖路易紅雀,洛杉磯天使,聖路易紅雀 @ 洛杉磯天使,51469540.1,366,[總分]單雙,252915046.1,單,,,1.48,25,12,,,
2026-07-23,2026-07-23T00:03:14,台灣運彩,,3478972.1,123,2026-07-23T04:07:00+08:00,聖路易紅雀,洛杉磯天使,聖路易紅雀 @ 洛杉磯天使,51469540.1,366,[總分]單雙,252915045.1,雙,,,2.00,1,1,,,
2026-07-23,2026-07-23T00:03:14,台灣運彩,,3478972.1,123,2026-07-23T04:07:00+08:00,聖路易紅雀,洛杉磯天使,聖路易紅雀 @ 洛杉磯天使,51470277.1,374,得分最高單局(不含延長賽),252917424.1,一樣多,,,2.25,4,5,,,
2026-07-23,2026-07-23T00:03:14,台灣運彩,,3478972.1,123,2026-07-23T04:07:00+08:00,聖路易紅雀,洛杉磯天使,聖路易紅雀 @ 洛杉磯天使,51470277.1,374,得分最高單局(不含延長賽),252917415.1,第1局,,,5.35,20,87,,,
2026-07-23,2026-07-23T00:03:14,台灣運彩,,3478972.1,123,2026-07-23T04:07:00+08:00,聖路易紅雀,洛杉磯天使,聖路易紅雀 @ 洛杉磯天使,51470277.1,374,得分最高單局(不含延長賽),252917416.1,第2局,,,6.00,1,5,,,
2026-07-23,2026-07-23T00:03:14,台灣運彩,,3478972.1,123,2026-07-23T04:07:00+08:00,聖路易紅雀,洛杉磯天使,聖路易紅雀 @ 洛杉磯天使,51470277.1,374,得分最高單局(不含延長賽),252917417.1,第3局,,,5.55,20,91,,,
2026-07-23,2026-07-23T00:03:14,台灣運彩,,3478972.1,123,2026-07-23T04:07:00+08:00,聖路易紅雀,洛杉磯天使,聖路易紅雀 @ 洛杉磯天使,51470277.1,374,得分最高單局(不含延長賽),252917418.1,第4局,,,6.00,1,5,,,
2026-07-23,2026-07-23T00:03:14,台灣運彩,,3478972.1,123,2026-07-23T04:07:00+08:00,聖路易紅雀,洛杉磯天使,聖路易紅雀 @ 洛杉磯天使,51470277.1,374,得分最高單局(不含延長賽),252917419.1,第5局,,,5.85,20,97,,,
2026-07-23,2026-07-23T00:03:14,台灣運彩,,3478972.1,123,2026-07-23T04:07:00+08:00,聖路易紅雀,洛杉磯天使,聖路易紅雀 @ 洛杉磯天使,51470277.1,374,得分最高單局(不含延長賽),252917420.1,第6局,,,6.25,4,21,,,
2026-07-23,2026-07-23T00:03:14,台灣運彩,,3478972.1,123,2026-07-23T04:07:00+08:00,聖路易紅雀,洛杉磯天使,聖路易紅雀 @ 洛杉磯天使,51470277.1,374,得分最高單局(不含延長賽),252917421.1,第7局,,,6.00,1,5,,,
2026-07-23,2026-07-23T00:03:14,台灣運彩,,3478972.1,123,2026-07-23T04:07:00+08:00,聖路易紅雀,洛杉磯天使,聖路易紅雀 @ 洛杉磯天使,51470277.1,374,得分最高單局(不含延長賽),252917422.1,第8局,,,6.00,1,5,,,
2026-07-23,2026-07-23T00:03:14,台灣運彩,,3478972.1,123,2026-07-23T04:07:00+08:00,聖路易紅雀,洛杉磯天使,聖路易紅雀 @ 洛杉磯天使,51470277.1,374,得分最高單局(不含延長賽),252917423.1,第9局,,,8.00,1,7,,,
2026-07-23,2026-07-23T00:03:14,台灣運彩,,3478972.1,123,2026-07-23T04:07:00+08:00,聖路易紅雀,洛杉磯天使,聖路易紅雀 @ 洛杉磯天使,51470273.1,376,[1-5局] 不讓分,252917405.1,洛杉磯天使,H,,1.65,20,13,H,,1
2026-07-23,2026-07-23T00:03:14,台灣運彩,,3478972.1,123,2026-07-23T04:07:00+08:00,聖路易紅雀,洛杉磯天使,聖路易紅雀 @ 洛杉磯天使,51470273.1,376,[1-5局] 不讓分,252917407.1,聖路易紅雀,A,,2.05,20,21,A,,2
2026-07-23,2026-07-23T00:03:14,台灣運彩,,3478972.1,123,2026-07-23T04:07:00+08:00,聖路易紅雀,洛杉磯天使,聖路易紅雀 @ 洛杉磯天使,51470273.1,376,[1-5局] 不讓分,252917406.1,和局,D,,4.90,10,39,D,,
2026-07-23,2026-07-23T00:03:14,台灣運彩,,3478972.1,123,2026-07-23T04:07:00+08:00,聖路易紅雀,洛杉磯天使,聖路易紅雀 @ 洛杉磯天使,51470272.1,378,[1-5局] 大小 4.5,252917404.1,大 4.5,A,4.5,1.60,5,3,A,4.5,
2026-07-23,2026-07-23T00:03:14,台灣運彩,,3478972.1,123,2026-07-23T04:07:00+08:00,聖路易紅雀,洛杉磯天使,聖路易紅雀 @ 洛杉磯天使,51470272.1,378,[1-5局] 大小 4.5,252917403.1,小 4.5,H,4.5,1.73,100,73,H,4.5,
2026-07-23,2026-07-23T00:03:14,台灣運彩,,3478972.1,123,2026-07-23T04:07:00+08:00,聖路易紅雀,洛杉磯天使,聖路易紅雀 @ 洛杉磯天使,51470274.1,379,[1-5局] 洛杉磯天使 大小 2.5,252917409.1,大 2.5,A,2.5,1.80,5,4,A,2.5,
2026-07-23,2026-07-23T00:03:14,台灣運彩,,3478972.1,123,2026-07-23T04:07:00+08:00,聖路易紅雀,洛杉磯天使,聖路易紅雀 @ 洛杉磯天使,51470274.1,379,[1-5局] 洛杉磯天使 大小 2.5,252917408.1,小 2.5,H,2.5,1.63,100,63,H,2.5,
2026-07-23,2026-07-23T00:03:14,台灣運彩,,3478972.1,123,2026-07-23T04:07:00+08:00,聖路易紅雀,洛杉磯天使,聖路易紅雀 @ 洛杉磯天使,51470275.1,380,[1-5局] 聖路易紅雀 大小 1.5,252917411.1,大 1.5,A,1.5,1.55,20,11,A,1.5,
2026-07-23,2026-07-23T00:03:14,台灣運彩,,3478972.1,123,2026-07-23T04:07:00+08:00,聖路易紅雀,洛杉磯天使,聖路易紅雀 @ 洛杉磯天使,51470275.1,380,[1-5局] 聖路易紅雀 大小 1.5,252917410.1,小 1.5,H,1.5,1.90,10,9,H,1.5,
2026-07-23,2026-07-23T00:03:14,台灣運彩,,3478972.1,123,2026-07-23T04:07:00+08:00,聖路易紅雀,洛杉磯天使,聖路易紅雀 @ 洛杉磯天使,51470276.1,389,[第1局] 不讓分,252917412.1,洛杉磯天使,H,,2.70,10,17,H,,1
2026-07-23,2026-07-23T00:03:14,台灣運彩,,3478972.1,123,2026-07-23T04:07:00+08:00,聖路易紅雀,洛杉磯天使,聖路易紅雀 @ 洛杉磯天使,51470276.1,389,[第1局] 不讓分,252917414.1,聖路易紅雀,A,,3.45,20,49,A,,2
2026-07-23,2026-07-23T00:03:14,台灣運彩,,3478972.1,123,2026-07-23T04:07:00+08:00,聖路易紅雀,洛杉磯天使,聖路易紅雀 @ 洛杉磯天使,51470276.1,389,[第1局] 不讓分,252917413.1,和局,D,,1.55,20,11,D,,
2026-07-23,2026-07-23T00:03:14,台灣運彩,,3478972.1,123,2026-07-23T04:07:00+08:00,聖路易紅雀,洛杉磯天使,聖路易紅雀 @ 洛杉磯天使,51470270.1,398,[第1局] 大小 0.5,252917400.1,大 0.5,A,0.5,1.65,20,13,A,0.5,
2026-07-23,2026-07-23T00:03:14,台灣運彩,,3478972.1,123,2026-07-23T04:07:00+08:00,聖路易紅雀,洛杉磯天使,聖路易紅雀 @ 洛杉磯天使,51470270.1,398,[第1局] 大小 0.5,252917399.1,小 0.5,H,0.5,1.68,25,17,H,0.5,
2026-07-23,2026-07-23T00:03:14,台灣運彩,,3478988.1,132,2026-07-23T06:40:00+08:00,洛杉磯道奇,費城費城人,洛杉磯道奇 @ 費城費城人,51469791.1,354,不讓分,252915821.1,費城費城人,H,,1.95,20,19,H,,1
2026-07-23,2026-07-23T00:03:14,台灣運彩,,3478988.1,132,2026-07-23T06:40:00+08:00,洛杉磯道奇,費城費城人,洛杉磯道奇 @ 費城費城人,51469791.1,354,不讓分,252915822.1,洛杉磯道奇,A,,1.55,20,11,A,,2
2026-07-23,2026-07-23T00:03:14,台灣運彩,,3478988.1,132,2026-07-23T06:40:00+08:00,洛杉磯道奇,費城費城人,洛杉磯道奇 @ 費城費城人,51469801.1,357,勝分差,252915844.1,洛杉磯道奇 1 分,A,,5.80,5,24,A,,
2026-07-23,2026-07-23T00:03:14,台灣運彩,,3478988.1,132,2026-07-23T06:40:00+08:00,洛杉磯道奇,費城費城人,洛杉磯道奇 @ 費城費城人,51469801.1,357,勝分差,252915845.1,洛杉磯道奇 2 分,A,,7.00,1,6,A,,
2026-07-23,2026-07-23T00:03:14,台灣運彩,,3478988.1,132,2026-07-23T06:40:00+08:00,洛杉磯道奇,費城費城人,洛杉磯道奇 @ 費城費城人,51469801.1,357,勝分差,252915846.1,洛杉磯道奇 > 2分,A,,2.10,10,11,A,,
2026-07-23,2026-07-23T00:03:14,台灣運彩,,3478988.1,132,2026-07-23T06:40:00+08:00,洛杉磯道奇,費城費城人,洛杉磯道奇 @ 費城費城人,51469801.1,357,勝分差,252915841.1,費城費城人 1 分,H,,4.55,20,71,H,,
2026-07-23,2026-07-23T00:03:14,台灣運彩,,3478988.1,132,2026-07-23T06:40:00+08:00,洛杉磯道奇,費城費城人,洛杉磯道奇 @ 費城費城人,51469801.1,357,勝分差,252915842.1,費城費城人 2 分,H,,8.25,4,29,H,,
2026-07-23,2026-07-23T00:03:14,台灣運彩,,3478988.1,132,2026-07-23T06:40:00+08:00,洛杉磯道奇,費城費城人,洛杉磯道奇 @ 費城費城人,51469801.1,357,勝分差,252915843.1,費城費城人 > 2分,H,,3.25,4,9,H,,
2026-07-23,2026-07-23T00:03:14,台灣運彩,,3478988.1,132,2026-07-23T06:40:00+08:00,洛杉磯道奇,費城費城人,洛杉磯道奇 @ 費城費城人,51469797.1,358,讓分 2.5,252915833.1,費城費城人 +2.5,H,2.5,1.40,5,2,H,2.5,1
2026-07-23,2026-07-23T00:03:14,台灣運彩,,3478988.1,132,2026-07-23T06:40:00+08:00,洛杉磯道奇,費城費城人,洛杉磯道奇 @ 費城費城人,51469797.1,358,讓分 2.5,252915834.1,洛杉磯道奇 -2.5,A,2.5,2.30,10,13,A,2.5,2
2026-07-23,2026-07-23T00:03:14,台灣運彩,,3478988.1,132,2026-07-23T06:40:00+08:00,洛杉磯道奇,費城費城人,洛杉磯道奇 @ 費城費城人,51469799.1,358,讓分 1.5,252915837.1,費城費城人 +1.5,H,1.5,1.60,5,3,H,1.5,1
2026-07-23,2026-07-23T00:03:14,台灣運彩,,3478988.1,132,2026-07-23T06:40:00+08:00,洛杉磯道奇,費城費城人,洛杉磯道奇 @ 費城費城人,51469799.1,358,讓分 1.5,252915838.1,洛杉磯道奇 -1.5,A,1.5,1.90,10,9,A,1.5,2
2026-07-23,2026-07-23T00:03:14,台灣運彩,,3478988.1,132,2026-07-23T06:40:00+08:00,洛杉磯道奇,費城費城人,洛杉磯道奇 @ 費城費城人,51469793.1,360,[總分]大小 9.5,252915826.1,大 9.5,A,9.5,1.75,4,3,A,9.5,
2026-07-23,2026-07-23T00:03:14,台灣運彩,,3478988.1,132,2026-07-23T06:40:00+08:00,洛杉磯道奇,費城費城人,洛杉磯道奇 @ 費城費城人,51469793.1,360,[總分]大小 9.5,252915825.1,小 9.5,H,9.5,1.75,4,3,H,9.5,
2026-07-23,2026-07-23T00:03:14,台灣運彩,,3478988.1,132,2026-07-23T06:40:00+08:00,洛杉磯道奇,費城費城人,洛杉磯道奇 @ 費城費城人,51469794.1,360,[總分]大小 10.5,252915828.1,大 10.5,A,10.5,1.95,20,19,A,10.5,
2026-07-23,2026-07-23T00:03:14,台灣運彩,,3478988.1,132,2026-07-23T06:40:00+08:00,洛杉磯道奇,費城費城人,洛杉磯道奇 @ 費城費城人,51469794.1,360,[總分]大小 10.5,252915827.1,小 10.5,H,10.5,1.55,20,11,H,10.5,
2026-07-23,2026-07-23T00:03:14,台灣運彩,,3478988.1,132,2026-07-23T06:40:00+08:00,洛杉磯道奇,費城費城人,洛杉磯道奇 @ 費城費城人,51469798.1,360,[總分]大小 8.5,252915836.1,大 8.5,A,8.5,1.46,50,23,A,8.5,
2026-07-23,2026-07-23T00:03:14,台灣運彩,,3478988.1,132,2026-07-23T06:40:00+08:00,洛杉磯道奇,費城費城人,洛杉磯道奇 @ 費城費城人,51469798.1,360,[總分]大小 8.5,252915835.1,小 8.5,H,8.5,2.07,100,107,H,8.5,
2026-07-23,2026-07-23T00:03:14,台灣運彩,,3478988.1,132,2026-07-23T06:40:00+08:00,洛杉磯道奇,費城費城人,洛杉磯道奇 @ 費城費城人,51469796.1,362,費城費城人 大小 4.5,252915832.1,大 4.5,A,4.5,1.86,50,43,A,4.5,
2026-07-23,2026-07-23T00:03:14,台灣運彩,,3478988.1,132,2026-07-23T06:40:00+08:00,洛杉磯道奇,費城費城人,洛杉磯道奇 @ 費城費城人,51469796.1,362,費城費城人 大小 4.5,252915831.1,小 4.5,H,4.5,1.58,50,29,H,4.5,
2026-07-23,2026-07-23T00:03:14,台灣運彩,,3478988.1,132,2026-07-23T06:40:00+08:00,洛杉磯道奇,費城費城人,洛杉磯道奇 @ 費城費城人,51470305.1,363,洛杉磯道奇 大小 5.5,252917505.1,大 5.5,A,5.5,1.88,25,22,A,5.5,
2026-07-23,2026-07-23T00:03:14,台灣運彩,,3478988.1,132,2026-07-23T06:40:00+08:00,洛杉磯道奇,費城費城人,洛杉磯道奇 @ 費城費城人,51470305.1,363,洛杉磯道奇 大小 5.5,252917504.1,小 5.5,H,5.5,1.56,25,14,H,5.5,
2026-07-23,2026-07-23T00:03:14,台灣運彩,,3478988.1,132,2026-07-23T06:40:00+08:00,洛杉磯道奇,費城費城人,洛杉磯道奇 @ 費城費城人,51469792.1,366,[總分]單雙,252915824.1,單,,,1.50,2,1,,,
2026-07-23,2026-07-23T00:03:14,台灣運彩,,3478988.1,132,2026-07-23T06:40:00+08:00,洛杉磯道奇,費城費城人,洛杉磯道奇 @ 費城費城人,51469792.1,366,[總分]單雙,252915823.1,雙,,,1.96,25,24,,,
2026-07-23,2026-07-23T00:03:14,台灣運彩,,3478988.1,132,2026-07-23T06:40:00+08:00,洛杉磯道奇,費城費城人,洛杉磯道奇 @ 費城費城人,51470309.1,374,得分最高單局(不含延長賽),252917522.1,一樣多,,,2.30,10,13,,,
2026-07-23,2026-07-23T00:03:14,台灣運彩,,3478988.1,132,2026-07-23T06:40:00+08:00,洛杉磯道奇,費城費城人,洛杉磯道奇 @ 費城費城人,51470309.1,374,得分最高單局(不含延長賽),252917513.1,第1局,,,5.15,20,83,,,
2026-07-23,2026-07-23T00:03:14,台灣運彩,,3478988.1,132,2026-07-23T06:40:00+08:00,洛杉磯道奇,費城費城人,洛杉磯道奇 @ 費城費城人,51470309.1,374,得分最高單局(不含延長賽),252917514.1,第2局,,,6.00,1,5,,,
2026-07-23,2026-07-23T00:03:14,台灣運彩,,3478988.1,132,2026-07-23T06:40:00+08:00,洛杉磯道奇,費城費城人,洛杉磯道奇 @ 費城費城人,51470309.1,374,得分最高單局(不含延長賽),252917515.1,第3局,,,5.30,10,43,,,
2026-07-23,2026-07-23T00:03:14,台灣運彩,,3478988.1,132,2026-07-23T06:40:00+08:00,洛杉磯道奇,費城費城人,洛杉磯道奇 @ 費城費城人,51470309.1,374,得分最高單局(不含延長賽),252917516.1,第4局,,,5.90,10,49,,,
2026-07-23,2026-07-23T00:03:14,台灣運彩,,3478988.1,132,2026-07-23T06:40:00+08:00,洛杉磯道奇,費城費城人,洛杉磯道奇 @ 費城費城人,51470309.1,374,得分最高單局(不含延長賽),252917517.1,第5局,,,5.70,10,47,,,
2026-07-23,2026-07-23T00:03:14,台灣運彩,,3478988.1,132,2026-07-23T06:40:00+08:00,洛杉磯道奇,費城費城人,洛杉磯道奇 @ 費城費城人,51470309.1,374,得分最高單局(不含延長賽),252917518.1,第6局,,,6.50,2,11,,,
2026-07-23,2026-07-23T00:03:14,台灣運彩,,3478988.1,132,2026-07-23T06:40:00+08:00,洛杉磯道奇,費城費城人,洛杉磯道奇 @ 費城費城人,51470309.1,374,得分最高單局(不含延長賽),252917519.1,第7局,,,6.50,2,11,,,
2026-07-23,2026-07-23T00:03:14,台灣運彩,,3478988.1,132,2026-07-23T06:40:00+08:00,洛杉磯道奇,費城費城人,洛杉磯道奇 @ 費城費城人,51470309.1,374,得分最高單局(不含延長賽),252917520.1,第8局,,,6.25,4,21,,,
2026-07-23,2026-07-23T00:03:14,台灣運彩,,3478988.1,132,2026-07-23T06:40:00+08:00,洛杉磯道奇,費城費城人,洛杉磯道奇 @ 費城費城人,51470309.1,374,得分最高單局(不含延長賽),252917521.1,第9局,,,8.00,1,7,,,
2026-07-23,2026-07-23T00:03:14,台灣運彩,,3478988.1,132,2026-07-23T06:40:00+08:00,洛杉磯道奇,費城費城人,洛杉磯道奇 @ 費城費城人,51470303.1,376,[1-5局] 不讓分,252917499.1,費城費城人,H,,2.00,1,1,H,,1
2026-07-23,2026-07-23T00:03:14,台灣運彩,,3478988.1,132,2026-07-23T06:40:00+08:00,洛杉磯道奇,費城費城人,洛杉磯道奇 @ 費城費城人,51470303.1,376,[1-5局] 不讓分,252917501.1,洛杉磯道奇,A,,1.65,20,13,A,,2
2026-07-23,2026-07-23T00:03:14,台灣運彩,,3478988.1,132,2026-07-23T06:40:00+08:00,洛杉磯道奇,費城費城人,洛杉磯道奇 @ 費城費城人,51470303.1,376,[1-5局] 不讓分,252917500.1,和局,D,,5.35,20,87,D,,
2026-07-23,2026-07-23T00:03:14,台灣運彩,,3478988.1,132,2026-07-23T06:40:00+08:00,洛杉磯道奇,費城費城人,洛杉磯道奇 @ 費城費城人,51470307.1,378,[1-5局] 大小 5.5,252917509.1,大 5.5,A,5.5,1.70,10,7,A,5.5,
2026-07-23,2026-07-23T00:03:14,台灣運彩,,3478988.1,132,2026-07-23T06:40:00+08:00,洛杉磯道奇,費城費城人,洛杉磯道奇 @ 費城費城人,51470307.1,378,[1-5局] 大小 5.5,252917508.1,小 5.5,H,5.5,1.63,100,63,H,5.5,
2026-07-23,2026-07-23T00:03:14,台灣運彩,,3478988.1,132,2026-07-23T06:40:00+08:00,洛杉磯道奇,費城費城人,洛杉磯道奇 @ 費城費城人,51470302.1,379,[1-5局] 費城費城人 大小 2.5,252917498.1,大 2.5,A,2.5,1.90,10,9,A,2.5,
2026-07-23,2026-07-23T00:03:14,台灣運彩,,3478988.1,132,2026-07-23T06:40:00+08:00,洛杉磯道奇,費城費城人,洛杉磯道奇 @ 費城費城人,51470302.1,379,[1-5局] 費城費城人 大小 2.5,252917497.1,小 2.5,H,2.5,1.55,20,11,H,2.5,
2026-07-23,2026-07-23T00:03:14,台灣運彩,,3478988.1,132,2026-07-23T06:40:00+08:00,洛杉磯道奇,費城費城人,洛杉磯道奇 @ 費城費城人,51470304.1,380,[1-5局] 洛杉磯道奇 大小 2.5,252917503.1,大 2.5,A,2.5,1.65,20,13,A,2.5,
2026-07-23,2026-07-23T00:03:14,台灣運彩,,3478988.1,132,2026-07-23T06:40:00+08:00,洛杉磯道奇,費城費城人,洛杉磯道奇 @ 費城費城人,51470304.1,380,[1-5局] 洛杉磯道奇 大小 2.5,252917502.1,小 2.5,H,2.5,1.78,50,39,H,2.5,
2026-07-23,2026-07-23T00:03:14,台灣運彩,,3478988.1,132,2026-07-23T06:40:00+08:00,洛杉磯道奇,費城費城人,洛杉磯道奇 @ 費城費城人,51470308.1,389,[第1局] 不讓分,252917510.1,費城費城人,H,,3.10,10,21,H,,1
2026-07-23,2026-07-23T00:03:14,台灣運彩,,3478988.1,132,2026-07-23T06:40:00+08:00,洛杉磯道奇,費城費城人,洛杉磯道奇 @ 費城費城人,51470308.1,389,[第1局] 不讓分,252917512.1,洛杉磯道奇,A,,2.65,20,33,A,,2
2026-07-23,2026-07-23T00:03:14,台灣運彩,,3478988.1,132,2026-07-23T06:40:00+08:00,洛杉磯道奇,費城費城人,洛杉磯道奇 @ 費城費城人,51470308.1,389,[第1局] 不讓分,252917511.1,和局,D,,1.65,20,13,D,,
2026-07-23,2026-07-23T00:03:14,台灣運彩,,3478988.1,132,2026-07-23T06:40:00+08:00,洛杉磯道奇,費城費城人,洛杉磯道奇 @ 費城費城人,51470306.1,398,[第1局] 大小 0.5,252917507.1,大 0.5,A,0.5,1.56,25,14,A,0.5,
2026-07-23,2026-07-23T00:03:14,台灣運彩,,3478988.1,132,2026-07-23T06:40:00+08:00,洛杉磯道奇,費城費城人,洛杉磯道奇 @ 費城費城人,51470306.1,398,[第1局] 大小 0.5,252917506.1,小 0.5,H,0.5,1.78,50,39,H,0.5,
2026-07-23,2026-07-23T00:03:14,台灣運彩,824406,3478989.1,133,2026-07-23T06:40:00+08:00,明尼蘇達雙城,克里夫蘭守護者,明尼蘇達雙城 @ 克里夫蘭守護者,51469802.1,354,不讓分,252915847.1,克里夫蘭守護者,H,,1.60,5,3,H,,1
2026-07-23,2026-07-23T00:03:14,台灣運彩,824406,3478989.1,133,2026-07-23T06:40:00+08:00,明尼蘇達雙城,克里夫蘭守護者,明尼蘇達雙城 @ 克里夫蘭守護者,51469802.1,354,不讓分,252915848.1,明尼蘇達雙城,A,,1.90,10,9,A,,2
2026-07-23,2026-07-23T00:03:14,台灣運彩,824406,3478989.1,133,2026-07-23T06:40:00+08:00,明尼蘇達雙城,克里夫蘭守護者,明尼蘇達雙城 @ 克里夫蘭守護者,51469811.1,357,勝分差,252915865.1,克里夫蘭守護者 1 分,H,,3.95,20,59,H,,
2026-07-23,2026-07-23T00:03:14,台灣運彩,824406,3478989.1,133,2026-07-23T06:40:00+08:00,明尼蘇達雙城,克里夫蘭守護者,明尼蘇達雙城 @ 克里夫蘭守護者,51469811.1,357,勝分差,252915866.1,克里夫蘭守護者 2 分,H,,7.00,1,6,H,,
2026-07-23,2026-07-23T00:03:14,台灣運彩,824406,3478989.1,133,2026-07-23T06:40:00+08:00,明尼蘇達雙城,克里夫蘭守護者,明尼蘇達雙城 @ 克里夫蘭守護者,51469811.1,357,勝分差,252915867.1,克里夫蘭守護者 > 2分,H,,2.65,20,33,H,,
2026-07-23,2026-07-23T00:03:14,台灣運彩,824406,3478989.1,133,2026-07-23T06:40:00+08:00,明尼蘇達雙城,克里夫蘭守護者,明尼蘇達雙城 @ 克里夫蘭守護者,51469811.1,357,勝分差,252915868.1,明尼蘇達雙城 1 分,A,,5.50,2,9,A,,
2026-07-23,2026-07-23T00:03:14,台灣運彩,824406,3478989.1,133,2026-07-23T06:40:00+08:00,明尼蘇達雙城,克里夫蘭守護者,明尼蘇達雙城 @ 克里夫蘭守護者,51469811.1,357,勝分差,252915869.1,明尼蘇達雙城 2 分,A,,7.25,4,25,A,,
2026-07-23,2026-07-23T00:03:14,台灣運彩,824406,3478989.1,133,2026-07-23T06:40:00+08:00,明尼蘇達雙城,克里夫蘭守護者,明尼蘇達雙城 @ 克里夫蘭守護者,51469811.1,357,勝分差,252915870.1,明尼蘇達雙城 > 2分,A,,2.80,5,9,A,,
2026-07-23,2026-07-23T00:03:14,台灣運彩,824406,3478989.1,133,2026-07-23T06:40:00+08:00,明尼蘇達雙城,克里夫蘭守護者,明尼蘇達雙城 @ 克里夫蘭守護者,51469806.1,358,讓分 -2.5,252915855.1,克里夫蘭守護者 -2.5,H,-2.5,2.70,10,17,H,-2.5,1
2026-07-23,2026-07-23T00:03:14,台灣運彩,824406,3478989.1,133,2026-07-23T06:40:00+08:00,明尼蘇達雙城,克里夫蘭守護者,明尼蘇達雙城 @ 克里夫蘭守護者,51469806.1,358,讓分 -2.5,252915856.1,明尼蘇達雙城 +2.5,A,-2.5,1.28,25,7,A,-2.5,2
2026-07-23,2026-07-23T00:03:14,台灣運彩,824406,3478989.1,133,2026-07-23T06:40:00+08:00,明尼蘇達雙城,克里夫蘭守護者,明尼蘇達雙城 @ 克里夫蘭守護者,51469809.1,358,讓分 -1.5,252915861.1,克里夫蘭守護者 -1.5,H,-1.5,2.15,20,23,H,-1.5,1
2026-07-23,2026-07-23T00:03:14,台灣運彩,824406,3478989.1,133,2026-07-23T06:40:00+08:00,明尼蘇達雙城,克里夫蘭守護者,明尼蘇達雙城 @ 克里夫蘭守護者,51469809.1,358,讓分 -1.5,252915862.1,明尼蘇達雙城 +1.5,A,-1.5,1.43,100,43,A,-1.5,2
2026-07-23,2026-07-23T00:03:14,台灣運彩,824406,3478989.1,133,2026-07-23T06:40:00+08:00,明尼蘇達雙城,克里夫蘭守護者,明尼蘇達雙城 @ 克里夫蘭守護者,51470296.1,358,讓分 1.5,252917483.1,克里夫蘭守護者 +1.5,H,1.5,1.35,20,7,H,1.5,1
2026-07-23,2026-07-23T00:03:14,台灣運彩,824406,3478989.1,133,2026-07-23T06:40:00+08:00,明尼蘇達雙城,克里夫蘭守護者,明尼蘇達雙城 @ 克里夫蘭守護者,51470296.1,358,讓分 1.5,252917484.1,明尼蘇達雙城 -1.5,A,1.5,2.45,20,29,A,1.5,2
2026-07-23,2026-07-23T00:03:14,台灣運彩,824406,3478989.1,133,2026-07-23T06:40:00+08:00,明尼蘇達雙城,克里夫蘭守護者,明尼蘇達雙城 @ 克里夫蘭守護者,51469803.1,360,[總分]大小 6.5,252915850.1,大 6.5,A,6.5,1.38,50,19,A,6.5,
2026-07-23,2026-07-23T00:03:14,台灣運彩,824406,3478989.1,133,2026-07-23T06:40:00+08:00,明尼蘇達雙城,克里夫蘭守護者,明尼蘇達雙城 @ 克里夫蘭守護者,51469803.1,360,[總分]大小 6.5,252915849.1,小 6.5,H,6.5,2.33,100,133,H,6.5,
2026-07-23,2026-07-23T00:03:14,台灣運彩,824406,3478989.1,133,2026-07-23T06:40:00+08:00,明尼蘇達雙城,克里夫蘭守護者,明尼蘇達雙城 @ 克里夫蘭守護者,51469804.1,360,[總分]大小 7.5,252915852.1,大 7.5,A,7.5,1.65,20,13,A,7.5,
2026-07-23,2026-07-23T00:03:14,台灣運彩,824406,3478989.1,133,2026-07-23T06:40:00+08:00,明尼蘇達雙城,克里夫蘭守護者,明尼蘇達雙城 @ 克里夫蘭守護者,51469804.1,360,[總分]大小 7.5,252915851.1,小 7.5,H,7.5,1.85,20,17,H,7.5,
2026-07-23,2026-07-23T00:03:14,台灣運彩,824406,3478989.1,133,2026-07-23T06:40:00+08:00,明尼蘇達雙城,克里夫蘭守護者,明尼蘇達雙城 @ 克里夫蘭守護者,51469808.1,360,[總分]大小 8.5,252915860.1,大 8.5,A,8.5,1.87,100,87,A,8.5,
2026-07-23,2026-07-23T00:03:14,台灣運彩,824406,3478989.1,133,2026-07-23T06:40:00+08:00,明尼蘇達雙城,克里夫蘭守護者,明尼蘇達雙城 @ 克里夫蘭守護者,51469808.1,360,[總分]大小 8.5,252915859.1,小 8.5,H,8.5,1.63,100,63,H,8.5,
2026-07-23,2026-07-23T00:03:14,台灣運彩,824406,3478989.1,133,2026-07-23T06:40:00+08:00,明尼蘇達雙城,克里夫蘭守護者,明尼蘇達雙城 @ 克里夫蘭守護者,51469805.1,362,克里夫蘭守護者 大小 3.5,252915854.1,大 3.5,A,3.5,1.58,50,29,A,3.5,
2026-07-23,2026-07-23T00:03:14,台灣運彩,824406,3478989.1,133,2026-07-23T06:40:00+08:00,明尼蘇達雙城,克里夫蘭守護者,明尼蘇達雙城 @ 克里夫蘭守護者,51469805.1,362,克里夫蘭守護者 大小 3.5,252915853.1,小 3.5,H,3.5,1.86,50,43,H,3.5,
2026-07-23,2026-07-23T00:03:14,台灣運彩,824406,3478989.1,133,2026-07-23T06:40:00+08:00,明尼蘇達雙城,克里夫蘭守護者,明尼蘇達雙城 @ 克里夫蘭守護者,51469810.1,363,明尼蘇達雙城 大小 3.5,252915864.1,大 3.5,A,3.5,1.66,50,33,A,3.5,
2026-07-23,2026-07-23T00:03:14,台灣運彩,824406,3478989.1,133,2026-07-23T06:40:00+08:00,明尼蘇達雙城,克里夫蘭守護者,明尼蘇達雙城 @ 克里夫蘭守護者,51469810.1,363,明尼蘇達雙城 大小 3.5,252915863.1,小 3.5,H,3.5,1.76,25,19,H,3.5,
2026-07-23,2026-07-23T00:03:14,台灣運彩,824406,3478989.1,133,2026-07-23T06:40:00+08:00,明尼蘇達雙城,克里夫蘭守護者,明尼蘇達雙城 @ 克里夫蘭守護者,51469807.1,366,[總分]單雙,252915858.1,單,,,1.48,25,12,,,
2026-07-23,2026-07-23T00:03:14,台灣運彩,824406,3478989.1,133,2026-07-23T06:40:00+08:00,明尼蘇達雙城,克里夫蘭守護者,明尼蘇達雙城 @ 克里夫蘭守護者,51469807.1,366,[總分]單雙,252915857.1,雙,,,2.00,1,1,,,
2026-07-23,2026-07-23T00:03:14,台灣運彩,824406,3478989.1,133,2026-07-23T06:40:00+08:00,明尼蘇達雙城,克里夫蘭守護者,明尼蘇達雙城 @ 克里夫蘭守護者,51470288.1,374,得分最高單局(不含延長賽),252917458.1,一樣多,,,2.20,5,6,,,
2026-07-23,2026-07-23T00:03:14,台灣運彩,824406,3478989.1,133,2026-07-23T06:40:00+08:00,明尼蘇達雙城,克里夫蘭守護者,明尼蘇達雙城 @ 克里夫蘭守護者,51470288.1,374,得分最高單局(不含延長賽),252917449.1,第1局,,,5.15,20,83,,,
2026-07-23,2026-07-23T00:03:14,台灣運彩,824406,3478989.1,133,2026-07-23T06:40:00+08:00,明尼蘇達雙城,克里夫蘭守護者,明尼蘇達雙城 @ 克里夫蘭守護者,51470288.1,374,得分最高單局(不含延長賽),252917450.1,第2局,,,6.25,4,21,,,
2026-07-23,2026-07-23T00:03:14,台灣運彩,824406,3478989.1,133,2026-07-23T06:40:00+08:00,明尼蘇達雙城,克里夫蘭守護者,明尼蘇達雙城 @ 克里夫蘭守護者,51470288.1,374,得分最高單局(不含延長賽),252917451.1,第3局,,,5.45,20,89,,,
2026-07-23,2026-07-23T00:03:14,台灣運彩,824406,3478989.1,133,2026-07-23T06:40:00+08:00,明尼蘇達雙城,克里夫蘭守護者,明尼蘇達雙城 @ 克里夫蘭守護者,51470288.1,374,得分最高單局(不含延長賽),252917452.1,第4局,,,6.00,1,5,,,
2026-07-23,2026-07-23T00:03:14,台灣運彩,824406,3478989.1,133,2026-07-23T06:40:00+08:00,明尼蘇達雙城,克里夫蘭守護者,明尼蘇達雙城 @ 克里夫蘭守護者,51470288.1,374,得分最高單局(不含延長賽),252917453.1,第5局,,,5.80,5,24,,,
2026-07-23,2026-07-23T00:03:14,台灣運彩,824406,3478989.1,133,2026-07-23T06:40:00+08:00,明尼蘇達雙城,克里夫蘭守護者,明尼蘇達雙城 @ 克里夫蘭守護者,51470288.1,374,得分最高單局(不含延長賽),252917454.1,第6局,,,6.25,4,21,,,
2026-07-23,2026-07-23T00:03:14,台灣運彩,824406,3478989.1,133,2026-07-23T06:40:00+08:00,明尼蘇達雙城,克里夫蘭守護者,明尼蘇達雙城 @ 克里夫蘭守護者,51470288.1,374,得分最高單局(不含延長賽),252917455.1,第7局,,,6.25,4,21,,,
2026-07-23,2026-07-23T00:03:14,台灣運彩,824406,3478989.1,133,2026-07-23T06:40:00+08:00,明尼蘇達雙城,克里夫蘭守護者,明尼蘇達雙城 @ 克里夫蘭守護者,51470288.1,374,得分最高單局(不含延長賽),252917456.1,第8局,,,6.25,4,21,,,
2026-07-23,2026-07-23T00:03:14,台灣運彩,824406,3478989.1,133,2026-07-23T06:40:00+08:00,明尼蘇達雙城,克里夫蘭守護者,明尼蘇達雙城 @ 克里夫蘭守護者,51470288.1,374,得分最高單局(不含延長賽),252917457.1,第9局,,,8.00,1,7,,,
2026-07-23,2026-07-23T00:03:14,台灣運彩,824406,3478989.1,133,2026-07-23T06:40:00+08:00,明尼蘇達雙城,克里夫蘭守護者,明尼蘇達雙城 @ 克里夫蘭守護者,51470285.1,376,[1-5局] 不讓分,252917441.1,克里夫蘭守護者,H,,1.75,4,3,H,,1
2026-07-23,2026-07-23T00:03:14,台灣運彩,824406,3478989.1,133,2026-07-23T06:40:00+08:00,明尼蘇達雙城,克里夫蘭守護者,明尼蘇達雙城 @ 克里夫蘭守護者,51470285.1,376,[1-5局] 不讓分,252917443.1,明尼蘇達雙城,A,,1.95,20,19,A,,2
2026-07-23,2026-07-23T00:03:14,台灣運彩,824406,3478989.1,133,2026-07-23T06:40:00+08:00,明尼蘇達雙城,克里夫蘭守護者,明尼蘇達雙城 @ 克里夫蘭守護者,51470285.1,376,[1-5局] 不讓分,252917442.1,和局,D,,4.60,5,18,D,,
2026-07-23,2026-07-23T00:03:14,台灣運彩,824406,3478989.1,133,2026-07-23T06:40:00+08:00,明尼蘇達雙城,克里夫蘭守護者,明尼蘇達雙城 @ 克里夫蘭守護者,51470284.1,378,[1-5局] 大小 4.5,252917440.1,大 4.5,A,4.5,1.71,100,71,A,4.5,
2026-07-23,2026-07-23T00:03:14,台灣運彩,824406,3478989.1,133,2026-07-23T06:40:00+08:00,明尼蘇達雙城,克里夫蘭守護者,明尼蘇達雙城 @ 克里夫蘭守護者,51470284.1,378,[1-5局] 大小 4.5,252917439.1,小 4.5,H,4.5,1.62,50,31,H,4.5,
2026-07-23,2026-07-23T00:03:14,台灣運彩,824406,3478989.1,133,2026-07-23T06:40:00+08:00,明尼蘇達雙城,克里夫蘭守護者,明尼蘇達雙城 @ 克里夫蘭守護者,51471169.1,379,[1-5局] 克里夫蘭守護者 大小 2.5,252921637.1,大 2.5,A,2.5,1.96,25,24,A,2.5,
2026-07-23,2026-07-23T00:03:14,台灣運彩,824406,3478989.1,133,2026-07-23T06:40:00+08:00,明尼蘇達雙城,克里夫蘭守護者,明尼蘇達雙城 @ 克里夫蘭守護者,51471169.1,379,[1-5局] 克里夫蘭守護者 大小 2.5,252921636.1,小 2.5,H,2.5,1.50,2,1,H,2.5,
2026-07-23,2026-07-23T00:03:14,台灣運彩,824406,3478989.1,133,2026-07-23T06:40:00+08:00,明尼蘇達雙城,克里夫蘭守護者,明尼蘇達雙城 @ 克里夫蘭守護者,51470283.1,380,[1-5局] 明尼蘇達雙城 大小 1.5,252917438.1,大 1.5,A,1.5,1.56,25,14,A,1.5,
2026-07-23,2026-07-23T00:03:14,台灣運彩,824406,3478989.1,133,2026-07-23T06:40:00+08:00,明尼蘇達雙城,克里夫蘭守護者,明尼蘇達雙城 @ 克里夫蘭守護者,51470283.1,380,[1-5局] 明尼蘇達雙城 大小 1.5,252917437.1,小 1.5,H,1.5,1.88,25,22,H,1.5,
2026-07-23,2026-07-23T00:03:14,台灣運彩,824406,3478989.1,133,2026-07-23T06:40:00+08:00,明尼蘇達雙城,克里夫蘭守護者,明尼蘇達雙城 @ 克里夫蘭守護者,51470287.1,389,[第1局] 不讓分,252917446.1,克里夫蘭守護者,H,,2.95,20,39,H,,1
2026-07-23,2026-07-23T00:03:14,台灣運彩,824406,3478989.1,133,2026-07-23T06:40:00+08:00,明尼蘇達雙城,克里夫蘭守護者,明尼蘇達雙城 @ 克里夫蘭守護者,51470287.1,389,[第1局] 不讓分,252917448.1,明尼蘇達雙城,A,,3.25,4,9,A,,2
2026-07-23,2026-07-23T00:03:14,台灣運彩,824406,3478989.1,133,2026-07-23T06:40:00+08:00,明尼蘇達雙城,克里夫蘭守護者,明尼蘇達雙城 @ 克里夫蘭守護者,51470287.1,389,[第1局] 不讓分,252917447.1,和局,D,,1.55,20,11,D,,
2026-07-23,2026-07-23T00:03:14,台灣運彩,824406,3478989.1,133,2026-07-23T06:40:00+08:00,明尼蘇達雙城,克里夫蘭守護者,明尼蘇達雙城 @ 克里夫蘭守護者,51470286.1,398,[第1局] 大小 0.5,252917445.1,大 0.5,A,0.5,1.70,10,7,A,0.5,
2026-07-23,2026-07-23T00:03:14,台灣運彩,824406,3478989.1,133,2026-07-23T06:40:00+08:00,明尼蘇達雙城,克里夫蘭守護者,明尼蘇達雙城 @ 克里夫蘭守護者,51470286.1,398,[第1局] 大小 0.5,252917444.1,小 0.5,H,0.5,1.63,100,63,H,0.5,
2026-07-23,2026-07-23T00:03:14,台灣運彩,822785,3479026.1,140,2026-07-23T07:07:00+08:00,坦帕灣光芒,多倫多藍鳥,坦帕灣光芒 @ 多倫多藍鳥,51470415.1,354,不讓分,252917801.1,多倫多藍鳥,H,,1.74,50,37,H,,1
2026-07-23,2026-07-23T00:03:14,台灣運彩,822785,3479026.1,140,2026-07-23T07:07:00+08:00,坦帕灣光芒,多倫多藍鳥,坦帕灣光芒 @ 多倫多藍鳥,51470415.1,354,不讓分,252917802.1,坦帕灣光芒,A,,1.76,25,19,A,,2
2026-07-23,2026-07-23T00:03:14,台灣運彩,822785,3479026.1,140,2026-07-23T07:07:00+08:00,坦帕灣光芒,多倫多藍鳥,坦帕灣光芒 @ 多倫多藍鳥,51470423.1,357,勝分差,252917820.1,坦帕灣光芒 1 分,A,,5.40,5,22,A,,
2026-07-23,2026-07-23T00:03:14,台灣運彩,822785,3479026.1,140,2026-07-23T07:07:00+08:00,坦帕灣光芒,多倫多藍鳥,坦帕灣光芒 @ 多倫多藍鳥,51470423.1,357,勝分差,252917821.1,坦帕灣光芒 2 分,A,,7.00,1,6,A,,
2026-07-23,2026-07-23T00:03:14,台灣運彩,822785,3479026.1,140,2026-07-23T07:07:00+08:00,坦帕灣光芒,多倫多藍鳥,坦帕灣光芒 @ 多倫多藍鳥,51470423.1,357,勝分差,252917822.1,坦帕灣光芒 > 2分,A,,2.60,5,8,A,,
2026-07-23,2026-07-23T00:03:14,台灣運彩,822785,3479026.1,140,2026-07-23T07:07:00+08:00,坦帕灣光芒,多倫多藍鳥,坦帕灣光芒 @ 多倫多藍鳥,51470423.1,357,勝分差,252917817.1,多倫多藍鳥 1 分,H,,4.00,1,3,H,,
2026-07-23,2026-07-23T00:03:14,台灣運彩,822785,3479026.1,140,2026-07-23T07:07:00+08:00,坦帕灣光芒,多倫多藍鳥,坦帕灣光芒 @ 多倫多藍鳥,51470423.1,357,勝分差,252917818.1,多倫多藍鳥 2 分,H,,7.00,1,6,H,,
2026-07-23,2026-07-23T00:03:14,台灣運彩,822785,3479026.1,140,2026-07-23T07:07:00+08:00,坦帕灣光芒,多倫多藍鳥,坦帕灣光芒 @ 多倫多藍鳥,51470423.1,357,勝分差,252917819.1,多倫多藍鳥 > 2分,H,,2.90,10,19,H,,
2026-07-23,2026-07-23T00:03:14,台灣運彩,822785,3479026.1,140,2026-07-23T07:07:00+08:00,坦帕灣光芒,多倫多藍鳥,坦帕灣光芒 @ 多倫多藍鳥,51470429.1,358,讓分 1.5,252917834.1,多倫多藍鳥 +1.5,H,1.5,1.42,50,21,H,1.5,1
2026-07-23,2026-07-23T00:03:14,台灣運彩,822785,3479026.1,140,2026-07-23T07:07:00+08:00,坦帕灣光芒,多倫多藍鳥,坦帕灣光芒 @ 多倫多藍鳥,51470429.1,358,讓分 1.5,252917835.1,坦帕灣光芒 -1.5,A,1.5,2.20,5,6,A,1.5,2
2026-07-23,2026-07-23T00:03:14,台灣運彩,822785,3479026.1,140,2026-07-23T07:07:00+08:00,坦帕灣光芒,多倫多藍鳥,坦帕灣光芒 @ 多倫多藍鳥,51470786.1,358,讓分 2.5,252920692.1,多倫多藍鳥 +2.5,H,2.5,1.26,50,13,H,2.5,1
2026-07-23,2026-07-23T00:03:14,台灣運彩,822785,3479026.1,140,2026-07-23T07:07:00+08:00,坦帕灣光芒,多倫多藍鳥,坦帕灣光芒 @ 多倫多藍鳥,51470786.1,358,讓分 2.5,252920693.1,坦帕灣光芒 -2.5,A,2.5,2.75,4,7,A,2.5,2
2026-07-23,2026-07-23T00:03:14,台灣運彩,822785,3479026.1,140,2026-07-23T07:07:00+08:00,坦帕灣光芒,多倫多藍鳥,坦帕灣光芒 @ 多倫多藍鳥,51471462.1,358,讓分 3.5,252922402.1,多倫多藍鳥 +3.5,H,3.5,1.16,25,4,H,3.5,1
2026-07-23,2026-07-23T00:03:14,台灣運彩,822785,3479026.1,140,2026-07-23T07:07:00+08:00,坦帕灣光芒,多倫多藍鳥,坦帕灣光芒 @ 多倫多藍鳥,51471462.1,358,讓分 3.5,252922403.1,坦帕灣光芒 -3.5,A,3.5,3.35,20,47,A,3.5,2
2026-07-23,2026-07-23T00:03:14,台灣運彩,822785,3479026.1,140,2026-07-23T07:07:00+08:00,坦帕灣光芒,多倫多藍鳥,坦帕灣光芒 @ 多倫多藍鳥,51470421.1,360,[總分]大小 7.5,252917814.1,大 7.5,A,7.5,1.63,100,63,A,7.5,
2026-07-23,2026-07-23T00:03:14,台灣運彩,822785,3479026.1,140,2026-07-23T07:07:00+08:00,坦帕灣光芒,多倫多藍鳥,坦帕灣光芒 @ 多倫多藍鳥,51470421.1,360,[總分]大小 7.5,252917813.1,小 7.5,H,7.5,1.87,100,87,H,7.5,
2026-07-23,2026-07-23T00:03:14,台灣運彩,822785,3479026.1,140,2026-07-23T07:07:00+08:00,坦帕灣光芒,多倫多藍鳥,坦帕灣光芒 @ 多倫多藍鳥,51470424.1,360,[總分]大小 8.5,252917824.1,大 8.5,A,8.5,1.87,100,87,A,8.5,
2026-07-23,2026-07-23T00:03:14,台灣運彩,822785,3479026.1,140,2026-07-23T07:07:00+08:00,坦帕灣光芒,多倫多藍鳥,坦帕灣光芒 @ 多倫多藍鳥,51470424.1,360,[總分]大小 8.5,252917823.1,小 8.5,H,8.5,1.63,100,63,H,8.5,
2026-07-23,2026-07-23T00:03:14,台灣運彩,822785,3479026.1,140,2026-07-23T07:07:00+08:00,坦帕灣光芒,多倫多藍鳥,坦帕灣光芒 @ 多倫多藍鳥,51470431.1,360,[總分]大小 9.5,252917839.1,大 9.5,A,9.5,2.30,10,13,A,9.5,
2026-07-23,2026-07-23T00:03:14,台灣運彩,822785,3479026.1,140,2026-07-23T07:07:00+08:00,坦帕灣光芒,多倫多藍鳥,坦帕灣光芒 @ 多倫多藍鳥,51470431.1,360,[總分]大小 9.5,252917838.1,小 9.5,H,9.5,1.40,5,2,H,9.5,
2026-07-23,2026-07-23T00:03:14,台灣運彩,822785,3479026.1,140,2026-07-23T07:07:00+08:00,坦帕灣光芒,多倫多藍鳥,坦帕灣光芒 @ 多倫多藍鳥,51470416.1,362,多倫多藍鳥 大小 3.5,252917804.1,大 3.5,A,3.5,1.63,100,63,A,3.5,
2026-07-23,2026-07-23T00:03:14,台灣運彩,822785,3479026.1,140,2026-07-23T07:07:00+08:00,坦帕灣光芒,多倫多藍鳥,坦帕灣光芒 @ 多倫多藍鳥,51470416.1,362,多倫多藍鳥 大小 3.5,252917803.1,小 3.5,H,3.5,1.80,5,4,H,3.5,
2026-07-23,2026-07-23T00:03:14,台灣運彩,822785,3479026.1,140,2026-07-23T07:07:00+08:00,坦帕灣光芒,多倫多藍鳥,坦帕灣光芒 @ 多倫多藍鳥,51470417.1,363,坦帕灣光芒 大小 3.5,252917806.1,大 3.5,A,3.5,1.60,5,3,A,3.5,
2026-07-23,2026-07-23T00:03:14,台灣運彩,822785,3479026.1,140,2026-07-23T07:07:00+08:00,坦帕灣光芒,多倫多藍鳥,坦帕灣光芒 @ 多倫多藍鳥,51470417.1,363,坦帕灣光芒 大小 3.5,252917805.1,小 3.5,H,3.5,1.85,20,17,H,3.5,
2026-07-23,2026-07-23T00:03:14,台灣運彩,822785,3479026.1,140,2026-07-23T07:07:00+08:00,坦帕灣光芒,多倫多藍鳥,坦帕灣光芒 @ 多倫多藍鳥,51470419.1,366,[總分]單雙,252917810.1,單,,,1.48,25,12,,,
2026-07-23,2026-07-23T00:03:14,台灣運彩,822785,3479026.1,140,2026-07-23T07:07:00+08:00,坦帕灣光芒,多倫多藍鳥,坦帕灣光芒 @ 多倫多藍鳥,51470419.1,366,[總分]單雙,252917809.1,雙,,,2.00,1,1,,,
2026-07-23,2026-07-23T00:03:14,台灣運彩,822785,3479026.1,140,2026-07-23T07:07:00+08:00,坦帕灣光芒,多倫多藍鳥,坦帕灣光芒 @ 多倫多藍鳥,51470854.1,374,得分最高單局(不含延長賽),252920865.1,一樣多,,,2.20,5,6,,,
2026-07-23,2026-07-23T00:03:14,台灣運彩,822785,3479026.1,140,2026-07-23T07:07:00+08:00,坦帕灣光芒,多倫多藍鳥,坦帕灣光芒 @ 多倫多藍鳥,51470854.1,374,得分最高單局(不含延長賽),252920856.1,第1局,,,5.35,20,87,,,
2026-07-23,2026-07-23T00:03:14,台灣運彩,822785,3479026.1,140,2026-07-23T07:07:00+08:00,坦帕灣光芒,多倫多藍鳥,坦帕灣光芒 @ 多倫多藍鳥,51470854.1,374,得分最高單局(不含延長賽),252920857.1,第2局,,,6.50,2,11,,,
2026-07-23,2026-07-23T00:03:14,台灣運彩,822785,3479026.1,140,2026-07-23T07:07:00+08:00,坦帕灣光芒,多倫多藍鳥,坦帕灣光芒 @ 多倫多藍鳥,51470854.1,374,得分最高單局(不含延長賽),252920858.1,第3局,,,5.65,20,93,,,
2026-07-23,2026-07-23T00:03:14,台灣運彩,822785,3479026.1,140,2026-07-23T07:07:00+08:00,坦帕灣光芒,多倫多藍鳥,坦帕灣光芒 @ 多倫多藍鳥,51470854.1,374,得分最高單局(不含延長賽),252920859.1,第4局,,,6.25,4,21,,,
2026-07-23,2026-07-23T00:03:14,台灣運彩,822785,3479026.1,140,2026-07-23T07:07:00+08:00,坦帕灣光芒,多倫多藍鳥,坦帕灣光芒 @ 多倫多藍鳥,51470854.1,374,得分最高單局(不含延長賽),252920860.1,第5局,,,5.95,20,99,,,
2026-07-23,2026-07-23T00:03:14,台灣運彩,822785,3479026.1,140,2026-07-23T07:07:00+08:00,坦帕灣光芒,多倫多藍鳥,坦帕灣光芒 @ 多倫多藍鳥,51470854.1,374,得分最高單局(不含延長賽),252920861.1,第6局,,,6.00,1,5,,,
2026-07-23,2026-07-23T00:03:14,台灣運彩,822785,3479026.1,140,2026-07-23T07:07:00+08:00,坦帕灣光芒,多倫多藍鳥,坦帕灣光芒 @ 多倫多藍鳥,51470854.1,374,得分最高單局(不含延長賽),252920862.1,第7局,,,6.25,4,21,,,
2026-07-23,2026-07-23T00:03:14,台灣運彩,822785,3479026.1,140,2026-07-23T07:07:00+08:00,坦帕灣光芒,多倫多藍鳥,坦帕灣光芒 @ 多倫多藍鳥,51470854.1,374,得分最高單局(不含延長賽),252920863.1,第8局,,,5.95,20,99,,,
2026-07-23,2026-07-23T00:03:14,台灣運彩,822785,3479026.1,140,2026-07-23T07:07:00+08:00,坦帕灣光芒,多倫多藍鳥,坦帕灣光芒 @ 多倫多藍鳥,51470854.1,374,得分最高單局(不含延長賽),252920864.1,第9局,,,8.00,1,7,,,
2026-07-23,2026-07-23T00:03:14,台灣運彩,822785,3479026.1,140,2026-07-23T07:07:00+08:00,坦帕灣光芒,多倫多藍鳥,坦帕灣光芒 @ 多倫多藍鳥,51470855.1,376,[1-5局] 不讓分,252920866.1,多倫多藍鳥,H,,1.85,20,17,H,,1
2026-07-23,2026-07-23T00:03:14,台灣運彩,822785,3479026.1,140,2026-07-23T07:07:00+08:00,坦帕灣光芒,多倫多藍鳥,坦帕灣光芒 @ 多倫多藍鳥,51470855.1,376,[1-5局] 不讓分,252920868.1,坦帕灣光芒,A,,1.85,20,17,A,,2
2026-07-23,2026-07-23T00:03:14,台灣運彩,822785,3479026.1,140,2026-07-23T07:07:00+08:00,坦帕灣光芒,多倫多藍鳥,坦帕灣光芒 @ 多倫多藍鳥,51470855.1,376,[1-5局] 不讓分,252920867.1,和局,D,,4.55,20,71,D,,
2026-07-23,2026-07-23T00:03:14,台灣運彩,822785,3479026.1,140,2026-07-23T07:07:00+08:00,坦帕灣光芒,多倫多藍鳥,坦帕灣光芒 @ 多倫多藍鳥,51470852.1,378,[1-5局] 大小 4.5,252920852.1,大 4.5,A,4.5,1.73,100,73,A,4.5,
2026-07-23,2026-07-23T00:03:14,台灣運彩,822785,3479026.1,140,2026-07-23T07:07:00+08:00,坦帕灣光芒,多倫多藍鳥,坦帕灣光芒 @ 多倫多藍鳥,51470852.1,378,[1-5局] 大小 4.5,252920851.1,小 4.5,H,4.5,1.60,5,3,H,4.5,
2026-07-23,2026-07-23T00:03:14,台灣運彩,822785,3479026.1,140,2026-07-23T07:07:00+08:00,坦帕灣光芒,多倫多藍鳥,坦帕灣光芒 @ 多倫多藍鳥,51470849.1,379,[1-5局] 多倫多藍鳥 大小 1.5,252920846.1,大 1.5,A,1.5,1.55,20,11,A,1.5,
2026-07-23,2026-07-23T00:03:14,台灣運彩,822785,3479026.1,140,2026-07-23T07:07:00+08:00,坦帕灣光芒,多倫多藍鳥,坦帕灣光芒 @ 多倫多藍鳥,51470849.1,379,[1-5局] 多倫多藍鳥 大小 1.5,252920845.1,小 1.5,H,1.5,1.90,10,9,H,1.5,
2026-07-23,2026-07-23T00:03:14,台灣運彩,822785,3479026.1,140,2026-07-23T07:07:00+08:00,坦帕灣光芒,多倫多藍鳥,坦帕灣光芒 @ 多倫多藍鳥,51470850.1,380,[1-5局] 坦帕灣光芒 大小 1.5,252920848.1,大 1.5,A,1.5,1.53,100,53,A,1.5,
2026-07-23,2026-07-23T00:03:14,台灣運彩,822785,3479026.1,140,2026-07-23T07:07:00+08:00,坦帕灣光芒,多倫多藍鳥,坦帕灣光芒 @ 多倫多藍鳥,51470850.1,380,[1-5局] 坦帕灣光芒 大小 1.5,252920847.1,小 1.5,H,1.5,1.93,100,93,H,1.5,
2026-07-23,2026-07-23T00:03:14,台灣運彩,822785,3479026.1,140,2026-07-23T07:07:00+08:00,坦帕灣光芒,多倫多藍鳥,坦帕灣光芒 @ 多倫多藍鳥,51470853.1,389,[第1局] 不讓分,252920853.1,多倫多藍鳥,H,,3.10,10,21,H,,1
2026-07-23,2026-07-23T00:03:14,台灣運彩,822785,3479026.1,140,2026-07-23T07:07:00+08:00,坦帕灣光芒,多倫多藍鳥,坦帕灣光芒 @ 多倫多藍鳥,51470853.1,389,[第1局] 不讓分,252920855.1,坦帕灣光芒,A,,3.15,20,43,A,,2
2026-07-23,2026-07-23T00:03:14,台灣運彩,822785,3479026.1,140,2026-07-23T07:07:00+08:00,坦帕灣光芒,多倫多藍鳥,坦帕灣光芒 @ 多倫多藍鳥,51470853.1,389,[第1局] 不讓分,252920854.1,和局,D,,1.50,2,1,D,,
2026-07-23,2026-07-23T00:03:14,台灣運彩,822785,3479026.1,140,2026-07-23T07:07:00+08:00,坦帕灣光芒,多倫多藍鳥,坦帕灣光芒 @ 多倫多藍鳥,51470851.1,398,[第1局] 大小 0.5,252920850.1,大 0.5,A,0.5,1.73,100,73,A,0.5,
2026-07-23,2026-07-23T00:03:14,台灣運彩,822785,3479026.1,140,2026-07-23T07:07:00+08:00,坦帕灣光芒,多倫多藍鳥,坦帕灣光芒 @ 多倫多藍鳥,51470851.1,398,[第1局] 大小 0.5,252920849.1,小 0.5,H,0.5,1.60,5,3,H,0.5,
2026-07-23,2026-07-23T00:03:14,台灣運彩,824893,3479011.1,139,2026-07-23T07:15:00+08:00,聖地牙哥教士,亞特蘭大勇士,聖地牙哥教士 @ 亞特蘭大勇士,51470350.1,354,不讓分,252917630.1,亞特蘭大勇士,H,,1.65,20,13,H,,1
2026-07-23,2026-07-23T00:03:14,台灣運彩,824893,3479011.1,139,2026-07-23T07:15:00+08:00,聖地牙哥教士,亞特蘭大勇士,聖地牙哥教士 @ 亞特蘭大勇士,51470350.1,354,不讓分,252917631.1,聖地牙哥教士,A,,1.85,20,17,A,,2
2026-07-23,2026-07-23T00:03:14,台灣運彩,824893,3479011.1,139,2026-07-23T07:15:00+08:00,聖地牙哥教士,亞特蘭大勇士,聖地牙哥教士 @ 亞特蘭大勇士,51470361.1,357,勝分差,252917652.1,亞特蘭大勇士 1 分,H,,4.15,20,63,H,,
2026-07-23,2026-07-23T00:03:14,台灣運彩,824893,3479011.1,139,2026-07-23T07:15:00+08:00,聖地牙哥教士,亞特蘭大勇士,聖地牙哥教士 @ 亞特蘭大勇士,51470361.1,357,勝分差,252917653.1,亞特蘭大勇士 2 分,H,,7.25,4,25,H,,
2026-07-23,2026-07-23T00:03:14,台灣運彩,824893,3479011.1,139,2026-07-23T07:15:00+08:00,聖地牙哥教士,亞特蘭大勇士,聖地牙哥教士 @ 亞特蘭大勇士,51470361.1,357,勝分差,252917654.1,亞特蘭大勇士 > 2分,H,,2.70,10,17,H,,
2026-07-23,2026-07-23T00:03:14,台灣運彩,824893,3479011.1,139,2026-07-23T07:15:00+08:00,聖地牙哥教士,亞特蘭大勇士,聖地牙哥教士 @ 亞特蘭大勇士,51470361.1,357,勝分差,252917655.1,聖地牙哥教士 1 分,A,,5.80,5,24,A,,
2026-07-23,2026-07-23T00:03:14,台灣運彩,824893,3479011.1,139,2026-07-23T07:15:00+08:00,聖地牙哥教士,亞特蘭大勇士,聖地牙哥教士 @ 亞特蘭大勇士,51470361.1,357,勝分差,252917656.1,聖地牙哥教士 2 分,A,,7.25,4,25,A,,
2026-07-23,2026-07-23T00:03:14,台灣運彩,824893,3479011.1,139,2026-07-23T07:15:00+08:00,聖地牙哥教士,亞特蘭大勇士,聖地牙哥教士 @ 亞特蘭大勇士,51470361.1,357,勝分差,252917657.1,聖地牙哥教士 > 2分,A,,2.60,5,8,A,,
2026-07-23,2026-07-23T00:03:14,台灣運彩,824893,3479011.1,139,2026-07-23T07:15:00+08:00,聖地牙哥教士,亞特蘭大勇士,聖地牙哥教士 @ 亞特蘭大勇士,51470357.1,358,讓分 -1.5,252917644.1,亞特蘭大勇士 -1.5,H,-1.5,2.20,5,6,H,-1.5,1
2026-07-23,2026-07-23T00:03:14,台灣運彩,824893,3479011.1,139,2026-07-23T07:15:00+08:00,聖地牙哥教士,亞特蘭大勇士,聖地牙哥教士 @ 亞特蘭大勇士,51470357.1,358,讓分 -1.5,252917645.1,聖地牙哥教士 +1.5,A,-1.5,1.42,50,21,A,-1.5,2
2026-07-23,2026-07-23T00:03:14,台灣運彩,824893,3479011.1,139,2026-07-23T07:15:00+08:00,聖地牙哥教士,亞特蘭大勇士,聖地牙哥教士 @ 亞特蘭大勇士,51470359.1,358,讓分 1.5,252917648.1,亞特蘭大勇士 +1.5,H,1.5,1.38,50,19,H,1.5,1
2026-07-23,2026-07-23T00:03:14,台灣運彩,824893,3479011.1,139,2026-07-23T07:15:00+08:00,聖地牙哥教士,亞特蘭大勇士,聖地牙哥教士 @ 亞特蘭大勇士,51470359.1,358,讓分 1.5,252917649.1,聖地牙哥教士 -1.5,A,1.5,2.33,100,133,A,1.5,2
2026-07-23,2026-07-23T00:03:14,台灣運彩,824893,3479011.1,139,2026-07-23T07:15:00+08:00,聖地牙哥教士,亞特蘭大勇士,聖地牙哥教士 @ 亞特蘭大勇士,51470360.1,358,讓分 -2.5,252917650.1,亞特蘭大勇士 -2.5,H,-2.5,2.75,4,7,H,-2.5,1
2026-07-23,2026-07-23T00:03:14,台灣運彩,824893,3479011.1,139,2026-07-23T07:15:00+08:00,聖地牙哥教士,亞特蘭大勇士,聖地牙哥教士 @ 亞特蘭大勇士,51470360.1,358,讓分 -2.5,252917651.1,聖地牙哥教士 +2.5,A,-2.5,1.26,50,13,A,-2.5,2
2026-07-23,2026-07-23T00:03:14,台灣運彩,824893,3479011.1,139,2026-07-23T07:15:00+08:00,聖地牙哥教士,亞特蘭大勇士,聖地牙哥教士 @ 亞特蘭大勇士,51470353.1,360,[總分]大小 8.5,252917637.1,大 8.5,A,8.5,1.68,25,17,A,8.5,
2026-07-23,2026-07-23T00:03:14,台灣運彩,824893,3479011.1,139,2026-07-23T07:15:00+08:00,聖地牙哥教士,亞特蘭大勇士,聖地牙哥教士 @ 亞特蘭大勇士,51470353.1,360,[總分]大小 8.5,252917636.1,小 8.5,H,8.5,1.82,50,41,H,8.5,
2026-07-23,2026-07-23T00:03:14,台灣運彩,824893,3479011.1,139,2026-07-23T07:15:00+08:00,聖地牙哥教士,亞特蘭大勇士,聖地牙哥教士 @ 亞特蘭大勇士,51470354.1,360,[總分]大小 7.5,252917639.1,大 7.5,A,7.5,1.46,50,23,A,7.5,
2026-07-23,2026-07-23T00:03:14,台灣運彩,824893,3479011.1,139,2026-07-23T07:15:00+08:00,聖地牙哥教士,亞特蘭大勇士,聖地牙哥教士 @ 亞特蘭大勇士,51470354.1,360,[總分]大小 7.5,252917638.1,小 7.5,H,7.5,2.07,100,107,H,7.5,
2026-07-23,2026-07-23T00:03:14,台灣運彩,824893,3479011.1,139,2026-07-23T07:15:00+08:00,聖地牙哥教士,亞特蘭大勇士,聖地牙哥教士 @ 亞特蘭大勇士,51470358.1,360,[總分]大小 9.5,252917647.1,大 9.5,A,9.5,2.00,1,1,A,9.5,
2026-07-23,2026-07-23T00:03:14,台灣運彩,824893,3479011.1,139,2026-07-23T07:15:00+08:00,聖地牙哥教士,亞特蘭大勇士,聖地牙哥教士 @ 亞特蘭大勇士,51470358.1,360,[總分]大小 9.5,252917646.1,小 9.5,H,9.5,1.50,2,1,H,9.5,
2026-07-23,2026-07-23T00:03:14,台灣運彩,824893,3479011.1,139,2026-07-23T07:15:00+08:00,聖地牙哥教士,亞特蘭大勇士,聖地牙哥教士 @ 亞特蘭大勇士,51470355.1,362,亞特蘭大勇士 大小 4.5,252917641.1,大 4.5,A,4.5,1.86,50,43,A,4.5,
2026-07-23,2026-07-23T00:03:14,台灣運彩,824893,3479011.1,139,2026-07-23T07:15:00+08:00,聖地牙哥教士,亞特蘭大勇士,聖地牙哥教士 @ 亞特蘭大勇士,51470355.1,362,亞特蘭大勇士 大小 4.5,252917640.1,小 4.5,H,4.5,1.58,50,29,H,4.5,
2026-07-23,2026-07-23T00:03:14,台灣運彩,824893,3479011.1,139,2026-07-23T07:15:00+08:00,聖地牙哥教士,亞特蘭大勇士,聖地牙哥教士 @ 亞特蘭大勇士,51470356.1,363,聖地牙哥教士 大小 4.5,252917643.1,大 4.5,A,4.5,1.88,25,22,A,4.5,
2026-07-23,2026-07-23T00:03:14,台灣運彩,824893,3479011.1,139,2026-07-23T07:15:00+08:00,聖地牙哥教士,亞特蘭大勇士,聖地牙哥教士 @ 亞特蘭大勇士,51470356.1,363,聖地牙哥教士 大小 4.5,252917642.1,小 4.5,H,4.5,1.56,25,14,H,4.5,
2026-07-23,2026-07-23T00:03:14,台灣運彩,824893,3479011.1,139,2026-07-23T07:15:00+08:00,聖地牙哥教士,亞特蘭大勇士,聖地牙哥教士 @ 亞特蘭大勇士,51470352.1,366,[總分]單雙,252917635.1,單,,,1.48,25,12,,,
2026-07-23,2026-07-23T00:03:14,台灣運彩,824893,3479011.1,139,2026-07-23T07:15:00+08:00,聖地牙哥教士,亞特蘭大勇士,聖地牙哥教士 @ 亞特蘭大勇士,51470352.1,366,[總分]單雙,252917634.1,雙,,,2.00,1,1,,,
2026-07-23,2026-07-23T00:03:14,台灣運彩,824893,3479011.1,139,2026-07-23T07:15:00+08:00,聖地牙哥教士,亞特蘭大勇士,聖地牙哥教士 @ 亞特蘭大勇士,51470793.1,374,得分最高單局(不含延長賽),252920716.1,一樣多,,,2.25,4,5,,,
2026-07-23,2026-07-23T00:03:14,台灣運彩,824893,3479011.1,139,2026-07-23T07:15:00+08:00,聖地牙哥教士,亞特蘭大勇士,聖地牙哥教士 @ 亞特蘭大勇士,51470793.1,374,得分最高單局(不含延長賽),252920707.1,第1局,,,5.25,4,17,,,
2026-07-23,2026-07-23T00:03:14,台灣運彩,824893,3479011.1,139,2026-07-23T07:15:00+08:00,聖地牙哥教士,亞特蘭大勇士,聖地牙哥教士 @ 亞特蘭大勇士,51470793.1,374,得分最高單局(不含延長賽),252920708.1,第2局,,,6.25,4,21,,,
2026-07-23,2026-07-23T00:03:14,台灣運彩,824893,3479011.1,139,2026-07-23T07:15:00+08:00,聖地牙哥教士,亞特蘭大勇士,聖地牙哥教士 @ 亞特蘭大勇士,51470793.1,374,得分最高單局(不含延長賽),252920709.1,第3局,,,5.40,5,22,,,
2026-07-23,2026-07-23T00:03:14,台灣運彩,824893,3479011.1,139,2026-07-23T07:15:00+08:00,聖地牙哥教士,亞特蘭大勇士,聖地牙哥教士 @ 亞特蘭大勇士,51470793.1,374,得分最高單局(不含延長賽),252920710.1,第4局,,,5.95,20,99,,,
2026-07-23,2026-07-23T00:03:14,台灣運彩,824893,3479011.1,139,2026-07-23T07:15:00+08:00,聖地牙哥教士,亞特蘭大勇士,聖地牙哥教士 @ 亞特蘭大勇士,51470793.1,374,得分最高單局(不含延長賽),252920711.1,第5局,,,5.75,4,19,,,
2026-07-23,2026-07-23T00:03:14,台灣運彩,824893,3479011.1,139,2026-07-23T07:15:00+08:00,聖地牙哥教士,亞特蘭大勇士,聖地牙哥教士 @ 亞特蘭大勇士,51470793.1,374,得分最高單局(不含延長賽),252920712.1,第6局,,,6.50,2,11,,,
2026-07-23,2026-07-23T00:03:14,台灣運彩,824893,3479011.1,139,2026-07-23T07:15:00+08:00,聖地牙哥教士,亞特蘭大勇士,聖地牙哥教士 @ 亞特蘭大勇士,51470793.1,374,得分最高單局(不含延長賽),252920713.1,第7局,,,6.25,4,21,,,
2026-07-23,2026-07-23T00:03:14,台灣運彩,824893,3479011.1,139,2026-07-23T07:15:00+08:00,聖地牙哥教士,亞特蘭大勇士,聖地牙哥教士 @ 亞特蘭大勇士,51470793.1,374,得分最高單局(不含延長賽),252920714.1,第8局,,,6.25,4,21,,,
2026-07-23,2026-07-23T00:03:14,台灣運彩,824893,3479011.1,139,2026-07-23T07:15:00+08:00,聖地牙哥教士,亞特蘭大勇士,聖地牙哥教士 @ 亞特蘭大勇士,51470793.1,374,得分最高單局(不含延長賽),252920715.1,第9局,,,8.00,1,7,,,
2026-07-23,2026-07-23T00:03:14,台灣運彩,824893,3479011.1,139,2026-07-23T07:15:00+08:00,聖地牙哥教士,亞特蘭大勇士,聖地牙哥教士 @ 亞特蘭大勇士,51470789.1,376,[1-5局] 不讓分,252920698.1,亞特蘭大勇士,H,,1.75,4,3,H,,1
2026-07-23,2026-07-23T00:03:14,台灣運彩,824893,3479011.1,139,2026-07-23T07:15:00+08:00,聖地牙哥教士,亞特蘭大勇士,聖地牙哥教士 @ 亞特蘭大勇士,51470789.1,376,[1-5局] 不讓分,252920700.1,聖地牙哥教士,A,,1.85,20,17,A,,2
2026-07-23,2026-07-23T00:03:14,台灣運彩,824893,3479011.1,139,2026-07-23T07:15:00+08:00,聖地牙哥教士,亞特蘭大勇士,聖地牙哥教士 @ 亞特蘭大勇士,51470789.1,376,[1-5局] 不讓分,252920699.1,和局,D,,4.95,20,79,D,,
2026-07-23,2026-07-23T00:03:14,台灣運彩,824893,3479011.1,139,2026-07-23T07:15:00+08:00,聖地牙哥教士,亞特蘭大勇士,聖地牙哥教士 @ 亞特蘭大勇士,51470788.1,378,[1-5局] 大小 4.5,252920697.1,大 4.5,A,4.5,1.58,50,29,A,4.5,
2026-07-23,2026-07-23T00:03:14,台灣運彩,824893,3479011.1,139,2026-07-23T07:15:00+08:00,聖地牙哥教士,亞特蘭大勇士,聖地牙哥教士 @ 亞特蘭大勇士,51470788.1,378,[1-5局] 大小 4.5,252920696.1,小 4.5,H,4.5,1.75,4,3,H,4.5,
2026-07-23,2026-07-23T00:03:14,台灣運彩,824893,3479011.1,139,2026-07-23T07:15:00+08:00,聖地牙哥教士,亞特蘭大勇士,聖地牙哥教士 @ 亞特蘭大勇士,51470791.1,379,[1-5局] 亞特蘭大勇士 大小 2.5,252920704.1,大 2.5,A,2.5,1.88,25,22,A,2.5,
2026-07-23,2026-07-23T00:03:14,台灣運彩,824893,3479011.1,139,2026-07-23T07:15:00+08:00,聖地牙哥教士,亞特蘭大勇士,聖地牙哥教士 @ 亞特蘭大勇士,51470791.1,379,[1-5局] 亞特蘭大勇士 大小 2.5,252920703.1,小 2.5,H,2.5,1.56,25,14,H,2.5,
2026-07-23,2026-07-23T00:03:14,台灣運彩,824893,3479011.1,139,2026-07-23T07:15:00+08:00,聖地牙哥教士,亞特蘭大勇士,聖地牙哥教士 @ 亞特蘭大勇士,51470792.1,380,[1-5局] 聖地牙哥教士 大小 2.5,252920706.1,大 2.5,A,2.5,1.94,50,47,A,2.5,
2026-07-23,2026-07-23T00:03:14,台灣運彩,824893,3479011.1,139,2026-07-23T07:15:00+08:00,聖地牙哥教士,亞特蘭大勇士,聖地牙哥教士 @ 亞特蘭大勇士,51470792.1,380,[1-5局] 聖地牙哥教士 大小 2.5,252920705.1,小 2.5,H,2.5,1.52,25,13,H,2.5,
2026-07-23,2026-07-23T00:03:14,台灣運彩,824893,3479011.1,139,2026-07-23T07:15:00+08:00,聖地牙哥教士,亞特蘭大勇士,聖地牙哥教士 @ 亞特蘭大勇士,51470794.1,389,[第1局] 不讓分,252920717.1,亞特蘭大勇士,H,,2.90,10,19,H,,1
2026-07-23,2026-07-23T00:03:14,台灣運彩,824893,3479011.1,139,2026-07-23T07:15:00+08:00,聖地牙哥教士,亞特蘭大勇士,聖地牙哥教士 @ 亞特蘭大勇士,51470794.1,389,[第1局] 不讓分,252920719.1,聖地牙哥教士,A,,3.15,20,43,A,,2
2026-07-23,2026-07-23T00:03:14,台灣運彩,824893,3479011.1,139,2026-07-23T07:15:00+08:00,聖地牙哥教士,亞特蘭大勇士,聖地牙哥教士 @ 亞特蘭大勇士,51470794.1,389,[第1局] 不讓分,252920718.1,和局,D,,1.55,20,11,D,,
2026-07-23,2026-07-23T00:03:14,台灣運彩,824893,3479011.1,139,2026-07-23T07:15:00+08:00,聖地牙哥教士,亞特蘭大勇士,聖地牙哥教士 @ 亞特蘭大勇士,51470790.1,398,[第1局] 大小 0.5,252920702.1,大 0.5,A,0.5,1.65,20,13,A,0.5,
2026-07-23,2026-07-23T00:03:14,台灣運彩,824893,3479011.1,139,2026-07-23T07:15:00+08:00,聖地牙哥教士,亞特蘭大勇士,聖地牙哥教士 @ 亞特蘭大勇士,51470790.1,398,[第1局] 大小 0.5,252920701.1,小 0.5,H,0.5,1.68,25,17,H,0.5,
2026-07-23,2026-07-23T00:03:14,台灣運彩,,3478995.1,135,2026-07-23T08:05:00+08:00,芝加哥白襪,德州遊騎兵,芝加哥白襪 @ 德州遊騎兵,51469939.1,354,不讓分,252916264.1,德州遊騎兵,H,,1.77,100,77,H,,1
2026-07-23,2026-07-23T00:03:14,台灣運彩,,3478995.1,135,2026-07-23T08:05:00+08:00,芝加哥白襪,德州遊騎兵,芝加哥白襪 @ 德州遊騎兵,51469939.1,354,不讓分,252916265.1,芝加哥白襪,A,,1.73,100,73,A,,2
2026-07-23,2026-07-23T00:03:14,台灣運彩,,3478995.1,135,2026-07-23T08:05:00+08:00,芝加哥白襪,德州遊騎兵,芝加哥白襪 @ 德州遊騎兵,51469945.1,357,勝分差,252916276.1,德州遊騎兵 1 分,H,,4.15,20,63,H,,
2026-07-23,2026-07-23T00:03:14,台灣運彩,,3478995.1,135,2026-07-23T08:05:00+08:00,芝加哥白襪,德州遊騎兵,芝加哥白襪 @ 德州遊騎兵,51469945.1,357,勝分差,252916277.1,德州遊騎兵 2 分,H,,7.50,2,13,H,,
2026-07-23,2026-07-23T00:03:14,台灣運彩,,3478995.1,135,2026-07-23T08:05:00+08:00,芝加哥白襪,德州遊騎兵,芝加哥白襪 @ 德州遊騎兵,51469945.1,357,勝分差,252916278.1,德州遊騎兵 > 2分,H,,2.90,10,19,H,,
2026-07-23,2026-07-23T00:03:14,台灣運彩,,3478995.1,135,2026-07-23T08:05:00+08:00,芝加哥白襪,德州遊騎兵,芝加哥白襪 @ 德州遊騎兵,51469945.1,357,勝分差,252916279.1,芝加哥白襪 1 分,A,,5.65,20,93,A,,
2026-07-23,2026-07-23T00:03:14,台灣運彩,,3478995.1,135,2026-07-23T08:05:00+08:00,芝加哥白襪,德州遊騎兵,芝加哥白襪 @ 德州遊騎兵,51469945.1,357,勝分差,252916280.1,芝加哥白襪 2 分,A,,7.00,1,6,A,,
2026-07-23,2026-07-23T00:03:14,台灣運彩,,3478995.1,135,2026-07-23T08:05:00+08:00,芝加哥白襪,德州遊騎兵,芝加哥白襪 @ 德州遊騎兵,51469945.1,357,勝分差,252916281.1,芝加哥白襪 > 2分,A,,2.45,20,29,A,,
2026-07-23,2026-07-23T00:03:14,台灣運彩,,3478995.1,135,2026-07-23T08:05:00+08:00,芝加哥白襪,德州遊騎兵,芝加哥白襪 @ 德州遊騎兵,51470642.1,358,讓分 1.5,252920384.1,德州遊騎兵 +1.5,H,1.5,1.45,20,9,H,1.5,1
2026-07-23,2026-07-23T00:03:14,台灣運彩,,3478995.1,135,2026-07-23T08:05:00+08:00,芝加哥白襪,德州遊騎兵,芝加哥白襪 @ 德州遊騎兵,51470642.1,358,讓分 1.5,252920385.1,芝加哥白襪 -1.5,A,1.5,2.10,10,11,A,1.5,2
2026-07-23,2026-07-23T00:03:14,台灣運彩,,3478995.1,135,2026-07-23T08:05:00+08:00,芝加哥白襪,德州遊騎兵,芝加哥白襪 @ 德州遊騎兵,51469942.1,360,[總分]大小 8.5,252916271.1,大 8.5,A,8.5,1.65,20,13,A,8.5,
2026-07-23,2026-07-23T00:03:14,台灣運彩,,3478995.1,135,2026-07-23T08:05:00+08:00,芝加哥白襪,德州遊騎兵,芝加哥白襪 @ 德州遊騎兵,51469942.1,360,[總分]大小 8.5,252916270.1,小 8.5,H,8.5,1.85,20,17,H,8.5,
2026-07-23,2026-07-23T00:03:14,台灣運彩,,3478995.1,135,2026-07-23T08:05:00+08:00,芝加哥白襪,德州遊騎兵,芝加哥白襪 @ 德州遊騎兵,51469940.1,362,德州遊騎兵 大小 4.5,252916267.1,大 4.5,A,4.5,1.93,100,93,A,4.5,
2026-07-23,2026-07-23T00:03:14,台灣運彩,,3478995.1,135,2026-07-23T08:05:00+08:00,芝加哥白襪,德州遊騎兵,芝加哥白襪 @ 德州遊騎兵,51469940.1,362,德州遊騎兵 大小 4.5,252916266.1,小 4.5,H,4.5,1.53,100,53,H,4.5,
2026-07-23,2026-07-23T00:03:14,台灣運彩,,3478995.1,135,2026-07-23T08:05:00+08:00,芝加哥白襪,德州遊騎兵,芝加哥白襪 @ 德州遊騎兵,51469944.1,363,芝加哥白襪 大小 4.5,252916275.1,大 4.5,A,4.5,1.78,50,39,A,4.5,
2026-07-23,2026-07-23T00:03:14,台灣運彩,,3478995.1,135,2026-07-23T08:05:00+08:00,芝加哥白襪,德州遊騎兵,芝加哥白襪 @ 德州遊騎兵,51469944.1,363,芝加哥白襪 大小 4.5,252916274.1,小 4.5,H,4.5,1.65,20,13,H,4.5,
2026-07-23,2026-07-23T00:03:14,台灣運彩,,3478995.1,135,2026-07-23T08:05:00+08:00,芝加哥白襪,德州遊騎兵,芝加哥白襪 @ 德州遊騎兵,51469941.1,366,[總分]單雙,252916269.1,單,,,1.46,50,23,,,
2026-07-23,2026-07-23T00:03:14,台灣運彩,,3478995.1,135,2026-07-23T08:05:00+08:00,芝加哥白襪,德州遊騎兵,芝加哥白襪 @ 德州遊騎兵,51469941.1,366,[總分]單雙,252916268.1,雙,,,1.93,100,93,,,
2026-07-23,2026-07-23T00:03:14,台灣運彩,,3478995.1,135,2026-07-23T08:05:00+08:00,芝加哥白襪,德州遊騎兵,芝加哥白襪 @ 德州遊騎兵,51470385.1,374,得分最高單局(不含延長賽),252917718.1,一樣多,,,2.35,20,27,,,
2026-07-23,2026-07-23T00:03:14,台灣運彩,,3478995.1,135,2026-07-23T08:05:00+08:00,芝加哥白襪,德州遊騎兵,芝加哥白襪 @ 德州遊騎兵,51470385.1,374,得分最高單局(不含延長賽),252917709.1,第1局,,,5.55,20,91,,,
2026-07-23,2026-07-23T00:03:14,台灣運彩,,3478995.1,135,2026-07-23T08:05:00+08:00,芝加哥白襪,德州遊騎兵,芝加哥白襪 @ 德州遊騎兵,51470385.1,374,得分最高單局(不含延長賽),252917710.1,第2局,,,6.75,4,23,,,
2026-07-23,2026-07-23T00:03:14,台灣運彩,,3478995.1,135,2026-07-23T08:05:00+08:00,芝加哥白襪,德州遊騎兵,芝加哥白襪 @ 德州遊騎兵,51470385.1,374,得分最高單局(不含延長賽),252917711.1,第3局,,,5.90,10,49,,,
2026-07-23,2026-07-23T00:03:14,台灣運彩,,3478995.1,135,2026-07-23T08:05:00+08:00,芝加哥白襪,德州遊騎兵,芝加哥白襪 @ 德州遊騎兵,51470385.1,374,得分最高單局(不含延長賽),252917712.1,第4局,,,6.50,2,11,,,
2026-07-23,2026-07-23T00:03:14,台灣運彩,,3478995.1,135,2026-07-23T08:05:00+08:00,芝加哥白襪,德州遊騎兵,芝加哥白襪 @ 德州遊騎兵,51470385.1,374,得分最高單局(不含延長賽),252917713.1,第5局,,,4.10,10,31,,,
2026-07-23,2026-07-23T00:03:14,台灣運彩,,3478995.1,135,2026-07-23T08:05:00+08:00,芝加哥白襪,德州遊騎兵,芝加哥白襪 @ 德州遊騎兵,51470385.1,374,得分最高單局(不含延長賽),252917714.1,第6局,,,6.25,4,21,,,
2026-07-23,2026-07-23T00:03:14,台灣運彩,,3478995.1,135,2026-07-23T08:05:00+08:00,芝加哥白襪,德州遊騎兵,芝加哥白襪 @ 德州遊騎兵,51470385.1,374,得分最高單局(不含延長賽),252917715.1,第7局,,,6.50,2,11,,,
2026-07-23,2026-07-23T00:03:14,台灣運彩,,3478995.1,135,2026-07-23T08:05:00+08:00,芝加哥白襪,德州遊騎兵,芝加哥白襪 @ 德州遊騎兵,51470385.1,374,得分最高單局(不含延長賽),252917716.1,第8局,,,6.25,4,21,,,
2026-07-23,2026-07-23T00:03:14,台灣運彩,,3478995.1,135,2026-07-23T08:05:00+08:00,芝加哥白襪,德州遊騎兵,芝加哥白襪 @ 德州遊騎兵,51470385.1,374,得分最高單局(不含延長賽),252917717.1,第9局,,,8.00,1,7,,,
2026-07-23,2026-07-23T00:03:14,台灣運彩,,3478995.1,135,2026-07-23T08:05:00+08:00,芝加哥白襪,德州遊騎兵,芝加哥白襪 @ 德州遊騎兵,51470384.1,376,[1-5局] 不讓分,252917706.1,德州遊騎兵,H,,1.85,20,17,H,,1
2026-07-23,2026-07-23T00:03:14,台灣運彩,,3478995.1,135,2026-07-23T08:05:00+08:00,芝加哥白襪,德州遊騎兵,芝加哥白襪 @ 德州遊騎兵,51470384.1,376,[1-5局] 不讓分,252917708.1,芝加哥白襪,A,,1.80,5,4,A,,2
2026-07-23,2026-07-23T00:03:14,台灣運彩,,3478995.1,135,2026-07-23T08:05:00+08:00,芝加哥白襪,德州遊騎兵,芝加哥白襪 @ 德州遊騎兵,51470384.1,376,[1-5局] 不讓分,252917707.1,和局,D,,4.85,20,77,D,,
2026-07-23,2026-07-23T00:03:14,台灣運彩,,3478995.1,135,2026-07-23T08:05:00+08:00,芝加哥白襪,德州遊騎兵,芝加哥白襪 @ 德州遊騎兵,51470379.1,378,[1-5局] 大小 4.5,252917696.1,大 4.5,A,4.5,1.58,50,29,A,4.5,
2026-07-23,2026-07-23T00:03:14,台灣運彩,,3478995.1,135,2026-07-23T08:05:00+08:00,芝加哥白襪,德州遊騎兵,芝加哥白襪 @ 德州遊騎兵,51470379.1,378,[1-5局] 大小 4.5,252917695.1,小 4.5,H,4.5,1.75,4,3,H,4.5,
2026-07-23,2026-07-23T00:03:14,台灣運彩,,3478995.1,135,2026-07-23T08:05:00+08:00,芝加哥白襪,德州遊騎兵,芝加哥白襪 @ 德州遊騎兵,51470382.1,379,[1-5局] 德州遊騎兵 大小 2.5,252917702.1,大 2.5,A,2.5,1.94,50,47,A,2.5,
2026-07-23,2026-07-23T00:03:14,台灣運彩,,3478995.1,135,2026-07-23T08:05:00+08:00,芝加哥白襪,德州遊騎兵,芝加哥白襪 @ 德州遊騎兵,51470382.1,379,[1-5局] 德州遊騎兵 大小 2.5,252917701.1,小 2.5,H,2.5,1.52,25,13,H,2.5,
2026-07-23,2026-07-23T00:03:14,台灣運彩,,3478995.1,135,2026-07-23T08:05:00+08:00,芝加哥白襪,德州遊騎兵,芝加哥白襪 @ 德州遊騎兵,51470381.1,380,[1-5局] 芝加哥白襪 大小 2.5,252917700.1,大 2.5,A,2.5,1.90,10,9,A,2.5,
2026-07-23,2026-07-23T00:03:14,台灣運彩,,3478995.1,135,2026-07-23T08:05:00+08:00,芝加哥白襪,德州遊騎兵,芝加哥白襪 @ 德州遊騎兵,51470381.1,380,[1-5局] 芝加哥白襪 大小 2.5,252917699.1,小 2.5,H,2.5,1.55,20,11,H,2.5,
2026-07-23,2026-07-23T00:03:14,台灣運彩,,3478995.1,135,2026-07-23T08:05:00+08:00,芝加哥白襪,德州遊騎兵,芝加哥白襪 @ 德州遊騎兵,51470383.1,389,[第1局] 不讓分,252917703.1,德州遊騎兵,H,,3.00,1,2,H,,1
2026-07-23,2026-07-23T00:03:14,台灣運彩,,3478995.1,135,2026-07-23T08:05:00+08:00,芝加哥白襪,德州遊騎兵,芝加哥白襪 @ 德州遊騎兵,51470383.1,389,[第1局] 不讓分,252917705.1,芝加哥白襪,A,,3.00,1,2,A,,2
2026-07-23,2026-07-23T00:03:14,台灣運彩,,3478995.1,135,2026-07-23T08:05:00+08:00,芝加哥白襪,德州遊騎兵,芝加哥白襪 @ 德州遊騎兵,51470383.1,389,[第1局] 不讓分,252917704.1,和局,D,,1.55,20,11,D,,
2026-07-23,2026-07-23T00:03:14,台灣運彩,,3478995.1,135,2026-07-23T08:05:00+08:00,芝加哥白襪,德州遊騎兵,芝加哥白襪 @ 德州遊騎兵,51470380.1,398,[第1局] 大小 0.5,252917698.1,大 0.5,A,0.5,1.65,20,13,A,0.5,
2026-07-23,2026-07-23T00:03:14,台灣運彩,,3478995.1,135,2026-07-23T08:05:00+08:00,芝加哥白襪,德州遊騎兵,芝加哥白襪 @ 德州遊騎兵,51470380.1,398,[第1局] 大小 0.5,252917697.1,小 0.5,H,0.5,1.68,25,17,H,0.5,
2026-07-23,2026-07-23T00:03:14,台灣運彩,,3478996.1,136,2026-07-23T08:10:00+08:00,邁阿密馬林魚,休士頓太空人,邁阿密馬林魚 @ 休士頓太空人,51469949.1,354,不讓分,252916289.1,休士頓太空人,H,,1.65,20,13,H,,1
2026-07-23,2026-07-23T00:03:14,台灣運彩,,3478996.1,136,2026-07-23T08:10:00+08:00,邁阿密馬林魚,休士頓太空人,邁阿密馬林魚 @ 休士頓太空人,51469949.1,354,不讓分,252916290.1,邁阿密馬林魚,A,,1.85,20,17,A,,2
2026-07-23,2026-07-23T00:03:14,台灣運彩,,3478996.1,136,2026-07-23T08:10:00+08:00,邁阿密馬林魚,休士頓太空人,邁阿密馬林魚 @ 休士頓太空人,51469963.1,357,勝分差,252916319.1,休士頓太空人 1 分,H,,4.00,1,3,H,,
2026-07-23,2026-07-23T00:03:14,台灣運彩,,3478996.1,136,2026-07-23T08:10:00+08:00,邁阿密馬林魚,休士頓太空人,邁阿密馬林魚 @ 休士頓太空人,51469963.1,357,勝分差,252916320.1,休士頓太空人 2 分,H,,7.00,1,6,H,,
2026-07-23,2026-07-23T00:03:14,台灣運彩,,3478996.1,136,2026-07-23T08:10:00+08:00,邁阿密馬林魚,休士頓太空人,邁阿密馬林魚 @ 休士頓太空人,51469963.1,357,勝分差,252916321.1,休士頓太空人 > 2分,H,,2.80,5,9,H,,
2026-07-23,2026-07-23T00:03:14,台灣運彩,,3478996.1,136,2026-07-23T08:10:00+08:00,邁阿密馬林魚,休士頓太空人,邁阿密馬林魚 @ 休士頓太空人,51469963.1,357,勝分差,252916322.1,邁阿密馬林魚 1 分,A,,5.40,5,22,A,,
2026-07-23,2026-07-23T00:03:14,台灣運彩,,3478996.1,136,2026-07-23T08:10:00+08:00,邁阿密馬林魚,休士頓太空人,邁阿密馬林魚 @ 休士頓太空人,51469963.1,357,勝分差,252916323.1,邁阿密馬林魚 2 分,A,,7.25,4,25,A,,
2026-07-23,2026-07-23T00:03:14,台灣運彩,,3478996.1,136,2026-07-23T08:10:00+08:00,邁阿密馬林魚,休士頓太空人,邁阿密馬林魚 @ 休士頓太空人,51469963.1,357,勝分差,252916324.1,邁阿密馬林魚 > 2分,A,,2.65,20,33,A,,
2026-07-23,2026-07-23T00:03:14,台灣運彩,,3478996.1,136,2026-07-23T08:10:00+08:00,邁阿密馬林魚,休士頓太空人,邁阿密馬林魚 @ 休士頓太空人,51469950.1,358,讓分 -1.5,252916291.1,休士頓太空人 -1.5,H,-1.5,2.30,10,13,H,-1.5,1
2026-07-23,2026-07-23T00:03:14,台灣運彩,,3478996.1,136,2026-07-23T08:10:00+08:00,邁阿密馬林魚,休士頓太空人,邁阿密馬林魚 @ 休士頓太空人,51469950.1,358,讓分 -1.5,252916292.1,邁阿密馬林魚 +1.5,A,-1.5,1.40,5,2,A,-1.5,2
2026-07-23,2026-07-23T00:03:14,台灣運彩,,3478996.1,136,2026-07-23T08:10:00+08:00,邁阿密馬林魚,休士頓太空人,邁阿密馬林魚 @ 休士頓太空人,51469951.1,358,讓分 1.5,252916293.1,休士頓太空人 +1.5,H,1.5,1.38,50,19,H,1.5,1
2026-07-23,2026-07-23T00:03:14,台灣運彩,,3478996.1,136,2026-07-23T08:10:00+08:00,邁阿密馬林魚,休士頓太空人,邁阿密馬林魚 @ 休士頓太空人,51469951.1,358,讓分 1.5,252916294.1,邁阿密馬林魚 -1.5,A,1.5,2.33,100,133,A,1.5,2
2026-07-23,2026-07-23T00:03:14,台灣運彩,,3478996.1,136,2026-07-23T08:10:00+08:00,邁阿密馬林魚,休士頓太空人,邁阿密馬林魚 @ 休士頓太空人,51469954.1,358,讓分 -2.5,252916300.1,休士頓太空人 -2.5,H,-2.5,2.85,20,37,H,-2.5,1
2026-07-23,2026-07-23T00:03:14,台灣運彩,,3478996.1,136,2026-07-23T08:10:00+08:00,邁阿密馬林魚,休士頓太空人,邁阿密馬林魚 @ 休士頓太空人,51469954.1,358,讓分 -2.5,252916301.1,邁阿密馬林魚 +2.5,A,-2.5,1.25,4,1,A,-2.5,2
2026-07-23,2026-07-23T00:03:14,台灣運彩,,3478996.1,136,2026-07-23T08:10:00+08:00,邁阿密馬林魚,休士頓太空人,邁阿密馬林魚 @ 休士頓太空人,51469958.1,360,[總分]大小 9.5,252916309.1,大 9.5,A,9.5,2.20,5,6,A,9.5,
2026-07-23,2026-07-23T00:03:14,台灣運彩,,3478996.1,136,2026-07-23T08:10:00+08:00,邁阿密馬林魚,休士頓太空人,邁阿密馬林魚 @ 休士頓太空人,51469958.1,360,[總分]大小 9.5,252916308.1,小 9.5,H,9.5,1.42,50,21,H,9.5,
2026-07-23,2026-07-23T00:03:14,台灣運彩,,3478996.1,136,2026-07-23T08:10:00+08:00,邁阿密馬林魚,休士頓太空人,邁阿密馬林魚 @ 休士頓太空人,51469962.1,360,[總分]大小 8.5,252916318.1,大 8.5,A,8.5,1.82,50,41,A,8.5,
2026-07-23,2026-07-23T00:03:14,台灣運彩,,3478996.1,136,2026-07-23T08:10:00+08:00,邁阿密馬林魚,休士頓太空人,邁阿密馬林魚 @ 休士頓太空人,51469962.1,360,[總分]大小 8.5,252916317.1,小 8.5,H,8.5,1.68,25,17,H,8.5,
2026-07-23,2026-07-23T00:03:14,台灣運彩,,3478996.1,136,2026-07-23T08:10:00+08:00,邁阿密馬林魚,休士頓太空人,邁阿密馬林魚 @ 休士頓太空人,51469965.1,360,[總分]大小 7.5,252916336.1,大 7.5,A,7.5,1.58,50,29,A,7.5,
2026-07-23,2026-07-23T00:03:14,台灣運彩,,3478996.1,136,2026-07-23T08:10:00+08:00,邁阿密馬林魚,休士頓太空人,邁阿密馬林魚 @ 休士頓太空人,51469965.1,360,[總分]大小 7.5,252916335.1,小 7.5,H,7.5,1.92,25,23,H,7.5,
2026-07-23,2026-07-23T00:03:14,台灣運彩,,3478996.1,136,2026-07-23T08:10:00+08:00,邁阿密馬林魚,休士頓太空人,邁阿密馬林魚 @ 休士頓太空人,51469960.1,362,休士頓太空人 大小 3.5,252916313.1,大 3.5,A,3.5,1.58,50,29,A,3.5,
2026-07-23,2026-07-23T00:03:14,台灣運彩,,3478996.1,136,2026-07-23T08:10:00+08:00,邁阿密馬林魚,休士頓太空人,邁阿密馬林魚 @ 休士頓太空人,51469960.1,362,休士頓太空人 大小 3.5,252916312.1,小 3.5,H,3.5,1.86,50,43,H,3.5,
2026-07-23,2026-07-23T00:03:14,台灣運彩,,3478996.1,136,2026-07-23T08:10:00+08:00,邁阿密馬林魚,休士頓太空人,邁阿密馬林魚 @ 休士頓太空人,51469956.1,363,邁阿密馬林魚 大小 3.5,252916305.1,大 3.5,A,3.5,1.60,5,3,A,3.5,
2026-07-23,2026-07-23T00:03:14,台灣運彩,,3478996.1,136,2026-07-23T08:10:00+08:00,邁阿密馬林魚,休士頓太空人,邁阿密馬林魚 @ 休士頓太空人,51469956.1,363,邁阿密馬林魚 大小 3.5,252916304.1,小 3.5,H,3.5,1.85,20,17,H,3.5,
2026-07-23,2026-07-23T00:03:14,台灣運彩,,3478996.1,136,2026-07-23T08:10:00+08:00,邁阿密馬林魚,休士頓太空人,邁阿密馬林魚 @ 休士頓太空人,51469948.1,366,[總分]單雙,252916288.1,單,,,1.48,25,12,,,
2026-07-23,2026-07-23T00:03:14,台灣運彩,,3478996.1,136,2026-07-23T08:10:00+08:00,邁阿密馬林魚,休士頓太空人,邁阿密馬林魚 @ 休士頓太空人,51469948.1,366,[總分]單雙,252916287.1,雙,,,2.00,1,1,,,
2026-07-23,2026-07-23T00:03:14,台灣運彩,,3478996.1,136,2026-07-23T08:10:00+08:00,邁阿密馬林魚,休士頓太空人,邁阿密馬林魚 @ 休士頓太空人,51469964.1,374,得分最高單局(不含延長賽),252916334.1,一樣多,,,2.25,4,5,,,
2026-07-23,2026-07-23T00:03:14,台灣運彩,,3478996.1,136,2026-07-23T08:10:00+08:00,邁阿密馬林魚,休士頓太空人,邁阿密馬林魚 @ 休士頓太空人,51469964.1,374,得分最高單局(不含延長賽),252916325.1,第1局,,,5.50,2,9,,,
2026-07-23,2026-07-23T00:03:14,台灣運彩,,3478996.1,136,2026-07-23T08:10:00+08:00,邁阿密馬林魚,休士頓太空人,邁阿密馬林魚 @ 休士頓太空人,51469964.1,374,得分最高單局(不含延長賽),252916326.1,第2局,,,6.50,2,11,,,
2026-07-23,2026-07-23T00:03:14,台灣運彩,,3478996.1,136,2026-07-23T08:10:00+08:00,邁阿密馬林魚,休士頓太空人,邁阿密馬林魚 @ 休士頓太空人,51469964.1,374,得分最高單局(不含延長賽),252916327.1,第3局,,,5.70,10,47,,,
2026-07-23,2026-07-23T00:03:14,台灣運彩,,3478996.1,136,2026-07-23T08:10:00+08:00,邁阿密馬林魚,休士頓太空人,邁阿密馬林魚 @ 休士頓太空人,51469964.1,374,得分最高單局(不含延長賽),252916328.1,第4局,,,6.25,4,21,,,
2026-07-23,2026-07-23T00:03:14,台灣運彩,,3478996.1,136,2026-07-23T08:10:00+08:00,邁阿密馬林魚,休士頓太空人,邁阿密馬林魚 @ 休士頓太空人,51469964.1,374,得分最高單局(不含延長賽),252916329.1,第5局,,,6.00,1,5,,,
2026-07-23,2026-07-23T00:03:14,台灣運彩,,3478996.1,136,2026-07-23T08:10:00+08:00,邁阿密馬林魚,休士頓太空人,邁阿密馬林魚 @ 休士頓太空人,51469964.1,374,得分最高單局(不含延長賽),252916330.1,第6局,,,6.00,1,5,,,
2026-07-23,2026-07-23T00:03:14,台灣運彩,,3478996.1,136,2026-07-23T08:10:00+08:00,邁阿密馬林魚,休士頓太空人,邁阿密馬林魚 @ 休士頓太空人,51469964.1,374,得分最高單局(不含延長賽),252916331.1,第7局,,,5.90,10,49,,,
2026-07-23,2026-07-23T00:03:14,台灣運彩,,3478996.1,136,2026-07-23T08:10:00+08:00,邁阿密馬林魚,休士頓太空人,邁阿密馬林魚 @ 休士頓太空人,51469964.1,374,得分最高單局(不含延長賽),252916332.1,第8局,,,5.85,20,97,,,
2026-07-23,2026-07-23T00:03:14,台灣運彩,,3478996.1,136,2026-07-23T08:10:00+08:00,邁阿密馬林魚,休士頓太空人,邁阿密馬林魚 @ 休士頓太空人,51469964.1,374,得分最高單局(不含延長賽),252916333.1,第9局,,,8.00,1,7,,,
2026-07-23,2026-07-23T00:03:14,台灣運彩,,3478996.1,136,2026-07-23T08:10:00+08:00,邁阿密馬林魚,休士頓太空人,邁阿密馬林魚 @ 休士頓太空人,51469952.1,376,[1-5局] 不讓分,252916295.1,休士頓太空人,H,,1.80,5,4,H,,1
2026-07-23,2026-07-23T00:03:14,台灣運彩,,3478996.1,136,2026-07-23T08:10:00+08:00,邁阿密馬林魚,休士頓太空人,邁阿密馬林魚 @ 休士頓太空人,51469952.1,376,[1-5局] 不讓分,252916297.1,邁阿密馬林魚,A,,1.90,10,9,A,,2
2026-07-23,2026-07-23T00:03:14,台灣運彩,,3478996.1,136,2026-07-23T08:10:00+08:00,邁阿密馬林魚,休士頓太空人,邁阿密馬林魚 @ 休士頓太空人,51469952.1,376,[1-5局] 不讓分,252916296.1,和局,D,,4.55,20,71,D,,
2026-07-23,2026-07-23T00:03:14,台灣運彩,,3478996.1,136,2026-07-23T08:10:00+08:00,邁阿密馬林魚,休士頓太空人,邁阿密馬林魚 @ 休士頓太空人,51469957.1,378,[1-5局] 大小 4.5,252916307.1,大 4.5,A,4.5,1.73,100,73,A,4.5,
2026-07-23,2026-07-23T00:03:14,台灣運彩,,3478996.1,136,2026-07-23T08:10:00+08:00,邁阿密馬林魚,休士頓太空人,邁阿密馬林魚 @ 休士頓太空人,51469957.1,378,[1-5局] 大小 4.5,252916306.1,小 4.5,H,4.5,1.60,5,3,H,4.5,
2026-07-23,2026-07-23T00:03:14,台灣運彩,,3478996.1,136,2026-07-23T08:10:00+08:00,邁阿密馬林魚,休士頓太空人,邁阿密馬林魚 @ 休士頓太空人,51470310.1,379,[1-5局] 休士頓太空人 大小 1.5,252917524.1,大 1.5,A,1.5,1.50,2,1,A,1.5,
2026-07-23,2026-07-23T00:03:14,台灣運彩,,3478996.1,136,2026-07-23T08:10:00+08:00,邁阿密馬林魚,休士頓太空人,邁阿密馬林魚 @ 休士頓太空人,51470310.1,379,[1-5局] 休士頓太空人 大小 1.5,252917523.1,小 1.5,H,1.5,1.96,25,24,H,1.5,
2026-07-23,2026-07-23T00:03:14,台灣運彩,,3478996.1,136,2026-07-23T08:10:00+08:00,邁阿密馬林魚,休士頓太空人,邁阿密馬林魚 @ 休士頓太空人,51469953.1,380,[1-5局] 邁阿密馬林魚 大小 1.5,252916299.1,大 1.5,A,1.5,1.55,20,11,A,1.5,
2026-07-23,2026-07-23T00:03:14,台灣運彩,,3478996.1,136,2026-07-23T08:10:00+08:00,邁阿密馬林魚,休士頓太空人,邁阿密馬林魚 @ 休士頓太空人,51469953.1,380,[1-5局] 邁阿密馬林魚 大小 1.5,252916298.1,小 1.5,H,1.5,1.90,10,9,H,1.5,
2026-07-23,2026-07-23T00:03:14,台灣運彩,,3478996.1,136,2026-07-23T08:10:00+08:00,邁阿密馬林魚,休士頓太空人,邁阿密馬林魚 @ 休士頓太空人,51469961.1,389,[第1局] 不讓分,252916314.1,休士頓太空人,H,,3.00,1,2,H,,1
2026-07-23,2026-07-23T00:03:14,台灣運彩,,3478996.1,136,2026-07-23T08:10:00+08:00,邁阿密馬林魚,休士頓太空人,邁阿密馬林魚 @ 休士頓太空人,51469961.1,389,[第1局] 不讓分,252916316.1,邁阿密馬林魚,A,,3.20,5,11,A,,2
2026-07-23,2026-07-23T00:03:14,台灣運彩,,3478996.1,136,2026-07-23T08:10:00+08:00,邁阿密馬林魚,休士頓太空人,邁阿密馬林魚 @ 休士頓太空人,51469961.1,389,[第1局] 不讓分,252916315.1,和局,D,,1.50,2,1,D,,
2026-07-23,2026-07-23T00:03:14,台灣運彩,,3478996.1,136,2026-07-23T08:10:00+08:00,邁阿密馬林魚,休士頓太空人,邁阿密馬林魚 @ 休士頓太空人,51469955.1,398,[第1局] 大小 0.5,252916303.1,大 0.5,A,0.5,1.71,100,71,A,0.5,
2026-07-23,2026-07-23T00:03:14,台灣運彩,,3478996.1,136,2026-07-23T08:10:00+08:00,邁阿密馬林魚,休士頓太空人,邁阿密馬林魚 @ 休士頓太空人,51469955.1,398,[第1局] 大小 0.5,252916302.1,小 0.5,H,0.5,1.62,50,31,H,0.5,
2026-07-23,2026-07-23T00:03:14,台灣運彩,,3478997.1,137,2026-07-23T08:10:00+08:00,底特律老虎,芝加哥小熊,底特律老虎 @ 芝加哥小熊,51469971.1,354,不讓分,252916347.1,芝加哥小熊,H,,1.62,50,31,H,,1
2026-07-23,2026-07-23T00:03:14,台灣運彩,,3478997.1,137,2026-07-23T08:10:00+08:00,底特律老虎,芝加哥小熊,底特律老虎 @ 芝加哥小熊,51469971.1,354,不讓分,252916348.1,底特律老虎,A,,1.88,25,22,A,,2
2026-07-23,2026-07-23T00:03:14,台灣運彩,,3478997.1,137,2026-07-23T08:10:00+08:00,底特律老虎,芝加哥小熊,底特律老虎 @ 芝加哥小熊,51469976.1,357,勝分差,252916360.1,底特律老虎 1 分,A,,5.45,20,89,A,,
2026-07-23,2026-07-23T00:03:14,台灣運彩,,3478997.1,137,2026-07-23T08:10:00+08:00,底特律老虎,芝加哥小熊,底特律老虎 @ 芝加哥小熊,51469976.1,357,勝分差,252916361.1,底特律老虎 2 分,A,,7.00,1,6,A,,
2026-07-23,2026-07-23T00:03:14,台灣運彩,,3478997.1,137,2026-07-23T08:10:00+08:00,底特律老虎,芝加哥小熊,底特律老虎 @ 芝加哥小熊,51469976.1,357,勝分差,252916362.1,底特律老虎 > 2分,A,,2.80,5,9,A,,
2026-07-23,2026-07-23T00:03:14,台灣運彩,,3478997.1,137,2026-07-23T08:10:00+08:00,底特律老虎,芝加哥小熊,底特律老虎 @ 芝加哥小熊,51469976.1,357,勝分差,252916357.1,芝加哥小熊 1 分,H,,4.00,1,3,H,,
2026-07-23,2026-07-23T00:03:14,台灣運彩,,3478997.1,137,2026-07-23T08:10:00+08:00,底特律老虎,芝加哥小熊,底特律老虎 @ 芝加哥小熊,51469976.1,357,勝分差,252916358.1,芝加哥小熊 2 分,H,,6.75,4,23,H,,
2026-07-23,2026-07-23T00:03:14,台灣運彩,,3478997.1,137,2026-07-23T08:10:00+08:00,底特律老虎,芝加哥小熊,底特律老虎 @ 芝加哥小熊,51469976.1,357,勝分差,252916359.1,芝加哥小熊 > 2分,H,,2.70,10,17,H,,
2026-07-23,2026-07-23T00:03:14,台灣運彩,,3478997.1,137,2026-07-23T08:10:00+08:00,底特律老虎,芝加哥小熊,底特律老虎 @ 芝加哥小熊,51469972.1,358,讓分 1.5,252916349.1,芝加哥小熊 +1.5,H,1.5,1.36,25,9,H,1.5,1
2026-07-23,2026-07-23T00:03:14,台灣運彩,,3478997.1,137,2026-07-23T08:10:00+08:00,底特律老虎,芝加哥小熊,底特律老虎 @ 芝加哥小熊,51469972.1,358,讓分 1.5,252916350.1,底特律老虎 -1.5,A,1.5,2.40,5,7,A,1.5,2
2026-07-23,2026-07-23T00:03:14,台灣運彩,,3478997.1,137,2026-07-23T08:10:00+08:00,底特律老虎,芝加哥小熊,底特律老虎 @ 芝加哥小熊,51469974.1,358,讓分 -1.5,252916353.1,芝加哥小熊 -1.5,H,-1.5,2.20,5,6,H,-1.5,1
2026-07-23,2026-07-23T00:03:14,台灣運彩,,3478997.1,137,2026-07-23T08:10:00+08:00,底特律老虎,芝加哥小熊,底特律老虎 @ 芝加哥小熊,51469974.1,358,讓分 -1.5,252916354.1,底特律老虎 +1.5,A,-1.5,1.42,50,21,A,-1.5,2
2026-07-23,2026-07-23T00:03:14,台灣運彩,,3478997.1,137,2026-07-23T08:10:00+08:00,底特律老虎,芝加哥小熊,底特律老虎 @ 芝加哥小熊,51469975.1,358,讓分 -2.5,252916355.1,芝加哥小熊 -2.5,H,-2.5,2.75,4,7,H,-2.5,1
2026-07-23,2026-07-23T00:03:14,台灣運彩,,3478997.1,137,2026-07-23T08:10:00+08:00,底特律老虎,芝加哥小熊,底特律老虎 @ 芝加哥小熊,51469975.1,358,讓分 -2.5,252916356.1,底特律老虎 +2.5,A,-2.5,1.26,50,13,A,-2.5,2
2026-07-23,2026-07-23T00:03:14,台灣運彩,,3478997.1,137,2026-07-23T08:10:00+08:00,底特律老虎,芝加哥小熊,底特律老虎 @ 芝加哥小熊,51469970.1,360,[總分]大小 7.5,252916346.1,大 7.5,A,7.5,1.62,50,31,A,7.5,
2026-07-23,2026-07-23T00:03:14,台灣運彩,,3478997.1,137,2026-07-23T08:10:00+08:00,底特律老虎,芝加哥小熊,底特律老虎 @ 芝加哥小熊,51469970.1,360,[總分]大小 7.5,252916345.1,小 7.5,H,7.5,1.88,25,22,H,7.5,
2026-07-23,2026-07-23T00:03:14,台灣運彩,,3478997.1,137,2026-07-23T08:10:00+08:00,底特律老虎,芝加哥小熊,底特律老虎 @ 芝加哥小熊,51469973.1,360,[總分]大小 8.5,252916352.1,大 8.5,A,8.5,1.87,100,87,A,8.5,
2026-07-23,2026-07-23T00:03:14,台灣運彩,,3478997.1,137,2026-07-23T08:10:00+08:00,底特律老虎,芝加哥小熊,底特律老虎 @ 芝加哥小熊,51469973.1,360,[總分]大小 8.5,252916351.1,小 8.5,H,8.5,1.63,100,63,H,8.5,
2026-07-23,2026-07-23T00:03:14,台灣運彩,,3478997.1,137,2026-07-23T08:10:00+08:00,底特律老虎,芝加哥小熊,底特律老虎 @ 芝加哥小熊,51471454.1,360,[總分]大小 9.5,252922381.1,大 9.5,A,9.5,2.30,10,13,A,9.5,
2026-07-23,2026-07-23T00:03:14,台灣運彩,,3478997.1,137,2026-07-23T08:10:00+08:00,底特律老虎,芝加哥小熊,底特律老虎 @ 芝加哥小熊,51471454.1,360,[總分]大小 9.5,252922380.1,小 9.5,H,9.5,1.40,5,2,H,9.5,
2026-07-23,2026-07-23T00:03:14,台灣運彩,,3478997.1,137,2026-07-23T08:10:00+08:00,底特律老虎,芝加哥小熊,底特律老虎 @ 芝加哥小熊,51469968.1,362,芝加哥小熊 大小 3.5,252916342.1,大 3.5,A,3.5,1.58,50,29,A,3.5,
2026-07-23,2026-07-23T00:03:14,台灣運彩,,3478997.1,137,2026-07-23T08:10:00+08:00,底特律老虎,芝加哥小熊,底特律老虎 @ 芝加哥小熊,51469968.1,362,芝加哥小熊 大小 3.5,252916341.1,小 3.5,H,3.5,1.86,50,43,H,3.5,
2026-07-23,2026-07-23T00:03:14,台灣運彩,,3478997.1,137,2026-07-23T08:10:00+08:00,底特律老虎,芝加哥小熊,底特律老虎 @ 芝加哥小熊,51469967.1,363,底特律老虎 大小 3.5,252916340.1,大 3.5,A,3.5,1.65,20,13,A,3.5,
2026-07-23,2026-07-23T00:03:14,台灣運彩,,3478997.1,137,2026-07-23T08:10:00+08:00,底特律老虎,芝加哥小熊,底特律老虎 @ 芝加哥小熊,51469967.1,363,底特律老虎 大小 3.5,252916339.1,小 3.5,H,3.5,1.78,50,39,H,3.5,
2026-07-23,2026-07-23T00:03:14,台灣運彩,,3478997.1,137,2026-07-23T08:10:00+08:00,底特律老虎,芝加哥小熊,底特律老虎 @ 芝加哥小熊,51469966.1,366,[總分]單雙,252916338.1,單,,,1.48,25,12,,,
2026-07-23,2026-07-23T00:03:14,台灣運彩,,3478997.1,137,2026-07-23T08:10:00+08:00,底特律老虎,芝加哥小熊,底特律老虎 @ 芝加哥小熊,51469966.1,366,[總分]單雙,252916337.1,雙,,,2.00,1,1,,,
2026-07-23,2026-07-23T00:03:14,台灣運彩,,3478997.1,137,2026-07-23T08:10:00+08:00,底特律老虎,芝加哥小熊,底特律老虎 @ 芝加哥小熊,51470295.1,374,得分最高單局(不含延長賽),252917482.1,一樣多,,,2.20,5,6,,,
2026-07-23,2026-07-23T00:03:14,台灣運彩,,3478997.1,137,2026-07-23T08:10:00+08:00,底特律老虎,芝加哥小熊,底特律老虎 @ 芝加哥小熊,51470295.1,374,得分最高單局(不含延長賽),252917473.1,第1局,,,5.30,10,43,,,
2026-07-23,2026-07-23T00:03:14,台灣運彩,,3478997.1,137,2026-07-23T08:10:00+08:00,底特律老虎,芝加哥小熊,底特律老虎 @ 芝加哥小熊,51470295.1,374,得分最高單局(不含延長賽),252917474.1,第2局,,,6.50,2,11,,,
2026-07-23,2026-07-23T00:03:14,台灣運彩,,3478997.1,137,2026-07-23T08:10:00+08:00,底特律老虎,芝加哥小熊,底特律老虎 @ 芝加哥小熊,51470295.1,374,得分最高單局(不含延長賽),252917475.1,第3局,,,5.50,2,9,,,
2026-07-23,2026-07-23T00:03:14,台灣運彩,,3478997.1,137,2026-07-23T08:10:00+08:00,底特律老虎,芝加哥小熊,底特律老虎 @ 芝加哥小熊,51470295.1,374,得分最高單局(不含延長賽),252917476.1,第4局,,,6.00,1,5,,,
2026-07-23,2026-07-23T00:03:14,台灣運彩,,3478997.1,137,2026-07-23T08:10:00+08:00,底特律老虎,芝加哥小熊,底特律老虎 @ 芝加哥小熊,51470295.1,374,得分最高單局(不含延長賽),252917477.1,第5局,,,5.70,10,47,,,
2026-07-23,2026-07-23T00:03:14,台灣運彩,,3478997.1,137,2026-07-23T08:10:00+08:00,底特律老虎,芝加哥小熊,底特律老虎 @ 芝加哥小熊,51470295.1,374,得分最高單局(不含延長賽),252917478.1,第6局,,,6.25,4,21,,,
2026-07-23,2026-07-23T00:03:14,台灣運彩,,3478997.1,137,2026-07-23T08:10:00+08:00,底特律老虎,芝加哥小熊,底特律老虎 @ 芝加哥小熊,51470295.1,374,得分最高單局(不含延長賽),252917479.1,第7局,,,6.50,2,11,,,
2026-07-23,2026-07-23T00:03:14,台灣運彩,,3478997.1,137,2026-07-23T08:10:00+08:00,底特律老虎,芝加哥小熊,底特律老虎 @ 芝加哥小熊,51470295.1,374,得分最高單局(不含延長賽),252917480.1,第8局,,,6.25,4,21,,,
2026-07-23,2026-07-23T00:03:14,台灣運彩,,3478997.1,137,2026-07-23T08:10:00+08:00,底特律老虎,芝加哥小熊,底特律老虎 @ 芝加哥小熊,51470295.1,374,得分最高單局(不含延長賽),252917481.1,第9局,,,8.00,1,7,,,
2026-07-23,2026-07-23T00:03:14,台灣運彩,,3478997.1,137,2026-07-23T08:10:00+08:00,底特律老虎,芝加哥小熊,底特律老虎 @ 芝加哥小熊,51470290.1,376,[1-5局] 不讓分,252917461.1,芝加哥小熊,H,,1.75,4,3,H,,1
2026-07-23,2026-07-23T00:03:14,台灣運彩,,3478997.1,137,2026-07-23T08:10:00+08:00,底特律老虎,芝加哥小熊,底特律老虎 @ 芝加哥小熊,51470290.1,376,[1-5局] 不讓分,252917463.1,底特律老虎,A,,1.95,20,19,A,,2
2026-07-23,2026-07-23T00:03:14,台灣運彩,,3478997.1,137,2026-07-23T08:10:00+08:00,底特律老虎,芝加哥小熊,底特律老虎 @ 芝加哥小熊,51470290.1,376,[1-5局] 不讓分,252917462.1,和局,D,,4.60,5,18,D,,
2026-07-23,2026-07-23T00:03:14,台灣運彩,,3478997.1,137,2026-07-23T08:10:00+08:00,底特律老虎,芝加哥小熊,底特律老虎 @ 芝加哥小熊,51470293.1,378,[1-5局] 大小 4.5,252917469.1,大 4.5,A,4.5,1.71,100,71,A,4.5,
2026-07-23,2026-07-23T00:03:14,台灣運彩,,3478997.1,137,2026-07-23T08:10:00+08:00,底特律老虎,芝加哥小熊,底特律老虎 @ 芝加哥小熊,51470293.1,378,[1-5局] 大小 4.5,252917468.1,小 4.5,H,4.5,1.62,50,31,H,4.5,
2026-07-23,2026-07-23T00:03:14,台灣運彩,,3478997.1,137,2026-07-23T08:10:00+08:00,底特律老虎,芝加哥小熊,底特律老虎 @ 芝加哥小熊,51471453.1,379,[1-5局] 芝加哥小熊 大小 2.5,252922379.1,大 2.5,A,2.5,1.96,25,24,A,2.5,
2026-07-23,2026-07-23T00:03:14,台灣運彩,,3478997.1,137,2026-07-23T08:10:00+08:00,底特律老虎,芝加哥小熊,底特律老虎 @ 芝加哥小熊,51471453.1,379,[1-5局] 芝加哥小熊 大小 2.5,252922378.1,小 2.5,H,2.5,1.50,2,1,H,2.5,
2026-07-23,2026-07-23T00:03:14,台灣運彩,,3478997.1,137,2026-07-23T08:10:00+08:00,底特律老虎,芝加哥小熊,底特律老虎 @ 芝加哥小熊,51470291.1,380,[1-5局] 底特律老虎 大小 1.5,252917465.1,大 1.5,A,1.5,1.56,25,14,A,1.5,
2026-07-23,2026-07-23T00:03:14,台灣運彩,,3478997.1,137,2026-07-23T08:10:00+08:00,底特律老虎,芝加哥小熊,底特律老虎 @ 芝加哥小熊,51470291.1,380,[1-5局] 底特律老虎 大小 1.5,252917464.1,小 1.5,H,1.5,1.88,25,22,H,1.5,
2026-07-23,2026-07-23T00:03:14,台灣運彩,,3478997.1,137,2026-07-23T08:10:00+08:00,底特律老虎,芝加哥小熊,底特律老虎 @ 芝加哥小熊,51470294.1,389,[第1局] 不讓分,252917470.1,芝加哥小熊,H,,2.95,20,39,H,,1
2026-07-23,2026-07-23T00:03:14,台灣運彩,,3478997.1,137,2026-07-23T08:10:00+08:00,底特律老虎,芝加哥小熊,底特律老虎 @ 芝加哥小熊,51470294.1,389,[第1局] 不讓分,252917472.1,底特律老虎,A,,3.25,4,9,A,,2
2026-07-23,2026-07-23T00:03:14,台灣運彩,,3478997.1,137,2026-07-23T08:10:00+08:00,底特律老虎,芝加哥小熊,底特律老虎 @ 芝加哥小熊,51470294.1,389,[第1局] 不讓分,252917471.1,和局,D,,1.50,2,1,D,,
2026-07-23,2026-07-23T00:03:14,台灣運彩,,3478997.1,137,2026-07-23T08:10:00+08:00,底特律老虎,芝加哥小熊,底特律老虎 @ 芝加哥小熊,51470292.1,398,[第1局] 大小 0.5,252917467.1,大 0.5,A,0.5,1.70,10,7,A,0.5,
2026-07-23,2026-07-23T00:03:14,台灣運彩,,3478997.1,137,2026-07-23T08:10:00+08:00,底特律老虎,芝加哥小熊,底特律老虎 @ 芝加哥小熊,51470292.1,398,[第1局] 大小 0.5,252917466.1,小 0.5,H,0.5,1.63,100,63,H,0.5,
