date,captured_at_tw,sportsbook,game_pk,official_event_id,event_no,kickoff_tw,away_zh,home_zh,matchup_zh,market_id,market_ti,market_name,selection_id,selection_name,selection_side,selection_line,odds_decimal,pd,pu,raw_v,raw_hv,raw_cn
2026-07-17,2026-07-17T13:54:53,台灣運彩,,3478271.1,103,2026-07-17T17:00:00+08:00,阪神虎,廣島東洋鯉魚,阪神虎 @ 廣島東洋鯉魚,51455456.1,354,不讓分,252872823.1,廣島東洋鯉魚,H,,2.25,4,5,H,,1
2026-07-17,2026-07-17T13:54:53,台灣運彩,,3478271.1,103,2026-07-17T17:00:00+08:00,阪神虎,廣島東洋鯉魚,阪神虎 @ 廣島東洋鯉魚,51455456.1,354,不讓分,252872824.1,阪神虎,A,,1.38,50,19,A,,2
2026-07-17,2026-07-17T13:54:53,台灣運彩,,3478271.1,103,2026-07-17T17:00:00+08:00,阪神虎,廣島東洋鯉魚,阪神虎 @ 廣島東洋鯉魚,51455450.1,358,讓分 1.5,252872809.1,廣島東洋鯉魚 +1.5,H,1.5,1.65,20,13,H,1.5,1
2026-07-17,2026-07-17T13:54:53,台灣運彩,,3478271.1,103,2026-07-17T17:00:00+08:00,阪神虎,廣島東洋鯉魚,阪神虎 @ 廣島東洋鯉魚,51455450.1,358,讓分 1.5,252872810.1,阪神虎 -1.5,A,1.5,1.78,50,39,A,1.5,2
2026-07-17,2026-07-17T13:54:53,台灣運彩,,3478271.1,103,2026-07-17T17:00:00+08:00,阪神虎,廣島東洋鯉魚,阪神虎 @ 廣島東洋鯉魚,51455453.1,360,[總分]大小 6.5,252872817.1,大 6.5,A,6.5,1.80,5,4,A,6.5,
2026-07-17,2026-07-17T13:54:53,台灣運彩,,3478271.1,103,2026-07-17T17:00:00+08:00,阪神虎,廣島東洋鯉魚,阪神虎 @ 廣島東洋鯉魚,51455453.1,360,[總分]大小 6.5,252872816.1,小 6.5,H,6.5,1.63,100,63,H,6.5,
2026-07-17,2026-07-17T13:54:53,台灣運彩,,3478271.1,103,2026-07-17T17:00:00+08:00,阪神虎,廣島東洋鯉魚,阪神虎 @ 廣島東洋鯉魚,51455452.1,362,廣島東洋鯉魚 大小 2.5,252872815.1,大 2.5,A,2.5,1.90,10,9,A,2.5,
2026-07-17,2026-07-17T13:54:53,台灣運彩,,3478271.1,103,2026-07-17T17:00:00+08:00,阪神虎,廣島東洋鯉魚,阪神虎 @ 廣島東洋鯉魚,51455452.1,362,廣島東洋鯉魚 大小 2.5,252872814.1,小 2.5,H,2.5,1.48,25,12,H,2.5,
2026-07-17,2026-07-17T13:54:53,台灣運彩,,3478271.1,103,2026-07-17T17:00:00+08:00,阪神虎,廣島東洋鯉魚,阪神虎 @ 廣島東洋鯉魚,51455454.1,363,阪神虎 大小 3.5,252872819.1,大 3.5,A,3.5,1.68,25,17,A,3.5,
2026-07-17,2026-07-17T13:54:53,台灣運彩,,3478271.1,103,2026-07-17T17:00:00+08:00,阪神虎,廣島東洋鯉魚,阪神虎 @ 廣島東洋鯉魚,51455454.1,363,阪神虎 大小 3.5,252872818.1,小 3.5,H,3.5,1.65,20,13,H,3.5,
2026-07-17,2026-07-17T13:54:53,台灣運彩,,3478271.1,103,2026-07-17T17:00:00+08:00,阪神虎,廣島東洋鯉魚,阪神虎 @ 廣島東洋鯉魚,51455449.1,366,[總分]單雙,252872808.1,單,,,1.50,2,1,,,
2026-07-17,2026-07-17T13:54:53,台灣運彩,,3478271.1,103,2026-07-17T17:00:00+08:00,阪神虎,廣島東洋鯉魚,阪神虎 @ 廣島東洋鯉魚,51455449.1,366,[總分]單雙,252872807.1,雙,,,1.96,25,24,,,
2026-07-17,2026-07-17T13:54:53,台灣運彩,,3478271.1,103,2026-07-17T17:00:00+08:00,阪神虎,廣島東洋鯉魚,阪神虎 @ 廣島東洋鯉魚,51455455.1,376,[1-5局] 不讓分,252872820.1,廣島東洋鯉魚,H,,2.55,20,31,H,,1
2026-07-17,2026-07-17T13:54:53,台灣運彩,,3478271.1,103,2026-07-17T17:00:00+08:00,阪神虎,廣島東洋鯉魚,阪神虎 @ 廣島東洋鯉魚,51455455.1,376,[1-5局] 不讓分,252872822.1,阪神虎,A,,1.55,20,11,A,,2
2026-07-17,2026-07-17T13:54:53,台灣運彩,,3478271.1,103,2026-07-17T17:00:00+08:00,阪神虎,廣島東洋鯉魚,阪神虎 @ 廣島東洋鯉魚,51455455.1,376,[1-5局] 不讓分,252872821.1,和局,D,,3.70,10,27,D,,
2026-07-17,2026-07-17T13:54:53,台灣運彩,,3478271.1,103,2026-07-17T17:00:00+08:00,阪神虎,廣島東洋鯉魚,阪神虎 @ 廣島東洋鯉魚,51456032.1,378,[1-5局] 大小 3.5,252874725.1,大 3.5,A,3.5,1.78,50,39,A,3.5,
2026-07-17,2026-07-17T13:54:53,台灣運彩,,3478271.1,103,2026-07-17T17:00:00+08:00,阪神虎,廣島東洋鯉魚,阪神虎 @ 廣島東洋鯉魚,51456032.1,378,[1-5局] 大小 3.5,252874724.1,小 3.5,H,3.5,1.56,25,14,H,3.5,
2026-07-17,2026-07-17T13:54:53,台灣運彩,,3478271.1,103,2026-07-17T17:00:00+08:00,阪神虎,廣島東洋鯉魚,阪神虎 @ 廣島東洋鯉魚,51455451.1,389,[第1局] 不讓分,252872811.1,廣島東洋鯉魚,H,,4.45,20,69,H,,1
2026-07-17,2026-07-17T13:54:53,台灣運彩,,3478271.1,103,2026-07-17T17:00:00+08:00,阪神虎,廣島東洋鯉魚,阪神虎 @ 廣島東洋鯉魚,51455451.1,389,[第1局] 不讓分,252872813.1,阪神虎,A,,2.90,10,19,A,,2
2026-07-17,2026-07-17T13:54:53,台灣運彩,,3478271.1,103,2026-07-17T17:00:00+08:00,阪神虎,廣島東洋鯉魚,阪神虎 @ 廣島東洋鯉魚,51455451.1,389,[第1局] 不讓分,252872812.1,和局,D,,1.35,20,7,D,,
2026-07-17,2026-07-17T13:54:53,台灣運彩,,3478272.1,105,2026-07-17T17:00:00+08:00,養樂多燕子,橫濱海灣之星,養樂多燕子 @ 橫濱海灣之星,51455465.1,354,不讓分,252872842.1,橫濱海灣之星,H,,1.52,25,13,H,,1
2026-07-17,2026-07-17T13:54:53,台灣運彩,,3478272.1,105,2026-07-17T17:00:00+08:00,養樂多燕子,橫濱海灣之星,養樂多燕子 @ 橫濱海灣之星,51455465.1,354,不讓分,252872843.1,養樂多燕子,A,,1.94,50,47,A,,2
2026-07-17,2026-07-17T13:54:53,台灣運彩,,3478272.1,105,2026-07-17T17:00:00+08:00,養樂多燕子,橫濱海灣之星,養樂多燕子 @ 橫濱海灣之星,51455471.1,358,讓分 -1.5,252872857.1,橫濱海灣之星 -1.5,H,-1.5,2.15,20,23,H,-1.5,1
2026-07-17,2026-07-17T13:54:53,台灣運彩,,3478272.1,105,2026-07-17T17:00:00+08:00,養樂多燕子,橫濱海灣之星,養樂多燕子 @ 橫濱海灣之星,51455471.1,358,讓分 -1.5,252872858.1,養樂多燕子 +1.5,A,-1.5,1.42,50,21,A,-1.5,2
2026-07-17,2026-07-17T13:54:53,台灣運彩,,3478272.1,105,2026-07-17T17:00:00+08:00,養樂多燕子,橫濱海灣之星,養樂多燕子 @ 橫濱海灣之星,51455457.1,360,[總分]大小 6.5,252872826.1,大 6.5,A,6.5,1.62,50,31,A,6.5,
2026-07-17,2026-07-17T13:54:53,台灣運彩,,3478272.1,105,2026-07-17T17:00:00+08:00,養樂多燕子,橫濱海灣之星,養樂多燕子 @ 橫濱海灣之星,51455457.1,360,[總分]大小 6.5,252872825.1,小 6.5,H,6.5,1.82,50,41,H,6.5,
2026-07-17,2026-07-17T13:54:53,台灣運彩,,3478272.1,105,2026-07-17T17:00:00+08:00,養樂多燕子,橫濱海灣之星,養樂多燕子 @ 橫濱海灣之星,51455460.1,362,橫濱海灣之星 大小 3.5,252872833.1,大 3.5,A,3.5,1.55,20,11,A,3.5,
2026-07-17,2026-07-17T13:54:53,台灣運彩,,3478272.1,105,2026-07-17T17:00:00+08:00,養樂多燕子,橫濱海灣之星,養樂多燕子 @ 橫濱海灣之星,51455460.1,362,橫濱海灣之星 大小 3.5,252872831.1,小 3.5,H,3.5,1.80,5,4,H,3.5,
2026-07-17,2026-07-17T13:54:53,台灣運彩,,3478272.1,105,2026-07-17T17:00:00+08:00,養樂多燕子,橫濱海灣之星,養樂多燕子 @ 橫濱海灣之星,51455459.1,363,養樂多燕子 大小 3.5,252872829.1,大 3.5,A,3.5,1.66,50,33,A,3.5,
2026-07-17,2026-07-17T13:54:53,台灣運彩,,3478272.1,105,2026-07-17T17:00:00+08:00,養樂多燕子,橫濱海灣之星,養樂多燕子 @ 橫濱海灣之星,51455459.1,363,養樂多燕子 大小 3.5,252872827.1,小 3.5,H,3.5,1.66,50,33,H,3.5,
2026-07-17,2026-07-17T13:54:53,台灣運彩,,3478272.1,105,2026-07-17T17:00:00+08:00,養樂多燕子,橫濱海灣之星,養樂多燕子 @ 橫濱海灣之星,51455463.1,366,[總分]單雙,252872839.1,單,,,1.50,2,1,,,
2026-07-17,2026-07-17T13:54:53,台灣運彩,,3478272.1,105,2026-07-17T17:00:00+08:00,養樂多燕子,橫濱海灣之星,養樂多燕子 @ 橫濱海灣之星,51455463.1,366,[總分]單雙,252872838.1,雙,,,1.96,25,24,,,
2026-07-17,2026-07-17T13:54:53,台灣運彩,,3478272.1,105,2026-07-17T17:00:00+08:00,養樂多燕子,橫濱海灣之星,養樂多燕子 @ 橫濱海灣之星,51455468.1,376,[1-5局] 不讓分,252872849.1,橫濱海灣之星,H,,1.70,10,7,H,,1
2026-07-17,2026-07-17T13:54:53,台灣運彩,,3478272.1,105,2026-07-17T17:00:00+08:00,養樂多燕子,橫濱海灣之星,養樂多燕子 @ 橫濱海灣之星,51455468.1,376,[1-5局] 不讓分,252872851.1,養樂多燕子,A,,2.15,20,23,A,,2
2026-07-17,2026-07-17T13:54:53,台灣運彩,,3478272.1,105,2026-07-17T17:00:00+08:00,養樂多燕子,橫濱海灣之星,養樂多燕子 @ 橫濱海灣之星,51455468.1,376,[1-5局] 不讓分,252872850.1,和局,D,,4.00,1,3,D,,
2026-07-17,2026-07-17T13:54:53,台灣運彩,,3478272.1,105,2026-07-17T17:00:00+08:00,養樂多燕子,橫濱海灣之星,養樂多燕子 @ 橫濱海灣之星,51456033.1,378,[1-5局] 大小 3.5,252874727.1,大 3.5,A,3.5,1.62,50,31,A,3.5,
2026-07-17,2026-07-17T13:54:53,台灣運彩,,3478272.1,105,2026-07-17T17:00:00+08:00,養樂多燕子,橫濱海灣之星,養樂多燕子 @ 橫濱海灣之星,51456033.1,378,[1-5局] 大小 3.5,252874726.1,小 3.5,H,3.5,1.71,100,71,H,3.5,
2026-07-17,2026-07-17T13:54:53,台灣運彩,,3478272.1,105,2026-07-17T17:00:00+08:00,養樂多燕子,橫濱海灣之星,養樂多燕子 @ 橫濱海灣之星,51455467.1,389,[第1局] 不讓分,252872845.1,橫濱海灣之星,H,,2.95,20,39,H,,1
2026-07-17,2026-07-17T13:54:53,台灣運彩,,3478272.1,105,2026-07-17T17:00:00+08:00,養樂多燕子,橫濱海灣之星,養樂多燕子 @ 橫濱海灣之星,51455467.1,389,[第1局] 不讓分,252872848.1,養樂多燕子,A,,3.90,10,29,A,,2
2026-07-17,2026-07-17T13:54:53,台灣運彩,,3478272.1,105,2026-07-17T17:00:00+08:00,養樂多燕子,橫濱海灣之星,養樂多燕子 @ 橫濱海灣之星,51455467.1,389,[第1局] 不讓分,252872847.1,和局,D,,1.40,5,2,D,,
2026-07-17,2026-07-17T13:54:53,台灣運彩,,3478273.1,106,2026-07-17T17:00:00+08:00,中日龍,讀賣巨人,中日龍 @ 讀賣巨人,51455458.1,354,不讓分,252872828.1,讀賣巨人,H,,1.63,100,63,H,,1
2026-07-17,2026-07-17T13:54:53,台灣運彩,,3478273.1,106,2026-07-17T17:00:00+08:00,中日龍,讀賣巨人,中日龍 @ 讀賣巨人,51455458.1,354,不讓分,252872830.1,中日龍,A,,1.80,5,4,A,,2
2026-07-17,2026-07-17T13:54:53,台灣運彩,,3478273.1,106,2026-07-17T17:00:00+08:00,中日龍,讀賣巨人,中日龍 @ 讀賣巨人,51455472.1,358,讓分 -1.5,252872859.1,讀賣巨人 -1.5,H,-1.5,2.40,5,7,H,-1.5,1
2026-07-17,2026-07-17T13:54:53,台灣運彩,,3478273.1,106,2026-07-17T17:00:00+08:00,中日龍,讀賣巨人,中日龍 @ 讀賣巨人,51455472.1,358,讓分 -1.5,252872860.1,中日龍 +1.5,A,-1.5,1.32,25,8,A,-1.5,2
2026-07-17,2026-07-17T13:54:53,台灣運彩,,3478273.1,106,2026-07-17T17:00:00+08:00,中日龍,讀賣巨人,中日龍 @ 讀賣巨人,51455484.1,360,[總分]大小 5.5,252872888.1,大 5.5,A,5.5,1.66,50,33,A,5.5,
2026-07-17,2026-07-17T13:54:53,台灣運彩,,3478273.1,106,2026-07-17T17:00:00+08:00,中日龍,讀賣巨人,中日龍 @ 讀賣巨人,51455484.1,360,[總分]大小 5.5,252872887.1,小 5.5,H,5.5,1.76,25,19,H,5.5,
2026-07-17,2026-07-17T13:54:53,台灣運彩,,3478273.1,106,2026-07-17T17:00:00+08:00,中日龍,讀賣巨人,中日龍 @ 讀賣巨人,51455466.1,362,讀賣巨人 大小 2.5,252872846.1,大 2.5,A,2.5,1.60,5,3,A,2.5,
2026-07-17,2026-07-17T13:54:53,台灣運彩,,3478273.1,106,2026-07-17T17:00:00+08:00,中日龍,讀賣巨人,中日龍 @ 讀賣巨人,51455466.1,362,讀賣巨人 大小 2.5,252872844.1,小 2.5,H,2.5,1.73,100,73,H,2.5,
2026-07-17,2026-07-17T13:54:53,台灣運彩,,3478273.1,106,2026-07-17T17:00:00+08:00,中日龍,讀賣巨人,中日龍 @ 讀賣巨人,51455462.1,363,中日龍 大小 2.5,252872837.1,大 2.5,A,2.5,1.66,50,33,A,2.5,
2026-07-17,2026-07-17T13:54:53,台灣運彩,,3478273.1,106,2026-07-17T17:00:00+08:00,中日龍,讀賣巨人,中日龍 @ 讀賣巨人,51455462.1,363,中日龍 大小 2.5,252872836.1,小 2.5,H,2.5,1.66,50,33,H,2.5,
2026-07-17,2026-07-17T13:54:53,台灣運彩,,3478273.1,106,2026-07-17T17:00:00+08:00,中日龍,讀賣巨人,中日龍 @ 讀賣巨人,51455469.1,366,[總分]單雙,252872853.1,單,,,1.50,2,1,,,
2026-07-17,2026-07-17T13:54:53,台灣運彩,,3478273.1,106,2026-07-17T17:00:00+08:00,中日龍,讀賣巨人,中日龍 @ 讀賣巨人,51455469.1,366,[總分]單雙,252872852.1,雙,,,1.96,25,24,,,
2026-07-17,2026-07-17T13:54:53,台灣運彩,,3478273.1,106,2026-07-17T17:00:00+08:00,中日龍,讀賣巨人,中日龍 @ 讀賣巨人,51455461.1,376,[1-5局] 不讓分,252872832.1,讀賣巨人,H,,1.90,10,9,H,,1
2026-07-17,2026-07-17T13:54:53,台灣運彩,,3478273.1,106,2026-07-17T17:00:00+08:00,中日龍,讀賣巨人,中日龍 @ 讀賣巨人,51455461.1,376,[1-5局] 不讓分,252872835.1,中日龍,A,,2.05,20,21,A,,2
2026-07-17,2026-07-17T13:54:53,台灣運彩,,3478273.1,106,2026-07-17T17:00:00+08:00,中日龍,讀賣巨人,中日龍 @ 讀賣巨人,51455461.1,376,[1-5局] 不讓分,252872834.1,和局,D,,3.50,2,5,D,,
2026-07-17,2026-07-17T13:54:53,台灣運彩,,3478273.1,106,2026-07-17T17:00:00+08:00,中日龍,讀賣巨人,中日龍 @ 讀賣巨人,51456034.1,378,[1-5局] 大小 3.5,252874729.1,大 3.5,A,3.5,1.85,20,17,A,3.5,
2026-07-17,2026-07-17T13:54:53,台灣運彩,,3478273.1,106,2026-07-17T17:00:00+08:00,中日龍,讀賣巨人,中日龍 @ 讀賣巨人,51456034.1,378,[1-5局] 大小 3.5,252874728.1,小 3.5,H,3.5,1.50,2,1,H,3.5,
2026-07-17,2026-07-17T13:54:53,台灣運彩,,3478273.1,106,2026-07-17T17:00:00+08:00,中日龍,讀賣巨人,中日龍 @ 讀賣巨人,51455470.1,389,[第1局] 不讓分,252872854.1,讀賣巨人,H,,3.45,20,49,H,,1
2026-07-17,2026-07-17T13:54:53,台灣運彩,,3478273.1,106,2026-07-17T17:00:00+08:00,中日龍,讀賣巨人,中日龍 @ 讀賣巨人,51455470.1,389,[第1局] 不讓分,252872856.1,中日龍,A,,3.85,20,57,A,,2
2026-07-17,2026-07-17T13:54:53,台灣運彩,,3478273.1,106,2026-07-17T17:00:00+08:00,中日龍,讀賣巨人,中日龍 @ 讀賣巨人,51455470.1,389,[第1局] 不讓分,252872855.1,和局,D,,1.35,20,7,D,,
2026-07-17,2026-07-17T13:54:53,台灣運彩,,3478331.1,122,2026-07-17T17:00:00+08:00,樂天巨人,三星獅,樂天巨人 @ 三星獅,51456469.1,354,不讓分,252876051.1,三星獅,H,,1.33,100,33,H,,1
2026-07-17,2026-07-17T13:54:53,台灣運彩,,3478331.1,122,2026-07-17T17:00:00+08:00,樂天巨人,三星獅,樂天巨人 @ 三星獅,51456469.1,354,不讓分,252876052.1,樂天巨人,A,,2.35,20,27,A,,2
2026-07-17,2026-07-17T13:54:53,台灣運彩,,3478331.1,122,2026-07-17T17:00:00+08:00,樂天巨人,三星獅,樂天巨人 @ 三星獅,51456472.1,358,讓分 -1.5,252876058.1,三星獅 -1.5,H,-1.5,1.72,25,18,H,-1.5,1
2026-07-17,2026-07-17T13:54:53,台灣運彩,,3478331.1,122,2026-07-17T17:00:00+08:00,樂天巨人,三星獅,樂天巨人 @ 三星獅,51456472.1,358,讓分 -1.5,252876059.1,樂天巨人 +1.5,A,-1.5,1.72,25,18,A,-1.5,2
2026-07-17,2026-07-17T13:54:53,台灣運彩,,3478331.1,122,2026-07-17T17:00:00+08:00,樂天巨人,三星獅,樂天巨人 @ 三星獅,51456478.1,360,[總分]大小 9.5,252876071.1,大 9.5,A,9.5,1.66,50,33,A,9.5,
2026-07-17,2026-07-17T13:54:53,台灣運彩,,3478331.1,122,2026-07-17T17:00:00+08:00,樂天巨人,三星獅,樂天巨人 @ 三星獅,51456478.1,360,[總分]大小 9.5,252876070.1,小 9.5,H,9.5,1.76,25,19,H,9.5,
2026-07-17,2026-07-17T13:54:53,台灣運彩,,3478331.1,122,2026-07-17T17:00:00+08:00,樂天巨人,三星獅,樂天巨人 @ 三星獅,51456476.1,362,三星獅 大小 5.5,252876067.1,大 5.5,A,5.5,1.76,25,19,A,5.5,
2026-07-17,2026-07-17T13:54:53,台灣運彩,,3478331.1,122,2026-07-17T17:00:00+08:00,樂天巨人,三星獅,樂天巨人 @ 三星獅,51456476.1,362,三星獅 大小 5.5,252876066.1,小 5.5,H,5.5,1.66,50,33,H,5.5,
2026-07-17,2026-07-17T13:54:53,台灣運彩,,3478331.1,122,2026-07-17T17:00:00+08:00,樂天巨人,三星獅,樂天巨人 @ 三星獅,51456470.1,363,樂天巨人 大小 3.5,252876054.1,大 3.5,A,3.5,1.66,50,33,A,3.5,
2026-07-17,2026-07-17T13:54:53,台灣運彩,,3478331.1,122,2026-07-17T17:00:00+08:00,樂天巨人,三星獅,樂天巨人 @ 三星獅,51456470.1,363,樂天巨人 大小 3.5,252876053.1,小 3.5,H,3.5,1.76,25,19,H,3.5,
2026-07-17,2026-07-17T13:54:53,台灣運彩,,3478331.1,122,2026-07-17T17:00:00+08:00,樂天巨人,三星獅,樂天巨人 @ 三星獅,51456468.1,366,[總分]單雙,252876050.1,單,,,1.55,20,11,,,
2026-07-17,2026-07-17T13:54:53,台灣運彩,,3478331.1,122,2026-07-17T17:00:00+08:00,樂天巨人,三星獅,樂天巨人 @ 三星獅,51456468.1,366,[總分]單雙,252876049.1,雙,,,1.90,10,9,,,
2026-07-17,2026-07-17T13:54:53,台灣運彩,,3478331.1,122,2026-07-17T17:00:00+08:00,樂天巨人,三星獅,樂天巨人 @ 三星獅,51456479.1,376,[1-5局] 不讓分,252876072.1,三星獅,H,,1.45,20,9,H,,1
2026-07-17,2026-07-17T13:54:53,台灣運彩,,3478331.1,122,2026-07-17T17:00:00+08:00,樂天巨人,三星獅,樂天巨人 @ 三星獅,51456479.1,376,[1-5局] 不讓分,252876074.1,樂天巨人,A,,2.60,5,8,A,,2
2026-07-17,2026-07-17T13:54:53,台灣運彩,,3478331.1,122,2026-07-17T17:00:00+08:00,樂天巨人,三星獅,樂天巨人 @ 三星獅,51456479.1,376,[1-5局] 不讓分,252876073.1,和局,D,,5.60,5,23,D,,
2026-07-17,2026-07-17T13:54:53,台灣運彩,,3478331.1,122,2026-07-17T17:00:00+08:00,樂天巨人,三星獅,樂天巨人 @ 三星獅,51456475.1,377,[1-5局] 讓分 -1.5,252876064.1,三星獅 -1.5,H,-1.5,1.82,50,41,H,-1.5,1
2026-07-17,2026-07-17T13:54:53,台灣運彩,,3478331.1,122,2026-07-17T17:00:00+08:00,樂天巨人,三星獅,樂天巨人 @ 三星獅,51456475.1,377,[1-5局] 讓分 -1.5,252876065.1,樂天巨人 +1.5,A,-1.5,1.62,50,31,A,-1.5,2
2026-07-17,2026-07-17T13:54:53,台灣運彩,,3478331.1,122,2026-07-17T17:00:00+08:00,樂天巨人,三星獅,樂天巨人 @ 三星獅,51456473.1,378,[1-5局] 大小 5.5,252876061.1,大 5.5,A,5.5,1.76,25,19,A,5.5,
2026-07-17,2026-07-17T13:54:53,台灣運彩,,3478331.1,122,2026-07-17T17:00:00+08:00,樂天巨人,三星獅,樂天巨人 @ 三星獅,51456473.1,378,[1-5局] 大小 5.5,252876060.1,小 5.5,H,5.5,1.66,50,33,H,5.5,
2026-07-17,2026-07-17T13:54:53,台灣運彩,,3478331.1,122,2026-07-17T17:00:00+08:00,樂天巨人,三星獅,樂天巨人 @ 三星獅,51456477.1,379,[1-5局] 三星獅 大小 3.5,252876069.1,大 3.5,A,3.5,1.90,10,9,A,3.5,
2026-07-17,2026-07-17T13:54:53,台灣運彩,,3478331.1,122,2026-07-17T17:00:00+08:00,樂天巨人,三星獅,樂天巨人 @ 三星獅,51456477.1,379,[1-5局] 三星獅 大小 3.5,252876068.1,小 3.5,H,3.5,1.55,20,11,H,3.5,
2026-07-17,2026-07-17T13:54:53,台灣運彩,,3478331.1,122,2026-07-17T17:00:00+08:00,樂天巨人,三星獅,樂天巨人 @ 三星獅,51456474.1,380,[1-5局] 樂天巨人 大小 1.5,252876063.1,大 1.5,A,1.5,1.60,5,3,A,1.5,
2026-07-17,2026-07-17T13:54:53,台灣運彩,,3478331.1,122,2026-07-17T17:00:00+08:00,樂天巨人,三星獅,樂天巨人 @ 三星獅,51456474.1,380,[1-5局] 樂天巨人 大小 1.5,252876062.1,小 1.5,H,1.5,1.85,20,17,H,1.5,
2026-07-17,2026-07-17T13:54:53,台灣運彩,,3478331.1,122,2026-07-17T17:00:00+08:00,樂天巨人,三星獅,樂天巨人 @ 三星獅,51456471.1,389,[第1局] 不讓分,252876055.1,三星獅,H,,2.35,20,27,H,,1
2026-07-17,2026-07-17T13:54:53,台灣運彩,,3478331.1,122,2026-07-17T17:00:00+08:00,樂天巨人,三星獅,樂天巨人 @ 三星獅,51456471.1,389,[第1局] 不讓分,252876057.1,樂天巨人,A,,4.10,10,31,A,,2
2026-07-17,2026-07-17T13:54:53,台灣運彩,,3478331.1,122,2026-07-17T17:00:00+08:00,樂天巨人,三星獅,樂天巨人 @ 三星獅,51456471.1,389,[第1局] 不讓分,252876056.1,和局,D,,1.75,4,3,D,,
2026-07-17,2026-07-17T13:54:53,台灣運彩,,3478332.1,123,2026-07-17T17:00:00+08:00,起亞老虎,SSG登陸者,起亞老虎 @ SSG登陸者,51456482.1,354,不讓分,252876078.1,SSG登陸者,H,,1.88,25,22,H,,1
2026-07-17,2026-07-17T13:54:53,台灣運彩,,3478332.1,123,2026-07-17T17:00:00+08:00,起亞老虎,SSG登陸者,起亞老虎 @ SSG登陸者,51456482.1,354,不讓分,252876080.1,起亞老虎,A,,1.56,25,14,A,,2
2026-07-17,2026-07-17T13:54:53,台灣運彩,,3478332.1,123,2026-07-17T17:00:00+08:00,起亞老虎,SSG登陸者,起亞老虎 @ SSG登陸者,51456500.1,358,讓分 1.5,252876118.1,SSG登陸者 +1.5,H,1.5,1.56,25,14,H,1.5,1
2026-07-17,2026-07-17T13:54:53,台灣運彩,,3478332.1,123,2026-07-17T17:00:00+08:00,起亞老虎,SSG登陸者,起亞老虎 @ SSG登陸者,51456500.1,358,讓分 1.5,252876119.1,起亞老虎 -1.5,A,1.5,1.88,25,22,A,1.5,2
2026-07-17,2026-07-17T13:54:53,台灣運彩,,3478332.1,123,2026-07-17T17:00:00+08:00,起亞老虎,SSG登陸者,起亞老虎 @ SSG登陸者,51456486.1,360,[總分]大小 11.5,252876088.1,大 11.5,A,11.5,1.65,20,13,A,11.5,
2026-07-17,2026-07-17T13:54:53,台灣運彩,,3478332.1,123,2026-07-17T17:00:00+08:00,起亞老虎,SSG登陸者,起亞老虎 @ SSG登陸者,51456486.1,360,[總分]大小 11.5,252876087.1,小 11.5,H,11.5,1.78,50,39,H,11.5,
2026-07-17,2026-07-17T13:54:53,台灣運彩,,3478332.1,123,2026-07-17T17:00:00+08:00,起亞老虎,SSG登陸者,起亞老虎 @ SSG登陸者,51456496.1,362,SSG登陸者 大小 5.5,252876110.1,大 5.5,A,5.5,1.86,50,43,A,5.5,
2026-07-17,2026-07-17T13:54:53,台灣運彩,,3478332.1,123,2026-07-17T17:00:00+08:00,起亞老虎,SSG登陸者,起亞老虎 @ SSG登陸者,51456496.1,362,SSG登陸者 大小 5.5,252876109.1,小 5.5,H,5.5,1.58,50,29,H,5.5,
2026-07-17,2026-07-17T13:54:53,台灣運彩,,3478332.1,123,2026-07-17T17:00:00+08:00,起亞老虎,SSG登陸者,起亞老虎 @ SSG登陸者,51456508.1,363,起亞老虎 大小 5.5,252876134.1,大 5.5,A,5.5,1.58,50,29,A,5.5,
2026-07-17,2026-07-17T13:54:53,台灣運彩,,3478332.1,123,2026-07-17T17:00:00+08:00,起亞老虎,SSG登陸者,起亞老虎 @ SSG登陸者,51456508.1,363,起亞老虎 大小 5.5,252876133.1,小 5.5,H,5.5,1.86,50,43,H,5.5,
2026-07-17,2026-07-17T13:54:53,台灣運彩,,3478332.1,123,2026-07-17T17:00:00+08:00,起亞老虎,SSG登陸者,起亞老虎 @ SSG登陸者,51456480.1,366,[總分]單雙,252876076.1,單,,,1.55,20,11,,,
2026-07-17,2026-07-17T13:54:53,台灣運彩,,3478332.1,123,2026-07-17T17:00:00+08:00,起亞老虎,SSG登陸者,起亞老虎 @ SSG登陸者,51456480.1,366,[總分]單雙,252876075.1,雙,,,1.90,10,9,,,
2026-07-17,2026-07-17T13:54:53,台灣運彩,,3478332.1,123,2026-07-17T17:00:00+08:00,起亞老虎,SSG登陸者,起亞老虎 @ SSG登陸者,51456515.1,376,[1-5局] 不讓分,252876148.1,SSG登陸者,H,,2.00,1,1,H,,1
2026-07-17,2026-07-17T13:54:53,台灣運彩,,3478332.1,123,2026-07-17T17:00:00+08:00,起亞老虎,SSG登陸者,起亞老虎 @ SSG登陸者,51456515.1,376,[1-5局] 不讓分,252876151.1,起亞老虎,A,,1.70,10,7,A,,2
2026-07-17,2026-07-17T13:54:53,台灣運彩,,3478332.1,123,2026-07-17T17:00:00+08:00,起亞老虎,SSG登陸者,起亞老虎 @ SSG登陸者,51456515.1,376,[1-5局] 不讓分,252876149.1,和局,D,,6.00,1,5,D,,
2026-07-17,2026-07-17T13:54:53,台灣運彩,,3478332.1,123,2026-07-17T17:00:00+08:00,起亞老虎,SSG登陸者,起亞老虎 @ SSG登陸者,51456511.1,377,[1-5局] 讓分 0.5,252876140.1,SSG登陸者 +0.5,H,0.5,1.68,25,17,H,0.5,1
2026-07-17,2026-07-17T13:54:53,台灣運彩,,3478332.1,123,2026-07-17T17:00:00+08:00,起亞老虎,SSG登陸者,起亞老虎 @ SSG登陸者,51456511.1,377,[1-5局] 讓分 0.5,252876142.1,起亞老虎 -0.5,A,0.5,1.75,4,3,A,0.5,2
2026-07-17,2026-07-17T13:54:53,台灣運彩,,3478332.1,123,2026-07-17T17:00:00+08:00,起亞老虎,SSG登陸者,起亞老虎 @ SSG登陸者,51456504.1,378,[1-5局] 大小 6.5,252876127.1,大 6.5,A,6.5,1.75,4,3,A,6.5,
2026-07-17,2026-07-17T13:54:53,台灣運彩,,3478332.1,123,2026-07-17T17:00:00+08:00,起亞老虎,SSG登陸者,起亞老虎 @ SSG登陸者,51456504.1,378,[1-5局] 大小 6.5,252876126.1,小 6.5,H,6.5,1.68,25,17,H,6.5,
2026-07-17,2026-07-17T13:54:53,台灣運彩,,3478332.1,123,2026-07-17T17:00:00+08:00,起亞老虎,SSG登陸者,起亞老虎 @ SSG登陸者,51456484.1,379,[1-5局] SSG登陸者 大小 2.5,252876084.1,大 2.5,A,2.5,1.62,50,31,A,2.5,
2026-07-17,2026-07-17T13:54:53,台灣運彩,,3478332.1,123,2026-07-17T17:00:00+08:00,起亞老虎,SSG登陸者,起亞老虎 @ SSG登陸者,51456484.1,379,[1-5局] SSG登陸者 大小 2.5,252876082.1,小 2.5,H,2.5,1.82,50,41,H,2.5,
2026-07-17,2026-07-17T13:54:53,台灣運彩,,3478332.1,123,2026-07-17T17:00:00+08:00,起亞老虎,SSG登陸者,起亞老虎 @ SSG登陸者,51456489.1,380,[1-5局] 起亞老虎 大小 3.5,252876092.1,大 3.5,A,3.5,1.90,10,9,A,3.5,
2026-07-17,2026-07-17T13:54:53,台灣運彩,,3478332.1,123,2026-07-17T17:00:00+08:00,起亞老虎,SSG登陸者,起亞老虎 @ SSG登陸者,51456489.1,380,[1-5局] 起亞老虎 大小 3.5,252876091.1,小 3.5,H,3.5,1.55,20,11,H,3.5,
2026-07-17,2026-07-17T13:54:53,台灣運彩,,3478332.1,123,2026-07-17T17:00:00+08:00,起亞老虎,SSG登陸者,起亞老虎 @ SSG登陸者,51456492.1,389,[第1局] 不讓分,252876099.1,SSG登陸者,H,,3.00,1,2,H,,1
2026-07-17,2026-07-17T13:54:53,台灣運彩,,3478332.1,123,2026-07-17T17:00:00+08:00,起亞老虎,SSG登陸者,起亞老虎 @ SSG登陸者,51456492.1,389,[第1局] 不讓分,252876103.1,起亞老虎,A,,2.65,20,33,A,,2
2026-07-17,2026-07-17T13:54:53,台灣運彩,,3478332.1,123,2026-07-17T17:00:00+08:00,起亞老虎,SSG登陸者,起亞老虎 @ SSG登陸者,51456492.1,389,[第1局] 不讓分,252876101.1,和局,D,,1.85,20,17,D,,
2026-07-17,2026-07-17T13:54:53,台灣運彩,,3478333.1,124,2026-07-17T17:00:00+08:00,培證英雄,韓華老鷹,培證英雄 @ 韓華老鷹,51456483.1,354,不讓分,252876081.1,韓華老鷹,H,,1.33,100,33,H,,1
2026-07-17,2026-07-17T13:54:53,台灣運彩,,3478333.1,124,2026-07-17T17:00:00+08:00,培證英雄,韓華老鷹,培證英雄 @ 韓華老鷹,51456483.1,354,不讓分,252876083.1,培證英雄,A,,2.35,20,27,A,,2
2026-07-17,2026-07-17T13:54:53,台灣運彩,,3478333.1,124,2026-07-17T17:00:00+08:00,培證英雄,韓華老鷹,培證英雄 @ 韓華老鷹,51456488.1,358,讓分 -1.5,252876089.1,韓華老鷹 -1.5,H,-1.5,1.66,50,33,H,-1.5,1
2026-07-17,2026-07-17T13:54:53,台灣運彩,,3478333.1,124,2026-07-17T17:00:00+08:00,培證英雄,韓華老鷹,培證英雄 @ 韓華老鷹,51456488.1,358,讓分 -1.5,252876090.1,培證英雄 +1.5,A,-1.5,1.76,25,19,A,-1.5,2
2026-07-17,2026-07-17T13:54:53,台灣運彩,,3478333.1,124,2026-07-17T17:00:00+08:00,培證英雄,韓華老鷹,培證英雄 @ 韓華老鷹,51456485.1,360,[總分]大小 10.5,252876086.1,大 10.5,A,10.5,1.65,20,13,A,10.5,
2026-07-17,2026-07-17T13:54:53,台灣運彩,,3478333.1,124,2026-07-17T17:00:00+08:00,培證英雄,韓華老鷹,培證英雄 @ 韓華老鷹,51456485.1,360,[總分]大小 10.5,252876085.1,小 10.5,H,10.5,1.78,50,39,H,10.5,
2026-07-17,2026-07-17T13:54:53,台灣運彩,,3478333.1,124,2026-07-17T17:00:00+08:00,培證英雄,韓華老鷹,培證英雄 @ 韓華老鷹,51456507.1,362,韓華老鷹 大小 5.5,252876132.1,大 5.5,A,5.5,1.62,50,31,A,5.5,
2026-07-17,2026-07-17T13:54:53,台灣運彩,,3478333.1,124,2026-07-17T17:00:00+08:00,培證英雄,韓華老鷹,培證英雄 @ 韓華老鷹,51456507.1,362,韓華老鷹 大小 5.5,252876131.1,小 5.5,H,5.5,1.82,50,41,H,5.5,
2026-07-17,2026-07-17T13:54:53,台灣運彩,,3478333.1,124,2026-07-17T17:00:00+08:00,培證英雄,韓華老鷹,培證英雄 @ 韓華老鷹,51456678.1,363,培證英雄 大小 3.5,252876539.1,大 3.5,A,3.5,1.55,20,11,A,3.5,
2026-07-17,2026-07-17T13:54:53,台灣運彩,,3478333.1,124,2026-07-17T17:00:00+08:00,培證英雄,韓華老鷹,培證英雄 @ 韓華老鷹,51456678.1,363,培證英雄 大小 3.5,252876538.1,小 3.5,H,3.5,1.90,10,9,H,3.5,
2026-07-17,2026-07-17T13:54:53,台灣運彩,,3478333.1,124,2026-07-17T17:00:00+08:00,培證英雄,韓華老鷹,培證英雄 @ 韓華老鷹,51456481.1,366,[總分]單雙,252876079.1,單,,,1.55,20,11,,,
2026-07-17,2026-07-17T13:54:53,台灣運彩,,3478333.1,124,2026-07-17T17:00:00+08:00,培證英雄,韓華老鷹,培證英雄 @ 韓華老鷹,51456481.1,366,[總分]單雙,252876077.1,雙,,,1.90,10,9,,,
2026-07-17,2026-07-17T13:54:53,台灣運彩,,3478333.1,124,2026-07-17T17:00:00+08:00,培證英雄,韓華老鷹,培證英雄 @ 韓華老鷹,51456498.1,376,[1-5局] 不讓分,252876113.1,韓華老鷹,H,,1.45,20,9,H,,1
2026-07-17,2026-07-17T13:54:53,台灣運彩,,3478333.1,124,2026-07-17T17:00:00+08:00,培證英雄,韓華老鷹,培證英雄 @ 韓華老鷹,51456498.1,376,[1-5局] 不讓分,252876117.1,培證英雄,A,,2.60,5,8,A,,2
2026-07-17,2026-07-17T13:54:53,台灣運彩,,3478333.1,124,2026-07-17T17:00:00+08:00,培證英雄,韓華老鷹,培證英雄 @ 韓華老鷹,51456498.1,376,[1-5局] 不讓分,252876115.1,和局,D,,6.00,1,5,D,,
2026-07-17,2026-07-17T13:54:53,台灣運彩,,3478333.1,124,2026-07-17T17:00:00+08:00,培證英雄,韓華老鷹,培證英雄 @ 韓華老鷹,51456510.1,377,[1-5局] 讓分 -1.5,252876138.1,韓華老鷹 -1.5,H,-1.5,1.76,25,19,H,-1.5,1
2026-07-17,2026-07-17T13:54:53,台灣運彩,,3478333.1,124,2026-07-17T17:00:00+08:00,培證英雄,韓華老鷹,培證英雄 @ 韓華老鷹,51456510.1,377,[1-5局] 讓分 -1.5,252876139.1,培證英雄 +1.5,A,-1.5,1.66,50,33,A,-1.5,2
2026-07-17,2026-07-17T13:54:53,台灣運彩,,3478333.1,124,2026-07-17T17:00:00+08:00,培證英雄,韓華老鷹,培證英雄 @ 韓華老鷹,51456514.1,378,[1-5局] 大小 5.5,252876147.1,大 5.5,A,5.5,1.66,50,33,A,5.5,
2026-07-17,2026-07-17T13:54:53,台灣運彩,,3478333.1,124,2026-07-17T17:00:00+08:00,培證英雄,韓華老鷹,培證英雄 @ 韓華老鷹,51456514.1,378,[1-5局] 大小 5.5,252876146.1,小 5.5,H,5.5,1.76,25,19,H,5.5,
2026-07-17,2026-07-17T13:54:53,台灣運彩,,3478333.1,124,2026-07-17T17:00:00+08:00,培證英雄,韓華老鷹,培證英雄 @ 韓華老鷹,51456495.1,379,[1-5局] 韓華老鷹 大小 3.5,252876107.1,大 3.5,A,3.5,1.82,50,41,A,3.5,
2026-07-17,2026-07-17T13:54:53,台灣運彩,,3478333.1,124,2026-07-17T17:00:00+08:00,培證英雄,韓華老鷹,培證英雄 @ 韓華老鷹,51456495.1,379,[1-5局] 韓華老鷹 大小 3.5,252876106.1,小 3.5,H,3.5,1.62,50,31,H,3.5,
2026-07-17,2026-07-17T13:54:53,台灣運彩,,3478333.1,124,2026-07-17T17:00:00+08:00,培證英雄,韓華老鷹,培證英雄 @ 韓華老鷹,51456503.1,380,[1-5局] 培證英雄 大小 1.5,252876124.1,大 1.5,A,1.5,1.53,100,53,A,1.5,
2026-07-17,2026-07-17T13:54:53,台灣運彩,,3478333.1,124,2026-07-17T17:00:00+08:00,培證英雄,韓華老鷹,培證英雄 @ 韓華老鷹,51456503.1,380,[1-5局] 培證英雄 大小 1.5,252876122.1,小 1.5,H,1.5,1.93,100,93,H,1.5,
2026-07-17,2026-07-17T13:54:53,台灣運彩,,3478333.1,124,2026-07-17T17:00:00+08:00,培證英雄,韓華老鷹,培證英雄 @ 韓華老鷹,51456491.1,389,[第1局] 不讓分,252876096.1,韓華老鷹,H,,2.30,10,13,H,,1
2026-07-17,2026-07-17T13:54:53,台灣運彩,,3478333.1,124,2026-07-17T17:00:00+08:00,培證英雄,韓華老鷹,培證英雄 @ 韓華老鷹,51456491.1,389,[第1局] 不讓分,252876100.1,培證英雄,A,,3.95,20,59,A,,2
2026-07-17,2026-07-17T13:54:53,台灣運彩,,3478333.1,124,2026-07-17T17:00:00+08:00,培證英雄,韓華老鷹,培證英雄 @ 韓華老鷹,51456491.1,389,[第1局] 不讓分,252876098.1,和局,D,,1.80,5,4,D,,
2026-07-17,2026-07-17T13:54:53,台灣運彩,,3478334.1,125,2026-07-17T17:00:00+08:00,斗山熊,NC恐龍,斗山熊 @ NC恐龍,51456487.1,354,不讓分,252876093.1,NC恐龍,H,,1.75,4,3,H,,1
2026-07-17,2026-07-17T13:54:53,台灣運彩,,3478334.1,125,2026-07-17T17:00:00+08:00,斗山熊,NC恐龍,斗山熊 @ NC恐龍,51456487.1,354,不讓分,252876097.1,斗山熊,A,,1.68,25,17,A,,2
2026-07-17,2026-07-17T13:54:53,台灣運彩,,3478334.1,125,2026-07-17T17:00:00+08:00,斗山熊,NC恐龍,斗山熊 @ NC恐龍,51456499.1,358,讓分 1.5,252876114.1,NC恐龍 +1.5,H,1.5,1.46,50,23,H,1.5,1
2026-07-17,2026-07-17T13:54:53,台灣運彩,,3478334.1,125,2026-07-17T17:00:00+08:00,斗山熊,NC恐龍,斗山熊 @ NC恐龍,51456499.1,358,讓分 1.5,252876116.1,斗山熊 -1.5,A,1.5,2.05,20,21,A,1.5,2
2026-07-17,2026-07-17T13:54:53,台灣運彩,,3478334.1,125,2026-07-17T17:00:00+08:00,斗山熊,NC恐龍,斗山熊 @ NC恐龍,51456519.1,360,[總分]大小 10.5,252876161.1,大 10.5,A,10.5,1.70,10,7,A,10.5,
2026-07-17,2026-07-17T13:54:53,台灣運彩,,3478334.1,125,2026-07-17T17:00:00+08:00,斗山熊,NC恐龍,斗山熊 @ NC恐龍,51456519.1,360,[總分]大小 10.5,252876159.1,小 10.5,H,10.5,1.73,100,73,H,10.5,
2026-07-17,2026-07-17T13:54:53,台灣運彩,,3478334.1,125,2026-07-17T17:00:00+08:00,斗山熊,NC恐龍,斗山熊 @ NC恐龍,51456502.1,362,NC恐龍 大小 4.5,252876125.1,大 4.5,A,4.5,1.65,20,13,A,4.5,
2026-07-17,2026-07-17T13:54:53,台灣運彩,,3478334.1,125,2026-07-17T17:00:00+08:00,斗山熊,NC恐龍,斗山熊 @ NC恐龍,51456502.1,362,NC恐龍 大小 4.5,252876123.1,小 4.5,H,4.5,1.78,50,39,H,4.5,
2026-07-17,2026-07-17T13:54:53,台灣運彩,,3478334.1,125,2026-07-17T17:00:00+08:00,斗山熊,NC恐龍,斗山熊 @ NC恐龍,51456512.1,363,斗山熊 大小 5.5,252876144.1,大 5.5,A,5.5,1.88,25,22,A,5.5,
2026-07-17,2026-07-17T13:54:53,台灣運彩,,3478334.1,125,2026-07-17T17:00:00+08:00,斗山熊,NC恐龍,斗山熊 @ NC恐龍,51456512.1,363,斗山熊 大小 5.5,252876141.1,小 5.5,H,5.5,1.56,25,14,H,5.5,
2026-07-17,2026-07-17T13:54:53,台灣運彩,,3478334.1,125,2026-07-17T17:00:00+08:00,斗山熊,NC恐龍,斗山熊 @ NC恐龍,51456494.1,366,[總分]單雙,252876108.1,單,,,1.55,20,11,,,
2026-07-17,2026-07-17T13:54:53,台灣運彩,,3478334.1,125,2026-07-17T17:00:00+08:00,斗山熊,NC恐龍,斗山熊 @ NC恐龍,51456494.1,366,[總分]單雙,252876105.1,雙,,,1.90,10,9,,,
2026-07-17,2026-07-17T13:54:53,台灣運彩,,3478334.1,125,2026-07-17T17:00:00+08:00,斗山熊,NC恐龍,斗山熊 @ NC恐龍,51456522.1,376,[1-5局] 不讓分,252876163.1,NC恐龍,H,,1.90,10,9,H,,1
2026-07-17,2026-07-17T13:54:53,台灣運彩,,3478334.1,125,2026-07-17T17:00:00+08:00,斗山熊,NC恐龍,斗山熊 @ NC恐龍,51456522.1,376,[1-5局] 不讓分,252876166.1,斗山熊,A,,1.80,5,4,A,,2
2026-07-17,2026-07-17T13:54:53,台灣運彩,,3478334.1,125,2026-07-17T17:00:00+08:00,斗山熊,NC恐龍,斗山熊 @ NC恐龍,51456522.1,376,[1-5局] 不讓分,252876165.1,和局,D,,5.80,5,24,D,,
2026-07-17,2026-07-17T13:54:53,台灣運彩,,3478334.1,125,2026-07-17T17:00:00+08:00,斗山熊,NC恐龍,斗山熊 @ NC恐龍,51456524.1,377,[1-5局] 讓分 0.5,252876168.1,NC恐龍 +0.5,H,0.5,1.58,50,29,H,0.5,1
2026-07-17,2026-07-17T13:54:53,台灣運彩,,3478334.1,125,2026-07-17T17:00:00+08:00,斗山熊,NC恐龍,斗山熊 @ NC恐龍,51456524.1,377,[1-5局] 讓分 0.5,252876170.1,斗山熊 -0.5,A,0.5,1.86,50,43,A,0.5,2
2026-07-17,2026-07-17T13:54:53,台灣運彩,,3478334.1,125,2026-07-17T17:00:00+08:00,斗山熊,NC恐龍,斗山熊 @ NC恐龍,51456527.1,378,[1-5局] 大小 5.5,252876178.1,大 5.5,A,5.5,1.80,5,4,A,5.5,
2026-07-17,2026-07-17T13:54:53,台灣運彩,,3478334.1,125,2026-07-17T17:00:00+08:00,斗山熊,NC恐龍,斗山熊 @ NC恐龍,51456527.1,378,[1-5局] 大小 5.5,252876177.1,小 5.5,H,5.5,1.63,100,63,H,5.5,
2026-07-17,2026-07-17T13:54:53,台灣運彩,,3478334.1,125,2026-07-17T17:00:00+08:00,斗山熊,NC恐龍,斗山熊 @ NC恐龍,51456516.1,379,[1-5局] NC恐龍 大小 2.5,252876153.1,大 2.5,A,2.5,1.68,25,17,A,2.5,
2026-07-17,2026-07-17T13:54:53,台灣運彩,,3478334.1,125,2026-07-17T17:00:00+08:00,斗山熊,NC恐龍,斗山熊 @ NC恐龍,51456516.1,379,[1-5局] NC恐龍 大小 2.5,252876150.1,小 2.5,H,2.5,1.75,4,3,H,2.5,
2026-07-17,2026-07-17T13:54:53,台灣運彩,,3478334.1,125,2026-07-17T17:00:00+08:00,斗山熊,NC恐龍,斗山熊 @ NC恐龍,51456506.1,380,[1-5局] 斗山熊 大小 2.5,252876135.1,大 2.5,A,2.5,1.70,10,7,A,2.5,
2026-07-17,2026-07-17T13:54:53,台灣運彩,,3478334.1,125,2026-07-17T17:00:00+08:00,斗山熊,NC恐龍,斗山熊 @ NC恐龍,51456506.1,380,[1-5局] 斗山熊 大小 2.5,252876130.1,小 2.5,H,2.5,1.73,100,73,H,2.5,
2026-07-17,2026-07-17T13:54:53,台灣運彩,,3478334.1,125,2026-07-17T17:00:00+08:00,斗山熊,NC恐龍,斗山熊 @ NC恐龍,51456526.1,389,[第1局] 不讓分,252876171.1,NC恐龍,H,,2.95,20,39,H,,1
2026-07-17,2026-07-17T13:54:53,台灣運彩,,3478334.1,125,2026-07-17T17:00:00+08:00,斗山熊,NC恐龍,斗山熊 @ NC恐龍,51456526.1,389,[第1局] 不讓分,252876175.1,斗山熊,A,,2.95,20,39,A,,2
2026-07-17,2026-07-17T13:54:53,台灣運彩,,3478334.1,125,2026-07-17T17:00:00+08:00,斗山熊,NC恐龍,斗山熊 @ NC恐龍,51456526.1,389,[第1局] 不讓分,252876173.1,和局,D,,1.75,4,3,D,,
2026-07-17,2026-07-17T13:54:53,台灣運彩,,3478335.1,126,2026-07-17T17:00:00+08:00,KT巫師,LG雙子,KT巫師 @ LG雙子,51456497.1,354,不讓分,252876111.1,LG雙子,H,,1.46,50,23,H,,1
2026-07-17,2026-07-17T13:54:53,台灣運彩,,3478335.1,126,2026-07-17T17:00:00+08:00,KT巫師,LG雙子,KT巫師 @ LG雙子,51456497.1,354,不讓分,252876112.1,KT巫師,A,,2.05,20,21,A,,2
2026-07-17,2026-07-17T13:54:53,台灣運彩,,3478335.1,126,2026-07-17T17:00:00+08:00,KT巫師,LG雙子,KT巫師 @ LG雙子,51456509.1,358,讓分 -1.5,252876136.1,LG雙子 -1.5,H,-1.5,1.94,50,47,H,-1.5,1
2026-07-17,2026-07-17T13:54:53,台灣運彩,,3478335.1,126,2026-07-17T17:00:00+08:00,KT巫師,LG雙子,KT巫師 @ LG雙子,51456509.1,358,讓分 -1.5,252876137.1,KT巫師 +1.5,A,-1.5,1.52,25,13,A,-1.5,2
2026-07-17,2026-07-17T13:54:53,台灣運彩,,3478335.1,126,2026-07-17T17:00:00+08:00,KT巫師,LG雙子,KT巫師 @ LG雙子,51456493.1,360,[總分]大小 8.5,252876104.1,大 8.5,A,8.5,1.70,10,7,A,8.5,
2026-07-17,2026-07-17T13:54:53,台灣運彩,,3478335.1,126,2026-07-17T17:00:00+08:00,KT巫師,LG雙子,KT巫師 @ LG雙子,51456493.1,360,[總分]大小 8.5,252876102.1,小 8.5,H,8.5,1.73,100,73,H,8.5,
2026-07-17,2026-07-17T13:54:53,台灣運彩,,3478335.1,126,2026-07-17T17:00:00+08:00,KT巫師,LG雙子,KT巫師 @ LG雙子,51456517.1,362,LG雙子 大小 4.5,252876154.1,大 4.5,A,4.5,1.78,50,39,A,4.5,
2026-07-17,2026-07-17T13:54:53,台灣運彩,,3478335.1,126,2026-07-17T17:00:00+08:00,KT巫師,LG雙子,KT巫師 @ LG雙子,51456517.1,362,LG雙子 大小 4.5,252876152.1,小 4.5,H,4.5,1.65,20,13,H,4.5,
2026-07-17,2026-07-17T13:54:53,台灣運彩,,3478335.1,126,2026-07-17T17:00:00+08:00,KT巫師,LG雙子,KT巫師 @ LG雙子,51456523.1,363,KT巫師 大小 3.5,252876169.1,大 3.5,A,3.5,1.76,25,19,A,3.5,
2026-07-17,2026-07-17T13:54:53,台灣運彩,,3478335.1,126,2026-07-17T17:00:00+08:00,KT巫師,LG雙子,KT巫師 @ LG雙子,51456523.1,363,KT巫師 大小 3.5,252876167.1,小 3.5,H,3.5,1.66,50,33,H,3.5,
2026-07-17,2026-07-17T13:54:53,台灣運彩,,3478335.1,126,2026-07-17T17:00:00+08:00,KT巫師,LG雙子,KT巫師 @ LG雙子,51456490.1,366,[總分]單雙,252876095.1,單,,,1.55,20,11,,,
2026-07-17,2026-07-17T13:54:53,台灣運彩,,3478335.1,126,2026-07-17T17:00:00+08:00,KT巫師,LG雙子,KT巫師 @ LG雙子,51456490.1,366,[總分]單雙,252876094.1,雙,,,1.90,10,9,,,
2026-07-17,2026-07-17T13:54:53,台灣運彩,,3478335.1,126,2026-07-17T17:00:00+08:00,KT巫師,LG雙子,KT巫師 @ LG雙子,51456525.1,376,[1-5局] 不讓分,252876172.1,LG雙子,H,,1.60,5,3,H,,1
2026-07-17,2026-07-17T13:54:53,台灣運彩,,3478335.1,126,2026-07-17T17:00:00+08:00,KT巫師,LG雙子,KT巫師 @ LG雙子,51456525.1,376,[1-5局] 不讓分,252876176.1,KT巫師,A,,2.30,10,13,A,,2
2026-07-17,2026-07-17T13:54:53,台灣運彩,,3478335.1,126,2026-07-17T17:00:00+08:00,KT巫師,LG雙子,KT巫師 @ LG雙子,51456525.1,376,[1-5局] 不讓分,252876174.1,和局,D,,5.05,20,81,D,,
2026-07-17,2026-07-17T13:54:53,台灣運彩,,3478335.1,126,2026-07-17T17:00:00+08:00,KT巫師,LG雙子,KT巫師 @ LG雙子,51456501.1,377,[1-5局] 讓分 -0.5,252876120.1,LG雙子 -0.5,H,-0.5,1.66,50,33,H,-0.5,1
2026-07-17,2026-07-17T13:54:53,台灣運彩,,3478335.1,126,2026-07-17T17:00:00+08:00,KT巫師,LG雙子,KT巫師 @ LG雙子,51456501.1,377,[1-5局] 讓分 -0.5,252876121.1,KT巫師 +0.5,A,-0.5,1.76,25,19,A,-0.5,2
2026-07-17,2026-07-17T13:54:53,台灣運彩,,3478335.1,126,2026-07-17T17:00:00+08:00,KT巫師,LG雙子,KT巫師 @ LG雙子,51456521.1,378,[1-5局] 大小 4.5,252876164.1,大 4.5,A,4.5,1.70,10,7,A,4.5,
2026-07-17,2026-07-17T13:54:53,台灣運彩,,3478335.1,126,2026-07-17T17:00:00+08:00,KT巫師,LG雙子,KT巫師 @ LG雙子,51456521.1,378,[1-5局] 大小 4.5,252876162.1,小 4.5,H,4.5,1.73,100,73,H,4.5,
2026-07-17,2026-07-17T13:54:53,台灣運彩,,3478335.1,126,2026-07-17T17:00:00+08:00,KT巫師,LG雙子,KT巫師 @ LG雙子,51456513.1,379,[1-5局] LG雙子 大小 2.5,252876145.1,大 2.5,A,2.5,1.78,50,39,A,2.5,
2026-07-17,2026-07-17T13:54:53,台灣運彩,,3478335.1,126,2026-07-17T17:00:00+08:00,KT巫師,LG雙子,KT巫師 @ LG雙子,51456513.1,379,[1-5局] LG雙子 大小 2.5,252876143.1,小 2.5,H,2.5,1.65,20,13,H,2.5,
2026-07-17,2026-07-17T13:54:53,台灣運彩,,3478335.1,126,2026-07-17T17:00:00+08:00,KT巫師,LG雙子,KT巫師 @ LG雙子,51456505.1,380,[1-5局] KT巫師 大小 1.5,252876129.1,大 1.5,A,1.5,1.65,20,13,A,1.5,
2026-07-17,2026-07-17T13:54:53,台灣運彩,,3478335.1,126,2026-07-17T17:00:00+08:00,KT巫師,LG雙子,KT巫師 @ LG雙子,51456505.1,380,[1-5局] KT巫師 大小 1.5,252876128.1,小 1.5,H,1.5,1.78,50,39,H,1.5,
2026-07-17,2026-07-17T13:54:53,台灣運彩,,3478335.1,126,2026-07-17T17:00:00+08:00,KT巫師,LG雙子,KT巫師 @ LG雙子,51456520.1,389,[第1局] 不讓分,252876157.1,LG雙子,H,,2.75,4,7,H,,1
2026-07-17,2026-07-17T13:54:53,台灣運彩,,3478335.1,126,2026-07-17T17:00:00+08:00,KT巫師,LG雙子,KT巫師 @ LG雙子,51456520.1,389,[第1局] 不讓分,252876160.1,KT巫師,A,,3.90,10,29,A,,2
2026-07-17,2026-07-17T13:54:53,台灣運彩,,3478335.1,126,2026-07-17T17:00:00+08:00,KT巫師,LG雙子,KT巫師 @ LG雙子,51456520.1,389,[第1局] 不讓分,252876158.1,和局,D,,1.60,5,3,D,,
2026-07-17,2026-07-17T13:54:53,台灣運彩,824737,3478257.1,102,2026-07-18T01:35:00+08:00,坦帕灣光芒,波士頓紅襪,坦帕灣光芒 @ 波士頓紅襪,51455021.1,354,不讓分,252871491.1,波士頓紅襪,H,,1.60,5,3,H,,1
2026-07-17,2026-07-17T13:54:53,台灣運彩,824737,3478257.1,102,2026-07-18T01:35:00+08:00,坦帕灣光芒,波士頓紅襪,坦帕灣光芒 @ 波士頓紅襪,51455021.1,354,不讓分,252871492.1,坦帕灣光芒,A,,1.90,10,9,A,,2
2026-07-17,2026-07-17T13:54:53,台灣運彩,824737,3478257.1,102,2026-07-18T01:35:00+08:00,坦帕灣光芒,波士頓紅襪,坦帕灣光芒 @ 波士頓紅襪,51455030.1,357,勝分差,252871514.1,坦帕灣光芒 1 分,A,,5.65,20,93,A,,
2026-07-17,2026-07-17T13:54:53,台灣運彩,824737,3478257.1,102,2026-07-18T01:35:00+08:00,坦帕灣光芒,波士頓紅襪,坦帕灣光芒 @ 波士頓紅襪,51455030.1,357,勝分差,252871515.1,坦帕灣光芒 2 分,A,,7.25,4,25,A,,
2026-07-17,2026-07-17T13:54:53,台灣運彩,824737,3478257.1,102,2026-07-18T01:35:00+08:00,坦帕灣光芒,波士頓紅襪,坦帕灣光芒 @ 波士頓紅襪,51455030.1,357,勝分差,252871516.1,坦帕灣光芒 > 2分,A,,2.80,5,9,A,,
2026-07-17,2026-07-17T13:54:53,台灣運彩,824737,3478257.1,102,2026-07-18T01:35:00+08:00,坦帕灣光芒,波士頓紅襪,坦帕灣光芒 @ 波士頓紅襪,51455030.1,357,勝分差,252871511.1,波士頓紅襪 1 分,H,,4.05,20,61,H,,
2026-07-17,2026-07-17T13:54:53,台灣運彩,824737,3478257.1,102,2026-07-18T01:35:00+08:00,坦帕灣光芒,波士頓紅襪,坦帕灣光芒 @ 波士頓紅襪,51455030.1,357,勝分差,252871512.1,波士頓紅襪 2 分,H,,6.75,4,23,H,,
2026-07-17,2026-07-17T13:54:53,台灣運彩,824737,3478257.1,102,2026-07-18T01:35:00+08:00,坦帕灣光芒,波士頓紅襪,坦帕灣光芒 @ 波士頓紅襪,51455030.1,357,勝分差,252871513.1,波士頓紅襪 > 2分,H,,2.60,5,8,H,,
2026-07-17,2026-07-17T13:54:53,台灣運彩,824737,3478257.1,102,2026-07-18T01:35:00+08:00,坦帕灣光芒,波士頓紅襪,坦帕灣光芒 @ 波士頓紅襪,51455023.1,358,讓分 -2.5,252871495.1,波士頓紅襪 -2.5,H,-2.5,2.70,10,17,H,-2.5,1
2026-07-17,2026-07-17T13:54:53,台灣運彩,824737,3478257.1,102,2026-07-18T01:35:00+08:00,坦帕灣光芒,波士頓紅襪,坦帕灣光芒 @ 波士頓紅襪,51455023.1,358,讓分 -2.5,252871496.1,坦帕灣光芒 +2.5,A,-2.5,1.28,25,7,A,-2.5,2
2026-07-17,2026-07-17T13:54:53,台灣運彩,824737,3478257.1,102,2026-07-18T01:35:00+08:00,坦帕灣光芒,波士頓紅襪,坦帕灣光芒 @ 波士頓紅襪,51455029.1,358,讓分 -1.5,252871509.1,波士頓紅襪 -1.5,H,-1.5,2.10,10,11,H,-1.5,1
2026-07-17,2026-07-17T13:54:53,台灣運彩,824737,3478257.1,102,2026-07-18T01:35:00+08:00,坦帕灣光芒,波士頓紅襪,坦帕灣光芒 @ 波士頓紅襪,51455029.1,358,讓分 -1.5,252871510.1,坦帕灣光芒 +1.5,A,-1.5,1.45,20,9,A,-1.5,2
2026-07-17,2026-07-17T13:54:53,台灣運彩,824737,3478257.1,102,2026-07-18T01:35:00+08:00,坦帕灣光芒,波士頓紅襪,坦帕灣光芒 @ 波士頓紅襪,51455017.1,360,[總分]大小 9.5,252871484.1,大 9.5,A,9.5,2.07,100,107,A,9.5,
2026-07-17,2026-07-17T13:54:53,台灣運彩,824737,3478257.1,102,2026-07-18T01:35:00+08:00,坦帕灣光芒,波士頓紅襪,坦帕灣光芒 @ 波士頓紅襪,51455017.1,360,[總分]大小 9.5,252871483.1,小 9.5,H,9.5,1.46,50,23,H,9.5,
2026-07-17,2026-07-17T13:54:53,台灣運彩,824737,3478257.1,102,2026-07-18T01:35:00+08:00,坦帕灣光芒,波士頓紅襪,坦帕灣光芒 @ 波士頓紅襪,51455020.1,360,[總分]大小 8.5,252871490.1,大 8.5,A,8.5,1.76,25,19,A,8.5,
2026-07-17,2026-07-17T13:54:53,台灣運彩,824737,3478257.1,102,2026-07-18T01:35:00+08:00,坦帕灣光芒,波士頓紅襪,坦帕灣光芒 @ 波士頓紅襪,51455020.1,360,[總分]大小 8.5,252871489.1,小 8.5,H,8.5,1.74,50,37,H,8.5,
2026-07-17,2026-07-17T13:54:53,台灣運彩,824737,3478257.1,102,2026-07-18T01:35:00+08:00,坦帕灣光芒,波士頓紅襪,坦帕灣光芒 @ 波士頓紅襪,51455032.1,360,[總分]大小 7.5,252871528.1,大 7.5,A,7.5,1.53,100,53,A,7.5,
2026-07-17,2026-07-17T13:54:53,台灣運彩,824737,3478257.1,102,2026-07-18T01:35:00+08:00,坦帕灣光芒,波士頓紅襪,坦帕灣光芒 @ 波士頓紅襪,51455032.1,360,[總分]大小 7.5,252871527.1,小 7.5,H,7.5,1.97,100,97,H,7.5,
2026-07-17,2026-07-17T13:54:53,台灣運彩,824737,3478257.1,102,2026-07-18T01:35:00+08:00,坦帕灣光芒,波士頓紅襪,坦帕灣光芒 @ 波士頓紅襪,51455211.1,362,波士頓紅襪 大小 4.5,252872093.1,大 4.5,A,4.5,1.86,50,43,A,4.5,
2026-07-17,2026-07-17T13:54:53,台灣運彩,824737,3478257.1,102,2026-07-18T01:35:00+08:00,坦帕灣光芒,波士頓紅襪,坦帕灣光芒 @ 波士頓紅襪,51455211.1,362,波士頓紅襪 大小 4.5,252872092.1,小 4.5,H,4.5,1.58,50,29,H,4.5,
2026-07-17,2026-07-17T13:54:53,台灣運彩,824737,3478257.1,102,2026-07-18T01:35:00+08:00,坦帕灣光芒,波士頓紅襪,坦帕灣光芒 @ 波士頓紅襪,51455016.1,363,坦帕灣光芒 大小 3.5,252871482.1,大 3.5,A,3.5,1.60,5,3,A,3.5,
2026-07-17,2026-07-17T13:54:53,台灣運彩,824737,3478257.1,102,2026-07-18T01:35:00+08:00,坦帕灣光芒,波士頓紅襪,坦帕灣光芒 @ 波士頓紅襪,51455016.1,363,坦帕灣光芒 大小 3.5,252871481.1,小 3.5,H,3.5,1.85,20,17,H,3.5,
2026-07-17,2026-07-17T13:54:53,台灣運彩,824737,3478257.1,102,2026-07-18T01:35:00+08:00,坦帕灣光芒,波士頓紅襪,坦帕灣光芒 @ 波士頓紅襪,51455018.1,366,[總分]單雙,252871486.1,單,,,1.48,25,12,,,
2026-07-17,2026-07-17T13:54:53,台灣運彩,824737,3478257.1,102,2026-07-18T01:35:00+08:00,坦帕灣光芒,波士頓紅襪,坦帕灣光芒 @ 波士頓紅襪,51455018.1,366,[總分]單雙,252871485.1,雙,,,2.00,1,1,,,
2026-07-17,2026-07-17T13:54:53,台灣運彩,824737,3478257.1,102,2026-07-18T01:35:00+08:00,坦帕灣光芒,波士頓紅襪,坦帕灣光芒 @ 波士頓紅襪,51455031.1,374,得分最高單局(不含延長賽),252871526.1,一樣多,,,2.25,4,5,,,
2026-07-17,2026-07-17T13:54:53,台灣運彩,824737,3478257.1,102,2026-07-18T01:35:00+08:00,坦帕灣光芒,波士頓紅襪,坦帕灣光芒 @ 波士頓紅襪,51455031.1,374,得分最高單局(不含延長賽),252871517.1,第1局,,,5.45,20,89,,,
2026-07-17,2026-07-17T13:54:53,台灣運彩,824737,3478257.1,102,2026-07-18T01:35:00+08:00,坦帕灣光芒,波士頓紅襪,坦帕灣光芒 @ 波士頓紅襪,51455031.1,374,得分最高單局(不含延長賽),252871518.1,第2局,,,6.50,2,11,,,
2026-07-17,2026-07-17T13:54:53,台灣運彩,824737,3478257.1,102,2026-07-18T01:35:00+08:00,坦帕灣光芒,波士頓紅襪,坦帕灣光芒 @ 波士頓紅襪,51455031.1,374,得分最高單局(不含延長賽),252871519.1,第3局,,,5.85,20,97,,,
2026-07-17,2026-07-17T13:54:53,台灣運彩,824737,3478257.1,102,2026-07-18T01:35:00+08:00,坦帕灣光芒,波士頓紅襪,坦帕灣光芒 @ 波士頓紅襪,51455031.1,374,得分最高單局(不含延長賽),252871520.1,第4局,,,6.25,4,21,,,
2026-07-17,2026-07-17T13:54:53,台灣運彩,824737,3478257.1,102,2026-07-18T01:35:00+08:00,坦帕灣光芒,波士頓紅襪,坦帕灣光芒 @ 波士頓紅襪,51455031.1,374,得分最高單局(不含延長賽),252871521.1,第5局,,,5.90,10,49,,,
2026-07-17,2026-07-17T13:54:53,台灣運彩,824737,3478257.1,102,2026-07-18T01:35:00+08:00,坦帕灣光芒,波士頓紅襪,坦帕灣光芒 @ 波士頓紅襪,51455031.1,374,得分最高單局(不含延長賽),252871522.1,第6局,,,5.90,10,49,,,
2026-07-17,2026-07-17T13:54:53,台灣運彩,824737,3478257.1,102,2026-07-18T01:35:00+08:00,坦帕灣光芒,波士頓紅襪,坦帕灣光芒 @ 波士頓紅襪,51455031.1,374,得分最高單局(不含延長賽),252871523.1,第7局,,,5.95,20,99,,,
2026-07-17,2026-07-17T13:54:53,台灣運彩,824737,3478257.1,102,2026-07-18T01:35:00+08:00,坦帕灣光芒,波士頓紅襪,坦帕灣光芒 @ 波士頓紅襪,51455031.1,374,得分最高單局(不含延長賽),252871524.1,第8局,,,5.75,4,19,,,
2026-07-17,2026-07-17T13:54:53,台灣運彩,824737,3478257.1,102,2026-07-18T01:35:00+08:00,坦帕灣光芒,波士頓紅襪,坦帕灣光芒 @ 波士頓紅襪,51455031.1,374,得分最高單局(不含延長賽),252871525.1,第9局,,,8.00,1,7,,,
2026-07-17,2026-07-17T13:54:53,台灣運彩,824737,3478257.1,102,2026-07-18T01:35:00+08:00,坦帕灣光芒,波士頓紅襪,坦帕灣光芒 @ 波士頓紅襪,51455028.1,376,[1-5局] 不讓分,252871506.1,波士頓紅襪,H,,1.75,4,3,H,,1
2026-07-17,2026-07-17T13:54:53,台灣運彩,824737,3478257.1,102,2026-07-18T01:35:00+08:00,坦帕灣光芒,波士頓紅襪,坦帕灣光芒 @ 波士頓紅襪,51455028.1,376,[1-5局] 不讓分,252871508.1,坦帕灣光芒,A,,1.95,20,19,A,,2
2026-07-17,2026-07-17T13:54:53,台灣運彩,824737,3478257.1,102,2026-07-18T01:35:00+08:00,坦帕灣光芒,波士頓紅襪,坦帕灣光芒 @ 波士頓紅襪,51455028.1,376,[1-5局] 不讓分,252871507.1,和局,D,,4.65,20,73,D,,
2026-07-17,2026-07-17T13:54:53,台灣運彩,824737,3478257.1,102,2026-07-18T01:35:00+08:00,坦帕灣光芒,波士頓紅襪,坦帕灣光芒 @ 波士頓紅襪,51455019.1,378,[1-5局] 大小 4.5,252871488.1,大 4.5,A,4.5,1.68,25,17,A,4.5,
2026-07-17,2026-07-17T13:54:53,台灣運彩,824737,3478257.1,102,2026-07-18T01:35:00+08:00,坦帕灣光芒,波士頓紅襪,坦帕灣光芒 @ 波士頓紅襪,51455019.1,378,[1-5局] 大小 4.5,252871487.1,小 4.5,H,4.5,1.65,20,13,H,4.5,
2026-07-17,2026-07-17T13:54:53,台灣運彩,824737,3478257.1,102,2026-07-18T01:35:00+08:00,坦帕灣光芒,波士頓紅襪,坦帕灣光芒 @ 波士頓紅襪,51455077.1,379,[1-5局] 波士頓紅襪 大小 2.5,252871660.1,大 2.5,A,2.5,1.93,100,93,A,2.5,
2026-07-17,2026-07-17T13:54:53,台灣運彩,824737,3478257.1,102,2026-07-18T01:35:00+08:00,坦帕灣光芒,波士頓紅襪,坦帕灣光芒 @ 波士頓紅襪,51455077.1,379,[1-5局] 波士頓紅襪 大小 2.5,252871659.1,小 2.5,H,2.5,1.53,100,53,H,2.5,
2026-07-17,2026-07-17T13:54:53,台灣運彩,824737,3478257.1,102,2026-07-18T01:35:00+08:00,坦帕灣光芒,波士頓紅襪,坦帕灣光芒 @ 波士頓紅襪,51455027.1,380,[1-5局] 坦帕灣光芒 大小 1.5,252871505.1,大 1.5,A,1.5,1.55,20,11,A,1.5,
2026-07-17,2026-07-17T13:54:53,台灣運彩,824737,3478257.1,102,2026-07-18T01:35:00+08:00,坦帕灣光芒,波士頓紅襪,坦帕灣光芒 @ 波士頓紅襪,51455027.1,380,[1-5局] 坦帕灣光芒 大小 1.5,252871504.1,小 1.5,H,1.5,1.90,10,9,H,1.5,
2026-07-17,2026-07-17T13:54:53,台灣運彩,824737,3478257.1,102,2026-07-18T01:35:00+08:00,坦帕灣光芒,波士頓紅襪,坦帕灣光芒 @ 波士頓紅襪,51455026.1,389,[第1局] 不讓分,252871501.1,波士頓紅襪,H,,2.85,20,37,H,,1
2026-07-17,2026-07-17T13:54:53,台灣運彩,824737,3478257.1,102,2026-07-18T01:35:00+08:00,坦帕灣光芒,波士頓紅襪,坦帕灣光芒 @ 波士頓紅襪,51455026.1,389,[第1局] 不讓分,252871503.1,坦帕灣光芒,A,,3.35,20,47,A,,2
2026-07-17,2026-07-17T13:54:53,台灣運彩,824737,3478257.1,102,2026-07-18T01:35:00+08:00,坦帕灣光芒,波士頓紅襪,坦帕灣光芒 @ 波士頓紅襪,51455026.1,389,[第1局] 不讓分,252871502.1,和局,D,,1.55,20,11,D,,
2026-07-17,2026-07-17T13:54:53,台灣運彩,824737,3478257.1,102,2026-07-18T01:35:00+08:00,坦帕灣光芒,波士頓紅襪,坦帕灣光芒 @ 波士頓紅襪,51455025.1,398,[第1局] 大小 0.5,252871500.1,大 0.5,A,0.5,1.68,25,17,A,0.5,
2026-07-17,2026-07-17T13:54:53,台灣運彩,824737,3478257.1,102,2026-07-18T01:35:00+08:00,坦帕灣光芒,波士頓紅襪,坦帕灣光芒 @ 波士頓紅襪,51455025.1,398,[第1局] 大小 0.5,252871499.1,小 0.5,H,0.5,1.65,20,13,H,0.5,
2026-07-17,2026-07-17T13:54:53,台灣運彩,823524,3478287.1,107,2026-07-18T07:05:00+08:00,洛杉磯道奇,紐約洋基,洛杉磯道奇 @ 紐約洋基,51455801.1,354,不讓分,252874026.1,紐約洋基,H,,1.79,100,79,H,,1
2026-07-17,2026-07-17T13:54:53,台灣運彩,823524,3478287.1,107,2026-07-18T07:05:00+08:00,洛杉磯道奇,紐約洋基,洛杉磯道奇 @ 紐約洋基,51455801.1,354,不讓分,252874027.1,洛杉磯道奇,A,,1.71,100,71,A,,2
2026-07-17,2026-07-17T13:54:53,台灣運彩,823524,3478287.1,107,2026-07-18T07:05:00+08:00,洛杉磯道奇,紐約洋基,洛杉磯道奇 @ 紐約洋基,51455810.1,357,勝分差,252874049.1,洛杉磯道奇 1 分,A,,5.65,20,93,A,,
2026-07-17,2026-07-17T13:54:53,台灣運彩,823524,3478287.1,107,2026-07-18T07:05:00+08:00,洛杉磯道奇,紐約洋基,洛杉磯道奇 @ 紐約洋基,51455810.1,357,勝分差,252874050.1,洛杉磯道奇 2 分,A,,7.25,4,25,A,,
2026-07-17,2026-07-17T13:54:53,台灣運彩,823524,3478287.1,107,2026-07-18T07:05:00+08:00,洛杉磯道奇,紐約洋基,洛杉磯道奇 @ 紐約洋基,51455810.1,357,勝分差,252874051.1,洛杉磯道奇 > 2分,A,,2.35,20,27,A,,
2026-07-17,2026-07-17T13:54:53,台灣運彩,823524,3478287.1,107,2026-07-18T07:05:00+08:00,洛杉磯道奇,紐約洋基,洛杉磯道奇 @ 紐約洋基,51455810.1,357,勝分差,252874046.1,紐約洋基 1 分,H,,4.30,10,33,H,,
2026-07-17,2026-07-17T13:54:53,台灣運彩,823524,3478287.1,107,2026-07-18T07:05:00+08:00,洛杉磯道奇,紐約洋基,洛杉磯道奇 @ 紐約洋基,51455810.1,357,勝分差,252874047.1,紐約洋基 2 分,H,,7.75,4,27,H,,
2026-07-17,2026-07-17T13:54:53,台灣運彩,823524,3478287.1,107,2026-07-18T07:05:00+08:00,洛杉磯道奇,紐約洋基,洛杉磯道奇 @ 紐約洋基,51455810.1,357,勝分差,252874048.1,紐約洋基 > 2分,H,,2.80,5,9,H,,
2026-07-17,2026-07-17T13:54:53,台灣運彩,823524,3478287.1,107,2026-07-18T07:05:00+08:00,洛杉磯道奇,紐約洋基,洛杉磯道奇 @ 紐約洋基,51455807.1,358,讓分 1.5,252874039.1,紐約洋基 +1.5,H,1.5,1.50,2,1,H,1.5,1
2026-07-17,2026-07-17T13:54:53,台灣運彩,823524,3478287.1,107,2026-07-18T07:05:00+08:00,洛杉磯道奇,紐約洋基,洛杉磯道奇 @ 紐約洋基,51455807.1,358,讓分 1.5,252874040.1,洛杉磯道奇 -1.5,A,1.5,2.00,1,1,A,1.5,2
2026-07-17,2026-07-17T13:54:53,台灣運彩,823524,3478287.1,107,2026-07-18T07:05:00+08:00,洛杉磯道奇,紐約洋基,洛杉磯道奇 @ 紐約洋基,51455800.1,360,[總分]大小 9.5,252874025.1,大 9.5,A,9.5,1.85,20,17,A,9.5,
2026-07-17,2026-07-17T13:54:53,台灣運彩,823524,3478287.1,107,2026-07-18T07:05:00+08:00,洛杉磯道奇,紐約洋基,洛杉磯道奇 @ 紐約洋基,51455800.1,360,[總分]大小 9.5,252874024.1,小 9.5,H,9.5,1.65,20,13,H,9.5,
2026-07-17,2026-07-17T13:54:53,台灣運彩,823524,3478287.1,107,2026-07-18T07:05:00+08:00,洛杉磯道奇,紐約洋基,洛杉磯道奇 @ 紐約洋基,51455799.1,362,紐約洋基 大小 4.5,252874023.1,大 4.5,A,4.5,1.82,50,41,A,4.5,
2026-07-17,2026-07-17T13:54:53,台灣運彩,823524,3478287.1,107,2026-07-18T07:05:00+08:00,洛杉磯道奇,紐約洋基,洛杉磯道奇 @ 紐約洋基,51455799.1,362,紐約洋基 大小 4.5,252874022.1,小 4.5,H,4.5,1.62,50,31,H,4.5,
2026-07-17,2026-07-17T13:54:53,台灣運彩,823524,3478287.1,107,2026-07-18T07:05:00+08:00,洛杉磯道奇,紐約洋基,洛杉磯道奇 @ 紐約洋基,51455802.1,363,洛杉磯道奇 大小 4.5,252874029.1,大 4.5,A,4.5,1.72,25,18,A,4.5,
2026-07-17,2026-07-17T13:54:53,台灣運彩,823524,3478287.1,107,2026-07-18T07:05:00+08:00,洛杉磯道奇,紐約洋基,洛杉磯道奇 @ 紐約洋基,51455802.1,363,洛杉磯道奇 大小 4.5,252874028.1,小 4.5,H,4.5,1.72,25,18,H,4.5,
2026-07-17,2026-07-17T13:54:53,台灣運彩,823524,3478287.1,107,2026-07-18T07:05:00+08:00,洛杉磯道奇,紐約洋基,洛杉磯道奇 @ 紐約洋基,51455798.1,366,[總分]單雙,252874021.1,單,,,1.46,50,23,,,
2026-07-17,2026-07-17T13:54:53,台灣運彩,823524,3478287.1,107,2026-07-18T07:05:00+08:00,洛杉磯道奇,紐約洋基,洛杉磯道奇 @ 紐約洋基,51455798.1,366,[總分]單雙,252874020.1,雙,,,1.93,100,93,,,
2026-07-17,2026-07-17T13:54:53,台灣運彩,823524,3478287.1,107,2026-07-18T07:05:00+08:00,洛杉磯道奇,紐約洋基,洛杉磯道奇 @ 紐約洋基,51455811.1,374,得分最高單局(不含延長賽),252874061.1,一樣多,,,2.35,20,27,,,
2026-07-17,2026-07-17T13:54:53,台灣運彩,823524,3478287.1,107,2026-07-18T07:05:00+08:00,洛杉磯道奇,紐約洋基,洛杉磯道奇 @ 紐約洋基,51455811.1,374,得分最高單局(不含延長賽),252874052.1,第1局,,,5.50,2,9,,,
2026-07-17,2026-07-17T13:54:53,台灣運彩,823524,3478287.1,107,2026-07-18T07:05:00+08:00,洛杉磯道奇,紐約洋基,洛杉磯道奇 @ 紐約洋基,51455811.1,374,得分最高單局(不含延長賽),252874053.1,第2局,,,6.75,4,23,,,
2026-07-17,2026-07-17T13:54:53,台灣運彩,823524,3478287.1,107,2026-07-18T07:05:00+08:00,洛杉磯道奇,紐約洋基,洛杉磯道奇 @ 紐約洋基,51455811.1,374,得分最高單局(不含延長賽),252874054.1,第3局,,,5.80,5,24,,,
2026-07-17,2026-07-17T13:54:53,台灣運彩,823524,3478287.1,107,2026-07-18T07:05:00+08:00,洛杉磯道奇,紐約洋基,洛杉磯道奇 @ 紐約洋基,51455811.1,374,得分最高單局(不含延長賽),252874055.1,第4局,,,6.25,4,21,,,
2026-07-17,2026-07-17T13:54:53,台灣運彩,823524,3478287.1,107,2026-07-18T07:05:00+08:00,洛杉磯道奇,紐約洋基,洛杉磯道奇 @ 紐約洋基,51455811.1,374,得分最高單局(不含延長賽),252874056.1,第5局,,,4.05,20,61,,,
2026-07-17,2026-07-17T13:54:53,台灣運彩,823524,3478287.1,107,2026-07-18T07:05:00+08:00,洛杉磯道奇,紐約洋基,洛杉磯道奇 @ 紐約洋基,51455811.1,374,得分最高單局(不含延長賽),252874057.1,第6局,,,6.50,2,11,,,
2026-07-17,2026-07-17T13:54:53,台灣運彩,823524,3478287.1,107,2026-07-18T07:05:00+08:00,洛杉磯道奇,紐約洋基,洛杉磯道奇 @ 紐約洋基,51455811.1,374,得分最高單局(不含延長賽),252874058.1,第7局,,,6.50,2,11,,,
2026-07-17,2026-07-17T13:54:53,台灣運彩,823524,3478287.1,107,2026-07-18T07:05:00+08:00,洛杉磯道奇,紐約洋基,洛杉磯道奇 @ 紐約洋基,51455811.1,374,得分最高單局(不含延長賽),252874059.1,第8局,,,6.50,2,11,,,
2026-07-17,2026-07-17T13:54:53,台灣運彩,823524,3478287.1,107,2026-07-18T07:05:00+08:00,洛杉磯道奇,紐約洋基,洛杉磯道奇 @ 紐約洋基,51455811.1,374,得分最高單局(不含延長賽),252874060.1,第9局,,,8.00,1,7,,,
2026-07-17,2026-07-17T13:54:53,台灣運彩,823524,3478287.1,107,2026-07-18T07:05:00+08:00,洛杉磯道奇,紐約洋基,洛杉磯道奇 @ 紐約洋基,51455808.1,376,[1-5局] 不讓分,252874041.1,紐約洋基,H,,1.85,20,17,H,,1
2026-07-17,2026-07-17T13:54:53,台灣運彩,823524,3478287.1,107,2026-07-18T07:05:00+08:00,洛杉磯道奇,紐約洋基,洛杉磯道奇 @ 紐約洋基,51455808.1,376,[1-5局] 不讓分,252874043.1,洛杉磯道奇,A,,1.80,5,4,A,,2
2026-07-17,2026-07-17T13:54:53,台灣運彩,823524,3478287.1,107,2026-07-18T07:05:00+08:00,洛杉磯道奇,紐約洋基,洛杉磯道奇 @ 紐約洋基,51455808.1,376,[1-5局] 不讓分,252874042.1,和局,D,,5.15,20,83,D,,
2026-07-17,2026-07-17T13:54:53,台灣運彩,823524,3478287.1,107,2026-07-18T07:05:00+08:00,洛杉磯道奇,紐約洋基,洛杉磯道奇 @ 紐約洋基,51455809.1,378,[1-5局] 大小 5.5,252874045.1,大 5.5,A,5.5,1.82,50,41,A,5.5,
2026-07-17,2026-07-17T13:54:53,台灣運彩,823524,3478287.1,107,2026-07-18T07:05:00+08:00,洛杉磯道奇,紐約洋基,洛杉磯道奇 @ 紐約洋基,51455809.1,378,[1-5局] 大小 5.5,252874044.1,小 5.5,H,5.5,1.53,100,53,H,5.5,
2026-07-17,2026-07-17T13:54:53,台灣運彩,823524,3478287.1,107,2026-07-18T07:05:00+08:00,洛杉磯道奇,紐約洋基,洛杉磯道奇 @ 紐約洋基,51455803.1,379,[1-5局] 紐約洋基 大小 2.5,252874031.1,大 2.5,A,2.5,1.88,25,22,A,2.5,
2026-07-17,2026-07-17T13:54:53,台灣運彩,823524,3478287.1,107,2026-07-18T07:05:00+08:00,洛杉磯道奇,紐約洋基,洛杉磯道奇 @ 紐約洋基,51455803.1,379,[1-5局] 紐約洋基 大小 2.5,252874030.1,小 2.5,H,2.5,1.56,25,14,H,2.5,
2026-07-17,2026-07-17T13:54:53,台灣運彩,823524,3478287.1,107,2026-07-18T07:05:00+08:00,洛杉磯道奇,紐約洋基,洛杉磯道奇 @ 紐約洋基,51455804.1,380,[1-5局] 洛杉磯道奇 大小 2.5,252874033.1,大 2.5,A,2.5,1.85,20,17,A,2.5,
2026-07-17,2026-07-17T13:54:53,台灣運彩,823524,3478287.1,107,2026-07-18T07:05:00+08:00,洛杉磯道奇,紐約洋基,洛杉磯道奇 @ 紐約洋基,51455804.1,380,[1-5局] 洛杉磯道奇 大小 2.5,252874032.1,小 2.5,H,2.5,1.60,5,3,H,2.5,
2026-07-17,2026-07-17T13:54:53,台灣運彩,823524,3478287.1,107,2026-07-18T07:05:00+08:00,洛杉磯道奇,紐約洋基,洛杉磯道奇 @ 紐約洋基,51455805.1,389,[第1局] 不讓分,252874034.1,紐約洋基,H,,2.95,20,39,H,,1
2026-07-17,2026-07-17T13:54:53,台灣運彩,823524,3478287.1,107,2026-07-18T07:05:00+08:00,洛杉磯道奇,紐約洋基,洛杉磯道奇 @ 紐約洋基,51455805.1,389,[第1局] 不讓分,252874036.1,洛杉磯道奇,A,,3.00,1,2,A,,2
2026-07-17,2026-07-17T13:54:53,台灣運彩,823524,3478287.1,107,2026-07-18T07:05:00+08:00,洛杉磯道奇,紐約洋基,洛杉磯道奇 @ 紐約洋基,51455805.1,389,[第1局] 不讓分,252874035.1,和局,D,,1.60,5,3,D,,
2026-07-17,2026-07-17T13:54:53,台灣運彩,823524,3478287.1,107,2026-07-18T07:05:00+08:00,洛杉磯道奇,紐約洋基,洛杉磯道奇 @ 紐約洋基,51455806.1,398,[第1局] 大小 0.5,252874038.1,大 0.5,A,0.5,1.62,50,31,A,0.5,
2026-07-17,2026-07-17T13:54:53,台灣運彩,823524,3478287.1,107,2026-07-18T07:05:00+08:00,洛杉磯道奇,紐約洋基,洛杉磯道奇 @ 紐約洋基,51455806.1,398,[第1局] 大小 0.5,252874037.1,小 0.5,H,0.5,1.71,100,71,H,0.5,
2026-07-17,2026-07-17T13:54:53,台灣運彩,824414,3478288.1,109,2026-07-18T07:10:00+08:00,匹茲堡海盜,克里夫蘭守護者,匹茲堡海盜 @ 克里夫蘭守護者,51455815.1,354,不讓分,252874068.1,克里夫蘭守護者,H,,1.58,50,29,H,,1
2026-07-17,2026-07-17T13:54:53,台灣運彩,824414,3478288.1,109,2026-07-18T07:10:00+08:00,匹茲堡海盜,克里夫蘭守護者,匹茲堡海盜 @ 克里夫蘭守護者,51455815.1,354,不讓分,252874069.1,匹茲堡海盜,A,,1.92,25,23,A,,2
2026-07-17,2026-07-17T13:54:53,台灣運彩,824414,3478288.1,109,2026-07-18T07:10:00+08:00,匹茲堡海盜,克里夫蘭守護者,匹茲堡海盜 @ 克里夫蘭守護者,51455827.1,357,勝分差,252874094.1,克里夫蘭守護者 1 分,H,,3.85,20,57,H,,
2026-07-17,2026-07-17T13:54:53,台灣運彩,824414,3478288.1,109,2026-07-18T07:10:00+08:00,匹茲堡海盜,克里夫蘭守護者,匹茲堡海盜 @ 克里夫蘭守護者,51455827.1,357,勝分差,252874095.1,克里夫蘭守護者 2 分,H,,6.75,4,23,H,,
2026-07-17,2026-07-17T13:54:53,台灣運彩,824414,3478288.1,109,2026-07-18T07:10:00+08:00,匹茲堡海盜,克里夫蘭守護者,匹茲堡海盜 @ 克里夫蘭守護者,51455827.1,357,勝分差,252874096.1,克里夫蘭守護者 > 2分,H,,2.65,20,33,H,,
2026-07-17,2026-07-17T13:54:53,台灣運彩,824414,3478288.1,109,2026-07-18T07:10:00+08:00,匹茲堡海盜,克里夫蘭守護者,匹茲堡海盜 @ 克里夫蘭守護者,51455827.1,357,勝分差,252874097.1,匹茲堡海盜 1 分,A,,5.35,20,87,A,,
2026-07-17,2026-07-17T13:54:53,台灣運彩,824414,3478288.1,109,2026-07-18T07:10:00+08:00,匹茲堡海盜,克里夫蘭守護者,匹茲堡海盜 @ 克里夫蘭守護者,51455827.1,357,勝分差,252874098.1,匹茲堡海盜 2 分,A,,7.00,1,6,A,,
2026-07-17,2026-07-17T13:54:53,台灣運彩,824414,3478288.1,109,2026-07-18T07:10:00+08:00,匹茲堡海盜,克里夫蘭守護者,匹茲堡海盜 @ 克里夫蘭守護者,51455827.1,357,勝分差,252874099.1,匹茲堡海盜 > 2分,A,,2.95,20,39,A,,
2026-07-17,2026-07-17T13:54:53,台灣運彩,824414,3478288.1,109,2026-07-18T07:10:00+08:00,匹茲堡海盜,克里夫蘭守護者,匹茲堡海盜 @ 克里夫蘭守護者,51455817.1,358,讓分 -2.5,252874072.1,克里夫蘭守護者 -2.5,H,-2.5,2.70,10,17,H,-2.5,1
2026-07-17,2026-07-17T13:54:53,台灣運彩,824414,3478288.1,109,2026-07-18T07:10:00+08:00,匹茲堡海盜,克里夫蘭守護者,匹茲堡海盜 @ 克里夫蘭守護者,51455817.1,358,讓分 -2.5,252874073.1,匹茲堡海盜 +2.5,A,-2.5,1.28,25,7,A,-2.5,2
2026-07-17,2026-07-17T13:54:53,台灣運彩,824414,3478288.1,109,2026-07-18T07:10:00+08:00,匹茲堡海盜,克里夫蘭守護者,匹茲堡海盜 @ 克里夫蘭守護者,51455819.1,358,讓分 -1.5,252874076.1,克里夫蘭守護者 -1.5,H,-1.5,2.15,20,23,H,-1.5,1
2026-07-17,2026-07-17T13:54:53,台灣運彩,824414,3478288.1,109,2026-07-18T07:10:00+08:00,匹茲堡海盜,克里夫蘭守護者,匹茲堡海盜 @ 克里夫蘭守護者,51455819.1,358,讓分 -1.5,252874077.1,匹茲堡海盜 +1.5,A,-1.5,1.43,100,43,A,-1.5,2
2026-07-17,2026-07-17T13:54:53,台灣運彩,824414,3478288.1,109,2026-07-18T07:10:00+08:00,匹茲堡海盜,克里夫蘭守護者,匹茲堡海盜 @ 克里夫蘭守護者,51455814.1,360,[總分]大小 6.5,252874067.1,大 6.5,A,6.5,1.43,100,43,A,6.5,
2026-07-17,2026-07-17T13:54:53,台灣運彩,824414,3478288.1,109,2026-07-18T07:10:00+08:00,匹茲堡海盜,克里夫蘭守護者,匹茲堡海盜 @ 克里夫蘭守護者,51455814.1,360,[總分]大小 6.5,252874066.1,小 6.5,H,6.5,2.15,20,23,H,6.5,
2026-07-17,2026-07-17T13:54:53,台灣運彩,824414,3478288.1,109,2026-07-18T07:10:00+08:00,匹茲堡海盜,克里夫蘭守護者,匹茲堡海盜 @ 克里夫蘭守護者,51455818.1,360,[總分]大小 7.5,252874075.1,大 7.5,A,7.5,1.74,50,37,A,7.5,
2026-07-17,2026-07-17T13:54:53,台灣運彩,824414,3478288.1,109,2026-07-18T07:10:00+08:00,匹茲堡海盜,克里夫蘭守護者,匹茲堡海盜 @ 克里夫蘭守護者,51455818.1,360,[總分]大小 7.5,252874074.1,小 7.5,H,7.5,1.76,25,19,H,7.5,
2026-07-17,2026-07-17T13:54:53,台灣運彩,824414,3478288.1,109,2026-07-18T07:10:00+08:00,匹茲堡海盜,克里夫蘭守護者,匹茲堡海盜 @ 克里夫蘭守護者,51455824.1,360,[總分]大小 8.5,252874088.1,大 8.5,A,8.5,1.97,100,97,A,8.5,
2026-07-17,2026-07-17T13:54:53,台灣運彩,824414,3478288.1,109,2026-07-18T07:10:00+08:00,匹茲堡海盜,克里夫蘭守護者,匹茲堡海盜 @ 克里夫蘭守護者,51455824.1,360,[總分]大小 8.5,252874087.1,小 8.5,H,8.5,1.53,100,53,H,8.5,
2026-07-17,2026-07-17T13:54:53,台灣運彩,824414,3478288.1,109,2026-07-18T07:10:00+08:00,匹茲堡海盜,克里夫蘭守護者,匹茲堡海盜 @ 克里夫蘭守護者,51455826.1,362,克里夫蘭守護者 大小 3.5,252874093.1,大 3.5,A,3.5,1.62,50,31,A,3.5,
2026-07-17,2026-07-17T13:54:53,台灣運彩,824414,3478288.1,109,2026-07-18T07:10:00+08:00,匹茲堡海盜,克里夫蘭守護者,匹茲堡海盜 @ 克里夫蘭守護者,51455826.1,362,克里夫蘭守護者 大小 3.5,252874092.1,小 3.5,H,3.5,1.82,50,41,H,3.5,
2026-07-17,2026-07-17T13:54:53,台灣運彩,824414,3478288.1,109,2026-07-18T07:10:00+08:00,匹茲堡海盜,克里夫蘭守護者,匹茲堡海盜 @ 克里夫蘭守護者,51455821.1,363,匹茲堡海盜 大小 3.5,252874081.1,大 3.5,A,3.5,1.75,4,3,A,3.5,
2026-07-17,2026-07-17T13:54:53,台灣運彩,824414,3478288.1,109,2026-07-18T07:10:00+08:00,匹茲堡海盜,克里夫蘭守護者,匹茲堡海盜 @ 克里夫蘭守護者,51455821.1,363,匹茲堡海盜 大小 3.5,252874080.1,小 3.5,H,3.5,1.68,25,17,H,3.5,
2026-07-17,2026-07-17T13:54:53,台灣運彩,824414,3478288.1,109,2026-07-18T07:10:00+08:00,匹茲堡海盜,克里夫蘭守護者,匹茲堡海盜 @ 克里夫蘭守護者,51455816.1,366,[總分]單雙,252874071.1,單,,,1.46,50,23,,,
2026-07-17,2026-07-17T13:54:53,台灣運彩,824414,3478288.1,109,2026-07-18T07:10:00+08:00,匹茲堡海盜,克里夫蘭守護者,匹茲堡海盜 @ 克里夫蘭守護者,51455816.1,366,[總分]單雙,252874070.1,雙,,,2.05,20,21,,,
2026-07-17,2026-07-17T13:54:53,台灣運彩,824414,3478288.1,109,2026-07-18T07:10:00+08:00,匹茲堡海盜,克里夫蘭守護者,匹茲堡海盜 @ 克里夫蘭守護者,51455828.1,374,得分最高單局(不含延長賽),252874109.1,一樣多,,,2.20,5,6,,,
2026-07-17,2026-07-17T13:54:53,台灣運彩,824414,3478288.1,109,2026-07-18T07:10:00+08:00,匹茲堡海盜,克里夫蘭守護者,匹茲堡海盜 @ 克里夫蘭守護者,51455828.1,374,得分最高單局(不含延長賽),252874100.1,第1局,,,5.65,20,93,,,
2026-07-17,2026-07-17T13:54:53,台灣運彩,824414,3478288.1,109,2026-07-18T07:10:00+08:00,匹茲堡海盜,克里夫蘭守護者,匹茲堡海盜 @ 克里夫蘭守護者,51455828.1,374,得分最高單局(不含延長賽),252874101.1,第2局,,,6.75,4,23,,,
2026-07-17,2026-07-17T13:54:53,台灣運彩,824414,3478288.1,109,2026-07-18T07:10:00+08:00,匹茲堡海盜,克里夫蘭守護者,匹茲堡海盜 @ 克里夫蘭守護者,51455828.1,374,得分最高單局(不含延長賽),252874102.1,第3局,,,5.90,10,49,,,
2026-07-17,2026-07-17T13:54:53,台灣運彩,824414,3478288.1,109,2026-07-18T07:10:00+08:00,匹茲堡海盜,克里夫蘭守護者,匹茲堡海盜 @ 克里夫蘭守護者,51455828.1,374,得分最高單局(不含延長賽),252874103.1,第4局,,,6.50,2,11,,,
2026-07-17,2026-07-17T13:54:53,台灣運彩,824414,3478288.1,109,2026-07-18T07:10:00+08:00,匹茲堡海盜,克里夫蘭守護者,匹茲堡海盜 @ 克里夫蘭守護者,51455828.1,374,得分最高單局(不含延長賽),252874104.1,第5局,,,6.25,4,21,,,
2026-07-17,2026-07-17T13:54:53,台灣運彩,824414,3478288.1,109,2026-07-18T07:10:00+08:00,匹茲堡海盜,克里夫蘭守護者,匹茲堡海盜 @ 克里夫蘭守護者,51455828.1,374,得分最高單局(不含延長賽),252874105.1,第6局,,,5.75,4,19,,,
2026-07-17,2026-07-17T13:54:53,台灣運彩,824414,3478288.1,109,2026-07-18T07:10:00+08:00,匹茲堡海盜,克里夫蘭守護者,匹茲堡海盜 @ 克里夫蘭守護者,51455828.1,374,得分最高單局(不含延長賽),252874106.1,第7局,,,5.90,10,49,,,
2026-07-17,2026-07-17T13:54:53,台灣運彩,824414,3478288.1,109,2026-07-18T07:10:00+08:00,匹茲堡海盜,克里夫蘭守護者,匹茲堡海盜 @ 克里夫蘭守護者,51455828.1,374,得分最高單局(不含延長賽),252874107.1,第8局,,,5.45,20,89,,,
2026-07-17,2026-07-17T13:54:53,台灣運彩,824414,3478288.1,109,2026-07-18T07:10:00+08:00,匹茲堡海盜,克里夫蘭守護者,匹茲堡海盜 @ 克里夫蘭守護者,51455828.1,374,得分最高單局(不含延長賽),252874108.1,第9局,,,8.00,1,7,,,
2026-07-17,2026-07-17T13:54:53,台灣運彩,824414,3478288.1,109,2026-07-18T07:10:00+08:00,匹茲堡海盜,克里夫蘭守護者,匹茲堡海盜 @ 克里夫蘭守護者,51455825.1,376,[1-5局] 不讓分,252874089.1,克里夫蘭守護者,H,,1.75,4,3,H,,1
2026-07-17,2026-07-17T13:54:53,台灣運彩,824414,3478288.1,109,2026-07-18T07:10:00+08:00,匹茲堡海盜,克里夫蘭守護者,匹茲堡海盜 @ 克里夫蘭守護者,51455825.1,376,[1-5局] 不讓分,252874091.1,匹茲堡海盜,A,,2.05,20,21,A,,2
2026-07-17,2026-07-17T13:54:53,台灣運彩,824414,3478288.1,109,2026-07-18T07:10:00+08:00,匹茲堡海盜,克里夫蘭守護者,匹茲堡海盜 @ 克里夫蘭守護者,51455825.1,376,[1-5局] 不讓分,252874090.1,和局,D,,4.20,5,16,D,,
2026-07-17,2026-07-17T13:54:53,台灣運彩,824414,3478288.1,109,2026-07-18T07:10:00+08:00,匹茲堡海盜,克里夫蘭守護者,匹茲堡海盜 @ 克里夫蘭守護者,51455863.1,378,[1-5局] 大小 3.5,252874205.1,大 3.5,A,3.5,1.53,100,53,A,3.5,
2026-07-17,2026-07-17T13:54:53,台灣運彩,824414,3478288.1,109,2026-07-18T07:10:00+08:00,匹茲堡海盜,克里夫蘭守護者,匹茲堡海盜 @ 克里夫蘭守護者,51455863.1,378,[1-5局] 大小 3.5,252874204.1,小 3.5,H,3.5,1.82,50,41,H,3.5,
2026-07-17,2026-07-17T13:54:53,台灣運彩,824414,3478288.1,109,2026-07-18T07:10:00+08:00,匹茲堡海盜,克里夫蘭守護者,匹茲堡海盜 @ 克里夫蘭守護者,51455813.1,379,[1-5局] 克里夫蘭守護者 大小 1.5,252874065.1,大 1.5,A,1.5,1.55,20,11,A,1.5,
2026-07-17,2026-07-17T13:54:53,台灣運彩,824414,3478288.1,109,2026-07-18T07:10:00+08:00,匹茲堡海盜,克里夫蘭守護者,匹茲堡海盜 @ 克里夫蘭守護者,51455813.1,379,[1-5局] 克里夫蘭守護者 大小 1.5,252874064.1,小 1.5,H,1.5,1.90,10,9,H,1.5,
2026-07-17,2026-07-17T13:54:53,台灣運彩,824414,3478288.1,109,2026-07-18T07:10:00+08:00,匹茲堡海盜,克里夫蘭守護者,匹茲堡海盜 @ 克里夫蘭守護者,51455823.1,380,[1-5局] 匹茲堡海盜 大小 1.5,252874086.1,大 1.5,A,1.5,1.72,25,18,A,1.5,
2026-07-17,2026-07-17T13:54:53,台灣運彩,824414,3478288.1,109,2026-07-18T07:10:00+08:00,匹茲堡海盜,克里夫蘭守護者,匹茲堡海盜 @ 克里夫蘭守護者,51455823.1,380,[1-5局] 匹茲堡海盜 大小 1.5,252874085.1,小 1.5,H,1.5,1.72,25,18,H,1.5,
2026-07-17,2026-07-17T13:54:53,台灣運彩,824414,3478288.1,109,2026-07-18T07:10:00+08:00,匹茲堡海盜,克里夫蘭守護者,匹茲堡海盜 @ 克里夫蘭守護者,51455822.1,389,[第1局] 不讓分,252874082.1,克里夫蘭守護者,H,,3.05,20,41,H,,1
2026-07-17,2026-07-17T13:54:53,台灣運彩,824414,3478288.1,109,2026-07-18T07:10:00+08:00,匹茲堡海盜,克里夫蘭守護者,匹茲堡海盜 @ 克里夫蘭守護者,51455822.1,389,[第1局] 不讓分,252874084.1,匹茲堡海盜,A,,3.50,2,5,A,,2
2026-07-17,2026-07-17T13:54:53,台灣運彩,824414,3478288.1,109,2026-07-18T07:10:00+08:00,匹茲堡海盜,克里夫蘭守護者,匹茲堡海盜 @ 克里夫蘭守護者,51455822.1,389,[第1局] 不讓分,252874083.1,和局,D,,1.45,20,9,D,,
2026-07-17,2026-07-17T13:54:53,台灣運彩,824414,3478288.1,109,2026-07-18T07:10:00+08:00,匹茲堡海盜,克里夫蘭守護者,匹茲堡海盜 @ 克里夫蘭守護者,51455812.1,398,[第1局] 大小 0.5,252874063.1,大 0.5,A,0.5,1.80,5,4,A,0.5,
2026-07-17,2026-07-17T13:54:53,台灣運彩,824414,3478288.1,109,2026-07-18T07:10:00+08:00,匹茲堡海盜,克里夫蘭守護者,匹茲堡海盜 @ 克里夫蘭守護者,51455812.1,398,[第1局] 大小 0.5,252874062.1,小 0.5,H,0.5,1.55,20,11,H,0.5,
2026-07-17,2026-07-17T13:54:53,台灣運彩,824901,3478289.1,110,2026-07-18T07:15:00+08:00,德州遊騎兵,亞特蘭大勇士,德州遊騎兵 @ 亞特蘭大勇士,51455841.1,354,不讓分,252874138.1,亞特蘭大勇士,H,,1.36,25,9,H,,1
2026-07-17,2026-07-17T13:54:53,台灣運彩,824901,3478289.1,110,2026-07-18T07:15:00+08:00,德州遊騎兵,亞特蘭大勇士,德州遊騎兵 @ 亞特蘭大勇士,51455841.1,354,不讓分,252874139.1,德州遊騎兵,A,,2.40,5,7,A,,2
2026-07-17,2026-07-17T13:54:53,台灣運彩,824901,3478289.1,110,2026-07-18T07:15:00+08:00,德州遊騎兵,亞特蘭大勇士,德州遊騎兵 @ 亞特蘭大勇士,51455877.1,357,勝分差,252874238.1,亞特蘭大勇士 1 分,H,,3.95,20,59,H,,
2026-07-17,2026-07-17T13:54:53,台灣運彩,824901,3478289.1,110,2026-07-18T07:15:00+08:00,德州遊騎兵,亞特蘭大勇士,德州遊騎兵 @ 亞特蘭大勇士,51455877.1,357,勝分差,252874239.1,亞特蘭大勇士 2 分,H,,6.25,4,21,H,,
2026-07-17,2026-07-17T13:54:53,台灣運彩,824901,3478289.1,110,2026-07-18T07:15:00+08:00,德州遊騎兵,亞特蘭大勇士,德州遊騎兵 @ 亞特蘭大勇士,51455877.1,357,勝分差,252874240.1,亞特蘭大勇士 > 2分,H,,2.00,1,1,H,,
2026-07-17,2026-07-17T13:54:53,台灣運彩,824901,3478289.1,110,2026-07-18T07:15:00+08:00,德州遊騎兵,亞特蘭大勇士,德州遊騎兵 @ 亞特蘭大勇士,51455877.1,357,勝分差,252874241.1,德州遊騎兵 1 分,A,,6.25,4,21,A,,
2026-07-17,2026-07-17T13:54:53,台灣運彩,824901,3478289.1,110,2026-07-18T07:15:00+08:00,德州遊騎兵,亞特蘭大勇士,德州遊騎兵 @ 亞特蘭大勇士,51455877.1,357,勝分差,252874242.1,德州遊騎兵 2 分,A,,8.75,4,31,A,,
2026-07-17,2026-07-17T13:54:53,台灣運彩,824901,3478289.1,110,2026-07-18T07:15:00+08:00,德州遊騎兵,亞特蘭大勇士,德州遊騎兵 @ 亞特蘭大勇士,51455877.1,357,勝分差,252874243.1,德州遊騎兵 > 2分,A,,3.85,20,57,A,,
2026-07-17,2026-07-17T13:54:53,台灣運彩,824901,3478289.1,110,2026-07-18T07:15:00+08:00,德州遊騎兵,亞特蘭大勇士,德州遊騎兵 @ 亞特蘭大勇士,51455832.1,358,讓分 -2.5,252874118.1,亞特蘭大勇士 -2.5,H,-2.5,2.10,10,11,H,-2.5,1
2026-07-17,2026-07-17T13:54:53,台灣運彩,824901,3478289.1,110,2026-07-18T07:15:00+08:00,德州遊騎兵,亞特蘭大勇士,德州遊騎兵 @ 亞特蘭大勇士,51455832.1,358,讓分 -2.5,252874119.1,德州遊騎兵 +2.5,A,-2.5,1.45,20,9,A,-2.5,2
2026-07-17,2026-07-17T13:54:53,台灣運彩,824901,3478289.1,110,2026-07-18T07:15:00+08:00,德州遊騎兵,亞特蘭大勇士,德州遊騎兵 @ 亞特蘭大勇士,51455837.1,358,讓分 -1.5,252874129.1,亞特蘭大勇士 -1.5,H,-1.5,1.77,100,77,H,-1.5,1
2026-07-17,2026-07-17T13:54:53,台灣運彩,824901,3478289.1,110,2026-07-18T07:15:00+08:00,德州遊騎兵,亞特蘭大勇士,德州遊騎兵 @ 亞特蘭大勇士,51455837.1,358,讓分 -1.5,252874130.1,德州遊騎兵 +1.5,A,-1.5,1.73,100,73,A,-1.5,2
2026-07-17,2026-07-17T13:54:53,台灣運彩,824901,3478289.1,110,2026-07-18T07:15:00+08:00,德州遊騎兵,亞特蘭大勇士,德州遊騎兵 @ 亞特蘭大勇士,51455831.1,360,[總分]大小 7.5,252874117.1,大 7.5,A,7.5,1.55,20,11,A,7.5,
2026-07-17,2026-07-17T13:54:53,台灣運彩,824901,3478289.1,110,2026-07-18T07:15:00+08:00,德州遊騎兵,亞特蘭大勇士,德州遊騎兵 @ 亞特蘭大勇士,51455831.1,360,[總分]大小 7.5,252874116.1,小 7.5,H,7.5,1.95,20,19,H,7.5,
2026-07-17,2026-07-17T13:54:53,台灣運彩,824901,3478289.1,110,2026-07-18T07:15:00+08:00,德州遊騎兵,亞特蘭大勇士,德州遊騎兵 @ 亞特蘭大勇士,51455833.1,360,[總分]大小 9.5,252874121.1,大 9.5,A,9.5,2.10,10,11,A,9.5,
2026-07-17,2026-07-17T13:54:53,台灣運彩,824901,3478289.1,110,2026-07-18T07:15:00+08:00,德州遊騎兵,亞特蘭大勇士,德州遊騎兵 @ 亞特蘭大勇士,51455833.1,360,[總分]大小 9.5,252874120.1,小 9.5,H,9.5,1.45,20,9,H,9.5,
2026-07-17,2026-07-17T13:54:53,台灣運彩,824901,3478289.1,110,2026-07-18T07:15:00+08:00,德州遊騎兵,亞特蘭大勇士,德州遊騎兵 @ 亞特蘭大勇士,51455835.1,360,[總分]大小 8.5,252874126.1,大 8.5,A,8.5,1.78,50,39,A,8.5,
2026-07-17,2026-07-17T13:54:53,台灣運彩,824901,3478289.1,110,2026-07-18T07:15:00+08:00,德州遊騎兵,亞特蘭大勇士,德州遊騎兵 @ 亞特蘭大勇士,51455835.1,360,[總分]大小 8.5,252874125.1,小 8.5,H,8.5,1.72,25,18,H,8.5,
2026-07-17,2026-07-17T13:54:53,台灣運彩,824901,3478289.1,110,2026-07-18T07:15:00+08:00,德州遊騎兵,亞特蘭大勇士,德州遊騎兵 @ 亞特蘭大勇士,51455875.1,362,亞特蘭大勇士 大小 4.5,252874235.1,大 4.5,A,4.5,1.68,25,17,A,4.5,
2026-07-17,2026-07-17T13:54:53,台灣運彩,824901,3478289.1,110,2026-07-18T07:15:00+08:00,德州遊騎兵,亞特蘭大勇士,德州遊騎兵 @ 亞特蘭大勇士,51455875.1,362,亞特蘭大勇士 大小 4.5,252874234.1,小 4.5,H,4.5,1.75,4,3,H,4.5,
2026-07-17,2026-07-17T13:54:53,台灣運彩,824901,3478289.1,110,2026-07-18T07:15:00+08:00,德州遊騎兵,亞特蘭大勇士,德州遊騎兵 @ 亞特蘭大勇士,51455876.1,363,德州遊騎兵 大小 3.5,252874237.1,大 3.5,A,3.5,1.86,50,43,A,3.5,
2026-07-17,2026-07-17T13:54:53,台灣運彩,824901,3478289.1,110,2026-07-18T07:15:00+08:00,德州遊騎兵,亞特蘭大勇士,德州遊騎兵 @ 亞特蘭大勇士,51455876.1,363,德州遊騎兵 大小 3.5,252874236.1,小 3.5,H,3.5,1.58,50,29,H,3.5,
2026-07-17,2026-07-17T13:54:53,台灣運彩,824901,3478289.1,110,2026-07-18T07:15:00+08:00,德州遊騎兵,亞特蘭大勇士,德州遊騎兵 @ 亞特蘭大勇士,51455874.1,366,[總分]單雙,252874233.1,單,,,1.48,25,12,,,
2026-07-17,2026-07-17T13:54:53,台灣運彩,824901,3478289.1,110,2026-07-18T07:15:00+08:00,德州遊騎兵,亞特蘭大勇士,德州遊騎兵 @ 亞特蘭大勇士,51455874.1,366,[總分]單雙,252874232.1,雙,,,2.00,1,1,,,
2026-07-17,2026-07-17T13:54:53,台灣運彩,824901,3478289.1,110,2026-07-18T07:15:00+08:00,德州遊騎兵,亞特蘭大勇士,德州遊騎兵 @ 亞特蘭大勇士,51455844.1,374,得分最高單局(不含延長賽),252874153.1,一樣多,,,2.25,4,5,,,
2026-07-17,2026-07-17T13:54:53,台灣運彩,824901,3478289.1,110,2026-07-18T07:15:00+08:00,德州遊騎兵,亞特蘭大勇士,德州遊騎兵 @ 亞特蘭大勇士,51455844.1,374,得分最高單局(不含延長賽),252874144.1,第1局,,,5.40,5,22,,,
2026-07-17,2026-07-17T13:54:53,台灣運彩,824901,3478289.1,110,2026-07-18T07:15:00+08:00,德州遊騎兵,亞特蘭大勇士,德州遊騎兵 @ 亞特蘭大勇士,51455844.1,374,得分最高單局(不含延長賽),252874145.1,第2局,,,6.50,2,11,,,
2026-07-17,2026-07-17T13:54:53,台灣運彩,824901,3478289.1,110,2026-07-18T07:15:00+08:00,德州遊騎兵,亞特蘭大勇士,德州遊騎兵 @ 亞特蘭大勇士,51455844.1,374,得分最高單局(不含延長賽),252874146.1,第3局,,,5.75,4,19,,,
2026-07-17,2026-07-17T13:54:53,台灣運彩,824901,3478289.1,110,2026-07-18T07:15:00+08:00,德州遊騎兵,亞特蘭大勇士,德州遊騎兵 @ 亞特蘭大勇士,51455844.1,374,得分最高單局(不含延長賽),252874147.1,第4局,,,6.25,4,21,,,
2026-07-17,2026-07-17T13:54:53,台灣運彩,824901,3478289.1,110,2026-07-18T07:15:00+08:00,德州遊騎兵,亞特蘭大勇士,德州遊騎兵 @ 亞特蘭大勇士,51455844.1,374,得分最高單局(不含延長賽),252874148.1,第5局,,,5.90,10,49,,,
2026-07-17,2026-07-17T13:54:53,台灣運彩,824901,3478289.1,110,2026-07-18T07:15:00+08:00,德州遊騎兵,亞特蘭大勇士,德州遊騎兵 @ 亞特蘭大勇士,51455844.1,374,得分最高單局(不含延長賽),252874149.1,第6局,,,5.80,5,24,,,
2026-07-17,2026-07-17T13:54:53,台灣運彩,824901,3478289.1,110,2026-07-18T07:15:00+08:00,德州遊騎兵,亞特蘭大勇士,德州遊騎兵 @ 亞特蘭大勇士,51455844.1,374,得分最高單局(不含延長賽),252874150.1,第7局,,,5.75,4,19,,,
2026-07-17,2026-07-17T13:54:53,台灣運彩,824901,3478289.1,110,2026-07-18T07:15:00+08:00,德州遊騎兵,亞特蘭大勇士,德州遊騎兵 @ 亞特蘭大勇士,51455844.1,374,得分最高單局(不含延長賽),252874151.1,第8局,,,5.75,4,19,,,
2026-07-17,2026-07-17T13:54:53,台灣運彩,824901,3478289.1,110,2026-07-18T07:15:00+08:00,德州遊騎兵,亞特蘭大勇士,德州遊騎兵 @ 亞特蘭大勇士,51455844.1,374,得分最高單局(不含延長賽),252874152.1,第9局,,,8.00,1,7,,,
2026-07-17,2026-07-17T13:54:53,台灣運彩,824901,3478289.1,110,2026-07-18T07:15:00+08:00,德州遊騎兵,亞特蘭大勇士,德州遊騎兵 @ 亞特蘭大勇士,51455840.1,376,[1-5局] 不讓分,252874135.1,亞特蘭大勇士,H,,1.50,2,1,H,,1
2026-07-17,2026-07-17T13:54:53,台灣運彩,824901,3478289.1,110,2026-07-18T07:15:00+08:00,德州遊騎兵,亞特蘭大勇士,德州遊騎兵 @ 亞特蘭大勇士,51455840.1,376,[1-5局] 不讓分,252874137.1,德州遊騎兵,A,,2.45,20,29,A,,2
2026-07-17,2026-07-17T13:54:53,台灣運彩,824901,3478289.1,110,2026-07-18T07:15:00+08:00,德州遊騎兵,亞特蘭大勇士,德州遊騎兵 @ 亞特蘭大勇士,51455840.1,376,[1-5局] 不讓分,252874136.1,和局,D,,4.60,5,18,D,,
2026-07-17,2026-07-17T13:54:53,台灣運彩,824901,3478289.1,110,2026-07-18T07:15:00+08:00,德州遊騎兵,亞特蘭大勇士,德州遊騎兵 @ 亞特蘭大勇士,51455838.1,378,[1-5局] 大小 4.5,252874132.1,大 4.5,A,4.5,1.68,25,17,A,4.5,
2026-07-17,2026-07-17T13:54:53,台灣運彩,824901,3478289.1,110,2026-07-18T07:15:00+08:00,德州遊騎兵,亞特蘭大勇士,德州遊騎兵 @ 亞特蘭大勇士,51455838.1,378,[1-5局] 大小 4.5,252874131.1,小 4.5,H,4.5,1.65,20,13,H,4.5,
2026-07-17,2026-07-17T13:54:53,台灣運彩,824901,3478289.1,110,2026-07-18T07:15:00+08:00,德州遊騎兵,亞特蘭大勇士,德州遊騎兵 @ 亞特蘭大勇士,51455842.1,379,[1-5局] 亞特蘭大勇士 大小 2.5,252874141.1,大 2.5,A,2.5,1.72,25,18,A,2.5,
2026-07-17,2026-07-17T13:54:53,台灣運彩,824901,3478289.1,110,2026-07-18T07:15:00+08:00,德州遊騎兵,亞特蘭大勇士,德州遊騎兵 @ 亞特蘭大勇士,51455842.1,379,[1-5局] 亞特蘭大勇士 大小 2.5,252874140.1,小 2.5,H,2.5,1.72,25,18,H,2.5,
2026-07-17,2026-07-17T13:54:53,台灣運彩,824901,3478289.1,110,2026-07-18T07:15:00+08:00,德州遊騎兵,亞特蘭大勇士,德州遊騎兵 @ 亞特蘭大勇士,51455843.1,380,[1-5局] 德州遊騎兵 大小 1.5,252874143.1,大 1.5,A,1.5,1.80,5,4,A,1.5,
2026-07-17,2026-07-17T13:54:53,台灣運彩,824901,3478289.1,110,2026-07-18T07:15:00+08:00,德州遊騎兵,亞特蘭大勇士,德州遊騎兵 @ 亞特蘭大勇士,51455843.1,380,[1-5局] 德州遊騎兵 大小 1.5,252874142.1,小 1.5,H,1.5,1.63,100,63,H,1.5,
2026-07-17,2026-07-17T13:54:53,台灣運彩,824901,3478289.1,110,2026-07-18T07:15:00+08:00,德州遊騎兵,亞特蘭大勇士,德州遊騎兵 @ 亞特蘭大勇士,51455834.1,389,[第1局] 不讓分,252874122.1,亞特蘭大勇士,H,,2.45,20,29,H,,1
2026-07-17,2026-07-17T13:54:53,台灣運彩,824901,3478289.1,110,2026-07-18T07:15:00+08:00,德州遊騎兵,亞特蘭大勇士,德州遊騎兵 @ 亞特蘭大勇士,51455834.1,389,[第1局] 不讓分,252874124.1,德州遊騎兵,A,,4.05,20,61,A,,2
2026-07-17,2026-07-17T13:54:53,台灣運彩,824901,3478289.1,110,2026-07-18T07:15:00+08:00,德州遊騎兵,亞特蘭大勇士,德州遊騎兵 @ 亞特蘭大勇士,51455834.1,389,[第1局] 不讓分,252874123.1,和局,D,,1.55,20,11,D,,
2026-07-17,2026-07-17T13:54:53,台灣運彩,824901,3478289.1,110,2026-07-18T07:15:00+08:00,德州遊騎兵,亞特蘭大勇士,德州遊騎兵 @ 亞特蘭大勇士,51455836.1,398,[第1局] 大小 0.5,252874128.1,大 0.5,A,0.5,1.68,25,17,A,0.5,
2026-07-17,2026-07-17T13:54:53,台灣運彩,824901,3478289.1,110,2026-07-18T07:15:00+08:00,德州遊騎兵,亞特蘭大勇士,德州遊騎兵 @ 亞特蘭大勇士,51455836.1,398,[第1局] 大小 0.5,252874127.1,小 0.5,H,0.5,1.65,20,13,H,0.5,
2026-07-17,2026-07-17T13:54:53,台灣運彩,822789,3478290.1,111,2026-07-18T07:15:00+08:00,芝加哥白襪,多倫多藍鳥,芝加哥白襪 @ 多倫多藍鳥,51455846.1,354,不讓分,252874156.1,多倫多藍鳥,H,,1.55,20,11,H,,1
2026-07-17,2026-07-17T13:54:53,台灣運彩,822789,3478290.1,111,2026-07-18T07:15:00+08:00,芝加哥白襪,多倫多藍鳥,芝加哥白襪 @ 多倫多藍鳥,51455846.1,354,不讓分,252874157.1,芝加哥白襪,A,,1.95,20,19,A,,2
2026-07-17,2026-07-17T13:54:53,台灣運彩,822789,3478290.1,111,2026-07-18T07:15:00+08:00,芝加哥白襪,多倫多藍鳥,芝加哥白襪 @ 多倫多藍鳥,51455861.1,357,勝分差,252874188.1,多倫多藍鳥 1 分,H,,4.05,20,61,H,,
2026-07-17,2026-07-17T13:54:53,台灣運彩,822789,3478290.1,111,2026-07-18T07:15:00+08:00,芝加哥白襪,多倫多藍鳥,芝加哥白襪 @ 多倫多藍鳥,51455861.1,357,勝分差,252874189.1,多倫多藍鳥 2 分,H,,6.75,4,23,H,,
2026-07-17,2026-07-17T13:54:53,台灣運彩,822789,3478290.1,111,2026-07-18T07:15:00+08:00,芝加哥白襪,多倫多藍鳥,芝加哥白襪 @ 多倫多藍鳥,51455861.1,357,勝分差,252874190.1,多倫多藍鳥 > 2分,H,,2.45,20,29,H,,
2026-07-17,2026-07-17T13:54:53,台灣運彩,822789,3478290.1,111,2026-07-18T07:15:00+08:00,芝加哥白襪,多倫多藍鳥,芝加哥白襪 @ 多倫多藍鳥,51455861.1,357,勝分差,252874191.1,芝加哥白襪 1 分,A,,5.85,20,97,A,,
2026-07-17,2026-07-17T13:54:53,台灣運彩,822789,3478290.1,111,2026-07-18T07:15:00+08:00,芝加哥白襪,多倫多藍鳥,芝加哥白襪 @ 多倫多藍鳥,51455861.1,357,勝分差,252874192.1,芝加哥白襪 2 分,A,,7.50,2,13,A,,
2026-07-17,2026-07-17T13:54:53,台灣運彩,822789,3478290.1,111,2026-07-18T07:15:00+08:00,芝加哥白襪,多倫多藍鳥,芝加哥白襪 @ 多倫多藍鳥,51455861.1,357,勝分差,252874193.1,芝加哥白襪 > 2分,A,,2.85,20,37,A,,
2026-07-17,2026-07-17T13:54:53,台灣運彩,822789,3478290.1,111,2026-07-18T07:15:00+08:00,芝加哥白襪,多倫多藍鳥,芝加哥白襪 @ 多倫多藍鳥,51455857.1,358,讓分 -2.5,252874180.1,多倫多藍鳥 -2.5,H,-2.5,2.50,2,3,H,-2.5,1
2026-07-17,2026-07-17T13:54:53,台灣運彩,822789,3478290.1,111,2026-07-18T07:15:00+08:00,芝加哥白襪,多倫多藍鳥,芝加哥白襪 @ 多倫多藍鳥,51455857.1,358,讓分 -2.5,252874181.1,芝加哥白襪 +2.5,A,-2.5,1.32,25,8,A,-2.5,2
2026-07-17,2026-07-17T13:54:53,台灣運彩,822789,3478290.1,111,2026-07-18T07:15:00+08:00,芝加哥白襪,多倫多藍鳥,芝加哥白襪 @ 多倫多藍鳥,51455858.1,358,讓分 -1.5,252874182.1,多倫多藍鳥 -1.5,H,-1.5,2.05,20,21,H,-1.5,1
2026-07-17,2026-07-17T13:54:53,台灣運彩,822789,3478290.1,111,2026-07-18T07:15:00+08:00,芝加哥白襪,多倫多藍鳥,芝加哥白襪 @ 多倫多藍鳥,51455858.1,358,讓分 -1.5,252874183.1,芝加哥白襪 +1.5,A,-1.5,1.48,25,12,A,-1.5,2
2026-07-17,2026-07-17T13:54:53,台灣運彩,822789,3478290.1,111,2026-07-18T07:15:00+08:00,芝加哥白襪,多倫多藍鳥,芝加哥白襪 @ 多倫多藍鳥,51455853.1,360,[總分]大小 9.5,252874173.1,大 9.5,A,9.5,2.07,100,107,A,9.5,
2026-07-17,2026-07-17T13:54:53,台灣運彩,822789,3478290.1,111,2026-07-18T07:15:00+08:00,芝加哥白襪,多倫多藍鳥,芝加哥白襪 @ 多倫多藍鳥,51455853.1,360,[總分]大小 9.5,252874172.1,小 9.5,H,9.5,1.46,50,23,H,9.5,
2026-07-17,2026-07-17T13:54:53,台灣運彩,822789,3478290.1,111,2026-07-18T07:15:00+08:00,芝加哥白襪,多倫多藍鳥,芝加哥白襪 @ 多倫多藍鳥,51455855.1,360,[總分]大小 7.5,252874177.1,大 7.5,A,7.5,1.50,2,1,A,7.5,
2026-07-17,2026-07-17T13:54:53,台灣運彩,822789,3478290.1,111,2026-07-18T07:15:00+08:00,芝加哥白襪,多倫多藍鳥,芝加哥白襪 @ 多倫多藍鳥,51455855.1,360,[總分]大小 7.5,252874176.1,小 7.5,H,7.5,2.00,1,1,H,7.5,
2026-07-17,2026-07-17T13:54:53,台灣運彩,822789,3478290.1,111,2026-07-18T07:15:00+08:00,芝加哥白襪,多倫多藍鳥,芝加哥白襪 @ 多倫多藍鳥,51455859.1,360,[總分]大小 8.5,252874185.1,大 8.5,A,8.5,1.74,50,37,A,8.5,
2026-07-17,2026-07-17T13:54:53,台灣運彩,822789,3478290.1,111,2026-07-18T07:15:00+08:00,芝加哥白襪,多倫多藍鳥,芝加哥白襪 @ 多倫多藍鳥,51455859.1,360,[總分]大小 8.5,252874184.1,小 8.5,H,8.5,1.76,25,19,H,8.5,
2026-07-17,2026-07-17T13:54:53,台灣運彩,822789,3478290.1,111,2026-07-18T07:15:00+08:00,芝加哥白襪,多倫多藍鳥,芝加哥白襪 @ 多倫多藍鳥,51455848.1,362,多倫多藍鳥 大小 4.5,252874162.1,大 4.5,A,4.5,1.82,50,41,A,4.5,
2026-07-17,2026-07-17T13:54:53,台灣運彩,822789,3478290.1,111,2026-07-18T07:15:00+08:00,芝加哥白襪,多倫多藍鳥,芝加哥白襪 @ 多倫多藍鳥,51455848.1,362,多倫多藍鳥 大小 4.5,252874161.1,小 4.5,H,4.5,1.62,50,31,H,4.5,
2026-07-17,2026-07-17T13:54:53,台灣運彩,822789,3478290.1,111,2026-07-18T07:15:00+08:00,芝加哥白襪,多倫多藍鳥,芝加哥白襪 @ 多倫多藍鳥,51455854.1,363,芝加哥白襪 大小 3.5,252874175.1,大 3.5,A,3.5,1.62,50,31,A,3.5,
2026-07-17,2026-07-17T13:54:53,台灣運彩,822789,3478290.1,111,2026-07-18T07:15:00+08:00,芝加哥白襪,多倫多藍鳥,芝加哥白襪 @ 多倫多藍鳥,51455854.1,363,芝加哥白襪 大小 3.5,252874174.1,小 3.5,H,3.5,1.82,50,41,H,3.5,
2026-07-17,2026-07-17T13:54:53,台灣運彩,822789,3478290.1,111,2026-07-18T07:15:00+08:00,芝加哥白襪,多倫多藍鳥,芝加哥白襪 @ 多倫多藍鳥,51455845.1,366,[總分]單雙,252874155.1,單,,,1.48,25,12,,,
2026-07-17,2026-07-17T13:54:53,台灣運彩,822789,3478290.1,111,2026-07-18T07:15:00+08:00,芝加哥白襪,多倫多藍鳥,芝加哥白襪 @ 多倫多藍鳥,51455845.1,366,[總分]單雙,252874154.1,雙,,,2.00,1,1,,,
2026-07-17,2026-07-17T13:54:53,台灣運彩,822789,3478290.1,111,2026-07-18T07:15:00+08:00,芝加哥白襪,多倫多藍鳥,芝加哥白襪 @ 多倫多藍鳥,51455862.1,374,得分最高單局(不含延長賽),252874203.1,一樣多,,,2.25,4,5,,,
2026-07-17,2026-07-17T13:54:53,台灣運彩,822789,3478290.1,111,2026-07-18T07:15:00+08:00,芝加哥白襪,多倫多藍鳥,芝加哥白襪 @ 多倫多藍鳥,51455862.1,374,得分最高單局(不含延長賽),252874194.1,第1局,,,5.30,10,43,,,
2026-07-17,2026-07-17T13:54:53,台灣運彩,822789,3478290.1,111,2026-07-18T07:15:00+08:00,芝加哥白襪,多倫多藍鳥,芝加哥白襪 @ 多倫多藍鳥,51455862.1,374,得分最高單局(不含延長賽),252874195.1,第2局,,,6.25,4,21,,,
2026-07-17,2026-07-17T13:54:53,台灣運彩,822789,3478290.1,111,2026-07-18T07:15:00+08:00,芝加哥白襪,多倫多藍鳥,芝加哥白襪 @ 多倫多藍鳥,51455862.1,374,得分最高單局(不含延長賽),252874196.1,第3局,,,5.40,5,22,,,
2026-07-17,2026-07-17T13:54:53,台灣運彩,822789,3478290.1,111,2026-07-18T07:15:00+08:00,芝加哥白襪,多倫多藍鳥,芝加哥白襪 @ 多倫多藍鳥,51455862.1,374,得分最高單局(不含延長賽),252874197.1,第4局,,,5.90,10,49,,,
2026-07-17,2026-07-17T13:54:53,台灣運彩,822789,3478290.1,111,2026-07-18T07:15:00+08:00,芝加哥白襪,多倫多藍鳥,芝加哥白襪 @ 多倫多藍鳥,51455862.1,374,得分最高單局(不含延長賽),252874198.1,第5局,,,5.60,5,23,,,
2026-07-17,2026-07-17T13:54:53,台灣運彩,822789,3478290.1,111,2026-07-18T07:15:00+08:00,芝加哥白襪,多倫多藍鳥,芝加哥白襪 @ 多倫多藍鳥,51455862.1,374,得分最高單局(不含延長賽),252874199.1,第6局,,,6.25,4,21,,,
2026-07-17,2026-07-17T13:54:53,台灣運彩,822789,3478290.1,111,2026-07-18T07:15:00+08:00,芝加哥白襪,多倫多藍鳥,芝加哥白襪 @ 多倫多藍鳥,51455862.1,374,得分最高單局(不含延長賽),252874200.1,第7局,,,6.25,4,21,,,
2026-07-17,2026-07-17T13:54:53,台灣運彩,822789,3478290.1,111,2026-07-18T07:15:00+08:00,芝加哥白襪,多倫多藍鳥,芝加哥白襪 @ 多倫多藍鳥,51455862.1,374,得分最高單局(不含延長賽),252874201.1,第8局,,,6.25,4,21,,,
2026-07-17,2026-07-17T13:54:53,台灣運彩,822789,3478290.1,111,2026-07-18T07:15:00+08:00,芝加哥白襪,多倫多藍鳥,芝加哥白襪 @ 多倫多藍鳥,51455862.1,374,得分最高單局(不含延長賽),252874202.1,第9局,,,8.00,1,7,,,
2026-07-17,2026-07-17T13:54:53,台灣運彩,822789,3478290.1,111,2026-07-18T07:15:00+08:00,芝加哥白襪,多倫多藍鳥,芝加哥白襪 @ 多倫多藍鳥,51455850.1,376,[1-5局] 不讓分,252874165.1,多倫多藍鳥,H,,1.65,20,13,H,,1
2026-07-17,2026-07-17T13:54:53,台灣運彩,822789,3478290.1,111,2026-07-18T07:15:00+08:00,芝加哥白襪,多倫多藍鳥,芝加哥白襪 @ 多倫多藍鳥,51455850.1,376,[1-5局] 不讓分,252874167.1,芝加哥白襪,A,,2.00,1,1,A,,2
2026-07-17,2026-07-17T13:54:53,台灣運彩,822789,3478290.1,111,2026-07-18T07:15:00+08:00,芝加哥白襪,多倫多藍鳥,芝加哥白襪 @ 多倫多藍鳥,51455850.1,376,[1-5局] 不讓分,252874166.1,和局,D,,4.90,10,39,D,,
2026-07-17,2026-07-17T13:54:53,台灣運彩,822789,3478290.1,111,2026-07-18T07:15:00+08:00,芝加哥白襪,多倫多藍鳥,芝加哥白襪 @ 多倫多藍鳥,51455860.1,378,[1-5局] 大小 4.5,252874187.1,大 4.5,A,4.5,1.60,5,3,A,4.5,
2026-07-17,2026-07-17T13:54:53,台灣運彩,822789,3478290.1,111,2026-07-18T07:15:00+08:00,芝加哥白襪,多倫多藍鳥,芝加哥白襪 @ 多倫多藍鳥,51455860.1,378,[1-5局] 大小 4.5,252874186.1,小 4.5,H,4.5,1.73,100,73,H,4.5,
2026-07-17,2026-07-17T13:54:53,台灣運彩,822789,3478290.1,111,2026-07-18T07:15:00+08:00,芝加哥白襪,多倫多藍鳥,芝加哥白襪 @ 多倫多藍鳥,51455849.1,379,[1-5局] 多倫多藍鳥 大小 2.5,252874164.1,大 2.5,A,2.5,1.82,50,41,A,2.5,
2026-07-17,2026-07-17T13:54:53,台灣運彩,822789,3478290.1,111,2026-07-18T07:15:00+08:00,芝加哥白襪,多倫多藍鳥,芝加哥白襪 @ 多倫多藍鳥,51455849.1,379,[1-5局] 多倫多藍鳥 大小 2.5,252874163.1,小 2.5,H,2.5,1.62,50,31,H,2.5,
2026-07-17,2026-07-17T13:54:53,台灣運彩,822789,3478290.1,111,2026-07-18T07:15:00+08:00,芝加哥白襪,多倫多藍鳥,芝加哥白襪 @ 多倫多藍鳥,51455852.1,380,[1-5局] 芝加哥白襪 大小 1.5,252874171.1,大 1.5,A,1.5,1.53,100,53,A,1.5,
2026-07-17,2026-07-17T13:54:53,台灣運彩,822789,3478290.1,111,2026-07-18T07:15:00+08:00,芝加哥白襪,多倫多藍鳥,芝加哥白襪 @ 多倫多藍鳥,51455852.1,380,[1-5局] 芝加哥白襪 大小 1.5,252874170.1,小 1.5,H,1.5,1.93,100,93,H,1.5,
2026-07-17,2026-07-17T13:54:53,台灣運彩,822789,3478290.1,111,2026-07-18T07:15:00+08:00,芝加哥白襪,多倫多藍鳥,芝加哥白襪 @ 多倫多藍鳥,51455847.1,389,[第1局] 不讓分,252874158.1,多倫多藍鳥,H,,2.75,4,7,H,,1
2026-07-17,2026-07-17T13:54:53,台灣運彩,822789,3478290.1,111,2026-07-18T07:15:00+08:00,芝加哥白襪,多倫多藍鳥,芝加哥白襪 @ 多倫多藍鳥,51455847.1,389,[第1局] 不讓分,252874160.1,芝加哥白襪,A,,3.35,20,47,A,,2
2026-07-17,2026-07-17T13:54:53,台灣運彩,822789,3478290.1,111,2026-07-18T07:15:00+08:00,芝加哥白襪,多倫多藍鳥,芝加哥白襪 @ 多倫多藍鳥,51455847.1,389,[第1局] 不讓分,252874159.1,和局,D,,1.55,20,11,D,,
2026-07-17,2026-07-17T13:54:53,台灣運彩,822789,3478290.1,111,2026-07-18T07:15:00+08:00,芝加哥白襪,多倫多藍鳥,芝加哥白襪 @ 多倫多藍鳥,51455851.1,398,[第1局] 大小 0.5,252874169.1,大 0.5,A,0.5,1.65,20,13,A,0.5,
2026-07-17,2026-07-17T13:54:53,台灣運彩,822789,3478290.1,111,2026-07-18T07:15:00+08:00,芝加哥白襪,多倫多藍鳥,芝加哥白襪 @ 多倫多藍鳥,51455851.1,398,[第1局] 大小 0.5,252874168.1,小 0.5,H,0.5,1.68,25,17,H,0.5,
2026-07-17,2026-07-17T13:54:53,台灣運彩,823766,3478295.1,112,2026-07-18T07:40:00+08:00,邁阿密馬林魚,密爾瓦基釀酒人,邁阿密馬林魚 @ 密爾瓦基釀酒人,51455910.1,354,不讓分,252874316.1,密爾瓦基釀酒人,H,,1.50,2,1,H,,1
2026-07-17,2026-07-17T13:54:53,台灣運彩,823766,3478295.1,112,2026-07-18T07:40:00+08:00,邁阿密馬林魚,密爾瓦基釀酒人,邁阿密馬林魚 @ 密爾瓦基釀酒人,51455910.1,354,不讓分,252874317.1,邁阿密馬林魚,A,,2.00,1,1,A,,2
2026-07-17,2026-07-17T13:54:53,台灣運彩,823766,3478295.1,112,2026-07-18T07:40:00+08:00,邁阿密馬林魚,密爾瓦基釀酒人,邁阿密馬林魚 @ 密爾瓦基釀酒人,51455909.1,357,勝分差,252874310.1,密爾瓦基釀酒人 1 分,H,,3.95,20,59,H,,
2026-07-17,2026-07-17T13:54:53,台灣運彩,823766,3478295.1,112,2026-07-18T07:40:00+08:00,邁阿密馬林魚,密爾瓦基釀酒人,邁阿密馬林魚 @ 密爾瓦基釀酒人,51455909.1,357,勝分差,252874311.1,密爾瓦基釀酒人 2 分,H,,6.50,2,11,H,,
2026-07-17,2026-07-17T13:54:53,台灣運彩,823766,3478295.1,112,2026-07-18T07:40:00+08:00,邁阿密馬林魚,密爾瓦基釀酒人,邁阿密馬林魚 @ 密爾瓦基釀酒人,51455909.1,357,勝分差,252874312.1,密爾瓦基釀酒人 > 2分,H,,2.40,5,7,H,,
2026-07-17,2026-07-17T13:54:53,台灣運彩,823766,3478295.1,112,2026-07-18T07:40:00+08:00,邁阿密馬林魚,密爾瓦基釀酒人,邁阿密馬林魚 @ 密爾瓦基釀酒人,51455909.1,357,勝分差,252874313.1,邁阿密馬林魚 1 分,A,,5.70,10,47,A,,
2026-07-17,2026-07-17T13:54:53,台灣運彩,823766,3478295.1,112,2026-07-18T07:40:00+08:00,邁阿密馬林魚,密爾瓦基釀酒人,邁阿密馬林魚 @ 密爾瓦基釀酒人,51455909.1,357,勝分差,252874314.1,邁阿密馬林魚 2 分,A,,7.50,2,13,A,,
2026-07-17,2026-07-17T13:54:53,台灣運彩,823766,3478295.1,112,2026-07-18T07:40:00+08:00,邁阿密馬林魚,密爾瓦基釀酒人,邁阿密馬林魚 @ 密爾瓦基釀酒人,51455909.1,357,勝分差,252874315.1,邁阿密馬林魚 > 2分,A,,3.10,10,21,A,,
2026-07-17,2026-07-17T13:54:53,台灣運彩,823766,3478295.1,112,2026-07-18T07:40:00+08:00,邁阿密馬林魚,密爾瓦基釀酒人,邁阿密馬林魚 @ 密爾瓦基釀酒人,51455903.1,358,讓分 -1.5,252874298.1,密爾瓦基釀酒人 -1.5,H,-1.5,2.00,1,1,H,-1.5,1
2026-07-17,2026-07-17T13:54:53,台灣運彩,823766,3478295.1,112,2026-07-18T07:40:00+08:00,邁阿密馬林魚,密爾瓦基釀酒人,邁阿密馬林魚 @ 密爾瓦基釀酒人,51455903.1,358,讓分 -1.5,252874299.1,邁阿密馬林魚 +1.5,A,-1.5,1.50,2,1,A,-1.5,2
2026-07-17,2026-07-17T13:54:53,台灣運彩,823766,3478295.1,112,2026-07-18T07:40:00+08:00,邁阿密馬林魚,密爾瓦基釀酒人,邁阿密馬林魚 @ 密爾瓦基釀酒人,51455907.1,358,讓分 -2.5,252874306.1,密爾瓦基釀酒人 -2.5,H,-2.5,2.50,2,3,H,-2.5,1
2026-07-17,2026-07-17T13:54:53,台灣運彩,823766,3478295.1,112,2026-07-18T07:40:00+08:00,邁阿密馬林魚,密爾瓦基釀酒人,邁阿密馬林魚 @ 密爾瓦基釀酒人,51455907.1,358,讓分 -2.5,252874307.1,邁阿密馬林魚 +2.5,A,-2.5,1.32,25,8,A,-2.5,2
2026-07-17,2026-07-17T13:54:53,台灣運彩,823766,3478295.1,112,2026-07-18T07:40:00+08:00,邁阿密馬林魚,密爾瓦基釀酒人,邁阿密馬林魚 @ 密爾瓦基釀酒人,51455904.1,360,[總分]大小 7.5,252874301.1,大 7.5,A,7.5,1.60,5,3,A,7.5,
2026-07-17,2026-07-17T13:54:53,台灣運彩,823766,3478295.1,112,2026-07-18T07:40:00+08:00,邁阿密馬林魚,密爾瓦基釀酒人,邁阿密馬林魚 @ 密爾瓦基釀酒人,51455904.1,360,[總分]大小 7.5,252874300.1,小 7.5,H,7.5,1.90,10,9,H,7.5,
2026-07-17,2026-07-17T13:54:53,台灣運彩,823766,3478295.1,112,2026-07-18T07:40:00+08:00,邁阿密馬林魚,密爾瓦基釀酒人,邁阿密馬林魚 @ 密爾瓦基釀酒人,51455905.1,360,[總分]大小 8.5,252874303.1,大 8.5,A,8.5,1.82,50,41,A,8.5,
2026-07-17,2026-07-17T13:54:53,台灣運彩,823766,3478295.1,112,2026-07-18T07:40:00+08:00,邁阿密馬林魚,密爾瓦基釀酒人,邁阿密馬林魚 @ 密爾瓦基釀酒人,51455905.1,360,[總分]大小 8.5,252874302.1,小 8.5,H,8.5,1.68,25,17,H,8.5,
2026-07-17,2026-07-17T13:54:53,台灣運彩,823766,3478295.1,112,2026-07-18T07:40:00+08:00,邁阿密馬林魚,密爾瓦基釀酒人,邁阿密馬林魚 @ 密爾瓦基釀酒人,51455906.1,360,[總分]大小 9.5,252874305.1,大 9.5,A,9.5,2.20,5,6,A,9.5,
2026-07-17,2026-07-17T13:54:53,台灣運彩,823766,3478295.1,112,2026-07-18T07:40:00+08:00,邁阿密馬林魚,密爾瓦基釀酒人,邁阿密馬林魚 @ 密爾瓦基釀酒人,51455906.1,360,[總分]大小 9.5,252874304.1,小 9.5,H,9.5,1.42,50,21,H,9.5,
2026-07-17,2026-07-17T13:54:53,台灣運彩,823766,3478295.1,112,2026-07-18T07:40:00+08:00,邁阿密馬林魚,密爾瓦基釀酒人,邁阿密馬林魚 @ 密爾瓦基釀酒人,51455916.1,362,密爾瓦基釀酒人 大小 4.5,252874331.1,大 4.5,A,4.5,1.86,50,43,A,4.5,
2026-07-17,2026-07-17T13:54:53,台灣運彩,823766,3478295.1,112,2026-07-18T07:40:00+08:00,邁阿密馬林魚,密爾瓦基釀酒人,邁阿密馬林魚 @ 密爾瓦基釀酒人,51455916.1,362,密爾瓦基釀酒人 大小 4.5,252874330.1,小 4.5,H,4.5,1.58,50,29,H,4.5,
2026-07-17,2026-07-17T13:54:53,台灣運彩,823766,3478295.1,112,2026-07-18T07:40:00+08:00,邁阿密馬林魚,密爾瓦基釀酒人,邁阿密馬林魚 @ 密爾瓦基釀酒人,51455908.1,363,邁阿密馬林魚 大小 3.5,252874309.1,大 3.5,A,3.5,1.72,25,18,A,3.5,
2026-07-17,2026-07-17T13:54:53,台灣運彩,823766,3478295.1,112,2026-07-18T07:40:00+08:00,邁阿密馬林魚,密爾瓦基釀酒人,邁阿密馬林魚 @ 密爾瓦基釀酒人,51455908.1,363,邁阿密馬林魚 大小 3.5,252874308.1,小 3.5,H,3.5,1.72,25,18,H,3.5,
2026-07-17,2026-07-17T13:54:53,台灣運彩,823766,3478295.1,112,2026-07-18T07:40:00+08:00,邁阿密馬林魚,密爾瓦基釀酒人,邁阿密馬林魚 @ 密爾瓦基釀酒人,51455901.1,366,[總分]單雙,252874295.1,單,,,1.48,25,12,,,
2026-07-17,2026-07-17T13:54:53,台灣運彩,823766,3478295.1,112,2026-07-18T07:40:00+08:00,邁阿密馬林魚,密爾瓦基釀酒人,邁阿密馬林魚 @ 密爾瓦基釀酒人,51455901.1,366,[總分]單雙,252874294.1,雙,,,2.00,1,1,,,
2026-07-17,2026-07-17T13:54:53,台灣運彩,823766,3478295.1,112,2026-07-18T07:40:00+08:00,邁阿密馬林魚,密爾瓦基釀酒人,邁阿密馬林魚 @ 密爾瓦基釀酒人,51455918.1,374,得分最高單局(不含延長賽),252874343.1,一樣多,,,2.25,4,5,,,
2026-07-17,2026-07-17T13:54:53,台灣運彩,823766,3478295.1,112,2026-07-18T07:40:00+08:00,邁阿密馬林魚,密爾瓦基釀酒人,邁阿密馬林魚 @ 密爾瓦基釀酒人,51455918.1,374,得分最高單局(不含延長賽),252874334.1,第1局,,,5.50,2,9,,,
2026-07-17,2026-07-17T13:54:53,台灣運彩,823766,3478295.1,112,2026-07-18T07:40:00+08:00,邁阿密馬林魚,密爾瓦基釀酒人,邁阿密馬林魚 @ 密爾瓦基釀酒人,51455918.1,374,得分最高單局(不含延長賽),252874335.1,第2局,,,6.25,4,21,,,
2026-07-17,2026-07-17T13:54:53,台灣運彩,823766,3478295.1,112,2026-07-18T07:40:00+08:00,邁阿密馬林魚,密爾瓦基釀酒人,邁阿密馬林魚 @ 密爾瓦基釀酒人,51455918.1,374,得分最高單局(不含延長賽),252874336.1,第3局,,,5.60,5,23,,,
2026-07-17,2026-07-17T13:54:53,台灣運彩,823766,3478295.1,112,2026-07-18T07:40:00+08:00,邁阿密馬林魚,密爾瓦基釀酒人,邁阿密馬林魚 @ 密爾瓦基釀酒人,51455918.1,374,得分最高單局(不含延長賽),252874337.1,第4局,,,6.00,1,5,,,
2026-07-17,2026-07-17T13:54:53,台灣運彩,823766,3478295.1,112,2026-07-18T07:40:00+08:00,邁阿密馬林魚,密爾瓦基釀酒人,邁阿密馬林魚 @ 密爾瓦基釀酒人,51455918.1,374,得分最高單局(不含延長賽),252874338.1,第5局,,,5.90,10,49,,,
2026-07-17,2026-07-17T13:54:53,台灣運彩,823766,3478295.1,112,2026-07-18T07:40:00+08:00,邁阿密馬林魚,密爾瓦基釀酒人,邁阿密馬林魚 @ 密爾瓦基釀酒人,51455918.1,374,得分最高單局(不含延長賽),252874339.1,第6局,,,6.00,1,5,,,
2026-07-17,2026-07-17T13:54:53,台灣運彩,823766,3478295.1,112,2026-07-18T07:40:00+08:00,邁阿密馬林魚,密爾瓦基釀酒人,邁阿密馬林魚 @ 密爾瓦基釀酒人,51455918.1,374,得分最高單局(不含延長賽),252874340.1,第7局,,,6.00,1,5,,,
2026-07-17,2026-07-17T13:54:53,台灣運彩,823766,3478295.1,112,2026-07-18T07:40:00+08:00,邁阿密馬林魚,密爾瓦基釀酒人,邁阿密馬林魚 @ 密爾瓦基釀酒人,51455918.1,374,得分最高單局(不含延長賽),252874341.1,第8局,,,5.80,5,24,,,
2026-07-17,2026-07-17T13:54:53,台灣運彩,823766,3478295.1,112,2026-07-18T07:40:00+08:00,邁阿密馬林魚,密爾瓦基釀酒人,邁阿密馬林魚 @ 密爾瓦基釀酒人,51455918.1,374,得分最高單局(不含延長賽),252874342.1,第9局,,,8.00,1,7,,,
2026-07-17,2026-07-17T13:54:53,台灣運彩,823766,3478295.1,112,2026-07-18T07:40:00+08:00,邁阿密馬林魚,密爾瓦基釀酒人,邁阿密馬林魚 @ 密爾瓦基釀酒人,51455912.1,376,[1-5局] 不讓分,252874320.1,密爾瓦基釀酒人,H,,1.65,20,13,H,,1
2026-07-17,2026-07-17T13:54:53,台灣運彩,823766,3478295.1,112,2026-07-18T07:40:00+08:00,邁阿密馬林魚,密爾瓦基釀酒人,邁阿密馬林魚 @ 密爾瓦基釀酒人,51455912.1,376,[1-5局] 不讓分,252874322.1,邁阿密馬林魚,A,,2.10,10,11,A,,2
2026-07-17,2026-07-17T13:54:53,台灣運彩,823766,3478295.1,112,2026-07-18T07:40:00+08:00,邁阿密馬林魚,密爾瓦基釀酒人,邁阿密馬林魚 @ 密爾瓦基釀酒人,51455912.1,376,[1-5局] 不讓分,252874321.1,和局,D,,4.60,5,18,D,,
2026-07-17,2026-07-17T13:54:53,台灣運彩,823766,3478295.1,112,2026-07-18T07:40:00+08:00,邁阿密馬林魚,密爾瓦基釀酒人,邁阿密馬林魚 @ 密爾瓦基釀酒人,51455917.1,378,[1-5局] 大小 4.5,252874333.1,大 4.5,A,4.5,1.71,100,71,A,4.5,
2026-07-17,2026-07-17T13:54:53,台灣運彩,823766,3478295.1,112,2026-07-18T07:40:00+08:00,邁阿密馬林魚,密爾瓦基釀酒人,邁阿密馬林魚 @ 密爾瓦基釀酒人,51455917.1,378,[1-5局] 大小 4.5,252874332.1,小 4.5,H,4.5,1.62,50,31,H,4.5,
2026-07-17,2026-07-17T13:54:53,台灣運彩,823766,3478295.1,112,2026-07-18T07:40:00+08:00,邁阿密馬林魚,密爾瓦基釀酒人,邁阿密馬林魚 @ 密爾瓦基釀酒人,51455911.1,379,[1-5局] 密爾瓦基釀酒人 大小 2.5,252874319.1,大 2.5,A,2.5,1.90,10,9,A,2.5,
2026-07-17,2026-07-17T13:54:53,台灣運彩,823766,3478295.1,112,2026-07-18T07:40:00+08:00,邁阿密馬林魚,密爾瓦基釀酒人,邁阿密馬林魚 @ 密爾瓦基釀酒人,51455911.1,379,[1-5局] 密爾瓦基釀酒人 大小 2.5,252874318.1,小 2.5,H,2.5,1.55,20,11,H,2.5,
2026-07-17,2026-07-17T13:54:53,台灣運彩,823766,3478295.1,112,2026-07-18T07:40:00+08:00,邁阿密馬林魚,密爾瓦基釀酒人,邁阿密馬林魚 @ 密爾瓦基釀酒人,51455902.1,380,[1-5局] 邁阿密馬林魚 大小 1.5,252874297.1,大 1.5,A,1.5,1.63,100,63,A,1.5,
2026-07-17,2026-07-17T13:54:53,台灣運彩,823766,3478295.1,112,2026-07-18T07:40:00+08:00,邁阿密馬林魚,密爾瓦基釀酒人,邁阿密馬林魚 @ 密爾瓦基釀酒人,51455902.1,380,[1-5局] 邁阿密馬林魚 大小 1.5,252874296.1,小 1.5,H,1.5,1.80,5,4,H,1.5,
2026-07-17,2026-07-17T13:54:53,台灣運彩,823766,3478295.1,112,2026-07-18T07:40:00+08:00,邁阿密馬林魚,密爾瓦基釀酒人,邁阿密馬林魚 @ 密爾瓦基釀酒人,51455913.1,389,[第1局] 不讓分,252874323.1,密爾瓦基釀酒人,H,,2.80,5,9,H,,1
2026-07-17,2026-07-17T13:54:53,台灣運彩,823766,3478295.1,112,2026-07-18T07:40:00+08:00,邁阿密馬林魚,密爾瓦基釀酒人,邁阿密馬林魚 @ 密爾瓦基釀酒人,51455913.1,389,[第1局] 不讓分,252874325.1,邁阿密馬林魚,A,,3.55,20,51,A,,2
2026-07-17,2026-07-17T13:54:53,台灣運彩,823766,3478295.1,112,2026-07-18T07:40:00+08:00,邁阿密馬林魚,密爾瓦基釀酒人,邁阿密馬林魚 @ 密爾瓦基釀酒人,51455913.1,389,[第1局] 不讓分,252874324.1,和局,D,,1.50,2,1,D,,
2026-07-17,2026-07-17T13:54:53,台灣運彩,823766,3478295.1,112,2026-07-18T07:40:00+08:00,邁阿密馬林魚,密爾瓦基釀酒人,邁阿密馬林魚 @ 密爾瓦基釀酒人,51455914.1,398,[第1局] 大小 0.5,252874327.1,大 0.5,A,0.5,1.73,100,73,A,0.5,
2026-07-17,2026-07-17T13:54:53,台灣運彩,823766,3478295.1,112,2026-07-18T07:40:00+08:00,邁阿密馬林魚,密爾瓦基釀酒人,邁阿密馬林魚 @ 密爾瓦基釀酒人,51455914.1,398,[第1局] 大小 0.5,252874326.1,小 0.5,H,0.5,1.60,5,3,H,0.5,
2026-07-17,2026-07-17T13:54:53,台灣運彩,824655,3478299.1,113,2026-07-18T08:05:00+08:00,明尼蘇達雙城,芝加哥小熊,明尼蘇達雙城 @ 芝加哥小熊,51455986.1,354,不讓分,252874600.1,芝加哥小熊,H,,1.55,20,11,H,,1
2026-07-17,2026-07-17T13:54:53,台灣運彩,824655,3478299.1,113,2026-07-18T08:05:00+08:00,明尼蘇達雙城,芝加哥小熊,明尼蘇達雙城 @ 芝加哥小熊,51455986.1,354,不讓分,252874601.1,明尼蘇達雙城,A,,1.95,20,19,A,,2
2026-07-17,2026-07-17T13:54:53,台灣運彩,824655,3478299.1,113,2026-07-18T08:05:00+08:00,明尼蘇達雙城,芝加哥小熊,明尼蘇達雙城 @ 芝加哥小熊,51455997.1,357,勝分差,252874626.1,明尼蘇達雙城 1 分,A,,6.50,2,11,A,,
2026-07-17,2026-07-17T13:54:53,台灣運彩,824655,3478299.1,113,2026-07-18T08:05:00+08:00,明尼蘇達雙城,芝加哥小熊,明尼蘇達雙城 @ 芝加哥小熊,51455997.1,357,勝分差,252874627.1,明尼蘇達雙城 2 分,A,,8.00,1,7,A,,
2026-07-17,2026-07-17T13:54:53,台灣運彩,824655,3478299.1,113,2026-07-18T08:05:00+08:00,明尼蘇達雙城,芝加哥小熊,明尼蘇達雙城 @ 芝加哥小熊,51455997.1,357,勝分差,252874628.1,明尼蘇達雙城 > 2分,A,,2.65,20,33,A,,
2026-07-17,2026-07-17T13:54:53,台灣運彩,824655,3478299.1,113,2026-07-18T08:05:00+08:00,明尼蘇達雙城,芝加哥小熊,明尼蘇達雙城 @ 芝加哥小熊,51455997.1,357,勝分差,252874623.1,芝加哥小熊 1 分,H,,4.40,5,17,H,,
2026-07-17,2026-07-17T13:54:53,台灣運彩,824655,3478299.1,113,2026-07-18T08:05:00+08:00,明尼蘇達雙城,芝加哥小熊,明尼蘇達雙城 @ 芝加哥小熊,51455997.1,357,勝分差,252874624.1,芝加哥小熊 2 分,H,,7.25,4,25,H,,
2026-07-17,2026-07-17T13:54:53,台灣運彩,824655,3478299.1,113,2026-07-18T08:05:00+08:00,明尼蘇達雙城,芝加哥小熊,明尼蘇達雙城 @ 芝加哥小熊,51455997.1,357,勝分差,252874625.1,芝加哥小熊 > 2分,H,,2.30,10,13,H,,
2026-07-17,2026-07-17T13:54:53,台灣運彩,824655,3478299.1,113,2026-07-18T08:05:00+08:00,明尼蘇達雙城,芝加哥小熊,明尼蘇達雙城 @ 芝加哥小熊,51455990.1,358,讓分 -2.5,252874609.1,芝加哥小熊 -2.5,H,-2.5,2.45,20,29,H,-2.5,1
2026-07-17,2026-07-17T13:54:53,台灣運彩,824655,3478299.1,113,2026-07-18T08:05:00+08:00,明尼蘇達雙城,芝加哥小熊,明尼蘇達雙城 @ 芝加哥小熊,51455990.1,358,讓分 -2.5,252874610.1,明尼蘇達雙城 +2.5,A,-2.5,1.35,20,7,A,-2.5,2
2026-07-17,2026-07-17T13:54:53,台灣運彩,824655,3478299.1,113,2026-07-18T08:05:00+08:00,明尼蘇達雙城,芝加哥小熊,明尼蘇達雙城 @ 芝加哥小熊,51455991.1,358,讓分 -1.5,252874611.1,芝加哥小熊 -1.5,H,-1.5,1.98,50,49,H,-1.5,1
2026-07-17,2026-07-17T13:54:53,台灣運彩,824655,3478299.1,113,2026-07-18T08:05:00+08:00,明尼蘇達雙城,芝加哥小熊,明尼蘇達雙城 @ 芝加哥小熊,51455991.1,358,讓分 -1.5,252874612.1,明尼蘇達雙城 +1.5,A,-1.5,1.52,25,13,A,-1.5,2
2026-07-17,2026-07-17T13:54:53,台灣運彩,824655,3478299.1,113,2026-07-18T08:05:00+08:00,明尼蘇達雙城,芝加哥小熊,明尼蘇達雙城 @ 芝加哥小熊,51455987.1,360,[總分]大小 9.5,252874603.1,大 9.5,A,9.5,1.56,25,14,A,9.5,
2026-07-17,2026-07-17T13:54:53,台灣運彩,824655,3478299.1,113,2026-07-18T08:05:00+08:00,明尼蘇達雙城,芝加哥小熊,明尼蘇達雙城 @ 芝加哥小熊,51455987.1,360,[總分]大小 9.5,252874602.1,小 9.5,H,9.5,1.94,50,47,H,9.5,
2026-07-17,2026-07-17T13:54:53,台灣運彩,824655,3478299.1,113,2026-07-18T08:05:00+08:00,明尼蘇達雙城,芝加哥小熊,明尼蘇達雙城 @ 芝加哥小熊,51455995.1,360,[總分]大小 11.5,252874620.1,大 11.5,A,11.5,2.05,20,21,A,11.5,
2026-07-17,2026-07-17T13:54:53,台灣運彩,824655,3478299.1,113,2026-07-18T08:05:00+08:00,明尼蘇達雙城,芝加哥小熊,明尼蘇達雙城 @ 芝加哥小熊,51455995.1,360,[總分]大小 11.5,252874619.1,小 11.5,H,11.5,1.48,25,12,H,11.5,
2026-07-17,2026-07-17T13:54:53,台灣運彩,824655,3478299.1,113,2026-07-18T08:05:00+08:00,明尼蘇達雙城,芝加哥小熊,明尼蘇達雙城 @ 芝加哥小熊,51455998.1,360,[總分]大小 10.5,252874630.1,大 10.5,A,10.5,1.77,100,77,A,10.5,
2026-07-17,2026-07-17T13:54:53,台灣運彩,824655,3478299.1,113,2026-07-18T08:05:00+08:00,明尼蘇達雙城,芝加哥小熊,明尼蘇達雙城 @ 芝加哥小熊,51455998.1,360,[總分]大小 10.5,252874629.1,小 10.5,H,10.5,1.73,100,73,H,10.5,
2026-07-17,2026-07-17T13:54:53,台灣運彩,824655,3478299.1,113,2026-07-18T08:05:00+08:00,明尼蘇達雙城,芝加哥小熊,明尼蘇達雙城 @ 芝加哥小熊,51455994.1,362,芝加哥小熊 大小 5.5,252874618.1,大 5.5,A,5.5,1.85,20,17,A,5.5,
2026-07-17,2026-07-17T13:54:53,台灣運彩,824655,3478299.1,113,2026-07-18T08:05:00+08:00,明尼蘇達雙城,芝加哥小熊,明尼蘇達雙城 @ 芝加哥小熊,51455994.1,362,芝加哥小熊 大小 5.5,252874617.1,小 5.5,H,5.5,1.60,5,3,H,5.5,
2026-07-17,2026-07-17T13:54:53,台灣運彩,824655,3478299.1,113,2026-07-18T08:05:00+08:00,明尼蘇達雙城,芝加哥小熊,明尼蘇達雙城 @ 芝加哥小熊,51455992.1,363,明尼蘇達雙城 大小 4.5,252874614.1,大 4.5,A,4.5,1.65,20,13,A,4.5,
2026-07-17,2026-07-17T13:54:53,台灣運彩,824655,3478299.1,113,2026-07-18T08:05:00+08:00,明尼蘇達雙城,芝加哥小熊,明尼蘇達雙城 @ 芝加哥小熊,51455992.1,363,明尼蘇達雙城 大小 4.5,252874613.1,小 4.5,H,4.5,1.78,50,39,H,4.5,
2026-07-17,2026-07-17T13:54:53,台灣運彩,824655,3478299.1,113,2026-07-18T08:05:00+08:00,明尼蘇達雙城,芝加哥小熊,明尼蘇達雙城 @ 芝加哥小熊,51455985.1,366,[總分]單雙,252874599.1,單,,,1.50,2,1,,,
2026-07-17,2026-07-17T13:54:53,台灣運彩,824655,3478299.1,113,2026-07-18T08:05:00+08:00,明尼蘇達雙城,芝加哥小熊,明尼蘇達雙城 @ 芝加哥小熊,51455985.1,366,[總分]單雙,252874598.1,雙,,,1.96,25,24,,,
2026-07-17,2026-07-17T13:54:53,台灣運彩,824655,3478299.1,113,2026-07-18T08:05:00+08:00,明尼蘇達雙城,芝加哥小熊,明尼蘇達雙城 @ 芝加哥小熊,51456002.1,374,得分最高單局(不含延長賽),252874647.1,一樣多,,,2.35,20,27,,,
2026-07-17,2026-07-17T13:54:53,台灣運彩,824655,3478299.1,113,2026-07-18T08:05:00+08:00,明尼蘇達雙城,芝加哥小熊,明尼蘇達雙城 @ 芝加哥小熊,51456002.1,374,得分最高單局(不含延長賽),252874638.1,第1局,,,5.20,5,21,,,
2026-07-17,2026-07-17T13:54:53,台灣運彩,824655,3478299.1,113,2026-07-18T08:05:00+08:00,明尼蘇達雙城,芝加哥小熊,明尼蘇達雙城 @ 芝加哥小熊,51456002.1,374,得分最高單局(不含延長賽),252874639.1,第2局,,,6.25,4,21,,,
2026-07-17,2026-07-17T13:54:53,台灣運彩,824655,3478299.1,113,2026-07-18T08:05:00+08:00,明尼蘇達雙城,芝加哥小熊,明尼蘇達雙城 @ 芝加哥小熊,51456002.1,374,得分最高單局(不含延長賽),252874640.1,第3局,,,5.35,20,87,,,
2026-07-17,2026-07-17T13:54:53,台灣運彩,824655,3478299.1,113,2026-07-18T08:05:00+08:00,明尼蘇達雙城,芝加哥小熊,明尼蘇達雙城 @ 芝加哥小熊,51456002.1,374,得分最高單局(不含延長賽),252874641.1,第4局,,,5.95,20,99,,,
2026-07-17,2026-07-17T13:54:53,台灣運彩,824655,3478299.1,113,2026-07-18T08:05:00+08:00,明尼蘇達雙城,芝加哥小熊,明尼蘇達雙城 @ 芝加哥小熊,51456002.1,374,得分最高單局(不含延長賽),252874642.1,第5局,,,5.40,5,22,,,
2026-07-17,2026-07-17T13:54:53,台灣運彩,824655,3478299.1,113,2026-07-18T08:05:00+08:00,明尼蘇達雙城,芝加哥小熊,明尼蘇達雙城 @ 芝加哥小熊,51456002.1,374,得分最高單局(不含延長賽),252874643.1,第6局,,,6.50,2,11,,,
2026-07-17,2026-07-17T13:54:53,台灣運彩,824655,3478299.1,113,2026-07-18T08:05:00+08:00,明尼蘇達雙城,芝加哥小熊,明尼蘇達雙城 @ 芝加哥小熊,51456002.1,374,得分最高單局(不含延長賽),252874644.1,第7局,,,6.50,2,11,,,
2026-07-17,2026-07-17T13:54:53,台灣運彩,824655,3478299.1,113,2026-07-18T08:05:00+08:00,明尼蘇達雙城,芝加哥小熊,明尼蘇達雙城 @ 芝加哥小熊,51456002.1,374,得分最高單局(不含延長賽),252874645.1,第8局,,,6.00,1,5,,,
2026-07-17,2026-07-17T13:54:53,台灣運彩,824655,3478299.1,113,2026-07-18T08:05:00+08:00,明尼蘇達雙城,芝加哥小熊,明尼蘇達雙城 @ 芝加哥小熊,51456002.1,374,得分最高單局(不含延長賽),252874646.1,第9局,,,8.00,1,7,,,
2026-07-17,2026-07-17T13:54:53,台灣運彩,824655,3478299.1,113,2026-07-18T08:05:00+08:00,明尼蘇達雙城,芝加哥小熊,明尼蘇達雙城 @ 芝加哥小熊,51456001.1,376,[1-5局] 不讓分,252874635.1,芝加哥小熊,H,,1.65,20,13,H,,1
2026-07-17,2026-07-17T13:54:53,台灣運彩,824655,3478299.1,113,2026-07-18T08:05:00+08:00,明尼蘇達雙城,芝加哥小熊,明尼蘇達雙城 @ 芝加哥小熊,51456001.1,376,[1-5局] 不讓分,252874637.1,明尼蘇達雙城,A,,1.95,20,19,A,,2
2026-07-17,2026-07-17T13:54:53,台灣運彩,824655,3478299.1,113,2026-07-18T08:05:00+08:00,明尼蘇達雙城,芝加哥小熊,明尼蘇達雙城 @ 芝加哥小熊,51456001.1,376,[1-5局] 不讓分,252874636.1,和局,D,,5.60,5,23,D,,
2026-07-17,2026-07-17T13:54:53,台灣運彩,824655,3478299.1,113,2026-07-18T08:05:00+08:00,明尼蘇達雙城,芝加哥小熊,明尼蘇達雙城 @ 芝加哥小熊,51455993.1,378,[1-5局] 大小 5.5,252874616.1,大 5.5,A,5.5,1.58,50,29,A,5.5,
2026-07-17,2026-07-17T13:54:53,台灣運彩,824655,3478299.1,113,2026-07-18T08:05:00+08:00,明尼蘇達雙城,芝加哥小熊,明尼蘇達雙城 @ 芝加哥小熊,51455993.1,378,[1-5局] 大小 5.5,252874615.1,小 5.5,H,5.5,1.75,4,3,H,5.5,
2026-07-17,2026-07-17T13:54:53,台灣運彩,824655,3478299.1,113,2026-07-18T08:05:00+08:00,明尼蘇達雙城,芝加哥小熊,明尼蘇達雙城 @ 芝加哥小熊,51455988.1,379,[1-5局] 芝加哥小熊 大小 2.5,252874605.1,大 2.5,A,2.5,1.56,25,14,A,2.5,
2026-07-17,2026-07-17T13:54:53,台灣運彩,824655,3478299.1,113,2026-07-18T08:05:00+08:00,明尼蘇達雙城,芝加哥小熊,明尼蘇達雙城 @ 芝加哥小熊,51455988.1,379,[1-5局] 芝加哥小熊 大小 2.5,252874604.1,小 2.5,H,2.5,1.88,25,22,H,2.5,
2026-07-17,2026-07-17T13:54:53,台灣運彩,824655,3478299.1,113,2026-07-18T08:05:00+08:00,明尼蘇達雙城,芝加哥小熊,明尼蘇達雙城 @ 芝加哥小熊,51455999.1,380,[1-5局] 明尼蘇達雙城 大小 2.5,252874632.1,大 2.5,A,2.5,1.78,50,39,A,2.5,
2026-07-17,2026-07-17T13:54:53,台灣運彩,824655,3478299.1,113,2026-07-18T08:05:00+08:00,明尼蘇達雙城,芝加哥小熊,明尼蘇達雙城 @ 芝加哥小熊,51455999.1,380,[1-5局] 明尼蘇達雙城 大小 2.5,252874631.1,小 2.5,H,2.5,1.65,20,13,H,2.5,
2026-07-17,2026-07-17T13:54:53,台灣運彩,824655,3478299.1,113,2026-07-18T08:05:00+08:00,明尼蘇達雙城,芝加哥小熊,明尼蘇達雙城 @ 芝加哥小熊,51455989.1,389,[第1局] 不讓分,252874606.1,芝加哥小熊,H,,2.50,2,3,H,,1
2026-07-17,2026-07-17T13:54:53,台灣運彩,824655,3478299.1,113,2026-07-18T08:05:00+08:00,明尼蘇達雙城,芝加哥小熊,明尼蘇達雙城 @ 芝加哥小熊,51455989.1,389,[第1局] 不讓分,252874608.1,明尼蘇達雙城,A,,3.10,10,21,A,,2
2026-07-17,2026-07-17T13:54:53,台灣運彩,824655,3478299.1,113,2026-07-18T08:05:00+08:00,明尼蘇達雙城,芝加哥小熊,明尼蘇達雙城 @ 芝加哥小熊,51455989.1,389,[第1局] 不讓分,252874607.1,和局,D,,1.75,4,3,D,,
2026-07-17,2026-07-17T13:54:53,台灣運彩,824655,3478299.1,113,2026-07-18T08:05:00+08:00,明尼蘇達雙城,芝加哥小熊,明尼蘇達雙城 @ 芝加哥小熊,51455996.1,398,[第1局] 大小 0.5,252874622.1,大 0.5,A,0.5,1.50,2,1,A,0.5,
2026-07-17,2026-07-17T13:54:53,台灣運彩,824655,3478299.1,113,2026-07-18T08:05:00+08:00,明尼蘇達雙城,芝加哥小熊,明尼蘇達雙城 @ 芝加哥小熊,51455996.1,398,[第1局] 大小 0.5,252874621.1,小 0.5,H,0.5,1.85,20,17,H,0.5,
2026-07-17,2026-07-17T13:54:53,台灣運彩,824090,3478300.1,115,2026-07-18T08:10:00+08:00,聖地牙哥教士,堪薩斯市皇家,聖地牙哥教士 @ 堪薩斯市皇家,51456017.1,354,不讓分,252874678.1,堪薩斯皇家,H,,1.82,50,41,H,,1
2026-07-17,2026-07-17T13:54:53,台灣運彩,824090,3478300.1,115,2026-07-18T08:10:00+08:00,聖地牙哥教士,堪薩斯市皇家,聖地牙哥教士 @ 堪薩斯市皇家,51456017.1,354,不讓分,252874679.1,聖地牙哥教士,A,,1.68,25,17,A,,2
2026-07-17,2026-07-17T13:54:53,台灣運彩,824090,3478300.1,115,2026-07-18T08:10:00+08:00,聖地牙哥教士,堪薩斯市皇家,聖地牙哥教士 @ 堪薩斯市皇家,51456020.1,357,勝分差,252874692.1,堪薩斯皇家 1 分,H,,4.35,20,67,H,,
2026-07-17,2026-07-17T13:54:53,台灣運彩,824090,3478300.1,115,2026-07-18T08:10:00+08:00,聖地牙哥教士,堪薩斯市皇家,聖地牙哥教士 @ 堪薩斯市皇家,51456020.1,357,勝分差,252874693.1,堪薩斯皇家 2 分,H,,7.50,2,13,H,,
2026-07-17,2026-07-17T13:54:53,台灣運彩,824090,3478300.1,115,2026-07-18T08:10:00+08:00,聖地牙哥教士,堪薩斯市皇家,聖地牙哥教士 @ 堪薩斯市皇家,51456020.1,357,勝分差,252874694.1,堪薩斯皇家 > 2分,H,,2.70,10,17,H,,
2026-07-17,2026-07-17T13:54:53,台灣運彩,824090,3478300.1,115,2026-07-18T08:10:00+08:00,聖地牙哥教士,堪薩斯市皇家,聖地牙哥教士 @ 堪薩斯市皇家,51456020.1,357,勝分差,252874695.1,聖地牙哥教士 1 分,A,,6.00,1,5,A,,
2026-07-17,2026-07-17T13:54:53,台灣運彩,824090,3478300.1,115,2026-07-18T08:10:00+08:00,聖地牙哥教士,堪薩斯市皇家,聖地牙哥教士 @ 堪薩斯市皇家,51456020.1,357,勝分差,252874696.1,聖地牙哥教士 2 分,A,,7.50,2,13,A,,
2026-07-17,2026-07-17T13:54:53,台灣運彩,824090,3478300.1,115,2026-07-18T08:10:00+08:00,聖地牙哥教士,堪薩斯市皇家,聖地牙哥教士 @ 堪薩斯市皇家,51456020.1,357,勝分差,252874697.1,聖地牙哥教士 > 2分,A,,2.35,20,27,A,,
2026-07-17,2026-07-17T13:54:53,台灣運彩,824090,3478300.1,115,2026-07-18T08:10:00+08:00,聖地牙哥教士,堪薩斯市皇家,聖地牙哥教士 @ 堪薩斯市皇家,51456005.1,358,讓分 2.5,252874652.1,堪薩斯皇家 +2.5,H,2.5,1.33,100,33,H,2.5,1
2026-07-17,2026-07-17T13:54:53,台灣運彩,824090,3478300.1,115,2026-07-18T08:10:00+08:00,聖地牙哥教士,堪薩斯市皇家,聖地牙哥教士 @ 堪薩斯市皇家,51456005.1,358,讓分 2.5,252874653.1,聖地牙哥教士 -2.5,A,2.5,2.47,100,147,A,2.5,2
2026-07-17,2026-07-17T13:54:53,台灣運彩,824090,3478300.1,115,2026-07-18T08:10:00+08:00,聖地牙哥教士,堪薩斯市皇家,聖地牙哥教士 @ 堪薩斯市皇家,51456011.1,358,讓分 1.5,252874665.1,堪薩斯皇家 +1.5,H,1.5,1.48,25,12,H,1.5,1
2026-07-17,2026-07-17T13:54:53,台灣運彩,824090,3478300.1,115,2026-07-18T08:10:00+08:00,聖地牙哥教士,堪薩斯市皇家,聖地牙哥教士 @ 堪薩斯市皇家,51456011.1,358,讓分 1.5,252874666.1,聖地牙哥教士 -1.5,A,1.5,2.05,20,21,A,1.5,2
2026-07-17,2026-07-17T13:54:53,台灣運彩,824090,3478300.1,115,2026-07-18T08:10:00+08:00,聖地牙哥教士,堪薩斯市皇家,聖地牙哥教士 @ 堪薩斯市皇家,51456003.1,360,[總分]大小 11.5,252874649.1,大 11.5,A,11.5,2.10,10,11,A,11.5,
2026-07-17,2026-07-17T13:54:53,台灣運彩,824090,3478300.1,115,2026-07-18T08:10:00+08:00,聖地牙哥教士,堪薩斯市皇家,聖地牙哥教士 @ 堪薩斯市皇家,51456003.1,360,[總分]大小 11.5,252874648.1,小 11.5,H,11.5,1.45,20,9,H,11.5,
2026-07-17,2026-07-17T13:54:53,台灣運彩,824090,3478300.1,115,2026-07-18T08:10:00+08:00,聖地牙哥教士,堪薩斯市皇家,聖地牙哥教士 @ 堪薩斯市皇家,51456007.1,360,[總分]大小 10.5,252874657.1,大 10.5,A,10.5,1.82,50,41,A,10.5,
2026-07-17,2026-07-17T13:54:53,台灣運彩,824090,3478300.1,115,2026-07-18T08:10:00+08:00,聖地牙哥教士,堪薩斯市皇家,聖地牙哥教士 @ 堪薩斯市皇家,51456007.1,360,[總分]大小 10.5,252874656.1,小 10.5,H,10.5,1.68,25,17,H,10.5,
2026-07-17,2026-07-17T13:54:53,台灣運彩,824090,3478300.1,115,2026-07-18T08:10:00+08:00,聖地牙哥教士,堪薩斯市皇家,聖地牙哥教士 @ 堪薩斯市皇家,51456009.1,360,[總分]大小 9.5,252874662.1,大 9.5,A,9.5,1.60,5,3,A,9.5,
2026-07-17,2026-07-17T13:54:53,台灣運彩,824090,3478300.1,115,2026-07-18T08:10:00+08:00,聖地牙哥教士,堪薩斯市皇家,聖地牙哥教士 @ 堪薩斯市皇家,51456009.1,360,[總分]大小 9.5,252874661.1,小 9.5,H,9.5,1.90,10,9,H,9.5,
2026-07-17,2026-07-17T13:54:53,台灣運彩,824090,3478300.1,115,2026-07-18T08:10:00+08:00,聖地牙哥教士,堪薩斯市皇家,聖地牙哥教士 @ 堪薩斯市皇家,51456014.1,362,堪薩斯皇家 大小 4.5,252874673.1,大 4.5,A,4.5,1.63,100,63,A,4.5,
2026-07-17,2026-07-17T13:54:53,台灣運彩,824090,3478300.1,115,2026-07-18T08:10:00+08:00,聖地牙哥教士,堪薩斯市皇家,聖地牙哥教士 @ 堪薩斯市皇家,51456014.1,362,堪薩斯皇家 大小 4.5,252874672.1,小 4.5,H,4.5,1.80,5,4,H,4.5,
2026-07-17,2026-07-17T13:54:53,台灣運彩,824090,3478300.1,115,2026-07-18T08:10:00+08:00,聖地牙哥教士,堪薩斯市皇家,聖地牙哥教士 @ 堪薩斯市皇家,51456013.1,363,聖地牙哥教士 大小 4.5,252874671.1,大 4.5,A,4.5,1.56,25,14,A,4.5,
2026-07-17,2026-07-17T13:54:53,台灣運彩,824090,3478300.1,115,2026-07-18T08:10:00+08:00,聖地牙哥教士,堪薩斯市皇家,聖地牙哥教士 @ 堪薩斯市皇家,51456013.1,363,聖地牙哥教士 大小 4.5,252874670.1,小 4.5,H,4.5,1.88,25,22,H,4.5,
2026-07-17,2026-07-17T13:54:53,台灣運彩,824090,3478300.1,115,2026-07-18T08:10:00+08:00,聖地牙哥教士,堪薩斯市皇家,聖地牙哥教士 @ 堪薩斯市皇家,51456016.1,366,[總分]單雙,252874677.1,單,,,1.50,2,1,,,
2026-07-17,2026-07-17T13:54:53,台灣運彩,824090,3478300.1,115,2026-07-18T08:10:00+08:00,聖地牙哥教士,堪薩斯市皇家,聖地牙哥教士 @ 堪薩斯市皇家,51456016.1,366,[總分]單雙,252874676.1,雙,,,1.96,25,24,,,
2026-07-17,2026-07-17T13:54:53,台灣運彩,824090,3478300.1,115,2026-07-18T08:10:00+08:00,聖地牙哥教士,堪薩斯市皇家,聖地牙哥教士 @ 堪薩斯市皇家,51456019.1,374,得分最高單局(不含延長賽),252874691.1,一樣多,,,2.35,20,27,,,
2026-07-17,2026-07-17T13:54:53,台灣運彩,824090,3478300.1,115,2026-07-18T08:10:00+08:00,聖地牙哥教士,堪薩斯市皇家,聖地牙哥教士 @ 堪薩斯市皇家,51456019.1,374,得分最高單局(不含延長賽),252874682.1,第1局,,,5.50,2,9,,,
2026-07-17,2026-07-17T13:54:53,台灣運彩,824090,3478300.1,115,2026-07-18T08:10:00+08:00,聖地牙哥教士,堪薩斯市皇家,聖地牙哥教士 @ 堪薩斯市皇家,51456019.1,374,得分最高單局(不含延長賽),252874683.1,第2局,,,6.50,2,11,,,
2026-07-17,2026-07-17T13:54:53,台灣運彩,824090,3478300.1,115,2026-07-18T08:10:00+08:00,聖地牙哥教士,堪薩斯市皇家,聖地牙哥教士 @ 堪薩斯市皇家,51456019.1,374,得分最高單局(不含延長賽),252874684.1,第3局,,,5.60,5,23,,,
2026-07-17,2026-07-17T13:54:53,台灣運彩,824090,3478300.1,115,2026-07-18T08:10:00+08:00,聖地牙哥教士,堪薩斯市皇家,聖地牙哥教士 @ 堪薩斯市皇家,51456019.1,374,得分最高單局(不含延長賽),252874685.1,第4局,,,6.25,4,21,,,
2026-07-17,2026-07-17T13:54:53,台灣運彩,824090,3478300.1,115,2026-07-18T08:10:00+08:00,聖地牙哥教士,堪薩斯市皇家,聖地牙哥教士 @ 堪薩斯市皇家,51456019.1,374,得分最高單局(不含延長賽),252874686.1,第5局,,,5.80,5,24,,,
2026-07-17,2026-07-17T13:54:53,台灣運彩,824090,3478300.1,115,2026-07-18T08:10:00+08:00,聖地牙哥教士,堪薩斯市皇家,聖地牙哥教士 @ 堪薩斯市皇家,51456019.1,374,得分最高單局(不含延長賽),252874687.1,第6局,,,5.90,10,49,,,
2026-07-17,2026-07-17T13:54:53,台灣運彩,824090,3478300.1,115,2026-07-18T08:10:00+08:00,聖地牙哥教士,堪薩斯市皇家,聖地牙哥教士 @ 堪薩斯市皇家,51456019.1,374,得分最高單局(不含延長賽),252874688.1,第7局,,,5.85,20,97,,,
2026-07-17,2026-07-17T13:54:53,台灣運彩,824090,3478300.1,115,2026-07-18T08:10:00+08:00,聖地牙哥教士,堪薩斯市皇家,聖地牙哥教士 @ 堪薩斯市皇家,51456019.1,374,得分最高單局(不含延長賽),252874689.1,第8局,,,5.80,5,24,,,
2026-07-17,2026-07-17T13:54:53,台灣運彩,824090,3478300.1,115,2026-07-18T08:10:00+08:00,聖地牙哥教士,堪薩斯市皇家,聖地牙哥教士 @ 堪薩斯市皇家,51456019.1,374,得分最高單局(不含延長賽),252874690.1,第9局,,,8.00,1,7,,,
2026-07-17,2026-07-17T13:54:53,台灣運彩,824090,3478300.1,115,2026-07-18T08:10:00+08:00,聖地牙哥教士,堪薩斯市皇家,聖地牙哥教士 @ 堪薩斯市皇家,51456008.1,376,[1-5局] 不讓分,252874658.1,堪薩斯皇家,H,,1.80,5,4,H,,1
2026-07-17,2026-07-17T13:54:53,台灣運彩,824090,3478300.1,115,2026-07-18T08:10:00+08:00,聖地牙哥教士,堪薩斯市皇家,聖地牙哥教士 @ 堪薩斯市皇家,51456008.1,376,[1-5局] 不讓分,252874660.1,聖地牙哥教士,A,,1.80,5,4,A,,2
2026-07-17,2026-07-17T13:54:53,台灣運彩,824090,3478300.1,115,2026-07-18T08:10:00+08:00,聖地牙哥教士,堪薩斯市皇家,聖地牙哥教士 @ 堪薩斯市皇家,51456008.1,376,[1-5局] 不讓分,252874659.1,和局,D,,5.35,20,87,D,,
2026-07-17,2026-07-17T13:54:53,台灣運彩,824090,3478300.1,115,2026-07-18T08:10:00+08:00,聖地牙哥教士,堪薩斯市皇家,聖地牙哥教士 @ 堪薩斯市皇家,51456018.1,378,[1-5局] 大小 5.5,252874681.1,大 5.5,A,5.5,1.70,10,7,A,5.5,
2026-07-17,2026-07-17T13:54:53,台灣運彩,824090,3478300.1,115,2026-07-18T08:10:00+08:00,聖地牙哥教士,堪薩斯市皇家,聖地牙哥教士 @ 堪薩斯市皇家,51456018.1,378,[1-5局] 大小 5.5,252874680.1,小 5.5,H,5.5,1.63,100,63,H,5.5,
2026-07-17,2026-07-17T13:54:53,台灣運彩,824090,3478300.1,115,2026-07-18T08:10:00+08:00,聖地牙哥教士,堪薩斯市皇家,聖地牙哥教士 @ 堪薩斯市皇家,51456006.1,379,[1-5局] 堪薩斯皇家 大小 2.5,252874655.1,大 2.5,A,2.5,1.75,4,3,A,2.5,
2026-07-17,2026-07-17T13:54:53,台灣運彩,824090,3478300.1,115,2026-07-18T08:10:00+08:00,聖地牙哥教士,堪薩斯市皇家,聖地牙哥教士 @ 堪薩斯市皇家,51456006.1,379,[1-5局] 堪薩斯皇家 大小 2.5,252874654.1,小 2.5,H,2.5,1.68,25,17,H,2.5,
2026-07-17,2026-07-17T13:54:53,台灣運彩,824090,3478300.1,115,2026-07-18T08:10:00+08:00,聖地牙哥教士,堪薩斯市皇家,聖地牙哥教士 @ 堪薩斯市皇家,51456004.1,380,[1-5局] 聖地牙哥教士 大小 2.5,252874651.1,大 2.5,A,2.5,1.75,4,3,A,2.5,
2026-07-17,2026-07-17T13:54:53,台灣運彩,824090,3478300.1,115,2026-07-18T08:10:00+08:00,聖地牙哥教士,堪薩斯市皇家,聖地牙哥教士 @ 堪薩斯市皇家,51456004.1,380,[1-5局] 聖地牙哥教士 大小 2.5,252874650.1,小 2.5,H,2.5,1.68,25,17,H,2.5,
2026-07-17,2026-07-17T13:54:53,台灣運彩,824090,3478300.1,115,2026-07-18T08:10:00+08:00,聖地牙哥教士,堪薩斯市皇家,聖地牙哥教士 @ 堪薩斯市皇家,51456012.1,389,[第1局] 不讓分,252874667.1,堪薩斯皇家,H,,2.75,4,7,H,,1
2026-07-17,2026-07-17T13:54:53,台灣運彩,824090,3478300.1,115,2026-07-18T08:10:00+08:00,聖地牙哥教士,堪薩斯市皇家,聖地牙哥教士 @ 堪薩斯市皇家,51456012.1,389,[第1局] 不讓分,252874669.1,聖地牙哥教士,A,,2.95,20,39,A,,2
2026-07-17,2026-07-17T13:54:53,台灣運彩,824090,3478300.1,115,2026-07-18T08:10:00+08:00,聖地牙哥教士,堪薩斯市皇家,聖地牙哥教士 @ 堪薩斯市皇家,51456012.1,389,[第1局] 不讓分,252874668.1,和局,D,,1.65,20,13,D,,
2026-07-17,2026-07-17T13:54:53,台灣運彩,824090,3478300.1,115,2026-07-18T08:10:00+08:00,聖地牙哥教士,堪薩斯市皇家,聖地牙哥教士 @ 堪薩斯市皇家,51456010.1,398,[第1局] 大小 0.5,252874664.1,大 0.5,A,0.5,1.55,20,11,A,0.5,
2026-07-17,2026-07-17T13:54:53,台灣運彩,824090,3478300.1,115,2026-07-18T08:10:00+08:00,聖地牙哥教士,堪薩斯市皇家,聖地牙哥教士 @ 堪薩斯市皇家,51456010.1,398,[第1局] 大小 0.5,252874663.1,小 0.5,H,0.5,1.80,5,4,H,0.5,
2026-07-17,2026-07-17T13:54:53,台灣運彩,824170,3478301.1,116,2026-07-18T08:10:00+08:00,巴爾的摩金鶯,休士頓太空人,巴爾的摩金鶯 @ 休士頓太空人,51456022.1,354,不讓分,252874700.1,休士頓太空人,H,,1.68,25,17,H,,1
2026-07-17,2026-07-17T13:54:53,台灣運彩,824170,3478301.1,116,2026-07-18T08:10:00+08:00,巴爾的摩金鶯,休士頓太空人,巴爾的摩金鶯 @ 休士頓太空人,51456022.1,354,不讓分,252874701.1,巴爾的摩金鶯,A,,1.82,50,41,A,,2
2026-07-17,2026-07-17T13:54:53,台灣運彩,824170,3478301.1,116,2026-07-18T08:10:00+08:00,巴爾的摩金鶯,休士頓太空人,巴爾的摩金鶯 @ 休士頓太空人,51456031.1,357,勝分差,252874718.1,休士頓太空人 1 分,H,,4.25,4,13,H,,
2026-07-17,2026-07-17T13:54:53,台灣運彩,824170,3478301.1,116,2026-07-18T08:10:00+08:00,巴爾的摩金鶯,休士頓太空人,巴爾的摩金鶯 @ 休士頓太空人,51456031.1,357,勝分差,252874719.1,休士頓太空人 2 分,H,,7.25,4,25,H,,
2026-07-17,2026-07-17T13:54:53,台灣運彩,824170,3478301.1,116,2026-07-18T08:10:00+08:00,巴爾的摩金鶯,休士頓太空人,巴爾的摩金鶯 @ 休士頓太空人,51456031.1,357,勝分差,252874720.1,休士頓太空人 > 2分,H,,2.75,4,7,H,,
2026-07-17,2026-07-17T13:54:53,台灣運彩,824170,3478301.1,116,2026-07-18T08:10:00+08:00,巴爾的摩金鶯,休士頓太空人,巴爾的摩金鶯 @ 休士頓太空人,51456031.1,357,勝分差,252874721.1,巴爾的摩金鶯 1 分,A,,5.65,20,93,A,,
2026-07-17,2026-07-17T13:54:53,台灣運彩,824170,3478301.1,116,2026-07-18T08:10:00+08:00,巴爾的摩金鶯,休士頓太空人,巴爾的摩金鶯 @ 休士頓太空人,51456031.1,357,勝分差,252874722.1,巴爾的摩金鶯 2 分,A,,7.25,4,25,A,,
2026-07-17,2026-07-17T13:54:53,台灣運彩,824170,3478301.1,116,2026-07-18T08:10:00+08:00,巴爾的摩金鶯,休士頓太空人,巴爾的摩金鶯 @ 休士頓太空人,51456031.1,357,勝分差,252874723.1,巴爾的摩金鶯 > 2分,A,,2.50,2,3,A,,
2026-07-17,2026-07-17T13:54:53,台灣運彩,824170,3478301.1,116,2026-07-18T08:10:00+08:00,巴爾的摩金鶯,休士頓太空人,巴爾的摩金鶯 @ 休士頓太空人,51456027.1,358,讓分 1.5,252874710.1,休士頓太空人 +1.5,H,1.5,1.40,5,2,H,1.5,1
2026-07-17,2026-07-17T13:54:53,台灣運彩,824170,3478301.1,116,2026-07-18T08:10:00+08:00,巴爾的摩金鶯,休士頓太空人,巴爾的摩金鶯 @ 休士頓太空人,51456027.1,358,讓分 1.5,252874711.1,巴爾的摩金鶯 -1.5,A,1.5,2.30,10,13,A,1.5,2
2026-07-17,2026-07-17T13:54:53,台灣運彩,824170,3478301.1,116,2026-07-18T08:10:00+08:00,巴爾的摩金鶯,休士頓太空人,巴爾的摩金鶯 @ 休士頓太空人,51456405.1,358,讓分 -2.5,252875841.1,休士頓太空人 -2.5,H,-2.5,2.75,4,7,H,-2.5,1
2026-07-17,2026-07-17T13:54:53,台灣運彩,824170,3478301.1,116,2026-07-18T08:10:00+08:00,巴爾的摩金鶯,休士頓太空人,巴爾的摩金鶯 @ 休士頓太空人,51456405.1,358,讓分 -2.5,252875842.1,巴爾的摩金鶯 +2.5,A,-2.5,1.26,50,13,A,-2.5,2
2026-07-17,2026-07-17T13:54:53,台灣運彩,824170,3478301.1,116,2026-07-18T08:10:00+08:00,巴爾的摩金鶯,休士頓太空人,巴爾的摩金鶯 @ 休士頓太空人,51456408.1,358,讓分 -1.5,252875848.1,休士頓太空人 -1.5,H,-1.5,2.30,10,13,H,-1.5,1
2026-07-17,2026-07-17T13:54:53,台灣運彩,824170,3478301.1,116,2026-07-18T08:10:00+08:00,巴爾的摩金鶯,休士頓太空人,巴爾的摩金鶯 @ 休士頓太空人,51456408.1,358,讓分 -1.5,252875849.1,巴爾的摩金鶯 +1.5,A,-1.5,1.40,5,2,A,-1.5,2
2026-07-17,2026-07-17T13:54:53,台灣運彩,824170,3478301.1,116,2026-07-18T08:10:00+08:00,巴爾的摩金鶯,休士頓太空人,巴爾的摩金鶯 @ 休士頓太空人,51456025.1,360,[總分]大小 7.5,252874707.1,大 7.5,A,7.5,1.46,50,23,A,7.5,
2026-07-17,2026-07-17T13:54:53,台灣運彩,824170,3478301.1,116,2026-07-18T08:10:00+08:00,巴爾的摩金鶯,休士頓太空人,巴爾的摩金鶯 @ 休士頓太空人,51456025.1,360,[總分]大小 7.5,252874706.1,小 7.5,H,7.5,2.07,100,107,H,7.5,
2026-07-17,2026-07-17T13:54:53,台灣運彩,824170,3478301.1,116,2026-07-18T08:10:00+08:00,巴爾的摩金鶯,休士頓太空人,巴爾的摩金鶯 @ 休士頓太空人,51456026.1,360,[總分]大小 8.5,252874709.1,大 8.5,A,8.5,1.68,25,17,A,8.5,
2026-07-17,2026-07-17T13:54:53,台灣運彩,824170,3478301.1,116,2026-07-18T08:10:00+08:00,巴爾的摩金鶯,休士頓太空人,巴爾的摩金鶯 @ 休士頓太空人,51456026.1,360,[總分]大小 8.5,252874708.1,小 8.5,H,8.5,1.82,50,41,H,8.5,
2026-07-17,2026-07-17T13:54:53,台灣運彩,824170,3478301.1,116,2026-07-18T08:10:00+08:00,巴爾的摩金鶯,休士頓太空人,巴爾的摩金鶯 @ 休士頓太空人,51456029.1,360,[總分]大小 9.5,252874715.1,大 9.5,A,9.5,1.98,50,49,A,9.5,
2026-07-17,2026-07-17T13:54:53,台灣運彩,824170,3478301.1,116,2026-07-18T08:10:00+08:00,巴爾的摩金鶯,休士頓太空人,巴爾的摩金鶯 @ 休士頓太空人,51456029.1,360,[總分]大小 9.5,252874714.1,小 9.5,H,9.5,1.52,25,13,H,9.5,
2026-07-17,2026-07-17T13:54:53,台灣運彩,824170,3478301.1,116,2026-07-18T08:10:00+08:00,巴爾的摩金鶯,休士頓太空人,巴爾的摩金鶯 @ 休士頓太空人,51456035.1,362,休士頓太空人 大小 4.5,252874731.1,大 4.5,A,4.5,1.88,25,22,A,4.5,
2026-07-17,2026-07-17T13:54:53,台灣運彩,824170,3478301.1,116,2026-07-18T08:10:00+08:00,巴爾的摩金鶯,休士頓太空人,巴爾的摩金鶯 @ 休士頓太空人,51456035.1,362,休士頓太空人 大小 4.5,252874730.1,小 4.5,H,4.5,1.56,25,14,H,4.5,
2026-07-17,2026-07-17T13:54:53,台灣運彩,824170,3478301.1,116,2026-07-18T08:10:00+08:00,巴爾的摩金鶯,休士頓太空人,巴爾的摩金鶯 @ 休士頓太空人,51456024.1,363,巴爾的摩金鶯 大小 4.5,252874705.1,大 4.5,A,4.5,1.85,20,17,A,4.5,
2026-07-17,2026-07-17T13:54:53,台灣運彩,824170,3478301.1,116,2026-07-18T08:10:00+08:00,巴爾的摩金鶯,休士頓太空人,巴爾的摩金鶯 @ 休士頓太空人,51456024.1,363,巴爾的摩金鶯 大小 4.5,252874704.1,小 4.5,H,4.5,1.60,5,3,H,4.5,
2026-07-17,2026-07-17T13:54:53,台灣運彩,824170,3478301.1,116,2026-07-18T08:10:00+08:00,巴爾的摩金鶯,休士頓太空人,巴爾的摩金鶯 @ 休士頓太空人,51456028.1,366,[總分]單雙,252874713.1,單,,,1.48,25,12,,,
2026-07-17,2026-07-17T13:54:53,台灣運彩,824170,3478301.1,116,2026-07-18T08:10:00+08:00,巴爾的摩金鶯,休士頓太空人,巴爾的摩金鶯 @ 休士頓太空人,51456028.1,366,[總分]單雙,252874712.1,雙,,,2.00,1,1,,,
2026-07-17,2026-07-17T13:54:53,台灣運彩,824170,3478301.1,116,2026-07-18T08:10:00+08:00,巴爾的摩金鶯,休士頓太空人,巴爾的摩金鶯 @ 休士頓太空人,51456411.1,374,得分最高單局(不含延長賽),252875864.1,一樣多,,,2.30,10,13,,,
2026-07-17,2026-07-17T13:54:53,台灣運彩,824170,3478301.1,116,2026-07-18T08:10:00+08:00,巴爾的摩金鶯,休士頓太空人,巴爾的摩金鶯 @ 休士頓太空人,51456411.1,374,得分最高單局(不含延長賽),252875855.1,第1局,,,5.05,20,81,,,
2026-07-17,2026-07-17T13:54:53,台灣運彩,824170,3478301.1,116,2026-07-18T08:10:00+08:00,巴爾的摩金鶯,休士頓太空人,巴爾的摩金鶯 @ 休士頓太空人,51456411.1,374,得分最高單局(不含延長賽),252875856.1,第2局,,,6.25,4,21,,,
2026-07-17,2026-07-17T13:54:53,台灣運彩,824170,3478301.1,116,2026-07-18T08:10:00+08:00,巴爾的摩金鶯,休士頓太空人,巴爾的摩金鶯 @ 休士頓太空人,51456411.1,374,得分最高單局(不含延長賽),252875857.1,第3局,,,5.20,5,21,,,
2026-07-17,2026-07-17T13:54:53,台灣運彩,824170,3478301.1,116,2026-07-18T08:10:00+08:00,巴爾的摩金鶯,休士頓太空人,巴爾的摩金鶯 @ 休士頓太空人,51456411.1,374,得分最高單局(不含延長賽),252875858.1,第4局,,,5.85,20,97,,,
2026-07-17,2026-07-17T13:54:53,台灣運彩,824170,3478301.1,116,2026-07-18T08:10:00+08:00,巴爾的摩金鶯,休士頓太空人,巴爾的摩金鶯 @ 休士頓太空人,51456411.1,374,得分最高單局(不含延長賽),252875859.1,第5局,,,5.65,20,93,,,
2026-07-17,2026-07-17T13:54:53,台灣運彩,824170,3478301.1,116,2026-07-18T08:10:00+08:00,巴爾的摩金鶯,休士頓太空人,巴爾的摩金鶯 @ 休士頓太空人,51456411.1,374,得分最高單局(不含延長賽),252875860.1,第6局,,,6.50,2,11,,,
2026-07-17,2026-07-17T13:54:53,台灣運彩,824170,3478301.1,116,2026-07-18T08:10:00+08:00,巴爾的摩金鶯,休士頓太空人,巴爾的摩金鶯 @ 休士頓太空人,51456411.1,374,得分最高單局(不含延長賽),252875861.1,第7局,,,6.50,2,11,,,
2026-07-17,2026-07-17T13:54:53,台灣運彩,824170,3478301.1,116,2026-07-18T08:10:00+08:00,巴爾的摩金鶯,休士頓太空人,巴爾的摩金鶯 @ 休士頓太空人,51456411.1,374,得分最高單局(不含延長賽),252875862.1,第8局,,,6.25,4,21,,,
2026-07-17,2026-07-17T13:54:53,台灣運彩,824170,3478301.1,116,2026-07-18T08:10:00+08:00,巴爾的摩金鶯,休士頓太空人,巴爾的摩金鶯 @ 休士頓太空人,51456411.1,374,得分最高單局(不含延長賽),252875863.1,第9局,,,8.00,1,7,,,
2026-07-17,2026-07-17T13:54:53,台灣運彩,824170,3478301.1,116,2026-07-18T08:10:00+08:00,巴爾的摩金鶯,休士頓太空人,巴爾的摩金鶯 @ 休士頓太空人,51456406.1,376,[1-5局] 不讓分,252875843.1,休士頓太空人,H,,1.80,5,4,H,,1
2026-07-17,2026-07-17T13:54:53,台灣運彩,824170,3478301.1,116,2026-07-18T08:10:00+08:00,巴爾的摩金鶯,休士頓太空人,巴爾的摩金鶯 @ 休士頓太空人,51456406.1,376,[1-5局] 不讓分,252875845.1,巴爾的摩金鶯,A,,1.85,20,17,A,,2
2026-07-17,2026-07-17T13:54:53,台灣運彩,824170,3478301.1,116,2026-07-18T08:10:00+08:00,巴爾的摩金鶯,休士頓太空人,巴爾的摩金鶯 @ 休士頓太空人,51456406.1,376,[1-5局] 不讓分,252875844.1,和局,D,,4.95,20,79,D,,
2026-07-17,2026-07-17T13:54:53,台灣運彩,824170,3478301.1,116,2026-07-18T08:10:00+08:00,巴爾的摩金鶯,休士頓太空人,巴爾的摩金鶯 @ 休士頓太空人,51456407.1,378,[1-5局] 大小 4.5,252875847.1,大 4.5,A,4.5,1.53,100,53,A,4.5,
2026-07-17,2026-07-17T13:54:53,台灣運彩,824170,3478301.1,116,2026-07-18T08:10:00+08:00,巴爾的摩金鶯,休士頓太空人,巴爾的摩金鶯 @ 休士頓太空人,51456407.1,378,[1-5局] 大小 4.5,252875846.1,小 4.5,H,4.5,1.82,50,41,H,4.5,
2026-07-17,2026-07-17T13:54:53,台灣運彩,824170,3478301.1,116,2026-07-18T08:10:00+08:00,巴爾的摩金鶯,休士頓太空人,巴爾的摩金鶯 @ 休士頓太空人,51456409.1,379,[1-5局] 休士頓太空人 大小 2.5,252875851.1,大 2.5,A,2.5,1.86,50,43,A,2.5,
2026-07-17,2026-07-17T13:54:53,台灣運彩,824170,3478301.1,116,2026-07-18T08:10:00+08:00,巴爾的摩金鶯,休士頓太空人,巴爾的摩金鶯 @ 休士頓太空人,51456409.1,379,[1-5局] 休士頓太空人 大小 2.5,252875850.1,小 2.5,H,2.5,1.58,50,29,H,2.5,
2026-07-17,2026-07-17T13:54:53,台灣運彩,824170,3478301.1,116,2026-07-18T08:10:00+08:00,巴爾的摩金鶯,休士頓太空人,巴爾的摩金鶯 @ 休士頓太空人,51456404.1,380,[1-5局] 巴爾的摩金鶯 大小 2.5,252875840.1,大 2.5,A,2.5,1.88,25,22,A,2.5,
2026-07-17,2026-07-17T13:54:53,台灣運彩,824170,3478301.1,116,2026-07-18T08:10:00+08:00,巴爾的摩金鶯,休士頓太空人,巴爾的摩金鶯 @ 休士頓太空人,51456404.1,380,[1-5局] 巴爾的摩金鶯 大小 2.5,252875839.1,小 2.5,H,2.5,1.56,25,14,H,2.5,
2026-07-17,2026-07-17T13:54:53,台灣運彩,824170,3478301.1,116,2026-07-18T08:10:00+08:00,巴爾的摩金鶯,休士頓太空人,巴爾的摩金鶯 @ 休士頓太空人,51456410.1,389,[第1局] 不讓分,252875852.1,休士頓太空人,H,,2.90,10,19,H,,1
2026-07-17,2026-07-17T13:54:53,台灣運彩,824170,3478301.1,116,2026-07-18T08:10:00+08:00,巴爾的摩金鶯,休士頓太空人,巴爾的摩金鶯 @ 休士頓太空人,51456410.1,389,[第1局] 不讓分,252875854.1,巴爾的摩金鶯,A,,3.05,20,41,A,,2
2026-07-17,2026-07-17T13:54:53,台灣運彩,824170,3478301.1,116,2026-07-18T08:10:00+08:00,巴爾的摩金鶯,休士頓太空人,巴爾的摩金鶯 @ 休士頓太空人,51456410.1,389,[第1局] 不讓分,252875853.1,和局,D,,1.60,5,3,D,,
2026-07-17,2026-07-17T13:54:53,台灣運彩,824170,3478301.1,116,2026-07-18T08:10:00+08:00,巴爾的摩金鶯,休士頓太空人,巴爾的摩金鶯 @ 休士頓太空人,51456403.1,398,[第1局] 大小 0.5,252875838.1,大 0.5,A,0.5,1.62,50,31,A,0.5,
2026-07-17,2026-07-17T13:54:53,台灣運彩,824170,3478301.1,116,2026-07-18T08:10:00+08:00,巴爾的摩金鶯,休士頓太空人,巴爾的摩金鶯 @ 休士頓太空人,51456403.1,398,[第1局] 大小 0.5,252875837.1,小 0.5,H,0.5,1.71,100,71,H,0.5,
2026-07-17,2026-07-17T13:54:53,台灣運彩,824332,3478305.1,117,2026-07-18T08:40:00+08:00,辛辛那提紅人,科羅拉多洛磯,辛辛那提紅人 @ 科羅拉多洛磯,51456110.1,354,不讓分,252874938.1,科羅拉多落磯,H,,1.66,50,33,H,,1
2026-07-17,2026-07-17T13:54:53,台灣運彩,824332,3478305.1,117,2026-07-18T08:40:00+08:00,辛辛那提紅人,科羅拉多洛磯,辛辛那提紅人 @ 科羅拉多洛磯,51456110.1,354,不讓分,252874939.1,辛辛那堤紅人,A,,1.84,25,21,A,,2
2026-07-17,2026-07-17T13:54:53,台灣運彩,824332,3478305.1,117,2026-07-18T08:40:00+08:00,辛辛那提紅人,科羅拉多洛磯,辛辛那提紅人 @ 科羅拉多洛磯,51456118.1,357,勝分差,252874963.1,科羅拉多落磯 1 分,H,,4.50,2,7,H,,
2026-07-17,2026-07-17T13:54:53,台灣運彩,824332,3478305.1,117,2026-07-18T08:40:00+08:00,辛辛那提紅人,科羅拉多洛磯,辛辛那提紅人 @ 科羅拉多洛磯,51456118.1,357,勝分差,252874964.1,科羅拉多落磯 2 分,H,,8.25,4,29,H,,
2026-07-17,2026-07-17T13:54:53,台灣運彩,824332,3478305.1,117,2026-07-18T08:40:00+08:00,辛辛那提紅人,科羅拉多洛磯,辛辛那提紅人 @ 科羅拉多洛磯,51456118.1,357,勝分差,252874965.1,科羅拉多落磯 > 2分,H,,2.45,20,29,H,,
2026-07-17,2026-07-17T13:54:53,台灣運彩,824332,3478305.1,117,2026-07-18T08:40:00+08:00,辛辛那提紅人,科羅拉多洛磯,辛辛那提紅人 @ 科羅拉多洛磯,51456118.1,357,勝分差,252874966.1,辛辛那堤紅人 1 分,A,,6.75,4,23,A,,
2026-07-17,2026-07-17T13:54:53,台灣運彩,824332,3478305.1,117,2026-07-18T08:40:00+08:00,辛辛那提紅人,科羅拉多洛磯,辛辛那提紅人 @ 科羅拉多洛磯,51456118.1,357,勝分差,252874967.1,辛辛那堤紅人 2 分,A,,8.25,4,29,A,,
2026-07-17,2026-07-17T13:54:53,台灣運彩,824332,3478305.1,117,2026-07-18T08:40:00+08:00,辛辛那提紅人,科羅拉多洛磯,辛辛那提紅人 @ 科羅拉多洛磯,51456118.1,357,勝分差,252874968.1,辛辛那堤紅人 > 2分,A,,2.30,10,13,A,,
2026-07-17,2026-07-17T13:54:53,台灣運彩,824332,3478305.1,117,2026-07-18T08:40:00+08:00,辛辛那提紅人,科羅拉多洛磯,辛辛那提紅人 @ 科羅拉多洛磯,51456108.1,358,讓分 -2.5,252874933.1,科羅拉多落磯 -2.5,H,-2.5,2.60,5,8,H,-2.5,1
2026-07-17,2026-07-17T13:54:53,台灣運彩,824332,3478305.1,117,2026-07-18T08:40:00+08:00,辛辛那提紅人,科羅拉多洛磯,辛辛那提紅人 @ 科羅拉多洛磯,51456108.1,358,讓分 -2.5,252874934.1,辛辛那堤紅人 +2.5,A,-2.5,1.30,10,3,A,-2.5,2
2026-07-17,2026-07-17T13:54:53,台灣運彩,824332,3478305.1,117,2026-07-18T08:40:00+08:00,辛辛那提紅人,科羅拉多洛磯,辛辛那提紅人 @ 科羅拉多洛磯,51456116.1,358,讓分 1.5,252874959.1,科羅拉多落磯 +1.5,H,1.5,1.43,100,43,H,1.5,1
2026-07-17,2026-07-17T13:54:53,台灣運彩,824332,3478305.1,117,2026-07-18T08:40:00+08:00,辛辛那提紅人,科羅拉多洛磯,辛辛那提紅人 @ 科羅拉多洛磯,51456116.1,358,讓分 1.5,252874960.1,辛辛那堤紅人 -1.5,A,1.5,2.15,20,23,A,1.5,2
2026-07-17,2026-07-17T13:54:53,台灣運彩,824332,3478305.1,117,2026-07-18T08:40:00+08:00,辛辛那提紅人,科羅拉多洛磯,辛辛那提紅人 @ 科羅拉多洛磯,51456117.1,358,讓分 -1.5,252874961.1,科羅拉多落磯 -1.5,H,-1.5,2.15,20,23,H,-1.5,1
2026-07-17,2026-07-17T13:54:53,台灣運彩,824332,3478305.1,117,2026-07-18T08:40:00+08:00,辛辛那提紅人,科羅拉多洛磯,辛辛那提紅人 @ 科羅拉多洛磯,51456117.1,358,讓分 -1.5,252874962.1,辛辛那堤紅人 +1.5,A,-1.5,1.43,100,43,A,-1.5,2
2026-07-17,2026-07-17T13:54:53,台灣運彩,824332,3478305.1,117,2026-07-18T08:40:00+08:00,辛辛那提紅人,科羅拉多洛磯,辛辛那提紅人 @ 科羅拉多洛磯,51456104.1,360,[總分]大小 11.5,252874926.1,大 11.5,A,11.5,1.68,25,17,A,11.5,
2026-07-17,2026-07-17T13:54:53,台灣運彩,824332,3478305.1,117,2026-07-18T08:40:00+08:00,辛辛那提紅人,科羅拉多洛磯,辛辛那提紅人 @ 科羅拉多洛磯,51456104.1,360,[總分]大小 11.5,252874925.1,小 11.5,H,11.5,1.82,50,41,H,11.5,
2026-07-17,2026-07-17T13:54:53,台灣運彩,824332,3478305.1,117,2026-07-18T08:40:00+08:00,辛辛那提紅人,科羅拉多洛磯,辛辛那提紅人 @ 科羅拉多洛磯,51456106.1,360,[總分]大小 10.5,252874930.1,大 10.5,A,10.5,1.43,100,43,A,10.5,
2026-07-17,2026-07-17T13:54:53,台灣運彩,824332,3478305.1,117,2026-07-18T08:40:00+08:00,辛辛那提紅人,科羅拉多洛磯,辛辛那提紅人 @ 科羅拉多洛磯,51456106.1,360,[總分]大小 10.5,252874929.1,小 10.5,H,10.5,2.15,20,23,H,10.5,
2026-07-17,2026-07-17T13:54:53,台灣運彩,824332,3478305.1,117,2026-07-18T08:40:00+08:00,辛辛那提紅人,科羅拉多洛磯,辛辛那提紅人 @ 科羅拉多洛磯,51456112.1,360,[總分]大小 12.5,252874951.1,大 12.5,A,12.5,1.87,100,87,A,12.5,
2026-07-17,2026-07-17T13:54:53,台灣運彩,824332,3478305.1,117,2026-07-18T08:40:00+08:00,辛辛那提紅人,科羅拉多洛磯,辛辛那提紅人 @ 科羅拉多洛磯,51456112.1,360,[總分]大小 12.5,252874950.1,小 12.5,H,12.5,1.63,100,63,H,12.5,
2026-07-17,2026-07-17T13:54:53,台灣運彩,824332,3478305.1,117,2026-07-18T08:40:00+08:00,辛辛那提紅人,科羅拉多洛磯,辛辛那提紅人 @ 科羅拉多洛磯,51456115.1,362,科羅拉多落磯 大小 5.5,252874958.1,大 5.5,A,5.5,1.66,50,33,A,5.5,
2026-07-17,2026-07-17T13:54:53,台灣運彩,824332,3478305.1,117,2026-07-18T08:40:00+08:00,辛辛那提紅人,科羅拉多洛磯,辛辛那提紅人 @ 科羅拉多洛磯,51456115.1,362,科羅拉多落磯 大小 5.5,252874957.1,小 5.5,H,5.5,1.76,25,19,H,5.5,
2026-07-17,2026-07-17T13:54:53,台灣運彩,824332,3478305.1,117,2026-07-18T08:40:00+08:00,辛辛那提紅人,科羅拉多洛磯,辛辛那提紅人 @ 科羅拉多洛磯,51456105.1,363,辛辛那堤紅人 大小 5.5,252874928.1,大 5.5,A,5.5,1.63,100,63,A,5.5,
2026-07-17,2026-07-17T13:54:53,台灣運彩,824332,3478305.1,117,2026-07-18T08:40:00+08:00,辛辛那提紅人,科羅拉多洛磯,辛辛那提紅人 @ 科羅拉多洛磯,51456105.1,363,辛辛那堤紅人 大小 5.5,252874927.1,小 5.5,H,5.5,1.80,5,4,H,5.5,
2026-07-17,2026-07-17T13:54:53,台灣運彩,824332,3478305.1,117,2026-07-18T08:40:00+08:00,辛辛那提紅人,科羅拉多洛磯,辛辛那提紅人 @ 科羅拉多洛磯,51456101.1,366,[總分]單雙,252874920.1,單,,,1.50,2,1,,,
2026-07-17,2026-07-17T13:54:53,台灣運彩,824332,3478305.1,117,2026-07-18T08:40:00+08:00,辛辛那提紅人,科羅拉多洛磯,辛辛那提紅人 @ 科羅拉多洛磯,51456101.1,366,[總分]單雙,252874919.1,雙,,,1.96,25,24,,,
2026-07-17,2026-07-17T13:54:53,台灣運彩,824332,3478305.1,117,2026-07-18T08:40:00+08:00,辛辛那提紅人,科羅拉多洛磯,辛辛那提紅人 @ 科羅拉多洛磯,51456111.1,374,得分最高單局(不含延長賽),252874949.1,一樣多,,,2.40,5,7,,,
2026-07-17,2026-07-17T13:54:53,台灣運彩,824332,3478305.1,117,2026-07-18T08:40:00+08:00,辛辛那提紅人,科羅拉多洛磯,辛辛那提紅人 @ 科羅拉多洛磯,51456111.1,374,得分最高單局(不含延長賽),252874940.1,第1局,,,5.40,5,22,,,
2026-07-17,2026-07-17T13:54:53,台灣運彩,824332,3478305.1,117,2026-07-18T08:40:00+08:00,辛辛那提紅人,科羅拉多洛磯,辛辛那提紅人 @ 科羅拉多洛磯,51456111.1,374,得分最高單局(不含延長賽),252874941.1,第2局,,,6.50,2,11,,,
2026-07-17,2026-07-17T13:54:53,台灣運彩,824332,3478305.1,117,2026-07-18T08:40:00+08:00,辛辛那提紅人,科羅拉多洛磯,辛辛那提紅人 @ 科羅拉多洛磯,51456111.1,374,得分最高單局(不含延長賽),252874942.1,第3局,,,5.70,10,47,,,
2026-07-17,2026-07-17T13:54:53,台灣運彩,824332,3478305.1,117,2026-07-18T08:40:00+08:00,辛辛那提紅人,科羅拉多洛磯,辛辛那提紅人 @ 科羅拉多洛磯,51456111.1,374,得分最高單局(不含延長賽),252874943.1,第4局,,,6.25,4,21,,,
2026-07-17,2026-07-17T13:54:53,台灣運彩,824332,3478305.1,117,2026-07-18T08:40:00+08:00,辛辛那提紅人,科羅拉多洛磯,辛辛那提紅人 @ 科羅拉多洛磯,51456111.1,374,得分最高單局(不含延長賽),252874944.1,第5局,,,6.00,1,5,,,
2026-07-17,2026-07-17T13:54:53,台灣運彩,824332,3478305.1,117,2026-07-18T08:40:00+08:00,辛辛那提紅人,科羅拉多洛磯,辛辛那提紅人 @ 科羅拉多洛磯,51456111.1,374,得分最高單局(不含延長賽),252874945.1,第6局,,,5.80,5,24,,,
2026-07-17,2026-07-17T13:54:53,台灣運彩,824332,3478305.1,117,2026-07-18T08:40:00+08:00,辛辛那提紅人,科羅拉多洛磯,辛辛那提紅人 @ 科羅拉多洛磯,51456111.1,374,得分最高單局(不含延長賽),252874946.1,第7局,,,5.65,20,93,,,
2026-07-17,2026-07-17T13:54:53,台灣運彩,824332,3478305.1,117,2026-07-18T08:40:00+08:00,辛辛那提紅人,科羅拉多洛磯,辛辛那提紅人 @ 科羅拉多洛磯,51456111.1,374,得分最高單局(不含延長賽),252874947.1,第8局,,,5.70,10,47,,,
2026-07-17,2026-07-17T13:54:53,台灣運彩,824332,3478305.1,117,2026-07-18T08:40:00+08:00,辛辛那提紅人,科羅拉多洛磯,辛辛那提紅人 @ 科羅拉多洛磯,51456111.1,374,得分最高單局(不含延長賽),252874948.1,第9局,,,8.00,1,7,,,
2026-07-17,2026-07-17T13:54:53,台灣運彩,824332,3478305.1,117,2026-07-18T08:40:00+08:00,辛辛那提紅人,科羅拉多洛磯,辛辛那提紅人 @ 科羅拉多洛磯,51456113.1,376,[1-5局] 不讓分,252874952.1,科羅拉多落磯,H,,1.75,4,3,H,,1
2026-07-17,2026-07-17T13:54:53,台灣運彩,824332,3478305.1,117,2026-07-18T08:40:00+08:00,辛辛那提紅人,科羅拉多洛磯,辛辛那提紅人 @ 科羅拉多洛磯,51456113.1,376,[1-5局] 不讓分,252874954.1,辛辛那堤紅人,A,,1.80,5,4,A,,2
2026-07-17,2026-07-17T13:54:53,台灣運彩,824332,3478305.1,117,2026-07-18T08:40:00+08:00,辛辛那提紅人,科羅拉多洛磯,辛辛那提紅人 @ 科羅拉多洛磯,51456113.1,376,[1-5局] 不讓分,252874953.1,和局,D,,5.95,20,99,D,,
2026-07-17,2026-07-17T13:54:53,台灣運彩,824332,3478305.1,117,2026-07-18T08:40:00+08:00,辛辛那提紅人,科羅拉多洛磯,辛辛那提紅人 @ 科羅拉多洛磯,51456107.1,378,[1-5局] 大小 6.5,252874932.1,大 6.5,A,6.5,1.71,100,71,A,6.5,
2026-07-17,2026-07-17T13:54:53,台灣運彩,824332,3478305.1,117,2026-07-18T08:40:00+08:00,辛辛那提紅人,科羅拉多洛磯,辛辛那提紅人 @ 科羅拉多洛磯,51456107.1,378,[1-5局] 大小 6.5,252874931.1,小 6.5,H,6.5,1.62,50,31,H,6.5,
2026-07-17,2026-07-17T13:54:53,台灣運彩,824332,3478305.1,117,2026-07-18T08:40:00+08:00,辛辛那提紅人,科羅拉多洛磯,辛辛那提紅人 @ 科羅拉多洛磯,51456662.1,379,[1-5局] 科羅拉多落磯 大小 2.5,252876505.1,大 2.5,A,2.5,1.53,100,53,A,2.5,
2026-07-17,2026-07-17T13:54:53,台灣運彩,824332,3478305.1,117,2026-07-18T08:40:00+08:00,辛辛那提紅人,科羅拉多洛磯,辛辛那提紅人 @ 科羅拉多洛磯,51456662.1,379,[1-5局] 科羅拉多落磯 大小 2.5,252876504.1,小 2.5,H,2.5,1.93,100,93,H,2.5,
2026-07-17,2026-07-17T13:54:53,台灣運彩,824332,3478305.1,117,2026-07-18T08:40:00+08:00,辛辛那提紅人,科羅拉多洛磯,辛辛那提紅人 @ 科羅拉多洛磯,51456102.1,380,[1-5局] 辛辛那堤紅人 大小 2.5,252874922.1,大 2.5,A,2.5,1.56,25,14,A,2.5,
2026-07-17,2026-07-17T13:54:53,台灣運彩,824332,3478305.1,117,2026-07-18T08:40:00+08:00,辛辛那提紅人,科羅拉多洛磯,辛辛那提紅人 @ 科羅拉多洛磯,51456102.1,380,[1-5局] 辛辛那堤紅人 大小 2.5,252874921.1,小 2.5,H,2.5,1.88,25,22,H,2.5,
2026-07-17,2026-07-17T13:54:53,台灣運彩,824332,3478305.1,117,2026-07-18T08:40:00+08:00,辛辛那提紅人,科羅拉多洛磯,辛辛那提紅人 @ 科羅拉多洛磯,51456109.1,389,[第1局] 不讓分,252874935.1,科羅拉多落磯,H,,2.60,5,8,H,,1
2026-07-17,2026-07-17T13:54:53,台灣運彩,824332,3478305.1,117,2026-07-18T08:40:00+08:00,辛辛那提紅人,科羅拉多洛磯,辛辛那提紅人 @ 科羅拉多洛磯,51456109.1,389,[第1局] 不讓分,252874937.1,辛辛那堤紅人,A,,2.75,4,7,A,,2
2026-07-17,2026-07-17T13:54:53,台灣運彩,824332,3478305.1,117,2026-07-18T08:40:00+08:00,辛辛那提紅人,科羅拉多洛磯,辛辛那提紅人 @ 科羅拉多洛磯,51456109.1,389,[第1局] 不讓分,252874936.1,和局,D,,1.80,5,4,D,,
2026-07-17,2026-07-17T13:54:53,台灣運彩,824332,3478305.1,117,2026-07-18T08:40:00+08:00,辛辛那提紅人,科羅拉多洛磯,辛辛那提紅人 @ 科羅拉多洛磯,51456114.1,398,[第1局] 大小 0.5,252874956.1,大 0.5,A,0.5,1.43,100,43,A,0.5,
2026-07-17,2026-07-17T13:54:53,台灣運彩,824332,3478305.1,117,2026-07-18T08:40:00+08:00,辛辛那提紅人,科羅拉多洛磯,辛辛那提紅人 @ 科羅拉多洛磯,51456114.1,398,[第1局] 大小 0.5,252874955.1,小 0.5,H,0.5,1.98,50,49,H,0.5,
2026-07-17,2026-07-17T13:54:53,台灣運彩,824009,3478312.1,118,2026-07-18T09:38:00+08:00,底特律老虎,洛杉磯天使,底特律老虎 @ 洛杉磯天使,51456297.1,354,不讓分,252875563.1,洛杉磯天使,H,,1.70,10,7,H,,1
2026-07-17,2026-07-17T13:54:53,台灣運彩,824009,3478312.1,118,2026-07-18T09:38:00+08:00,底特律老虎,洛杉磯天使,底特律老虎 @ 洛杉磯天使,51456297.1,354,不讓分,252875564.1,底特律老虎,A,,1.80,5,4,A,,2
2026-07-17,2026-07-17T13:54:53,台灣運彩,824009,3478312.1,118,2026-07-18T09:38:00+08:00,底特律老虎,洛杉磯天使,底特律老虎 @ 洛杉磯天使,51456300.1,357,勝分差,252875580.1,底特律老虎 1 分,A,,5.45,20,89,A,,
2026-07-17,2026-07-17T13:54:53,台灣運彩,824009,3478312.1,118,2026-07-18T09:38:00+08:00,底特律老虎,洛杉磯天使,底特律老虎 @ 洛杉磯天使,51456300.1,357,勝分差,252875581.1,底特律老虎 2 分,A,,7.00,1,6,A,,
2026-07-17,2026-07-17T13:54:53,台灣運彩,824009,3478312.1,118,2026-07-18T09:38:00+08:00,底特律老虎,洛杉磯天使,底特律老虎 @ 洛杉磯天使,51456300.1,357,勝分差,252875582.1,底特律老虎 > 2分,A,,2.55,20,31,A,,
2026-07-17,2026-07-17T13:54:53,台灣運彩,824009,3478312.1,118,2026-07-18T09:38:00+08:00,底特律老虎,洛杉磯天使,底特律老虎 @ 洛杉磯天使,51456300.1,357,勝分差,252875577.1,洛杉磯天使 1 分,H,,4.05,20,61,H,,
2026-07-17,2026-07-17T13:54:53,台灣運彩,824009,3478312.1,118,2026-07-18T09:38:00+08:00,底特律老虎,洛杉磯天使,底特律老虎 @ 洛杉磯天使,51456300.1,357,勝分差,252875578.1,洛杉磯天使 2 分,H,,7.25,4,25,H,,
2026-07-17,2026-07-17T13:54:53,台灣運彩,824009,3478312.1,118,2026-07-18T09:38:00+08:00,底特律老虎,洛杉磯天使,底特律老虎 @ 洛杉磯天使,51456300.1,357,勝分差,252875579.1,洛杉磯天使 > 2分,H,,2.85,20,37,H,,
2026-07-17,2026-07-17T13:54:53,台灣運彩,824009,3478312.1,118,2026-07-18T09:38:00+08:00,底特律老虎,洛杉磯天使,底特律老虎 @ 洛杉磯天使,51456285.1,358,讓分 2.5,252875537.1,洛杉磯天使 +2.5,H,2.5,1.25,4,1,H,2.5,1
2026-07-17,2026-07-17T13:54:53,台灣運彩,824009,3478312.1,118,2026-07-18T09:38:00+08:00,底特律老虎,洛杉磯天使,底特律老虎 @ 洛杉磯天使,51456285.1,358,讓分 2.5,252875538.1,底特律老虎 -2.5,A,2.5,2.85,20,37,A,2.5,2
2026-07-17,2026-07-17T13:54:53,台灣運彩,824009,3478312.1,118,2026-07-18T09:38:00+08:00,底特律老虎,洛杉磯天使,底特律老虎 @ 洛杉磯天使,51456294.1,358,讓分 1.5,252875557.1,洛杉磯天使 +1.5,H,1.5,1.40,5,2,H,1.5,1
2026-07-17,2026-07-17T13:54:53,台灣運彩,824009,3478312.1,118,2026-07-18T09:38:00+08:00,底特律老虎,洛杉磯天使,底特律老虎 @ 洛杉磯天使,51456294.1,358,讓分 1.5,252875558.1,底特律老虎 -1.5,A,1.5,2.30,10,13,A,1.5,2
2026-07-17,2026-07-17T13:54:53,台灣運彩,824009,3478312.1,118,2026-07-18T09:38:00+08:00,底特律老虎,洛杉磯天使,底特律老虎 @ 洛杉磯天使,51456287.1,360,[總分]大小 9.5,252875542.1,大 9.5,A,9.5,2.20,5,6,A,9.5,
2026-07-17,2026-07-17T13:54:53,台灣運彩,824009,3478312.1,118,2026-07-18T09:38:00+08:00,底特律老虎,洛杉磯天使,底特律老虎 @ 洛杉磯天使,51456287.1,360,[總分]大小 9.5,252875541.1,小 9.5,H,9.5,1.42,50,21,H,9.5,
2026-07-17,2026-07-17T13:54:53,台灣運彩,824009,3478312.1,118,2026-07-18T09:38:00+08:00,底特律老虎,洛杉磯天使,底特律老虎 @ 洛杉磯天使,51456290.1,360,[總分]大小 7.5,252875548.1,大 7.5,A,7.5,1.62,50,31,A,7.5,
2026-07-17,2026-07-17T13:54:53,台灣運彩,824009,3478312.1,118,2026-07-18T09:38:00+08:00,底特律老虎,洛杉磯天使,底特律老虎 @ 洛杉磯天使,51456290.1,360,[總分]大小 7.5,252875547.1,小 7.5,H,7.5,1.88,25,22,H,7.5,
2026-07-17,2026-07-17T13:54:53,台灣運彩,824009,3478312.1,118,2026-07-18T09:38:00+08:00,底特律老虎,洛杉磯天使,底特律老虎 @ 洛杉磯天使,51456296.1,360,[總分]大小 8.5,252875562.1,大 8.5,A,8.5,1.85,20,17,A,8.5,
2026-07-17,2026-07-17T13:54:53,台灣運彩,824009,3478312.1,118,2026-07-18T09:38:00+08:00,底特律老虎,洛杉磯天使,底特律老虎 @ 洛杉磯天使,51456296.1,360,[總分]大小 8.5,252875561.1,小 8.5,H,8.5,1.65,20,13,H,8.5,
2026-07-17,2026-07-17T13:54:53,台灣運彩,824009,3478312.1,118,2026-07-18T09:38:00+08:00,底特律老虎,洛杉磯天使,底特律老虎 @ 洛杉磯天使,51456299.1,362,洛杉磯天使 大小 3.5,252875576.1,大 3.5,A,3.5,1.62,50,31,A,3.5,
2026-07-17,2026-07-17T13:54:53,台灣運彩,824009,3478312.1,118,2026-07-18T09:38:00+08:00,底特律老虎,洛杉磯天使,底特律老虎 @ 洛杉磯天使,51456299.1,362,洛杉磯天使 大小 3.5,252875575.1,小 3.5,H,3.5,1.82,50,41,H,3.5,
2026-07-17,2026-07-17T13:54:53,台灣運彩,824009,3478312.1,118,2026-07-18T09:38:00+08:00,底特律老虎,洛杉磯天使,底特律老虎 @ 洛杉磯天使,51456291.1,363,底特律老虎 大小 3.5,252875550.1,大 3.5,A,3.5,1.58,50,29,A,3.5,
2026-07-17,2026-07-17T13:54:53,台灣運彩,824009,3478312.1,118,2026-07-18T09:38:00+08:00,底特律老虎,洛杉磯天使,底特律老虎 @ 洛杉磯天使,51456291.1,363,底特律老虎 大小 3.5,252875549.1,小 3.5,H,3.5,1.86,50,43,H,3.5,
2026-07-17,2026-07-17T13:54:53,台灣運彩,824009,3478312.1,118,2026-07-18T09:38:00+08:00,底特律老虎,洛杉磯天使,底特律老虎 @ 洛杉磯天使,51456284.1,366,[總分]單雙,252875536.1,單,,,1.48,25,12,,,
2026-07-17,2026-07-17T13:54:53,台灣運彩,824009,3478312.1,118,2026-07-18T09:38:00+08:00,底特律老虎,洛杉磯天使,底特律老虎 @ 洛杉磯天使,51456284.1,366,[總分]單雙,252875535.1,雙,,,2.00,1,1,,,
2026-07-17,2026-07-17T13:54:53,台灣運彩,824009,3478312.1,118,2026-07-18T09:38:00+08:00,底特律老虎,洛杉磯天使,底特律老虎 @ 洛杉磯天使,51456298.1,374,得分最高單局(不含延長賽),252875574.1,一樣多,,,2.20,5,6,,,
2026-07-17,2026-07-17T13:54:53,台灣運彩,824009,3478312.1,118,2026-07-18T09:38:00+08:00,底特律老虎,洛杉磯天使,底特律老虎 @ 洛杉磯天使,51456298.1,374,得分最高單局(不含延長賽),252875565.1,第1局,,,5.50,2,9,,,
2026-07-17,2026-07-17T13:54:53,台灣運彩,824009,3478312.1,118,2026-07-18T09:38:00+08:00,底特律老虎,洛杉磯天使,底特律老虎 @ 洛杉磯天使,51456298.1,374,得分最高單局(不含延長賽),252875566.1,第2局,,,6.50,2,11,,,
2026-07-17,2026-07-17T13:54:53,台灣運彩,824009,3478312.1,118,2026-07-18T09:38:00+08:00,底特律老虎,洛杉磯天使,底特律老虎 @ 洛杉磯天使,51456298.1,374,得分最高單局(不含延長賽),252875567.1,第3局,,,5.70,10,47,,,
2026-07-17,2026-07-17T13:54:53,台灣運彩,824009,3478312.1,118,2026-07-18T09:38:00+08:00,底特律老虎,洛杉磯天使,底特律老虎 @ 洛杉磯天使,51456298.1,374,得分最高單局(不含延長賽),252875568.1,第4局,,,6.25,4,21,,,
2026-07-17,2026-07-17T13:54:53,台灣運彩,824009,3478312.1,118,2026-07-18T09:38:00+08:00,底特律老虎,洛杉磯天使,底特律老虎 @ 洛杉磯天使,51456298.1,374,得分最高單局(不含延長賽),252875569.1,第5局,,,6.00,1,5,,,
2026-07-17,2026-07-17T13:54:53,台灣運彩,824009,3478312.1,118,2026-07-18T09:38:00+08:00,底特律老虎,洛杉磯天使,底特律老虎 @ 洛杉磯天使,51456298.1,374,得分最高單局(不含延長賽),252875570.1,第6局,,,6.25,4,21,,,
2026-07-17,2026-07-17T13:54:53,台灣運彩,824009,3478312.1,118,2026-07-18T09:38:00+08:00,底特律老虎,洛杉磯天使,底特律老虎 @ 洛杉磯天使,51456298.1,374,得分最高單局(不含延長賽),252875571.1,第7局,,,6.00,1,5,,,
2026-07-17,2026-07-17T13:54:53,台灣運彩,824009,3478312.1,118,2026-07-18T09:38:00+08:00,底特律老虎,洛杉磯天使,底特律老虎 @ 洛杉磯天使,51456298.1,374,得分最高單局(不含延長賽),252875572.1,第8局,,,5.85,20,97,,,
2026-07-17,2026-07-17T13:54:53,台灣運彩,824009,3478312.1,118,2026-07-18T09:38:00+08:00,底特律老虎,洛杉磯天使,底特律老虎 @ 洛杉磯天使,51456298.1,374,得分最高單局(不含延長賽),252875573.1,第9局,,,8.00,1,7,,,
2026-07-17,2026-07-17T13:54:53,台灣運彩,824009,3478312.1,118,2026-07-18T09:38:00+08:00,底特律老虎,洛杉磯天使,底特律老虎 @ 洛杉磯天使,51456292.1,376,[1-5局] 不讓分,252875551.1,洛杉磯天使,H,,1.85,20,17,H,,1
2026-07-17,2026-07-17T13:54:53,台灣運彩,824009,3478312.1,118,2026-07-18T09:38:00+08:00,底特律老虎,洛杉磯天使,底特律老虎 @ 洛杉磯天使,51456292.1,376,[1-5局] 不讓分,252875553.1,底特律老虎,A,,1.85,20,17,A,,2
2026-07-17,2026-07-17T13:54:53,台灣運彩,824009,3478312.1,118,2026-07-18T09:38:00+08:00,底特律老虎,洛杉磯天使,底特律老虎 @ 洛杉磯天使,51456292.1,376,[1-5局] 不讓分,252875552.1,和局,D,,4.50,2,7,D,,
2026-07-17,2026-07-17T13:54:53,台灣運彩,824009,3478312.1,118,2026-07-18T09:38:00+08:00,底特律老虎,洛杉磯天使,底特律老虎 @ 洛杉磯天使,51456295.1,378,[1-5局] 大小 4.5,252875560.1,大 4.5,A,4.5,1.73,100,73,A,4.5,
2026-07-17,2026-07-17T13:54:53,台灣運彩,824009,3478312.1,118,2026-07-18T09:38:00+08:00,底特律老虎,洛杉磯天使,底特律老虎 @ 洛杉磯天使,51456295.1,378,[1-5局] 大小 4.5,252875559.1,小 4.5,H,4.5,1.60,5,3,H,4.5,
2026-07-17,2026-07-17T13:54:53,台灣運彩,824009,3478312.1,118,2026-07-18T09:38:00+08:00,底特律老虎,洛杉磯天使,底特律老虎 @ 洛杉磯天使,51456286.1,379,[1-5局] 洛杉磯天使 大小 1.5,252875540.1,大 1.5,A,1.5,1.53,100,53,A,1.5,
2026-07-17,2026-07-17T13:54:53,台灣運彩,824009,3478312.1,118,2026-07-18T09:38:00+08:00,底特律老虎,洛杉磯天使,底特律老虎 @ 洛杉磯天使,51456286.1,379,[1-5局] 洛杉磯天使 大小 1.5,252875539.1,小 1.5,H,1.5,1.93,100,93,H,1.5,
2026-07-17,2026-07-17T13:54:53,台灣運彩,824009,3478312.1,118,2026-07-18T09:38:00+08:00,底特律老虎,洛杉磯天使,底特律老虎 @ 洛杉磯天使,51456289.1,380,[1-5局] 底特律老虎 大小 1.5,252875546.1,大 1.5,A,1.5,1.55,20,11,A,1.5,
2026-07-17,2026-07-17T13:54:53,台灣運彩,824009,3478312.1,118,2026-07-18T09:38:00+08:00,底特律老虎,洛杉磯天使,底特律老虎 @ 洛杉磯天使,51456289.1,380,[1-5局] 底特律老虎 大小 1.5,252875545.1,小 1.5,H,1.5,1.90,10,9,H,1.5,
2026-07-17,2026-07-17T13:54:53,台灣運彩,824009,3478312.1,118,2026-07-18T09:38:00+08:00,底特律老虎,洛杉磯天使,底特律老虎 @ 洛杉磯天使,51456293.1,389,[第1局] 不讓分,252875554.1,洛杉磯天使,H,,3.10,10,21,H,,1
2026-07-17,2026-07-17T13:54:53,台灣運彩,824009,3478312.1,118,2026-07-18T09:38:00+08:00,底特律老虎,洛杉磯天使,底特律老虎 @ 洛杉磯天使,51456293.1,389,[第1局] 不讓分,252875556.1,底特律老虎,A,,3.15,20,43,A,,2
2026-07-17,2026-07-17T13:54:53,台灣運彩,824009,3478312.1,118,2026-07-18T09:38:00+08:00,底特律老虎,洛杉磯天使,底特律老虎 @ 洛杉磯天使,51456293.1,389,[第1局] 不讓分,252875555.1,和局,D,,1.50,2,1,D,,
2026-07-17,2026-07-17T13:54:53,台灣運彩,824009,3478312.1,118,2026-07-18T09:38:00+08:00,底特律老虎,洛杉磯天使,底特律老虎 @ 洛杉磯天使,51456288.1,398,[第1局] 大小 0.5,252875544.1,大 0.5,A,0.5,1.71,100,71,A,0.5,
2026-07-17,2026-07-17T13:54:53,台灣運彩,824009,3478312.1,118,2026-07-18T09:38:00+08:00,底特律老虎,洛杉磯天使,底特律老虎 @ 洛杉磯天使,51456288.1,398,[第1局] 大小 0.5,252875543.1,小 0.5,H,0.5,1.62,50,31,H,0.5,
2026-07-17,2026-07-17T13:54:53,台灣運彩,825060,3478313.1,119,2026-07-18T09:40:00+08:00,聖路易紅雀,亞利桑那響尾蛇,聖路易紅雀 @ 亞利桑那響尾蛇,51456308.1,354,不讓分,252875597.1,亞歷桑那響尾蛇,H,,1.78,50,39,H,,1
2026-07-17,2026-07-17T13:54:53,台灣運彩,825060,3478313.1,119,2026-07-18T09:40:00+08:00,聖路易紅雀,亞利桑那響尾蛇,聖路易紅雀 @ 亞利桑那響尾蛇,51456308.1,354,不讓分,252875598.1,聖路易紅雀,A,,1.72,25,18,A,,2
2026-07-17,2026-07-17T13:54:53,台灣運彩,825060,3478313.1,119,2026-07-18T09:40:00+08:00,聖路易紅雀,亞利桑那響尾蛇,聖路易紅雀 @ 亞利桑那響尾蛇,51456314.1,357,勝分差,252875609.1,亞歷桑那響尾蛇 1 分,H,,4.25,4,13,H,,
2026-07-17,2026-07-17T13:54:53,台灣運彩,825060,3478313.1,119,2026-07-18T09:40:00+08:00,聖路易紅雀,亞利桑那響尾蛇,聖路易紅雀 @ 亞利桑那響尾蛇,51456314.1,357,勝分差,252875610.1,亞歷桑那響尾蛇 2 分,H,,7.50,2,13,H,,
2026-07-17,2026-07-17T13:54:53,台灣運彩,825060,3478313.1,119,2026-07-18T09:40:00+08:00,聖路易紅雀,亞利桑那響尾蛇,聖路易紅雀 @ 亞利桑那響尾蛇,51456314.1,357,勝分差,252875611.1,亞歷桑那響尾蛇 > 2分,H,,2.80,5,9,H,,
2026-07-17,2026-07-17T13:54:53,台灣運彩,825060,3478313.1,119,2026-07-18T09:40:00+08:00,聖路易紅雀,亞利桑那響尾蛇,聖路易紅雀 @ 亞利桑那響尾蛇,51456314.1,357,勝分差,252875612.1,聖路易紅雀 1 分,A,,5.85,20,97,A,,
2026-07-17,2026-07-17T13:54:53,台灣運彩,825060,3478313.1,119,2026-07-18T09:40:00+08:00,聖路易紅雀,亞利桑那響尾蛇,聖路易紅雀 @ 亞利桑那響尾蛇,51456314.1,357,勝分差,252875613.1,聖路易紅雀 2 分,A,,7.25,4,25,A,,
2026-07-17,2026-07-17T13:54:53,台灣運彩,825060,3478313.1,119,2026-07-18T09:40:00+08:00,聖路易紅雀,亞利桑那響尾蛇,聖路易紅雀 @ 亞利桑那響尾蛇,51456314.1,357,勝分差,252875614.1,聖路易紅雀 > 2分,A,,2.40,5,7,A,,
2026-07-17,2026-07-17T13:54:53,台灣運彩,825060,3478313.1,119,2026-07-18T09:40:00+08:00,聖路易紅雀,亞利桑那響尾蛇,聖路易紅雀 @ 亞利桑那響尾蛇,51456313.1,358,讓分 1.5,252875607.1,亞歷桑那響尾蛇 +1.5,H,1.5,1.48,25,12,H,1.5,1
2026-07-17,2026-07-17T13:54:53,台灣運彩,825060,3478313.1,119,2026-07-18T09:40:00+08:00,聖路易紅雀,亞利桑那響尾蛇,聖路易紅雀 @ 亞利桑那響尾蛇,51456313.1,358,讓分 1.5,252875608.1,聖路易紅雀 -1.5,A,1.5,2.05,20,21,A,1.5,2
2026-07-17,2026-07-17T13:54:53,台灣運彩,825060,3478313.1,119,2026-07-18T09:40:00+08:00,聖路易紅雀,亞利桑那響尾蛇,聖路易紅雀 @ 亞利桑那響尾蛇,51456311.1,360,[總分]大小 9.5,252875604.1,大 9.5,A,9.5,1.85,20,17,A,9.5,
2026-07-17,2026-07-17T13:54:53,台灣運彩,825060,3478313.1,119,2026-07-18T09:40:00+08:00,聖路易紅雀,亞利桑那響尾蛇,聖路易紅雀 @ 亞利桑那響尾蛇,51456311.1,360,[總分]大小 9.5,252875603.1,小 9.5,H,9.5,1.65,20,13,H,9.5,
2026-07-17,2026-07-17T13:54:53,台灣運彩,825060,3478313.1,119,2026-07-18T09:40:00+08:00,聖路易紅雀,亞利桑那響尾蛇,聖路易紅雀 @ 亞利桑那響尾蛇,51456312.1,362,亞歷桑那響尾蛇 大小 4.5,252875606.1,大 4.5,A,4.5,1.82,50,41,A,4.5,
2026-07-17,2026-07-17T13:54:53,台灣運彩,825060,3478313.1,119,2026-07-18T09:40:00+08:00,聖路易紅雀,亞利桑那響尾蛇,聖路易紅雀 @ 亞利桑那響尾蛇,51456312.1,362,亞歷桑那響尾蛇 大小 4.5,252875605.1,小 4.5,H,4.5,1.62,50,31,H,4.5,
2026-07-17,2026-07-17T13:54:53,台灣運彩,825060,3478313.1,119,2026-07-18T09:40:00+08:00,聖路易紅雀,亞利桑那響尾蛇,聖路易紅雀 @ 亞利桑那響尾蛇,51456310.1,363,聖路易紅雀 大小 4.5,252875602.1,大 4.5,A,4.5,1.72,25,18,A,4.5,
2026-07-17,2026-07-17T13:54:53,台灣運彩,825060,3478313.1,119,2026-07-18T09:40:00+08:00,聖路易紅雀,亞利桑那響尾蛇,聖路易紅雀 @ 亞利桑那響尾蛇,51456310.1,363,聖路易紅雀 大小 4.5,252875601.1,小 4.5,H,4.5,1.72,25,18,H,4.5,
2026-07-17,2026-07-17T13:54:53,台灣運彩,825060,3478313.1,119,2026-07-18T09:40:00+08:00,聖路易紅雀,亞利桑那響尾蛇,聖路易紅雀 @ 亞利桑那響尾蛇,51456309.1,366,[總分]單雙,252875600.1,單,,,1.46,50,23,,,
2026-07-17,2026-07-17T13:54:53,台灣運彩,825060,3478313.1,119,2026-07-18T09:40:00+08:00,聖路易紅雀,亞利桑那響尾蛇,聖路易紅雀 @ 亞利桑那響尾蛇,51456309.1,366,[總分]單雙,252875599.1,雙,,,1.93,100,93,,,
2026-07-17,2026-07-17T13:54:53,台灣運彩,824981,3478314.1,120,2026-07-18T09:40:00+08:00,華盛頓國民,運動家,華盛頓國民 @ 運動家,51456316.1,354,不讓分,252875617.1,運動家,H,,1.68,25,17,H,,1
2026-07-17,2026-07-17T13:54:53,台灣運彩,824981,3478314.1,120,2026-07-18T09:40:00+08:00,華盛頓國民,運動家,華盛頓國民 @ 運動家,51456316.1,354,不讓分,252875618.1,華盛頓國民,A,,1.82,50,41,A,,2
2026-07-17,2026-07-17T13:54:53,台灣運彩,824981,3478314.1,120,2026-07-18T09:40:00+08:00,華盛頓國民,運動家,華盛頓國民 @ 運動家,51456331.1,357,勝分差,252875652.1,華盛頓國民 1 分,A,,6.00,1,5,A,,
2026-07-17,2026-07-17T13:54:53,台灣運彩,824981,3478314.1,120,2026-07-18T09:40:00+08:00,華盛頓國民,運動家,華盛頓國民 @ 運動家,51456331.1,357,勝分差,252875653.1,華盛頓國民 2 分,A,,7.50,2,13,A,,
2026-07-17,2026-07-17T13:54:53,台灣運彩,824981,3478314.1,120,2026-07-18T09:40:00+08:00,華盛頓國民,運動家,華盛頓國民 @ 運動家,51456331.1,357,勝分差,252875654.1,華盛頓國民 > 2分,A,,2.40,5,7,A,,
2026-07-17,2026-07-17T13:54:53,台灣運彩,824981,3478314.1,120,2026-07-18T09:40:00+08:00,華盛頓國民,運動家,華盛頓國民 @ 運動家,51456331.1,357,勝分差,252875649.1,運動家 1 分,H,,4.25,4,13,H,,
2026-07-17,2026-07-17T13:54:53,台灣運彩,824981,3478314.1,120,2026-07-18T09:40:00+08:00,華盛頓國民,運動家,華盛頓國民 @ 運動家,51456331.1,357,勝分差,252875650.1,運動家 2 分,H,,8.00,1,7,H,,
2026-07-17,2026-07-17T13:54:53,台灣運彩,824981,3478314.1,120,2026-07-18T09:40:00+08:00,華盛頓國民,運動家,華盛頓國民 @ 運動家,51456331.1,357,勝分差,252875651.1,運動家 > 2分,H,,2.70,10,17,H,,
2026-07-17,2026-07-17T13:54:53,台灣運彩,824981,3478314.1,120,2026-07-18T09:40:00+08:00,華盛頓國民,運動家,華盛頓國民 @ 運動家,51456320.1,358,讓分 1.5,252875625.1,運動家 +1.5,H,1.5,1.42,50,21,H,1.5,1
2026-07-17,2026-07-17T13:54:53,台灣運彩,824981,3478314.1,120,2026-07-18T09:40:00+08:00,華盛頓國民,運動家,華盛頓國民 @ 運動家,51456320.1,358,讓分 1.5,252875626.1,華盛頓國民 -1.5,A,1.5,2.20,5,6,A,1.5,2
2026-07-17,2026-07-17T13:54:53,台灣運彩,824981,3478314.1,120,2026-07-18T09:40:00+08:00,華盛頓國民,運動家,華盛頓國民 @ 運動家,51456330.1,358,讓分 2.5,252875647.1,運動家 +2.5,H,2.5,1.28,25,7,H,2.5,1
2026-07-17,2026-07-17T13:54:53,台灣運彩,824981,3478314.1,120,2026-07-18T09:40:00+08:00,華盛頓國民,運動家,華盛頓國民 @ 運動家,51456330.1,358,讓分 2.5,252875648.1,華盛頓國民 -2.5,A,2.5,2.70,10,17,A,2.5,2
2026-07-17,2026-07-17T13:54:53,台灣運彩,824981,3478314.1,120,2026-07-18T09:40:00+08:00,華盛頓國民,運動家,華盛頓國民 @ 運動家,51456315.1,360,[總分]大小 9.5,252875616.1,大 9.5,A,9.5,1.65,20,13,A,9.5,
2026-07-17,2026-07-17T13:54:53,台灣運彩,824981,3478314.1,120,2026-07-18T09:40:00+08:00,華盛頓國民,運動家,華盛頓國民 @ 運動家,51456315.1,360,[總分]大小 9.5,252875615.1,小 9.5,H,9.5,1.85,20,17,H,9.5,
2026-07-17,2026-07-17T13:54:53,台灣運彩,824981,3478314.1,120,2026-07-18T09:40:00+08:00,華盛頓國民,運動家,華盛頓國民 @ 運動家,51456319.1,360,[總分]大小 10.5,252875624.1,大 10.5,A,10.5,1.87,100,87,A,10.5,
2026-07-17,2026-07-17T13:54:53,台灣運彩,824981,3478314.1,120,2026-07-18T09:40:00+08:00,華盛頓國民,運動家,華盛頓國民 @ 運動家,51456319.1,360,[總分]大小 10.5,252875623.1,小 10.5,H,10.5,1.63,100,63,H,10.5,
2026-07-17,2026-07-17T13:54:53,台灣運彩,824981,3478314.1,120,2026-07-18T09:40:00+08:00,華盛頓國民,運動家,華盛頓國民 @ 運動家,51456324.1,360,[總分]大小 8.5,252875634.1,大 8.5,A,8.5,1.42,50,21,A,8.5,
2026-07-17,2026-07-17T13:54:53,台灣運彩,824981,3478314.1,120,2026-07-18T09:40:00+08:00,華盛頓國民,運動家,華盛頓國民 @ 運動家,51456324.1,360,[總分]大小 8.5,252875633.1,小 8.5,H,8.5,2.20,5,6,H,8.5,
2026-07-17,2026-07-17T13:54:53,台灣運彩,824981,3478314.1,120,2026-07-18T09:40:00+08:00,華盛頓國民,運動家,華盛頓國民 @ 運動家,51456321.1,362,運動家 大小 4.5,252875628.1,大 4.5,A,4.5,1.65,20,13,A,4.5,
2026-07-17,2026-07-17T13:54:53,台灣運彩,824981,3478314.1,120,2026-07-18T09:40:00+08:00,華盛頓國民,運動家,華盛頓國民 @ 運動家,51456321.1,362,運動家 大小 4.5,252875627.1,小 4.5,H,4.5,1.78,50,39,H,4.5,
2026-07-17,2026-07-17T13:54:53,台灣運彩,824981,3478314.1,120,2026-07-18T09:40:00+08:00,華盛頓國民,運動家,華盛頓國民 @ 運動家,51456317.1,363,華盛頓國民 大小 4.5,252875620.1,大 4.5,A,4.5,1.60,5,3,A,4.5,
2026-07-17,2026-07-17T13:54:53,台灣運彩,824981,3478314.1,120,2026-07-18T09:40:00+08:00,華盛頓國民,運動家,華盛頓國民 @ 運動家,51456317.1,363,華盛頓國民 大小 4.5,252875619.1,小 4.5,H,4.5,1.85,20,17,H,4.5,
2026-07-17,2026-07-17T13:54:53,台灣運彩,824981,3478314.1,120,2026-07-18T09:40:00+08:00,華盛頓國民,運動家,華盛頓國民 @ 運動家,51456318.1,366,[總分]單雙,252875622.1,單,,,1.48,25,12,,,
2026-07-17,2026-07-17T13:54:53,台灣運彩,824981,3478314.1,120,2026-07-18T09:40:00+08:00,華盛頓國民,運動家,華盛頓國民 @ 運動家,51456318.1,366,[總分]單雙,252875621.1,雙,,,2.00,1,1,,,
2026-07-17,2026-07-17T13:54:53,台灣運彩,824981,3478314.1,120,2026-07-18T09:40:00+08:00,華盛頓國民,運動家,華盛頓國民 @ 運動家,51456332.1,374,得分最高單局(不含延長賽),252875664.1,一樣多,,,2.35,20,27,,,
2026-07-17,2026-07-17T13:54:53,台灣運彩,824981,3478314.1,120,2026-07-18T09:40:00+08:00,華盛頓國民,運動家,華盛頓國民 @ 運動家,51456332.1,374,得分最高單局(不含延長賽),252875655.1,第1局,,,5.60,5,23,,,
2026-07-17,2026-07-17T13:54:53,台灣運彩,824981,3478314.1,120,2026-07-18T09:40:00+08:00,華盛頓國民,運動家,華盛頓國民 @ 運動家,51456332.1,374,得分最高單局(不含延長賽),252875656.1,第2局,,,6.75,4,23,,,
2026-07-17,2026-07-17T13:54:53,台灣運彩,824981,3478314.1,120,2026-07-18T09:40:00+08:00,華盛頓國民,運動家,華盛頓國民 @ 運動家,51456332.1,374,得分最高單局(不含延長賽),252875657.1,第3局,,,5.80,5,24,,,
2026-07-17,2026-07-17T13:54:53,台灣運彩,824981,3478314.1,120,2026-07-18T09:40:00+08:00,華盛頓國民,運動家,華盛頓國民 @ 運動家,51456332.1,374,得分最高單局(不含延長賽),252875658.1,第4局,,,6.25,4,21,,,
2026-07-17,2026-07-17T13:54:53,台灣運彩,824981,3478314.1,120,2026-07-18T09:40:00+08:00,華盛頓國民,運動家,華盛頓國民 @ 運動家,51456332.1,374,得分最高單局(不含延長賽),252875659.1,第5局,,,6.25,4,21,,,
2026-07-17,2026-07-17T13:54:53,台灣運彩,824981,3478314.1,120,2026-07-18T09:40:00+08:00,華盛頓國民,運動家,華盛頓國民 @ 運動家,51456332.1,374,得分最高單局(不含延長賽),252875660.1,第6局,,,5.60,5,23,,,
2026-07-17,2026-07-17T13:54:53,台灣運彩,824981,3478314.1,120,2026-07-18T09:40:00+08:00,華盛頓國民,運動家,華盛頓國民 @ 運動家,51456332.1,374,得分最高單局(不含延長賽),252875661.1,第7局,,,5.75,4,19,,,
2026-07-17,2026-07-17T13:54:53,台灣運彩,824981,3478314.1,120,2026-07-18T09:40:00+08:00,華盛頓國民,運動家,華盛頓國民 @ 運動家,51456332.1,374,得分最高單局(不含延長賽),252875662.1,第8局,,,5.70,10,47,,,
2026-07-17,2026-07-17T13:54:53,台灣運彩,824981,3478314.1,120,2026-07-18T09:40:00+08:00,華盛頓國民,運動家,華盛頓國民 @ 運動家,51456332.1,374,得分最高單局(不含延長賽),252875663.1,第9局,,,8.00,1,7,,,
2026-07-17,2026-07-17T13:54:53,台灣運彩,824981,3478314.1,120,2026-07-18T09:40:00+08:00,華盛頓國民,運動家,華盛頓國民 @ 運動家,51456327.1,376,[1-5局] 不讓分,252875639.1,運動家,H,,1.80,5,4,H,,1
2026-07-17,2026-07-17T13:54:53,台灣運彩,824981,3478314.1,120,2026-07-18T09:40:00+08:00,華盛頓國民,運動家,華盛頓國民 @ 運動家,51456327.1,376,[1-5局] 不讓分,252875641.1,華盛頓國民,A,,1.80,5,4,A,,2
2026-07-17,2026-07-17T13:54:53,台灣運彩,824981,3478314.1,120,2026-07-18T09:40:00+08:00,華盛頓國民,運動家,華盛頓國民 @ 運動家,51456327.1,376,[1-5局] 不讓分,252875640.1,和局,D,,5.10,10,41,D,,
2026-07-17,2026-07-17T13:54:53,台灣運彩,824981,3478314.1,120,2026-07-18T09:40:00+08:00,華盛頓國民,運動家,華盛頓國民 @ 運動家,51456322.1,378,[1-5局] 大小 5.5,252875630.1,大 5.5,A,5.5,1.73,100,73,A,5.5,
2026-07-17,2026-07-17T13:54:53,台灣運彩,824981,3478314.1,120,2026-07-18T09:40:00+08:00,華盛頓國民,運動家,華盛頓國民 @ 運動家,51456322.1,378,[1-5局] 大小 5.5,252875629.1,小 5.5,H,5.5,1.60,5,3,H,5.5,
2026-07-17,2026-07-17T13:54:53,台灣運彩,824981,3478314.1,120,2026-07-18T09:40:00+08:00,華盛頓國民,運動家,華盛頓國民 @ 運動家,51456323.1,379,[1-5局] 運動家 大小 2.5,252875632.1,大 2.5,A,2.5,1.80,5,4,A,2.5,
2026-07-17,2026-07-17T13:54:53,台灣運彩,824981,3478314.1,120,2026-07-18T09:40:00+08:00,華盛頓國民,運動家,華盛頓國民 @ 運動家,51456323.1,379,[1-5局] 運動家 大小 2.5,252875631.1,小 2.5,H,2.5,1.63,100,63,H,2.5,
2026-07-17,2026-07-17T13:54:53,台灣運彩,824981,3478314.1,120,2026-07-18T09:40:00+08:00,華盛頓國民,運動家,華盛頓國民 @ 運動家,51456328.1,380,[1-5局] 華盛頓國民 大小 2.5,252875643.1,大 2.5,A,2.5,1.80,5,4,A,2.5,
2026-07-17,2026-07-17T13:54:53,台灣運彩,824981,3478314.1,120,2026-07-18T09:40:00+08:00,華盛頓國民,運動家,華盛頓國民 @ 運動家,51456328.1,380,[1-5局] 華盛頓國民 大小 2.5,252875642.1,小 2.5,H,2.5,1.63,100,63,H,2.5,
2026-07-17,2026-07-17T13:54:53,台灣運彩,824981,3478314.1,120,2026-07-18T09:40:00+08:00,華盛頓國民,運動家,華盛頓國民 @ 運動家,51456329.1,389,[第1局] 不讓分,252875644.1,運動家,H,,2.85,20,37,H,,1
2026-07-17,2026-07-17T13:54:53,台灣運彩,824981,3478314.1,120,2026-07-18T09:40:00+08:00,華盛頓國民,運動家,華盛頓國民 @ 運動家,51456329.1,389,[第1局] 不讓分,252875646.1,華盛頓國民,A,,2.95,20,39,A,,2
2026-07-17,2026-07-17T13:54:53,台灣運彩,824981,3478314.1,120,2026-07-18T09:40:00+08:00,華盛頓國民,運動家,華盛頓國民 @ 運動家,51456329.1,389,[第1局] 不讓分,252875645.1,和局,D,,1.65,20,13,D,,
2026-07-17,2026-07-17T13:54:53,台灣運彩,824981,3478314.1,120,2026-07-18T09:40:00+08:00,華盛頓國民,運動家,華盛頓國民 @ 運動家,51456325.1,398,[第1局] 大小 0.5,252875636.1,大 0.5,A,0.5,1.58,50,29,A,0.5,
2026-07-17,2026-07-17T13:54:53,台灣運彩,824981,3478314.1,120,2026-07-18T09:40:00+08:00,華盛頓國民,運動家,華盛頓國民 @ 運動家,51456325.1,398,[第1局] 大小 0.5,252875635.1,小 0.5,H,0.5,1.75,4,3,H,0.5,
2026-07-17,2026-07-17T13:54:53,台灣運彩,823115,3478321.1,121,2026-07-18T10:10:00+08:00,舊金山巨人,西雅圖水手,舊金山巨人 @ 西雅圖水手,51456385.1,354,不讓分,252875787.1,西雅圖水手,H,,1.48,25,12,H,,1
2026-07-17,2026-07-17T13:54:53,台灣運彩,823115,3478321.1,121,2026-07-18T10:10:00+08:00,舊金山巨人,西雅圖水手,舊金山巨人 @ 西雅圖水手,51456385.1,354,不讓分,252875788.1,舊金山巨人,A,,2.05,20,21,A,,2
2026-07-17,2026-07-17T13:54:53,台灣運彩,823115,3478321.1,121,2026-07-18T10:10:00+08:00,舊金山巨人,西雅圖水手,舊金山巨人 @ 西雅圖水手,51456395.1,357,勝分差,252875811.1,舊金山巨人 1 分,A,,5.40,5,22,A,,
2026-07-17,2026-07-17T13:54:53,台灣運彩,823115,3478321.1,121,2026-07-18T10:10:00+08:00,舊金山巨人,西雅圖水手,舊金山巨人 @ 西雅圖水手,51456395.1,357,勝分差,252875812.1,舊金山巨人 2 分,A,,7.50,2,13,A,,
2026-07-17,2026-07-17T13:54:53,台灣運彩,823115,3478321.1,121,2026-07-18T10:10:00+08:00,舊金山巨人,西雅圖水手,舊金山巨人 @ 西雅圖水手,51456395.1,357,勝分差,252875813.1,舊金山巨人 > 2分,A,,3.40,5,12,A,,
2026-07-17,2026-07-17T13:54:53,台灣運彩,823115,3478321.1,121,2026-07-18T10:10:00+08:00,舊金山巨人,西雅圖水手,舊金山巨人 @ 西雅圖水手,51456395.1,357,勝分差,252875808.1,西雅圖水手 1 分,H,,3.70,10,27,H,,
2026-07-17,2026-07-17T13:54:53,台灣運彩,823115,3478321.1,121,2026-07-18T10:10:00+08:00,舊金山巨人,西雅圖水手,舊金山巨人 @ 西雅圖水手,51456395.1,357,勝分差,252875809.1,西雅圖水手 2 分,H,,6.25,4,21,H,,
2026-07-17,2026-07-17T13:54:53,台灣運彩,823115,3478321.1,121,2026-07-18T10:10:00+08:00,舊金山巨人,西雅圖水手,舊金山巨人 @ 西雅圖水手,51456395.1,357,勝分差,252875810.1,西雅圖水手 > 2分,H,,2.45,20,29,H,,
2026-07-17,2026-07-17T13:54:53,台灣運彩,823115,3478321.1,121,2026-07-18T10:10:00+08:00,舊金山巨人,西雅圖水手,舊金山巨人 @ 西雅圖水手,51456391.1,358,讓分 -1.5,252875799.1,西雅圖水手 -1.5,H,-1.5,2.00,1,1,H,-1.5,1
2026-07-17,2026-07-17T13:54:53,台灣運彩,823115,3478321.1,121,2026-07-18T10:10:00+08:00,舊金山巨人,西雅圖水手,舊金山巨人 @ 西雅圖水手,51456391.1,358,讓分 -1.5,252875800.1,舊金山巨人 +1.5,A,-1.5,1.50,2,1,A,-1.5,2
2026-07-17,2026-07-17T13:54:53,台灣運彩,823115,3478321.1,121,2026-07-18T10:10:00+08:00,舊金山巨人,西雅圖水手,舊金山巨人 @ 西雅圖水手,51456392.1,358,讓分 -2.5,252875801.1,西雅圖水手 -2.5,H,-2.5,2.50,2,3,H,-2.5,1
2026-07-17,2026-07-17T13:54:53,台灣運彩,823115,3478321.1,121,2026-07-18T10:10:00+08:00,舊金山巨人,西雅圖水手,舊金山巨人 @ 西雅圖水手,51456392.1,358,讓分 -2.5,252875802.1,舊金山巨人 +2.5,A,-2.5,1.32,25,8,A,-2.5,2
2026-07-17,2026-07-17T13:54:53,台灣運彩,823115,3478321.1,121,2026-07-18T10:10:00+08:00,舊金山巨人,西雅圖水手,舊金山巨人 @ 西雅圖水手,51456384.1,360,[總分]大小 6.5,252875786.1,大 6.5,A,6.5,1.55,20,11,A,6.5,
2026-07-17,2026-07-17T13:54:53,台灣運彩,823115,3478321.1,121,2026-07-18T10:10:00+08:00,舊金山巨人,西雅圖水手,舊金山巨人 @ 西雅圖水手,51456384.1,360,[總分]大小 6.5,252875785.1,小 6.5,H,6.5,1.95,20,19,H,6.5,
2026-07-17,2026-07-17T13:54:53,台灣運彩,823115,3478321.1,121,2026-07-18T10:10:00+08:00,舊金山巨人,西雅圖水手,舊金山巨人 @ 西雅圖水手,51456387.1,360,[總分]大小 8.5,252875792.1,大 8.5,A,8.5,2.20,5,6,A,8.5,
2026-07-17,2026-07-17T13:54:53,台灣運彩,823115,3478321.1,121,2026-07-18T10:10:00+08:00,舊金山巨人,西雅圖水手,舊金山巨人 @ 西雅圖水手,51456387.1,360,[總分]大小 8.5,252875791.1,小 8.5,H,8.5,1.42,50,21,H,8.5,
2026-07-17,2026-07-17T13:54:53,台灣運彩,823115,3478321.1,121,2026-07-18T10:10:00+08:00,舊金山巨人,西雅圖水手,舊金山巨人 @ 西雅圖水手,51456389.1,360,[總分]大小 7.5,252875796.1,大 7.5,A,7.5,1.90,10,9,A,7.5,
2026-07-17,2026-07-17T13:54:53,台灣運彩,823115,3478321.1,121,2026-07-18T10:10:00+08:00,舊金山巨人,西雅圖水手,舊金山巨人 @ 西雅圖水手,51456389.1,360,[總分]大小 7.5,252875795.1,小 7.5,H,7.5,1.60,5,3,H,7.5,
2026-07-17,2026-07-17T13:54:53,台灣運彩,823115,3478321.1,121,2026-07-18T10:10:00+08:00,舊金山巨人,西雅圖水手,舊金山巨人 @ 西雅圖水手,51456380.1,362,西雅圖水手 大小 3.5,252875777.1,大 3.5,A,3.5,1.65,20,13,A,3.5,
2026-07-17,2026-07-17T13:54:53,台灣運彩,823115,3478321.1,121,2026-07-18T10:10:00+08:00,舊金山巨人,西雅圖水手,舊金山巨人 @ 西雅圖水手,51456380.1,362,西雅圖水手 大小 3.5,252875776.1,小 3.5,H,3.5,1.78,50,39,H,3.5,
2026-07-17,2026-07-17T13:54:53,台灣運彩,823115,3478321.1,121,2026-07-18T10:10:00+08:00,舊金山巨人,西雅圖水手,舊金山巨人 @ 西雅圖水手,51456545.1,363,舊金山巨人 大小 2.5,252876217.1,大 2.5,A,2.5,1.55,20,11,A,2.5,
2026-07-17,2026-07-17T13:54:53,台灣運彩,823115,3478321.1,121,2026-07-18T10:10:00+08:00,舊金山巨人,西雅圖水手,舊金山巨人 @ 西雅圖水手,51456545.1,363,舊金山巨人 大小 2.5,252876216.1,小 2.5,H,2.5,1.90,10,9,H,2.5,
2026-07-17,2026-07-17T13:54:53,台灣運彩,823115,3478321.1,121,2026-07-18T10:10:00+08:00,舊金山巨人,西雅圖水手,舊金山巨人 @ 西雅圖水手,51456390.1,366,[總分]單雙,252875798.1,單,,,1.46,50,23,,,
2026-07-17,2026-07-17T13:54:53,台灣運彩,823115,3478321.1,121,2026-07-18T10:10:00+08:00,舊金山巨人,西雅圖水手,舊金山巨人 @ 西雅圖水手,51456390.1,366,[總分]單雙,252875797.1,雙,,,2.05,20,21,,,
2026-07-17,2026-07-17T13:54:53,台灣運彩,823115,3478321.1,121,2026-07-18T10:10:00+08:00,舊金山巨人,西雅圖水手,舊金山巨人 @ 西雅圖水手,51456396.1,374,得分最高單局(不含延長賽),252875823.1,一樣多,,,2.20,5,6,,,
2026-07-17,2026-07-17T13:54:53,台灣運彩,823115,3478321.1,121,2026-07-18T10:10:00+08:00,舊金山巨人,西雅圖水手,舊金山巨人 @ 西雅圖水手,51456396.1,374,得分最高單局(不含延長賽),252875814.1,第1局,,,5.30,10,43,,,
2026-07-17,2026-07-17T13:54:53,台灣運彩,823115,3478321.1,121,2026-07-18T10:10:00+08:00,舊金山巨人,西雅圖水手,舊金山巨人 @ 西雅圖水手,51456396.1,374,得分最高單局(不含延長賽),252875815.1,第2局,,,6.25,4,21,,,
2026-07-17,2026-07-17T13:54:53,台灣運彩,823115,3478321.1,121,2026-07-18T10:10:00+08:00,舊金山巨人,西雅圖水手,舊金山巨人 @ 西雅圖水手,51456396.1,374,得分最高單局(不含延長賽),252875816.1,第3局,,,5.60,5,23,,,
2026-07-17,2026-07-17T13:54:53,台灣運彩,823115,3478321.1,121,2026-07-18T10:10:00+08:00,舊金山巨人,西雅圖水手,舊金山巨人 @ 西雅圖水手,51456396.1,374,得分最高單局(不含延長賽),252875817.1,第4局,,,6.25,4,21,,,
2026-07-17,2026-07-17T13:54:53,台灣運彩,823115,3478321.1,121,2026-07-18T10:10:00+08:00,舊金山巨人,西雅圖水手,舊金山巨人 @ 西雅圖水手,51456396.1,374,得分最高單局(不含延長賽),252875818.1,第5局,,,6.00,1,5,,,
2026-07-17,2026-07-17T13:54:53,台灣運彩,823115,3478321.1,121,2026-07-18T10:10:00+08:00,舊金山巨人,西雅圖水手,舊金山巨人 @ 西雅圖水手,51456396.1,374,得分最高單局(不含延長賽),252875819.1,第6局,,,6.00,1,5,,,
2026-07-17,2026-07-17T13:54:53,台灣運彩,823115,3478321.1,121,2026-07-18T10:10:00+08:00,舊金山巨人,西雅圖水手,舊金山巨人 @ 西雅圖水手,51456396.1,374,得分最高單局(不含延長賽),252875820.1,第7局,,,6.50,2,11,,,
2026-07-17,2026-07-17T13:54:53,台灣運彩,823115,3478321.1,121,2026-07-18T10:10:00+08:00,舊金山巨人,西雅圖水手,舊金山巨人 @ 西雅圖水手,51456396.1,374,得分最高單局(不含延長賽),252875821.1,第8局,,,5.85,20,97,,,
2026-07-17,2026-07-17T13:54:53,台灣運彩,823115,3478321.1,121,2026-07-18T10:10:00+08:00,舊金山巨人,西雅圖水手,舊金山巨人 @ 西雅圖水手,51456396.1,374,得分最高單局(不含延長賽),252875822.1,第9局,,,8.00,1,7,,,
2026-07-17,2026-07-17T13:54:53,台灣運彩,823115,3478321.1,121,2026-07-18T10:10:00+08:00,舊金山巨人,西雅圖水手,舊金山巨人 @ 西雅圖水手,51456382.1,376,[1-5局] 不讓分,252875780.1,西雅圖水手,H,,1.65,20,13,H,,1
2026-07-17,2026-07-17T13:54:53,台灣運彩,823115,3478321.1,121,2026-07-18T10:10:00+08:00,舊金山巨人,西雅圖水手,舊金山巨人 @ 西雅圖水手,51456382.1,376,[1-5局] 不讓分,252875782.1,舊金山巨人,A,,2.20,5,6,A,,2
2026-07-17,2026-07-17T13:54:53,台灣運彩,823115,3478321.1,121,2026-07-18T10:10:00+08:00,舊金山巨人,西雅圖水手,舊金山巨人 @ 西雅圖水手,51456382.1,376,[1-5局] 不讓分,252875781.1,和局,D,,4.15,20,63,D,,
2026-07-17,2026-07-17T13:54:53,台灣運彩,823115,3478321.1,121,2026-07-18T10:10:00+08:00,舊金山巨人,西雅圖水手,舊金山巨人 @ 西雅圖水手,51456383.1,378,[1-5局] 大小 3.5,252875784.1,大 3.5,A,3.5,1.56,25,14,A,3.5,
2026-07-17,2026-07-17T13:54:53,台灣運彩,823115,3478321.1,121,2026-07-18T10:10:00+08:00,舊金山巨人,西雅圖水手,舊金山巨人 @ 西雅圖水手,51456383.1,378,[1-5局] 大小 3.5,252875783.1,小 3.5,H,3.5,1.78,50,39,H,3.5,
2026-07-17,2026-07-17T13:54:53,台灣運彩,823115,3478321.1,121,2026-07-18T10:10:00+08:00,舊金山巨人,西雅圖水手,舊金山巨人 @ 西雅圖水手,51456393.1,379,[1-5局] 西雅圖水手 大小 1.5,252875804.1,大 1.5,A,1.5,1.53,100,53,A,1.5,
2026-07-17,2026-07-17T13:54:53,台灣運彩,823115,3478321.1,121,2026-07-18T10:10:00+08:00,舊金山巨人,西雅圖水手,舊金山巨人 @ 西雅圖水手,51456393.1,379,[1-5局] 西雅圖水手 大小 1.5,252875803.1,小 1.5,H,1.5,1.93,100,93,H,1.5,
2026-07-17,2026-07-17T13:54:53,台灣運彩,823115,3478321.1,121,2026-07-18T10:10:00+08:00,舊金山巨人,西雅圖水手,舊金山巨人 @ 西雅圖水手,51456386.1,380,[1-5局] 舊金山巨人 大小 1.5,252875790.1,大 1.5,A,1.5,1.85,20,17,A,1.5,
2026-07-17,2026-07-17T13:54:53,台灣運彩,823115,3478321.1,121,2026-07-18T10:10:00+08:00,舊金山巨人,西雅圖水手,舊金山巨人 @ 西雅圖水手,51456386.1,380,[1-5局] 舊金山巨人 大小 1.5,252875789.1,小 1.5,H,1.5,1.60,5,3,H,1.5,
2026-07-17,2026-07-17T13:54:53,台灣運彩,823115,3478321.1,121,2026-07-18T10:10:00+08:00,舊金山巨人,西雅圖水手,舊金山巨人 @ 西雅圖水手,51456394.1,389,[第1局] 不讓分,252875805.1,西雅圖水手,H,,2.90,10,19,H,,1
2026-07-17,2026-07-17T13:54:53,台灣運彩,823115,3478321.1,121,2026-07-18T10:10:00+08:00,舊金山巨人,西雅圖水手,舊金山巨人 @ 西雅圖水手,51456394.1,389,[第1局] 不讓分,252875807.1,舊金山巨人,A,,3.85,20,57,A,,2
2026-07-17,2026-07-17T13:54:53,台灣運彩,823115,3478321.1,121,2026-07-18T10:10:00+08:00,舊金山巨人,西雅圖水手,舊金山巨人 @ 西雅圖水手,51456394.1,389,[第1局] 不讓分,252875806.1,和局,D,,1.45,20,9,D,,
2026-07-17,2026-07-17T13:54:53,台灣運彩,823115,3478321.1,121,2026-07-18T10:10:00+08:00,舊金山巨人,西雅圖水手,舊金山巨人 @ 西雅圖水手,51456388.1,398,[第1局] 大小 0.5,252875794.1,大 0.5,A,0.5,1.82,50,41,A,0.5,
2026-07-17,2026-07-17T13:54:53,台灣運彩,823115,3478321.1,121,2026-07-18T10:10:00+08:00,舊金山巨人,西雅圖水手,舊金山巨人 @ 西雅圖水手,51456388.1,398,[第1局] 大小 0.5,252875793.1,小 0.5,H,0.5,1.53,100,53,H,0.5,
