date,captured_at_tw,sportsbook,game_pk,official_event_id,event_no,kickoff_tw,away_zh,home_zh,matchup_zh,market_id,market_ti,market_name,selection_id,selection_name,selection_side,selection_line,odds_decimal,pd,pu,raw_v,raw_hv,raw_cn
2026-07-22,2026-07-22T00:06:16,台灣運彩,824408,3478854.1,107,2026-07-22T06:40:00+08:00,明尼蘇達雙城,克里夫蘭守護者,明尼蘇達雙城 @ 克里夫蘭守護者,51466979.1,354,不讓分,252908181.1,克里夫蘭守護者,H,,1.48,25,12,H,,1
2026-07-22,2026-07-22T00:06:16,台灣運彩,824408,3478854.1,107,2026-07-22T06:40:00+08:00,明尼蘇達雙城,克里夫蘭守護者,明尼蘇達雙城 @ 克里夫蘭守護者,51466979.1,354,不讓分,252908182.1,明尼蘇達雙城,A,,2.05,20,21,A,,2
2026-07-22,2026-07-22T00:06:16,台灣運彩,824408,3478854.1,107,2026-07-22T06:40:00+08:00,明尼蘇達雙城,克里夫蘭守護者,明尼蘇達雙城 @ 克里夫蘭守護者,51466984.1,357,勝分差,252908191.1,克里夫蘭守護者 1 分,H,,3.90,10,29,H,,
2026-07-22,2026-07-22T00:06:16,台灣運彩,824408,3478854.1,107,2026-07-22T06:40:00+08:00,明尼蘇達雙城,克里夫蘭守護者,明尼蘇達雙城 @ 克里夫蘭守護者,51466984.1,357,勝分差,252908192.1,克里夫蘭守護者 2 分,H,,6.75,4,23,H,,
2026-07-22,2026-07-22T00:06:16,台灣運彩,824408,3478854.1,107,2026-07-22T06:40:00+08:00,明尼蘇達雙城,克里夫蘭守護者,明尼蘇達雙城 @ 克里夫蘭守護者,51466984.1,357,勝分差,252908193.1,克里夫蘭守護者 > 2分,H,,2.40,5,7,H,,
2026-07-22,2026-07-22T00:06:16,台灣運彩,824408,3478854.1,107,2026-07-22T06:40:00+08:00,明尼蘇達雙城,克里夫蘭守護者,明尼蘇達雙城 @ 克里夫蘭守護者,51466984.1,357,勝分差,252908194.1,明尼蘇達雙城 1 分,A,,5.70,10,47,A,,
2026-07-22,2026-07-22T00:06:16,台灣運彩,824408,3478854.1,107,2026-07-22T06:40:00+08:00,明尼蘇達雙城,克里夫蘭守護者,明尼蘇達雙城 @ 克里夫蘭守護者,51466984.1,357,勝分差,252908195.1,明尼蘇達雙城 2 分,A,,7.75,4,27,A,,
2026-07-22,2026-07-22T00:06:16,台灣運彩,824408,3478854.1,107,2026-07-22T06:40:00+08:00,明尼蘇達雙城,克里夫蘭守護者,明尼蘇達雙城 @ 克里夫蘭守護者,51466984.1,357,勝分差,252908196.1,明尼蘇達雙城 > 2分,A,,3.10,10,21,A,,
2026-07-22,2026-07-22T00:06:16,台灣運彩,824408,3478854.1,107,2026-07-22T06:40:00+08:00,明尼蘇達雙城,克里夫蘭守護者,明尼蘇達雙城 @ 克里夫蘭守護者,51466977.1,358,讓分 -2.5,252908177.1,克里夫蘭守護者 -2.5,H,-2.5,2.47,100,147,H,-2.5,1
2026-07-22,2026-07-22T00:06:16,台灣運彩,824408,3478854.1,107,2026-07-22T06:40:00+08:00,明尼蘇達雙城,克里夫蘭守護者,明尼蘇達雙城 @ 克里夫蘭守護者,51466977.1,358,讓分 -2.5,252908178.1,明尼蘇達雙城 +2.5,A,-2.5,1.33,100,33,A,-2.5,2
2026-07-22,2026-07-22T00:06:16,台灣運彩,824408,3478854.1,107,2026-07-22T06:40:00+08:00,明尼蘇達雙城,克里夫蘭守護者,明尼蘇達雙城 @ 克里夫蘭守護者,51466983.1,358,讓分 -1.5,252908189.1,克里夫蘭守護者 -1.5,H,-1.5,2.00,1,1,H,-1.5,1
2026-07-22,2026-07-22T00:06:16,台灣運彩,824408,3478854.1,107,2026-07-22T06:40:00+08:00,明尼蘇達雙城,克里夫蘭守護者,明尼蘇達雙城 @ 克里夫蘭守護者,51466983.1,358,讓分 -1.5,252908190.1,明尼蘇達雙城 +1.5,A,-1.5,1.50,2,1,A,-1.5,2
2026-07-22,2026-07-22T00:06:16,台灣運彩,824408,3478854.1,107,2026-07-22T06:40:00+08:00,明尼蘇達雙城,克里夫蘭守護者,明尼蘇達雙城 @ 克里夫蘭守護者,51466975.1,360,[總分]大小 7.5,252908174.1,大 7.5,A,7.5,1.60,5,3,A,7.5,
2026-07-22,2026-07-22T00:06:16,台灣運彩,824408,3478854.1,107,2026-07-22T06:40:00+08:00,明尼蘇達雙城,克里夫蘭守護者,明尼蘇達雙城 @ 克里夫蘭守護者,51466975.1,360,[總分]大小 7.5,252908173.1,小 7.5,H,7.5,1.90,10,9,H,7.5,
2026-07-22,2026-07-22T00:06:16,台灣運彩,824408,3478854.1,107,2026-07-22T06:40:00+08:00,明尼蘇達雙城,克里夫蘭守護者,明尼蘇達雙城 @ 克里夫蘭守護者,51466978.1,360,[總分]大小 9.5,252908180.1,大 9.5,A,9.5,2.20,5,6,A,9.5,
2026-07-22,2026-07-22T00:06:16,台灣運彩,824408,3478854.1,107,2026-07-22T06:40:00+08:00,明尼蘇達雙城,克里夫蘭守護者,明尼蘇達雙城 @ 克里夫蘭守護者,51466978.1,360,[總分]大小 9.5,252908179.1,小 9.5,H,9.5,1.42,50,21,H,9.5,
2026-07-22,2026-07-22T00:06:16,台灣運彩,824408,3478854.1,107,2026-07-22T06:40:00+08:00,明尼蘇達雙城,克里夫蘭守護者,明尼蘇達雙城 @ 克里夫蘭守護者,51466982.1,360,[總分]大小 8.5,252908188.1,大 8.5,A,8.5,1.84,25,21,A,8.5,
2026-07-22,2026-07-22T00:06:16,台灣運彩,824408,3478854.1,107,2026-07-22T06:40:00+08:00,明尼蘇達雙城,克里夫蘭守護者,明尼蘇達雙城 @ 克里夫蘭守護者,51466982.1,360,[總分]大小 8.5,252908187.1,小 8.5,H,8.5,1.66,50,33,H,8.5,
2026-07-22,2026-07-22T00:06:16,台灣運彩,824408,3478854.1,107,2026-07-22T06:40:00+08:00,明尼蘇達雙城,克里夫蘭守護者,明尼蘇達雙城 @ 克里夫蘭守護者,51466980.1,362,克里夫蘭守護者 大小 4.5,252908184.1,大 4.5,A,4.5,1.85,20,17,A,4.5,
2026-07-22,2026-07-22T00:06:16,台灣運彩,824408,3478854.1,107,2026-07-22T06:40:00+08:00,明尼蘇達雙城,克里夫蘭守護者,明尼蘇達雙城 @ 克里夫蘭守護者,51466980.1,362,克里夫蘭守護者 大小 4.5,252908183.1,小 4.5,H,4.5,1.60,5,3,H,4.5,
2026-07-22,2026-07-22T00:06:16,台灣運彩,824408,3478854.1,107,2026-07-22T06:40:00+08:00,明尼蘇達雙城,克里夫蘭守護者,明尼蘇達雙城 @ 克里夫蘭守護者,51466981.1,363,明尼蘇達雙城 大小 3.5,252908186.1,大 3.5,A,3.5,1.72,25,18,A,3.5,
2026-07-22,2026-07-22T00:06:16,台灣運彩,824408,3478854.1,107,2026-07-22T06:40:00+08:00,明尼蘇達雙城,克里夫蘭守護者,明尼蘇達雙城 @ 克里夫蘭守護者,51466981.1,363,明尼蘇達雙城 大小 3.5,252908185.1,小 3.5,H,3.5,1.72,25,18,H,3.5,
2026-07-22,2026-07-22T00:06:16,台灣運彩,824408,3478854.1,107,2026-07-22T06:40:00+08:00,明尼蘇達雙城,克里夫蘭守護者,明尼蘇達雙城 @ 克里夫蘭守護者,51466985.1,366,[總分]單雙,252908198.1,單,,,1.46,50,23,,,
2026-07-22,2026-07-22T00:06:16,台灣運彩,824408,3478854.1,107,2026-07-22T06:40:00+08:00,明尼蘇達雙城,克里夫蘭守護者,明尼蘇達雙城 @ 克里夫蘭守護者,51466985.1,366,[總分]單雙,252908197.1,雙,,,2.05,20,21,,,
2026-07-22,2026-07-22T00:06:16,台灣運彩,824408,3478854.1,107,2026-07-22T06:40:00+08:00,明尼蘇達雙城,克里夫蘭守護者,明尼蘇達雙城 @ 克里夫蘭守護者,51468826.1,374,得分最高單局(不含延長賽),252912982.1,一樣多,,,2.25,4,5,,,
2026-07-22,2026-07-22T00:06:16,台灣運彩,824408,3478854.1,107,2026-07-22T06:40:00+08:00,明尼蘇達雙城,克里夫蘭守護者,明尼蘇達雙城 @ 克里夫蘭守護者,51468826.1,374,得分最高單局(不含延長賽),252912973.1,第1局,,,5.25,4,17,,,
2026-07-22,2026-07-22T00:06:16,台灣運彩,824408,3478854.1,107,2026-07-22T06:40:00+08:00,明尼蘇達雙城,克里夫蘭守護者,明尼蘇達雙城 @ 克里夫蘭守護者,51468826.1,374,得分最高單局(不含延長賽),252912974.1,第2局,,,6.25,4,21,,,
2026-07-22,2026-07-22T00:06:16,台灣運彩,824408,3478854.1,107,2026-07-22T06:40:00+08:00,明尼蘇達雙城,克里夫蘭守護者,明尼蘇達雙城 @ 克里夫蘭守護者,51468826.1,374,得分最高單局(不含延長賽),252912975.1,第3局,,,5.65,20,93,,,
2026-07-22,2026-07-22T00:06:16,台灣運彩,824408,3478854.1,107,2026-07-22T06:40:00+08:00,明尼蘇達雙城,克里夫蘭守護者,明尼蘇達雙城 @ 克里夫蘭守護者,51468826.1,374,得分最高單局(不含延長賽),252912976.1,第4局,,,6.00,1,5,,,
2026-07-22,2026-07-22T00:06:16,台灣運彩,824408,3478854.1,107,2026-07-22T06:40:00+08:00,明尼蘇達雙城,克里夫蘭守護者,明尼蘇達雙城 @ 克里夫蘭守護者,51468826.1,374,得分最高單局(不含延長賽),252912977.1,第5局,,,5.95,20,99,,,
2026-07-22,2026-07-22T00:06:16,台灣運彩,824408,3478854.1,107,2026-07-22T06:40:00+08:00,明尼蘇達雙城,克里夫蘭守護者,明尼蘇達雙城 @ 克里夫蘭守護者,51468826.1,374,得分最高單局(不含延長賽),252912978.1,第6局,,,6.00,1,5,,,
2026-07-22,2026-07-22T00:06:16,台灣運彩,824408,3478854.1,107,2026-07-22T06:40:00+08:00,明尼蘇達雙城,克里夫蘭守護者,明尼蘇達雙城 @ 克里夫蘭守護者,51468826.1,374,得分最高單局(不含延長賽),252912979.1,第7局,,,6.00,1,5,,,
2026-07-22,2026-07-22T00:06:16,台灣運彩,824408,3478854.1,107,2026-07-22T06:40:00+08:00,明尼蘇達雙城,克里夫蘭守護者,明尼蘇達雙城 @ 克里夫蘭守護者,51468826.1,374,得分最高單局(不含延長賽),252912980.1,第8局,,,5.90,10,49,,,
2026-07-22,2026-07-22T00:06:16,台灣運彩,824408,3478854.1,107,2026-07-22T06:40:00+08:00,明尼蘇達雙城,克里夫蘭守護者,明尼蘇達雙城 @ 克里夫蘭守護者,51468826.1,374,得分最高單局(不含延長賽),252912981.1,第9局,,,8.00,1,7,,,
2026-07-22,2026-07-22T00:06:16,台灣運彩,824408,3478854.1,107,2026-07-22T06:40:00+08:00,明尼蘇達雙城,克里夫蘭守護者,明尼蘇達雙城 @ 克里夫蘭守護者,51468822.1,376,[1-5局] 不讓分,252912963.1,克里夫蘭守護者,H,,1.65,20,13,H,,1
2026-07-22,2026-07-22T00:06:16,台灣運彩,824408,3478854.1,107,2026-07-22T06:40:00+08:00,明尼蘇達雙城,克里夫蘭守護者,明尼蘇達雙城 @ 克里夫蘭守護者,51468822.1,376,[1-5局] 不讓分,252912965.1,明尼蘇達雙城,A,,2.10,10,11,A,,2
2026-07-22,2026-07-22T00:06:16,台灣運彩,824408,3478854.1,107,2026-07-22T06:40:00+08:00,明尼蘇達雙城,克里夫蘭守護者,明尼蘇達雙城 @ 克里夫蘭守護者,51468822.1,376,[1-5局] 不讓分,252912964.1,和局,D,,4.65,20,73,D,,
2026-07-22,2026-07-22T00:06:16,台灣運彩,824408,3478854.1,107,2026-07-22T06:40:00+08:00,明尼蘇達雙城,克里夫蘭守護者,明尼蘇達雙城 @ 克里夫蘭守護者,51468821.1,378,[1-5局] 大小 4.5,252912962.1,大 4.5,A,4.5,1.71,100,71,A,4.5,
2026-07-22,2026-07-22T00:06:16,台灣運彩,824408,3478854.1,107,2026-07-22T06:40:00+08:00,明尼蘇達雙城,克里夫蘭守護者,明尼蘇達雙城 @ 克里夫蘭守護者,51468821.1,378,[1-5局] 大小 4.5,252912961.1,小 4.5,H,4.5,1.62,50,31,H,4.5,
2026-07-22,2026-07-22T00:06:16,台灣運彩,824408,3478854.1,107,2026-07-22T06:40:00+08:00,明尼蘇達雙城,克里夫蘭守護者,明尼蘇達雙城 @ 克里夫蘭守護者,51468820.1,379,[1-5局] 克里夫蘭守護者 大小 2.5,252912960.1,大 2.5,A,2.5,1.86,50,43,A,2.5,
2026-07-22,2026-07-22T00:06:16,台灣運彩,824408,3478854.1,107,2026-07-22T06:40:00+08:00,明尼蘇達雙城,克里夫蘭守護者,明尼蘇達雙城 @ 克里夫蘭守護者,51468820.1,379,[1-5局] 克里夫蘭守護者 大小 2.5,252912959.1,小 2.5,H,2.5,1.58,50,29,H,2.5,
2026-07-22,2026-07-22T00:06:16,台灣運彩,824408,3478854.1,107,2026-07-22T06:40:00+08:00,明尼蘇達雙城,克里夫蘭守護者,明尼蘇達雙城 @ 克里夫蘭守護者,51468825.1,380,[1-5局] 明尼蘇達雙城 大小 1.5,252912972.1,大 1.5,A,1.5,1.65,20,13,A,1.5,
2026-07-22,2026-07-22T00:06:16,台灣運彩,824408,3478854.1,107,2026-07-22T06:40:00+08:00,明尼蘇達雙城,克里夫蘭守護者,明尼蘇達雙城 @ 克里夫蘭守護者,51468825.1,380,[1-5局] 明尼蘇達雙城 大小 1.5,252912971.1,小 1.5,H,1.5,1.78,50,39,H,1.5,
2026-07-22,2026-07-22T00:06:16,台灣運彩,824408,3478854.1,107,2026-07-22T06:40:00+08:00,明尼蘇達雙城,克里夫蘭守護者,明尼蘇達雙城 @ 克里夫蘭守護者,51468823.1,389,[第1局] 不讓分,252912966.1,克里夫蘭守護者,H,,2.70,10,17,H,,1
2026-07-22,2026-07-22T00:06:16,台灣運彩,824408,3478854.1,107,2026-07-22T06:40:00+08:00,明尼蘇達雙城,克里夫蘭守護者,明尼蘇達雙城 @ 克里夫蘭守護者,51468823.1,389,[第1局] 不讓分,252912968.1,明尼蘇達雙城,A,,3.60,5,13,A,,2
2026-07-22,2026-07-22T00:06:16,台灣運彩,824408,3478854.1,107,2026-07-22T06:40:00+08:00,明尼蘇達雙城,克里夫蘭守護者,明尼蘇達雙城 @ 克里夫蘭守護者,51468823.1,389,[第1局] 不讓分,252912967.1,和局,D,,1.50,2,1,D,,
2026-07-22,2026-07-22T00:06:16,台灣運彩,824408,3478854.1,107,2026-07-22T06:40:00+08:00,明尼蘇達雙城,克里夫蘭守護者,明尼蘇達雙城 @ 克里夫蘭守護者,51468824.1,398,[第1局] 大小 0.5,252912970.1,大 0.5,A,0.5,1.71,100,71,A,0.5,
2026-07-22,2026-07-22T00:06:16,台灣運彩,824408,3478854.1,107,2026-07-22T06:40:00+08:00,明尼蘇達雙城,克里夫蘭守護者,明尼蘇達雙城 @ 克里夫蘭守護者,51468824.1,398,[第1局] 大小 0.5,252912969.1,小 0.5,H,0.5,1.62,50,31,H,0.5,
2026-07-22,2026-07-22T00:06:16,台灣運彩,823438,3478855.1,108,2026-07-22T06:40:00+08:00,洛杉磯道奇,費城費城人,洛杉磯道奇 @ 費城費城人,51466987.1,354,不讓分,252908201.1,費城費城人,H,,1.75,4,3,H,,1
2026-07-22,2026-07-22T00:06:16,台灣運彩,823438,3478855.1,108,2026-07-22T06:40:00+08:00,洛杉磯道奇,費城費城人,洛杉磯道奇 @ 費城費城人,51466987.1,354,不讓分,252908202.1,洛杉磯道奇,A,,1.75,4,3,A,,2
2026-07-22,2026-07-22T00:06:16,台灣運彩,823438,3478855.1,108,2026-07-22T06:40:00+08:00,洛杉磯道奇,費城費城人,洛杉磯道奇 @ 費城費城人,51466996.1,357,勝分差,252908222.1,洛杉磯道奇 1 分,A,,5.65,20,93,A,,
2026-07-22,2026-07-22T00:06:16,台灣運彩,823438,3478855.1,108,2026-07-22T06:40:00+08:00,洛杉磯道奇,費城費城人,洛杉磯道奇 @ 費城費城人,51466996.1,357,勝分差,252908223.1,洛杉磯道奇 2 分,A,,7.25,4,25,A,,
2026-07-22,2026-07-22T00:06:16,台灣運彩,823438,3478855.1,108,2026-07-22T06:40:00+08:00,洛杉磯道奇,費城費城人,洛杉磯道奇 @ 費城費城人,51466996.1,357,勝分差,252908224.1,洛杉磯道奇 > 2分,A,,2.50,2,3,A,,
2026-07-22,2026-07-22T00:06:16,台灣運彩,823438,3478855.1,108,2026-07-22T06:40:00+08:00,洛杉磯道奇,費城費城人,洛杉磯道奇 @ 費城費城人,51466996.1,357,勝分差,252908219.1,費城費城人 1 分,H,,4.10,10,31,H,,
2026-07-22,2026-07-22T00:06:16,台灣運彩,823438,3478855.1,108,2026-07-22T06:40:00+08:00,洛杉磯道奇,費城費城人,洛杉磯道奇 @ 費城費城人,51466996.1,357,勝分差,252908220.1,費城費城人 2 分,H,,7.50,2,13,H,,
2026-07-22,2026-07-22T00:06:16,台灣運彩,823438,3478855.1,108,2026-07-22T06:40:00+08:00,洛杉磯道奇,費城費城人,洛杉磯道奇 @ 費城費城人,51466996.1,357,勝分差,252908221.1,費城費城人 > 2分,H,,2.80,5,9,H,,
2026-07-22,2026-07-22T00:06:16,台灣運彩,823438,3478855.1,108,2026-07-22T06:40:00+08:00,洛杉磯道奇,費城費城人,洛杉磯道奇 @ 費城費城人,51467565.1,358,讓分 2.5,252909717.1,費城費城人 +2.5,H,2.5,1.28,25,7,H,2.5,1
2026-07-22,2026-07-22T00:06:16,台灣運彩,823438,3478855.1,108,2026-07-22T06:40:00+08:00,洛杉磯道奇,費城費城人,洛杉磯道奇 @ 費城費城人,51467565.1,358,讓分 2.5,252909718.1,洛杉磯道奇 -2.5,A,2.5,2.70,10,17,A,2.5,2
2026-07-22,2026-07-22T00:06:16,台灣運彩,823438,3478855.1,108,2026-07-22T06:40:00+08:00,洛杉磯道奇,費城費城人,洛杉磯道奇 @ 費城費城人,51466988.1,360,[總分]大小 8.5,252908204.1,大 8.5,A,8.5,1.66,50,33,A,8.5,
2026-07-22,2026-07-22T00:06:16,台灣運彩,823438,3478855.1,108,2026-07-22T06:40:00+08:00,洛杉磯道奇,費城費城人,洛杉磯道奇 @ 費城費城人,51466988.1,360,[總分]大小 8.5,252908203.1,小 8.5,H,8.5,1.84,25,21,H,8.5,
2026-07-22,2026-07-22T00:06:16,台灣運彩,823438,3478855.1,108,2026-07-22T06:40:00+08:00,洛杉磯道奇,費城費城人,洛杉磯道奇 @ 費城費城人,51466991.1,360,[總分]大小 9.5,252908210.1,大 9.5,A,9.5,1.97,100,97,A,9.5,
2026-07-22,2026-07-22T00:06:16,台灣運彩,823438,3478855.1,108,2026-07-22T06:40:00+08:00,洛杉磯道奇,費城費城人,洛杉磯道奇 @ 費城費城人,51466991.1,360,[總分]大小 9.5,252908209.1,小 9.5,H,9.5,1.53,100,53,H,9.5,
2026-07-22,2026-07-22T00:06:16,台灣運彩,823438,3478855.1,108,2026-07-22T06:40:00+08:00,洛杉磯道奇,費城費城人,洛杉磯道奇 @ 費城費城人,51466992.1,360,[總分]大小 7.5,252908212.1,大 7.5,A,7.5,1.46,50,23,A,7.5,
2026-07-22,2026-07-22T00:06:16,台灣運彩,823438,3478855.1,108,2026-07-22T06:40:00+08:00,洛杉磯道奇,費城費城人,洛杉磯道奇 @ 費城費城人,51466992.1,360,[總分]大小 7.5,252908211.1,小 7.5,H,7.5,2.07,100,107,H,7.5,
2026-07-22,2026-07-22T00:06:16,台灣運彩,823438,3478855.1,108,2026-07-22T06:40:00+08:00,洛杉磯道奇,費城費城人,洛杉磯道奇 @ 費城費城人,51466994.1,362,費城費城人 大小 4.5,252908216.1,大 4.5,A,4.5,1.88,25,22,A,4.5,
2026-07-22,2026-07-22T00:06:16,台灣運彩,823438,3478855.1,108,2026-07-22T06:40:00+08:00,洛杉磯道奇,費城費城人,洛杉磯道奇 @ 費城費城人,51466994.1,362,費城費城人 大小 4.5,252908215.1,小 4.5,H,4.5,1.56,25,14,H,4.5,
2026-07-22,2026-07-22T00:06:16,台灣運彩,823438,3478855.1,108,2026-07-22T06:40:00+08:00,洛杉磯道奇,費城費城人,洛杉磯道奇 @ 費城費城人,51467747.1,363,洛杉磯道奇 大小 4.5,252910203.1,大 4.5,A,4.5,1.82,50,41,A,4.5,
2026-07-22,2026-07-22T00:06:16,台灣運彩,823438,3478855.1,108,2026-07-22T06:40:00+08:00,洛杉磯道奇,費城費城人,洛杉磯道奇 @ 費城費城人,51467747.1,363,洛杉磯道奇 大小 4.5,252910202.1,小 4.5,H,4.5,1.62,50,31,H,4.5,
2026-07-22,2026-07-22T00:06:16,台灣運彩,823438,3478855.1,108,2026-07-22T06:40:00+08:00,洛杉磯道奇,費城費城人,洛杉磯道奇 @ 費城費城人,51466986.1,366,[總分]單雙,252908200.1,單,,,1.48,25,12,,,
2026-07-22,2026-07-22T00:06:16,台灣運彩,823438,3478855.1,108,2026-07-22T06:40:00+08:00,洛杉磯道奇,費城費城人,洛杉磯道奇 @ 費城費城人,51466986.1,366,[總分]單雙,252908199.1,雙,,,2.00,1,1,,,
2026-07-22,2026-07-22T00:06:16,台灣運彩,823438,3478855.1,108,2026-07-22T06:40:00+08:00,洛杉磯道奇,費城費城人,洛杉磯道奇 @ 費城費城人,51467564.1,374,得分最高單局(不含延長賽),252909716.1,一樣多,,,2.30,10,13,,,
2026-07-22,2026-07-22T00:06:16,台灣運彩,823438,3478855.1,108,2026-07-22T06:40:00+08:00,洛杉磯道奇,費城費城人,洛杉磯道奇 @ 費城費城人,51467564.1,374,得分最高單局(不含延長賽),252909707.1,第1局,,,5.60,5,23,,,
2026-07-22,2026-07-22T00:06:16,台灣運彩,823438,3478855.1,108,2026-07-22T06:40:00+08:00,洛杉磯道奇,費城費城人,洛杉磯道奇 @ 費城費城人,51467564.1,374,得分最高單局(不含延長賽),252909708.1,第2局,,,6.75,4,23,,,
2026-07-22,2026-07-22T00:06:16,台灣運彩,823438,3478855.1,108,2026-07-22T06:40:00+08:00,洛杉磯道奇,費城費城人,洛杉磯道奇 @ 費城費城人,51467564.1,374,得分最高單局(不含延長賽),252909709.1,第3局,,,5.80,5,24,,,
2026-07-22,2026-07-22T00:06:16,台灣運彩,823438,3478855.1,108,2026-07-22T06:40:00+08:00,洛杉磯道奇,費城費城人,洛杉磯道奇 @ 費城費城人,51467564.1,374,得分最高單局(不含延長賽),252909710.1,第4局,,,6.50,2,11,,,
2026-07-22,2026-07-22T00:06:16,台灣運彩,823438,3478855.1,108,2026-07-22T06:40:00+08:00,洛杉磯道奇,費城費城人,洛杉磯道奇 @ 費城費城人,51467564.1,374,得分最高單局(不含延長賽),252909711.1,第5局,,,5.95,20,99,,,
2026-07-22,2026-07-22T00:06:16,台灣運彩,823438,3478855.1,108,2026-07-22T06:40:00+08:00,洛杉磯道奇,費城費城人,洛杉磯道奇 @ 費城費城人,51467564.1,374,得分最高單局(不含延長賽),252909712.1,第6局,,,5.75,4,19,,,
2026-07-22,2026-07-22T00:06:16,台灣運彩,823438,3478855.1,108,2026-07-22T06:40:00+08:00,洛杉磯道奇,費城費城人,洛杉磯道奇 @ 費城費城人,51467564.1,374,得分最高單局(不含延長賽),252909713.1,第7局,,,5.85,20,97,,,
2026-07-22,2026-07-22T00:06:16,台灣運彩,823438,3478855.1,108,2026-07-22T06:40:00+08:00,洛杉磯道奇,費城費城人,洛杉磯道奇 @ 費城費城人,51467564.1,374,得分最高單局(不含延長賽),252909714.1,第8局,,,5.70,10,47,,,
2026-07-22,2026-07-22T00:06:16,台灣運彩,823438,3478855.1,108,2026-07-22T06:40:00+08:00,洛杉磯道奇,費城費城人,洛杉磯道奇 @ 費城費城人,51467564.1,374,得分最高單局(不含延長賽),252909715.1,第9局,,,8.00,1,7,,,
2026-07-22,2026-07-22T00:06:16,台灣運彩,823438,3478855.1,108,2026-07-22T06:40:00+08:00,洛杉磯道奇,費城費城人,洛杉磯道奇 @ 費城費城人,51467563.1,376,[1-5局] 不讓分,252909704.1,費城費城人,H,,1.80,5,4,H,,1
2026-07-22,2026-07-22T00:06:16,台灣運彩,823438,3478855.1,108,2026-07-22T06:40:00+08:00,洛杉磯道奇,費城費城人,洛杉磯道奇 @ 費城費城人,51467563.1,376,[1-5局] 不讓分,252909706.1,洛杉磯道奇,A,,1.85,20,17,A,,2
2026-07-22,2026-07-22T00:06:16,台灣運彩,823438,3478855.1,108,2026-07-22T06:40:00+08:00,洛杉磯道奇,費城費城人,洛杉磯道奇 @ 費城費城人,51467563.1,376,[1-5局] 不讓分,252909705.1,和局,D,,4.80,5,19,D,,
2026-07-22,2026-07-22T00:06:16,台灣運彩,823438,3478855.1,108,2026-07-22T06:40:00+08:00,洛杉磯道奇,費城費城人,洛杉磯道奇 @ 費城費城人,51467560.1,378,[1-5局] 大小 4.5,252909699.1,大 4.5,A,4.5,1.63,100,63,A,4.5,
2026-07-22,2026-07-22T00:06:16,台灣運彩,823438,3478855.1,108,2026-07-22T06:40:00+08:00,洛杉磯道奇,費城費城人,洛杉磯道奇 @ 費城費城人,51467560.1,378,[1-5局] 大小 4.5,252909698.1,小 4.5,H,4.5,1.70,10,7,H,4.5,
2026-07-22,2026-07-22T00:06:16,台灣運彩,823438,3478855.1,108,2026-07-22T06:40:00+08:00,洛杉磯道奇,費城費城人,洛杉磯道奇 @ 費城費城人,51467562.1,379,[1-5局] 費城費城人 大小 2.5,252909703.1,大 2.5,A,2.5,1.96,25,24,A,2.5,
2026-07-22,2026-07-22T00:06:16,台灣運彩,823438,3478855.1,108,2026-07-22T06:40:00+08:00,洛杉磯道奇,費城費城人,洛杉磯道奇 @ 費城費城人,51467562.1,379,[1-5局] 費城費城人 大小 2.5,252909702.1,小 2.5,H,2.5,1.50,2,1,H,2.5,
2026-07-22,2026-07-22T00:06:16,台灣運彩,823438,3478855.1,108,2026-07-22T06:40:00+08:00,洛杉磯道奇,費城費城人,洛杉磯道奇 @ 費城費城人,51468715.1,380,[1-5局] 洛杉磯道奇 大小 2.5,252912656.1,大 2.5,A,2.5,2.00,1,1,A,2.5,
2026-07-22,2026-07-22T00:06:16,台灣運彩,823438,3478855.1,108,2026-07-22T06:40:00+08:00,洛杉磯道奇,費城費城人,洛杉磯道奇 @ 費城費城人,51468715.1,380,[1-5局] 洛杉磯道奇 大小 2.5,252912655.1,小 2.5,H,2.5,1.48,25,12,H,2.5,
2026-07-22,2026-07-22T00:06:16,台灣運彩,823438,3478855.1,108,2026-07-22T06:40:00+08:00,洛杉磯道奇,費城費城人,洛杉磯道奇 @ 費城費城人,51467556.1,389,[第1局] 不讓分,252909689.1,費城費城人,H,,2.95,20,39,H,,1
2026-07-22,2026-07-22T00:06:16,台灣運彩,823438,3478855.1,108,2026-07-22T06:40:00+08:00,洛杉磯道奇,費城費城人,洛杉磯道奇 @ 費城費城人,51467556.1,389,[第1局] 不讓分,252909691.1,洛杉磯道奇,A,,3.10,10,21,A,,2
2026-07-22,2026-07-22T00:06:16,台灣運彩,823438,3478855.1,108,2026-07-22T06:40:00+08:00,洛杉磯道奇,費城費城人,洛杉磯道奇 @ 費城費城人,51467556.1,389,[第1局] 不讓分,252909690.1,和局,D,,1.55,20,11,D,,
2026-07-22,2026-07-22T00:06:16,台灣運彩,823438,3478855.1,108,2026-07-22T06:40:00+08:00,洛杉磯道奇,費城費城人,洛杉磯道奇 @ 費城費城人,51467558.1,398,[第1局] 大小 0.5,252909695.1,大 0.5,A,0.5,1.66,50,33,A,0.5,
2026-07-22,2026-07-22T00:06:16,台灣運彩,823438,3478855.1,108,2026-07-22T06:40:00+08:00,洛杉磯道奇,費城費城人,洛杉磯道奇 @ 費城費城人,51467558.1,398,[第1局] 大小 0.5,252909694.1,小 0.5,H,0.5,1.66,50,33,H,0.5,
2026-07-22,2026-07-22T00:06:16,台灣運彩,823518,3478856.1,109,2026-07-22T07:05:00+08:00,匹茲堡海盜,紐約洋基,匹茲堡海盜 @ 紐約洋基,51467018.1,354,不讓分,252908269.1,紐約洋基,H,,1.43,100,43,H,,1
2026-07-22,2026-07-22T00:06:16,台灣運彩,823518,3478856.1,109,2026-07-22T07:05:00+08:00,匹茲堡海盜,紐約洋基,匹茲堡海盜 @ 紐約洋基,51467018.1,354,不讓分,252908270.1,匹茲堡海盜,A,,2.15,20,23,A,,2
2026-07-22,2026-07-22T00:06:16,台灣運彩,823518,3478856.1,109,2026-07-22T07:05:00+08:00,匹茲堡海盜,紐約洋基,匹茲堡海盜 @ 紐約洋基,51467021.1,357,勝分差,252908278.1,匹茲堡海盜 1 分,A,,6.50,2,11,A,,
2026-07-22,2026-07-22T00:06:16,台灣運彩,823518,3478856.1,109,2026-07-22T07:05:00+08:00,匹茲堡海盜,紐約洋基,匹茲堡海盜 @ 紐約洋基,51467021.1,357,勝分差,252908279.1,匹茲堡海盜 2 分,A,,8.50,2,15,A,,
2026-07-22,2026-07-22T00:06:16,台灣運彩,823518,3478856.1,109,2026-07-22T07:05:00+08:00,匹茲堡海盜,紐約洋基,匹茲堡海盜 @ 紐約洋基,51467021.1,357,勝分差,252908280.1,匹茲堡海盜 > 2分,A,,3.35,20,47,A,,
2026-07-22,2026-07-22T00:06:16,台灣運彩,823518,3478856.1,109,2026-07-22T07:05:00+08:00,匹茲堡海盜,紐約洋基,匹茲堡海盜 @ 紐約洋基,51467021.1,357,勝分差,252908275.1,紐約洋基 1 分,H,,4.10,10,31,H,,
2026-07-22,2026-07-22T00:06:16,台灣運彩,823518,3478856.1,109,2026-07-22T07:05:00+08:00,匹茲堡海盜,紐約洋基,匹茲堡海盜 @ 紐約洋基,51467021.1,357,勝分差,252908276.1,紐約洋基 2 分,H,,6.75,4,23,H,,
2026-07-22,2026-07-22T00:06:16,台灣運彩,823518,3478856.1,109,2026-07-22T07:05:00+08:00,匹茲堡海盜,紐約洋基,匹茲堡海盜 @ 紐約洋基,51467021.1,357,勝分差,252908277.1,紐約洋基 > 2分,H,,2.05,20,21,H,,
2026-07-22,2026-07-22T00:06:16,台灣運彩,823518,3478856.1,109,2026-07-22T07:05:00+08:00,匹茲堡海盜,紐約洋基,匹茲堡海盜 @ 紐約洋基,51467015.1,358,讓分 -2.5,252908263.1,紐約洋基 -2.5,H,-2.5,2.20,5,6,H,-2.5,1
2026-07-22,2026-07-22T00:06:16,台灣運彩,823518,3478856.1,109,2026-07-22T07:05:00+08:00,匹茲堡海盜,紐約洋基,匹茲堡海盜 @ 紐約洋基,51467015.1,358,讓分 -2.5,252908264.1,匹茲堡海盜 +2.5,A,-2.5,1.42,50,21,A,-2.5,2
2026-07-22,2026-07-22T00:06:16,台灣運彩,823518,3478856.1,109,2026-07-22T07:05:00+08:00,匹茲堡海盜,紐約洋基,匹茲堡海盜 @ 紐約洋基,51467016.1,358,讓分 -1.5,252908265.1,紐約洋基 -1.5,H,-1.5,1.87,100,87,H,-1.5,1
2026-07-22,2026-07-22T00:06:16,台灣運彩,823518,3478856.1,109,2026-07-22T07:05:00+08:00,匹茲堡海盜,紐約洋基,匹茲堡海盜 @ 紐約洋基,51467016.1,358,讓分 -1.5,252908266.1,匹茲堡海盜 +1.5,A,-1.5,1.63,100,63,A,-1.5,2
2026-07-22,2026-07-22T00:06:16,台灣運彩,823518,3478856.1,109,2026-07-22T07:05:00+08:00,匹茲堡海盜,紐約洋基,匹茲堡海盜 @ 紐約洋基,51467012.1,360,[總分]大小 9.5,252908258.1,大 9.5,A,9.5,1.77,100,77,A,9.5,
2026-07-22,2026-07-22T00:06:16,台灣運彩,823518,3478856.1,109,2026-07-22T07:05:00+08:00,匹茲堡海盜,紐約洋基,匹茲堡海盜 @ 紐約洋基,51467012.1,360,[總分]大小 9.5,252908257.1,小 9.5,H,9.5,1.73,100,73,H,9.5,
2026-07-22,2026-07-22T00:06:16,台灣運彩,823518,3478856.1,109,2026-07-22T07:05:00+08:00,匹茲堡海盜,紐約洋基,匹茲堡海盜 @ 紐約洋基,51467013.1,360,[總分]大小 8.5,252908260.1,大 8.5,A,8.5,1.48,25,12,A,8.5,
2026-07-22,2026-07-22T00:06:16,台灣運彩,823518,3478856.1,109,2026-07-22T07:05:00+08:00,匹茲堡海盜,紐約洋基,匹茲堡海盜 @ 紐約洋基,51467013.1,360,[總分]大小 8.5,252908259.1,小 8.5,H,8.5,2.05,20,21,H,8.5,
2026-07-22,2026-07-22T00:06:16,台灣運彩,823518,3478856.1,109,2026-07-22T07:05:00+08:00,匹茲堡海盜,紐約洋基,匹茲堡海盜 @ 紐約洋基,51467414.1,360,[總分]大小 10.5,252909298.1,大 10.5,A,10.5,1.98,50,49,A,10.5,
2026-07-22,2026-07-22T00:06:16,台灣運彩,823518,3478856.1,109,2026-07-22T07:05:00+08:00,匹茲堡海盜,紐約洋基,匹茲堡海盜 @ 紐約洋基,51467414.1,360,[總分]大小 10.5,252909297.1,小 10.5,H,10.5,1.52,25,13,H,10.5,
2026-07-22,2026-07-22T00:06:16,台灣運彩,823518,3478856.1,109,2026-07-22T07:05:00+08:00,匹茲堡海盜,紐約洋基,匹茲堡海盜 @ 紐約洋基,51468659.1,362,紐約洋基 大小 5.5,252912498.1,大 5.5,A,5.5,1.86,50,43,A,5.5,
2026-07-22,2026-07-22T00:06:16,台灣運彩,823518,3478856.1,109,2026-07-22T07:05:00+08:00,匹茲堡海盜,紐約洋基,匹茲堡海盜 @ 紐約洋基,51468659.1,362,紐約洋基 大小 5.5,252912497.1,小 5.5,H,5.5,1.58,50,29,H,5.5,
2026-07-22,2026-07-22T00:06:16,台灣運彩,823518,3478856.1,109,2026-07-22T07:05:00+08:00,匹茲堡海盜,紐約洋基,匹茲堡海盜 @ 紐約洋基,51467020.1,363,匹茲堡海盜 大小 3.5,252908274.1,大 3.5,A,3.5,1.58,50,29,A,3.5,
2026-07-22,2026-07-22T00:06:16,台灣運彩,823518,3478856.1,109,2026-07-22T07:05:00+08:00,匹茲堡海盜,紐約洋基,匹茲堡海盜 @ 紐約洋基,51467020.1,363,匹茲堡海盜 大小 3.5,252908273.1,小 3.5,H,3.5,1.86,50,43,H,3.5,
2026-07-22,2026-07-22T00:06:16,台灣運彩,823518,3478856.1,109,2026-07-22T07:05:00+08:00,匹茲堡海盜,紐約洋基,匹茲堡海盜 @ 紐約洋基,51467011.1,366,[總分]單雙,252908256.1,單,,,1.50,2,1,,,
2026-07-22,2026-07-22T00:06:16,台灣運彩,823518,3478856.1,109,2026-07-22T07:05:00+08:00,匹茲堡海盜,紐約洋基,匹茲堡海盜 @ 紐約洋基,51467011.1,366,[總分]單雙,252908255.1,雙,,,1.96,25,24,,,
2026-07-22,2026-07-22T00:06:16,台灣運彩,823518,3478856.1,109,2026-07-22T07:05:00+08:00,匹茲堡海盜,紐約洋基,匹茲堡海盜 @ 紐約洋基,51467396.1,374,得分最高單局(不含延長賽),252909250.1,一樣多,,,2.30,10,13,,,
2026-07-22,2026-07-22T00:06:16,台灣運彩,823518,3478856.1,109,2026-07-22T07:05:00+08:00,匹茲堡海盜,紐約洋基,匹茲堡海盜 @ 紐約洋基,51467396.1,374,得分最高單局(不含延長賽),252909241.1,第1局,,,5.40,5,22,,,
2026-07-22,2026-07-22T00:06:16,台灣運彩,823518,3478856.1,109,2026-07-22T07:05:00+08:00,匹茲堡海盜,紐約洋基,匹茲堡海盜 @ 紐約洋基,51467396.1,374,得分最高單局(不含延長賽),252909242.1,第2局,,,6.25,4,21,,,
2026-07-22,2026-07-22T00:06:16,台灣運彩,823518,3478856.1,109,2026-07-22T07:05:00+08:00,匹茲堡海盜,紐約洋基,匹茲堡海盜 @ 紐約洋基,51467396.1,374,得分最高單局(不含延長賽),252909243.1,第3局,,,5.50,2,9,,,
2026-07-22,2026-07-22T00:06:16,台灣運彩,823518,3478856.1,109,2026-07-22T07:05:00+08:00,匹茲堡海盜,紐約洋基,匹茲堡海盜 @ 紐約洋基,51467396.1,374,得分最高單局(不含延長賽),252909244.1,第4局,,,6.25,4,21,,,
2026-07-22,2026-07-22T00:06:16,台灣運彩,823518,3478856.1,109,2026-07-22T07:05:00+08:00,匹茲堡海盜,紐約洋基,匹茲堡海盜 @ 紐約洋基,51467396.1,374,得分最高單局(不含延長賽),252909245.1,第5局,,,5.75,4,19,,,
2026-07-22,2026-07-22T00:06:16,台灣運彩,823518,3478856.1,109,2026-07-22T07:05:00+08:00,匹茲堡海盜,紐約洋基,匹茲堡海盜 @ 紐約洋基,51467396.1,374,得分最高單局(不含延長賽),252909246.1,第6局,,,5.80,5,24,,,
2026-07-22,2026-07-22T00:06:16,台灣運彩,823518,3478856.1,109,2026-07-22T07:05:00+08:00,匹茲堡海盜,紐約洋基,匹茲堡海盜 @ 紐約洋基,51467396.1,374,得分最高單局(不含延長賽),252909247.1,第7局,,,6.00,1,5,,,
2026-07-22,2026-07-22T00:06:16,台灣運彩,823518,3478856.1,109,2026-07-22T07:05:00+08:00,匹茲堡海盜,紐約洋基,匹茲堡海盜 @ 紐約洋基,51467396.1,374,得分最高單局(不含延長賽),252909248.1,第8局,,,5.85,20,97,,,
2026-07-22,2026-07-22T00:06:16,台灣運彩,823518,3478856.1,109,2026-07-22T07:05:00+08:00,匹茲堡海盜,紐約洋基,匹茲堡海盜 @ 紐約洋基,51467396.1,374,得分最高單局(不含延長賽),252909249.1,第9局,,,8.00,1,7,,,
2026-07-22,2026-07-22T00:06:16,台灣運彩,823518,3478856.1,109,2026-07-22T07:05:00+08:00,匹茲堡海盜,紐約洋基,匹茲堡海盜 @ 紐約洋基,51467394.1,376,[1-5局] 不讓分,252909235.1,紐約洋基,H,,1.50,2,1,H,,1
2026-07-22,2026-07-22T00:06:16,台灣運彩,823518,3478856.1,109,2026-07-22T07:05:00+08:00,匹茲堡海盜,紐約洋基,匹茲堡海盜 @ 紐約洋基,51467394.1,376,[1-5局] 不讓分,252909237.1,匹茲堡海盜,A,,2.25,4,5,A,,2
2026-07-22,2026-07-22T00:06:16,台灣運彩,823518,3478856.1,109,2026-07-22T07:05:00+08:00,匹茲堡海盜,紐約洋基,匹茲堡海盜 @ 紐約洋基,51467394.1,376,[1-5局] 不讓分,252909236.1,和局,D,,5.20,5,21,D,,
2026-07-22,2026-07-22T00:06:16,台灣運彩,823518,3478856.1,109,2026-07-22T07:05:00+08:00,匹茲堡海盜,紐約洋基,匹茲堡海盜 @ 紐約洋基,51468099.1,378,[1-5局] 大小 5.5,252910968.1,大 5.5,A,5.5,1.75,4,3,A,5.5,
2026-07-22,2026-07-22T00:06:16,台灣運彩,823518,3478856.1,109,2026-07-22T07:05:00+08:00,匹茲堡海盜,紐約洋基,匹茲堡海盜 @ 紐約洋基,51468099.1,378,[1-5局] 大小 5.5,252910967.1,小 5.5,H,5.5,1.58,50,29,H,5.5,
2026-07-22,2026-07-22T00:06:16,台灣運彩,823518,3478856.1,109,2026-07-22T07:05:00+08:00,匹茲堡海盜,紐約洋基,匹茲堡海盜 @ 紐約洋基,51467397.1,379,[1-5局] 紐約洋基 大小 2.5,252909252.1,大 2.5,A,2.5,1.58,50,29,A,2.5,
2026-07-22,2026-07-22T00:06:16,台灣運彩,823518,3478856.1,109,2026-07-22T07:05:00+08:00,匹茲堡海盜,紐約洋基,匹茲堡海盜 @ 紐約洋基,51467397.1,379,[1-5局] 紐約洋基 大小 2.5,252909251.1,小 2.5,H,2.5,1.86,50,43,H,2.5,
2026-07-22,2026-07-22T00:06:16,台灣運彩,823518,3478856.1,109,2026-07-22T07:05:00+08:00,匹茲堡海盜,紐約洋基,匹茲堡海盜 @ 紐約洋基,51467398.1,380,[1-5局] 匹茲堡海盜 大小 1.5,252909254.1,大 1.5,A,1.5,1.55,20,11,A,1.5,
2026-07-22,2026-07-22T00:06:16,台灣運彩,823518,3478856.1,109,2026-07-22T07:05:00+08:00,匹茲堡海盜,紐約洋基,匹茲堡海盜 @ 紐約洋基,51467398.1,380,[1-5局] 匹茲堡海盜 大小 1.5,252909253.1,小 1.5,H,1.5,1.90,10,9,H,1.5,
2026-07-22,2026-07-22T00:06:16,台灣運彩,823518,3478856.1,109,2026-07-22T07:05:00+08:00,匹茲堡海盜,紐約洋基,匹茲堡海盜 @ 紐約洋基,51467395.1,389,[第1局] 不讓分,252909238.1,紐約洋基,H,,2.40,5,7,H,,1
2026-07-22,2026-07-22T00:06:16,台灣運彩,823518,3478856.1,109,2026-07-22T07:05:00+08:00,匹茲堡海盜,紐約洋基,匹茲堡海盜 @ 紐約洋基,51467395.1,389,[第1局] 不讓分,252909240.1,匹茲堡海盜,A,,3.70,10,27,A,,2
2026-07-22,2026-07-22T00:06:16,台灣運彩,823518,3478856.1,109,2026-07-22T07:05:00+08:00,匹茲堡海盜,紐約洋基,匹茲堡海盜 @ 紐約洋基,51467395.1,389,[第1局] 不讓分,252909239.1,和局,D,,1.65,20,13,D,,
2026-07-22,2026-07-22T00:06:16,台灣運彩,823518,3478856.1,109,2026-07-22T07:05:00+08:00,匹茲堡海盜,紐約洋基,匹茲堡海盜 @ 紐約洋基,51467393.1,398,[第1局] 大小 0.5,252909234.1,大 0.5,A,0.5,1.58,50,29,A,0.5,
2026-07-22,2026-07-22T00:06:16,台灣運彩,823518,3478856.1,109,2026-07-22T07:05:00+08:00,匹茲堡海盜,紐約洋基,匹茲堡海盜 @ 紐約洋基,51467393.1,398,[第1局] 大小 0.5,252909233.1,小 0.5,H,0.5,1.75,4,3,H,0.5,
2026-07-22,2026-07-22T00:06:16,台灣運彩,822784,3478857.1,111,2026-07-22T07:07:00+08:00,坦帕灣光芒,多倫多藍鳥,坦帕灣光芒 @ 多倫多藍鳥,51467033.1,354,不讓分,252908310.1,多倫多藍鳥,H,,1.87,100,87,H,,1
2026-07-22,2026-07-22T00:06:16,台灣運彩,822784,3478857.1,111,2026-07-22T07:07:00+08:00,坦帕灣光芒,多倫多藍鳥,坦帕灣光芒 @ 多倫多藍鳥,51467033.1,354,不讓分,252908311.1,坦帕灣光芒,A,,1.63,100,63,A,,2
2026-07-22,2026-07-22T00:06:16,台灣運彩,822784,3478857.1,111,2026-07-22T07:07:00+08:00,坦帕灣光芒,多倫多藍鳥,坦帕灣光芒 @ 多倫多藍鳥,51467038.1,357,勝分差,252908323.1,坦帕灣光芒 1 分,A,,5.10,10,41,A,,
2026-07-22,2026-07-22T00:06:16,台灣運彩,822784,3478857.1,111,2026-07-22T07:07:00+08:00,坦帕灣光芒,多倫多藍鳥,坦帕灣光芒 @ 多倫多藍鳥,51467038.1,357,勝分差,252908324.1,坦帕灣光芒 2 分,A,,6.50,2,11,A,,
2026-07-22,2026-07-22T00:06:16,台灣運彩,822784,3478857.1,111,2026-07-22T07:07:00+08:00,坦帕灣光芒,多倫多藍鳥,坦帕灣光芒 @ 多倫多藍鳥,51467038.1,357,勝分差,252908325.1,坦帕灣光芒 > 2分,A,,2.35,20,27,A,,
2026-07-22,2026-07-22T00:06:16,台灣運彩,822784,3478857.1,111,2026-07-22T07:07:00+08:00,坦帕灣光芒,多倫多藍鳥,坦帕灣光芒 @ 多倫多藍鳥,51467038.1,357,勝分差,252908320.1,多倫多藍鳥 1 分,H,,4.05,20,61,H,,
2026-07-22,2026-07-22T00:06:16,台灣運彩,822784,3478857.1,111,2026-07-22T07:07:00+08:00,坦帕灣光芒,多倫多藍鳥,坦帕灣光芒 @ 多倫多藍鳥,51467038.1,357,勝分差,252908321.1,多倫多藍鳥 2 分,H,,7.50,2,13,H,,
2026-07-22,2026-07-22T00:06:16,台灣運彩,822784,3478857.1,111,2026-07-22T07:07:00+08:00,坦帕灣光芒,多倫多藍鳥,坦帕灣光芒 @ 多倫多藍鳥,51467038.1,357,勝分差,252908322.1,多倫多藍鳥 > 2分,H,,3.40,5,12,H,,
2026-07-22,2026-07-22T00:06:16,台灣運彩,822784,3478857.1,111,2026-07-22T07:07:00+08:00,坦帕灣光芒,多倫多藍鳥,坦帕灣光芒 @ 多倫多藍鳥,51467035.1,358,讓分 1.5,252908314.1,多倫多藍鳥 +1.5,H,1.5,1.50,2,1,H,1.5,1
2026-07-22,2026-07-22T00:06:16,台灣運彩,822784,3478857.1,111,2026-07-22T07:07:00+08:00,坦帕灣光芒,多倫多藍鳥,坦帕灣光芒 @ 多倫多藍鳥,51467035.1,358,讓分 1.5,252908315.1,坦帕灣光芒 -1.5,A,1.5,2.00,1,1,A,1.5,2
2026-07-22,2026-07-22T00:06:16,台灣運彩,822784,3478857.1,111,2026-07-22T07:07:00+08:00,坦帕灣光芒,多倫多藍鳥,坦帕灣光芒 @ 多倫多藍鳥,51467034.1,360,[總分]大小 7.5,252908313.1,大 7.5,A,7.5,1.73,100,73,A,7.5,
2026-07-22,2026-07-22T00:06:16,台灣運彩,822784,3478857.1,111,2026-07-22T07:07:00+08:00,坦帕灣光芒,多倫多藍鳥,坦帕灣光芒 @ 多倫多藍鳥,51467034.1,360,[總分]大小 7.5,252908312.1,小 7.5,H,7.5,1.77,100,77,H,7.5,
2026-07-22,2026-07-22T00:06:16,台灣運彩,822784,3478857.1,111,2026-07-22T07:07:00+08:00,坦帕灣光芒,多倫多藍鳥,坦帕灣光芒 @ 多倫多藍鳥,51467037.1,362,多倫多藍鳥 大小 3.5,252908319.1,大 3.5,A,3.5,1.73,100,73,A,3.5,
2026-07-22,2026-07-22T00:06:16,台灣運彩,822784,3478857.1,111,2026-07-22T07:07:00+08:00,坦帕灣光芒,多倫多藍鳥,坦帕灣光芒 @ 多倫多藍鳥,51467037.1,362,多倫多藍鳥 大小 3.5,252908318.1,小 3.5,H,3.5,1.70,10,7,H,3.5,
2026-07-22,2026-07-22T00:06:16,台灣運彩,822784,3478857.1,111,2026-07-22T07:07:00+08:00,坦帕灣光芒,多倫多藍鳥,坦帕灣光芒 @ 多倫多藍鳥,51467036.1,363,坦帕灣光芒 大小 3.5,252908317.1,大 3.5,A,3.5,1.62,50,31,A,3.5,
2026-07-22,2026-07-22T00:06:16,台灣運彩,822784,3478857.1,111,2026-07-22T07:07:00+08:00,坦帕灣光芒,多倫多藍鳥,坦帕灣光芒 @ 多倫多藍鳥,51467036.1,363,坦帕灣光芒 大小 3.5,252908316.1,小 3.5,H,3.5,1.82,50,41,H,3.5,
2026-07-22,2026-07-22T00:06:16,台灣運彩,822784,3478857.1,111,2026-07-22T07:07:00+08:00,坦帕灣光芒,多倫多藍鳥,坦帕灣光芒 @ 多倫多藍鳥,51467032.1,366,[總分]單雙,252908309.1,單,,,1.43,100,43,,,
2026-07-22,2026-07-22T00:06:16,台灣運彩,822784,3478857.1,111,2026-07-22T07:07:00+08:00,坦帕灣光芒,多倫多藍鳥,坦帕灣光芒 @ 多倫多藍鳥,51467032.1,366,[總分]單雙,252908308.1,雙,,,1.98,50,49,,,
2026-07-22,2026-07-22T00:06:16,台灣運彩,822784,3478857.1,111,2026-07-22T07:07:00+08:00,坦帕灣光芒,多倫多藍鳥,坦帕灣光芒 @ 多倫多藍鳥,51467546.1,374,得分最高單局(不含延長賽),252909666.1,一樣多,,,2.25,4,5,,,
2026-07-22,2026-07-22T00:06:16,台灣運彩,822784,3478857.1,111,2026-07-22T07:07:00+08:00,坦帕灣光芒,多倫多藍鳥,坦帕灣光芒 @ 多倫多藍鳥,51467546.1,374,得分最高單局(不含延長賽),252909657.1,第1局,,,5.95,20,99,,,
2026-07-22,2026-07-22T00:06:16,台灣運彩,822784,3478857.1,111,2026-07-22T07:07:00+08:00,坦帕灣光芒,多倫多藍鳥,坦帕灣光芒 @ 多倫多藍鳥,51467546.1,374,得分最高單局(不含延長賽),252909658.1,第2局,,,7.00,1,6,,,
2026-07-22,2026-07-22T00:06:16,台灣運彩,822784,3478857.1,111,2026-07-22T07:07:00+08:00,坦帕灣光芒,多倫多藍鳥,坦帕灣光芒 @ 多倫多藍鳥,51467546.1,374,得分最高單局(不含延長賽),252909659.1,第3局,,,6.25,4,21,,,
2026-07-22,2026-07-22T00:06:16,台灣運彩,822784,3478857.1,111,2026-07-22T07:07:00+08:00,坦帕灣光芒,多倫多藍鳥,坦帕灣光芒 @ 多倫多藍鳥,51467546.1,374,得分最高單局(不含延長賽),252909660.1,第4局,,,6.75,4,23,,,
2026-07-22,2026-07-22T00:06:16,台灣運彩,822784,3478857.1,111,2026-07-22T07:07:00+08:00,坦帕灣光芒,多倫多藍鳥,坦帕灣光芒 @ 多倫多藍鳥,51467546.1,374,得分最高單局(不含延長賽),252909661.1,第5局,,,4.15,20,63,,,
2026-07-22,2026-07-22T00:06:16,台灣運彩,822784,3478857.1,111,2026-07-22T07:07:00+08:00,坦帕灣光芒,多倫多藍鳥,坦帕灣光芒 @ 多倫多藍鳥,51467546.1,374,得分最高單局(不含延長賽),252909662.1,第6局,,,6.25,4,21,,,
2026-07-22,2026-07-22T00:06:16,台灣運彩,822784,3478857.1,111,2026-07-22T07:07:00+08:00,坦帕灣光芒,多倫多藍鳥,坦帕灣光芒 @ 多倫多藍鳥,51467546.1,374,得分最高單局(不含延長賽),252909663.1,第7局,,,6.25,4,21,,,
2026-07-22,2026-07-22T00:06:16,台灣運彩,822784,3478857.1,111,2026-07-22T07:07:00+08:00,坦帕灣光芒,多倫多藍鳥,坦帕灣光芒 @ 多倫多藍鳥,51467546.1,374,得分最高單局(不含延長賽),252909664.1,第8局,,,6.00,1,5,,,
2026-07-22,2026-07-22T00:06:16,台灣運彩,822784,3478857.1,111,2026-07-22T07:07:00+08:00,坦帕灣光芒,多倫多藍鳥,坦帕灣光芒 @ 多倫多藍鳥,51467546.1,374,得分最高單局(不含延長賽),252909665.1,第9局,,,8.00,1,7,,,
2026-07-22,2026-07-22T00:06:16,台灣運彩,822784,3478857.1,111,2026-07-22T07:07:00+08:00,坦帕灣光芒,多倫多藍鳥,坦帕灣光芒 @ 多倫多藍鳥,51467543.1,376,[1-5局] 不讓分,252909650.1,多倫多藍鳥,H,,2.00,1,1,H,,1
2026-07-22,2026-07-22T00:06:16,台灣運彩,822784,3478857.1,111,2026-07-22T07:07:00+08:00,坦帕灣光芒,多倫多藍鳥,坦帕灣光芒 @ 多倫多藍鳥,51467543.1,376,[1-5局] 不讓分,252909652.1,坦帕灣光芒,A,,1.75,4,3,A,,2
2026-07-22,2026-07-22T00:06:16,台灣運彩,822784,3478857.1,111,2026-07-22T07:07:00+08:00,坦帕灣光芒,多倫多藍鳥,坦帕灣光芒 @ 多倫多藍鳥,51467543.1,376,[1-5局] 不讓分,252909651.1,和局,D,,4.30,10,33,D,,
2026-07-22,2026-07-22T00:06:16,台灣運彩,822784,3478857.1,111,2026-07-22T07:07:00+08:00,坦帕灣光芒,多倫多藍鳥,坦帕灣光芒 @ 多倫多藍鳥,51468691.1,378,[1-5局] 大小 3.5,252912580.1,大 3.5,A,3.5,1.52,25,13,A,3.5,
2026-07-22,2026-07-22T00:06:16,台灣運彩,822784,3478857.1,111,2026-07-22T07:07:00+08:00,坦帕灣光芒,多倫多藍鳥,坦帕灣光芒 @ 多倫多藍鳥,51468691.1,378,[1-5局] 大小 3.5,252912579.1,小 3.5,H,3.5,1.83,100,83,H,3.5,
2026-07-22,2026-07-22T00:06:16,台灣運彩,822784,3478857.1,111,2026-07-22T07:07:00+08:00,坦帕灣光芒,多倫多藍鳥,坦帕灣光芒 @ 多倫多藍鳥,51467545.1,379,[1-5局] 多倫多藍鳥 大小 1.5,252909656.1,大 1.5,A,1.5,1.70,10,7,A,1.5,
2026-07-22,2026-07-22T00:06:16,台灣運彩,822784,3478857.1,111,2026-07-22T07:07:00+08:00,坦帕灣光芒,多倫多藍鳥,坦帕灣光芒 @ 多倫多藍鳥,51467545.1,379,[1-5局] 多倫多藍鳥 大小 1.5,252909655.1,小 1.5,H,1.5,1.73,100,73,H,1.5,
2026-07-22,2026-07-22T00:06:16,台灣運彩,822784,3478857.1,111,2026-07-22T07:07:00+08:00,坦帕灣光芒,多倫多藍鳥,坦帕灣光芒 @ 多倫多藍鳥,51467544.1,380,[1-5局] 坦帕灣光芒 大小 1.5,252909654.1,大 1.5,A,1.5,1.55,20,11,A,1.5,
2026-07-22,2026-07-22T00:06:16,台灣運彩,822784,3478857.1,111,2026-07-22T07:07:00+08:00,坦帕灣光芒,多倫多藍鳥,坦帕灣光芒 @ 多倫多藍鳥,51467544.1,380,[1-5局] 坦帕灣光芒 大小 1.5,252909653.1,小 1.5,H,1.5,1.90,10,9,H,1.5,
2026-07-22,2026-07-22T00:06:16,台灣運彩,822784,3478857.1,111,2026-07-22T07:07:00+08:00,坦帕灣光芒,多倫多藍鳥,坦帕灣光芒 @ 多倫多藍鳥,51467542.1,389,[第1局] 不讓分,252909647.1,多倫多藍鳥,H,,3.45,20,49,H,,1
2026-07-22,2026-07-22T00:06:16,台灣運彩,822784,3478857.1,111,2026-07-22T07:07:00+08:00,坦帕灣光芒,多倫多藍鳥,坦帕灣光芒 @ 多倫多藍鳥,51467542.1,389,[第1局] 不讓分,252909649.1,坦帕灣光芒,A,,3.10,10,21,A,,2
2026-07-22,2026-07-22T00:06:16,台灣運彩,822784,3478857.1,111,2026-07-22T07:07:00+08:00,坦帕灣光芒,多倫多藍鳥,坦帕灣光芒 @ 多倫多藍鳥,51467542.1,389,[第1局] 不讓分,252909648.1,和局,D,,1.45,20,9,D,,
2026-07-22,2026-07-22T00:06:16,台灣運彩,822784,3478857.1,111,2026-07-22T07:07:00+08:00,坦帕灣光芒,多倫多藍鳥,坦帕灣光芒 @ 多倫多藍鳥,51467541.1,398,[第1局] 大小 0.5,252909646.1,大 0.5,A,0.5,1.80,5,4,A,0.5,
2026-07-22,2026-07-22T00:06:16,台灣運彩,822784,3478857.1,111,2026-07-22T07:07:00+08:00,坦帕灣光芒,多倫多藍鳥,坦帕灣光芒 @ 多倫多藍鳥,51467541.1,398,[第1局] 大小 0.5,252909645.1,小 0.5,H,0.5,1.55,20,11,H,0.5,
2026-07-22,2026-07-22T00:06:16,台灣運彩,824732,3478882.1,122,2026-07-22T07:10:00+08:00,巴爾的摩金鶯,波士頓紅襪,巴爾的摩金鶯 @ 波士頓紅襪,51467606.1,354,不讓分,252909859.1,波士頓紅襪,H,,1.50,2,1,H,,1
2026-07-22,2026-07-22T00:06:16,台灣運彩,824732,3478882.1,122,2026-07-22T07:10:00+08:00,巴爾的摩金鶯,波士頓紅襪,巴爾的摩金鶯 @ 波士頓紅襪,51467606.1,354,不讓分,252909860.1,巴爾的摩金鶯,A,,2.00,1,1,A,,2
2026-07-22,2026-07-22T00:06:16,台灣運彩,824732,3478882.1,122,2026-07-22T07:10:00+08:00,巴爾的摩金鶯,波士頓紅襪,巴爾的摩金鶯 @ 波士頓紅襪,51467617.1,357,勝分差,252909885.1,巴爾的摩金鶯 1 分,A,,5.85,20,97,A,,
2026-07-22,2026-07-22T00:06:16,台灣運彩,824732,3478882.1,122,2026-07-22T07:10:00+08:00,巴爾的摩金鶯,波士頓紅襪,巴爾的摩金鶯 @ 波士頓紅襪,51467617.1,357,勝分差,252909886.1,巴爾的摩金鶯 2 分,A,,8.00,1,7,A,,
2026-07-22,2026-07-22T00:06:16,台灣運彩,824732,3478882.1,122,2026-07-22T07:10:00+08:00,巴爾的摩金鶯,波士頓紅襪,巴爾的摩金鶯 @ 波士頓紅襪,51467617.1,357,勝分差,252909887.1,巴爾的摩金鶯 > 2分,A,,3.15,20,43,A,,
2026-07-22,2026-07-22T00:06:16,台灣運彩,824732,3478882.1,122,2026-07-22T07:10:00+08:00,巴爾的摩金鶯,波士頓紅襪,巴爾的摩金鶯 @ 波士頓紅襪,51467617.1,357,勝分差,252909882.1,波士頓紅襪 1 分,H,,3.85,20,57,H,,
2026-07-22,2026-07-22T00:06:16,台灣運彩,824732,3478882.1,122,2026-07-22T07:10:00+08:00,巴爾的摩金鶯,波士頓紅襪,巴爾的摩金鶯 @ 波士頓紅襪,51467617.1,357,勝分差,252909883.1,波士頓紅襪 2 分,H,,6.50,2,11,H,,
2026-07-22,2026-07-22T00:06:16,台灣運彩,824732,3478882.1,122,2026-07-22T07:10:00+08:00,巴爾的摩金鶯,波士頓紅襪,巴爾的摩金鶯 @ 波士頓紅襪,51467617.1,357,勝分差,252909884.1,波士頓紅襪 > 2分,H,,2.35,20,27,H,,
2026-07-22,2026-07-22T00:06:16,台灣運彩,824732,3478882.1,122,2026-07-22T07:10:00+08:00,巴爾的摩金鶯,波士頓紅襪,巴爾的摩金鶯 @ 波士頓紅襪,51467609.1,358,讓分 -1.5,252909866.1,波士頓紅襪 -1.5,H,-1.5,2.00,1,1,H,-1.5,1
2026-07-22,2026-07-22T00:06:16,台灣運彩,824732,3478882.1,122,2026-07-22T07:10:00+08:00,巴爾的摩金鶯,波士頓紅襪,巴爾的摩金鶯 @ 波士頓紅襪,51467609.1,358,讓分 -1.5,252909867.1,巴爾的摩金鶯 +1.5,A,-1.5,1.50,2,1,A,-1.5,2
2026-07-22,2026-07-22T00:06:16,台灣運彩,824732,3478882.1,122,2026-07-22T07:10:00+08:00,巴爾的摩金鶯,波士頓紅襪,巴爾的摩金鶯 @ 波士頓紅襪,51467612.1,358,讓分 -2.5,252909872.1,波士頓紅襪 -2.5,H,-2.5,2.50,2,3,H,-2.5,1
2026-07-22,2026-07-22T00:06:16,台灣運彩,824732,3478882.1,122,2026-07-22T07:10:00+08:00,巴爾的摩金鶯,波士頓紅襪,巴爾的摩金鶯 @ 波士頓紅襪,51467612.1,358,讓分 -2.5,252909873.1,巴爾的摩金鶯 +2.5,A,-2.5,1.32,25,8,A,-2.5,2
2026-07-22,2026-07-22T00:06:16,台灣運彩,824732,3478882.1,122,2026-07-22T07:10:00+08:00,巴爾的摩金鶯,波士頓紅襪,巴爾的摩金鶯 @ 波士頓紅襪,51467610.1,360,[總分]大小 9.5,252909869.1,大 9.5,A,9.5,2.20,5,6,A,9.5,
2026-07-22,2026-07-22T00:06:16,台灣運彩,824732,3478882.1,122,2026-07-22T07:10:00+08:00,巴爾的摩金鶯,波士頓紅襪,巴爾的摩金鶯 @ 波士頓紅襪,51467610.1,360,[總分]大小 9.5,252909868.1,小 9.5,H,9.5,1.42,50,21,H,9.5,
2026-07-22,2026-07-22T00:06:16,台灣運彩,824732,3478882.1,122,2026-07-22T07:10:00+08:00,巴爾的摩金鶯,波士頓紅襪,巴爾的摩金鶯 @ 波士頓紅襪,51467613.1,360,[總分]大小 7.5,252909875.1,大 7.5,A,7.5,1.60,5,3,A,7.5,
2026-07-22,2026-07-22T00:06:16,台灣運彩,824732,3478882.1,122,2026-07-22T07:10:00+08:00,巴爾的摩金鶯,波士頓紅襪,巴爾的摩金鶯 @ 波士頓紅襪,51467613.1,360,[總分]大小 7.5,252909874.1,小 7.5,H,7.5,1.90,10,9,H,7.5,
2026-07-22,2026-07-22T00:06:16,台灣運彩,824732,3478882.1,122,2026-07-22T07:10:00+08:00,巴爾的摩金鶯,波士頓紅襪,巴爾的摩金鶯 @ 波士頓紅襪,51467615.1,360,[總分]大小 8.5,252909879.1,大 8.5,A,8.5,1.82,50,41,A,8.5,
2026-07-22,2026-07-22T00:06:16,台灣運彩,824732,3478882.1,122,2026-07-22T07:10:00+08:00,巴爾的摩金鶯,波士頓紅襪,巴爾的摩金鶯 @ 波士頓紅襪,51467615.1,360,[總分]大小 8.5,252909878.1,小 8.5,H,8.5,1.68,25,17,H,8.5,
2026-07-22,2026-07-22T00:06:16,台灣運彩,824732,3478882.1,122,2026-07-22T07:10:00+08:00,巴爾的摩金鶯,波士頓紅襪,巴爾的摩金鶯 @ 波士頓紅襪,51467611.1,362,波士頓紅襪 大小 4.5,252909871.1,大 4.5,A,4.5,1.85,20,17,A,4.5,
2026-07-22,2026-07-22T00:06:16,台灣運彩,824732,3478882.1,122,2026-07-22T07:10:00+08:00,巴爾的摩金鶯,波士頓紅襪,巴爾的摩金鶯 @ 波士頓紅襪,51467611.1,362,波士頓紅襪 大小 4.5,252909870.1,小 4.5,H,4.5,1.60,5,3,H,4.5,
2026-07-22,2026-07-22T00:06:16,台灣運彩,824732,3478882.1,122,2026-07-22T07:10:00+08:00,巴爾的摩金鶯,波士頓紅襪,巴爾的摩金鶯 @ 波士頓紅襪,51467616.1,363,巴爾的摩金鶯 大小 3.5,252909881.1,大 3.5,A,3.5,1.72,25,18,A,3.5,
2026-07-22,2026-07-22T00:06:16,台灣運彩,824732,3478882.1,122,2026-07-22T07:10:00+08:00,巴爾的摩金鶯,波士頓紅襪,巴爾的摩金鶯 @ 波士頓紅襪,51467616.1,363,巴爾的摩金鶯 大小 3.5,252909880.1,小 3.5,H,3.5,1.72,25,18,H,3.5,
2026-07-22,2026-07-22T00:06:16,台灣運彩,824732,3478882.1,122,2026-07-22T07:10:00+08:00,巴爾的摩金鶯,波士頓紅襪,巴爾的摩金鶯 @ 波士頓紅襪,51467608.1,366,[總分]單雙,252909865.1,單,,,1.48,25,12,,,
2026-07-22,2026-07-22T00:06:16,台灣運彩,824732,3478882.1,122,2026-07-22T07:10:00+08:00,巴爾的摩金鶯,波士頓紅襪,巴爾的摩金鶯 @ 波士頓紅襪,51467608.1,366,[總分]單雙,252909864.1,雙,,,2.00,1,1,,,
2026-07-22,2026-07-22T00:06:16,台灣運彩,824732,3478882.1,122,2026-07-22T07:10:00+08:00,巴爾的摩金鶯,波士頓紅襪,巴爾的摩金鶯 @ 波士頓紅襪,51467625.1,374,得分最高單局(不含延長賽),252909913.1,一樣多,,,2.25,4,5,,,
2026-07-22,2026-07-22T00:06:16,台灣運彩,824732,3478882.1,122,2026-07-22T07:10:00+08:00,巴爾的摩金鶯,波士頓紅襪,巴爾的摩金鶯 @ 波士頓紅襪,51467625.1,374,得分最高單局(不含延長賽),252909904.1,第1局,,,5.90,10,49,,,
2026-07-22,2026-07-22T00:06:16,台灣運彩,824732,3478882.1,122,2026-07-22T07:10:00+08:00,巴爾的摩金鶯,波士頓紅襪,巴爾的摩金鶯 @ 波士頓紅襪,51467625.1,374,得分最高單局(不含延長賽),252909905.1,第2局,,,7.00,1,6,,,
2026-07-22,2026-07-22T00:06:16,台灣運彩,824732,3478882.1,122,2026-07-22T07:10:00+08:00,巴爾的摩金鶯,波士頓紅襪,巴爾的摩金鶯 @ 波士頓紅襪,51467625.1,374,得分最高單局(不含延長賽),252909906.1,第3局,,,6.25,4,21,,,
2026-07-22,2026-07-22T00:06:16,台灣運彩,824732,3478882.1,122,2026-07-22T07:10:00+08:00,巴爾的摩金鶯,波士頓紅襪,巴爾的摩金鶯 @ 波士頓紅襪,51467625.1,374,得分最高單局(不含延長賽),252909907.1,第4局,,,6.75,4,23,,,
2026-07-22,2026-07-22T00:06:16,台灣運彩,824732,3478882.1,122,2026-07-22T07:10:00+08:00,巴爾的摩金鶯,波士頓紅襪,巴爾的摩金鶯 @ 波士頓紅襪,51467625.1,374,得分最高單局(不含延長賽),252909908.1,第5局,,,6.50,2,11,,,
2026-07-22,2026-07-22T00:06:16,台灣運彩,824732,3478882.1,122,2026-07-22T07:10:00+08:00,巴爾的摩金鶯,波士頓紅襪,巴爾的摩金鶯 @ 波士頓紅襪,51467625.1,374,得分最高單局(不含延長賽),252909909.1,第6局,,,5.25,4,17,,,
2026-07-22,2026-07-22T00:06:16,台灣運彩,824732,3478882.1,122,2026-07-22T07:10:00+08:00,巴爾的摩金鶯,波士頓紅襪,巴爾的摩金鶯 @ 波士頓紅襪,51467625.1,374,得分最高單局(不含延長賽),252909910.1,第7局,,,5.40,5,22,,,
2026-07-22,2026-07-22T00:06:16,台灣運彩,824732,3478882.1,122,2026-07-22T07:10:00+08:00,巴爾的摩金鶯,波士頓紅襪,巴爾的摩金鶯 @ 波士頓紅襪,51467625.1,374,得分最高單局(不含延長賽),252909911.1,第8局,,,5.25,4,17,,,
2026-07-22,2026-07-22T00:06:16,台灣運彩,824732,3478882.1,122,2026-07-22T07:10:00+08:00,巴爾的摩金鶯,波士頓紅襪,巴爾的摩金鶯 @ 波士頓紅襪,51467625.1,374,得分最高單局(不含延長賽),252909912.1,第9局,,,8.00,1,7,,,
2026-07-22,2026-07-22T00:06:16,台灣運彩,824732,3478882.1,122,2026-07-22T07:10:00+08:00,巴爾的摩金鶯,波士頓紅襪,巴爾的摩金鶯 @ 波士頓紅襪,51467624.1,376,[1-5局] 不讓分,252909901.1,波士頓紅襪,H,,1.70,10,7,H,,1
2026-07-22,2026-07-22T00:06:16,台灣運彩,824732,3478882.1,122,2026-07-22T07:10:00+08:00,巴爾的摩金鶯,波士頓紅襪,巴爾的摩金鶯 @ 波士頓紅襪,51467624.1,376,[1-5局] 不讓分,252909903.1,巴爾的摩金鶯,A,,2.10,10,11,A,,2
2026-07-22,2026-07-22T00:06:16,台灣運彩,824732,3478882.1,122,2026-07-22T07:10:00+08:00,巴爾的摩金鶯,波士頓紅襪,巴爾的摩金鶯 @ 波士頓紅襪,51467624.1,376,[1-5局] 不讓分,252909902.1,和局,D,,4.35,20,67,D,,
2026-07-22,2026-07-22T00:06:16,台灣運彩,824732,3478882.1,122,2026-07-22T07:10:00+08:00,巴爾的摩金鶯,波士頓紅襪,巴爾的摩金鶯 @ 波士頓紅襪,51467620.1,378,[1-5局] 大小 4.5,252909893.1,大 4.5,A,4.5,1.83,100,83,A,4.5,
2026-07-22,2026-07-22T00:06:16,台灣運彩,824732,3478882.1,122,2026-07-22T07:10:00+08:00,巴爾的摩金鶯,波士頓紅襪,巴爾的摩金鶯 @ 波士頓紅襪,51467620.1,378,[1-5局] 大小 4.5,252909892.1,小 4.5,H,4.5,1.52,25,13,H,4.5,
2026-07-22,2026-07-22T00:06:16,台灣運彩,824732,3478882.1,122,2026-07-22T07:10:00+08:00,巴爾的摩金鶯,波士頓紅襪,巴爾的摩金鶯 @ 波士頓紅襪,51467619.1,379,[1-5局] 波士頓紅襪 大小 1.5,252909891.1,大 1.5,A,1.5,1.48,25,12,A,1.5,
2026-07-22,2026-07-22T00:06:16,台灣運彩,824732,3478882.1,122,2026-07-22T07:10:00+08:00,巴爾的摩金鶯,波士頓紅襪,巴爾的摩金鶯 @ 波士頓紅襪,51467619.1,379,[1-5局] 波士頓紅襪 大小 1.5,252909890.1,小 1.5,H,1.5,2.00,1,1,H,1.5,
2026-07-22,2026-07-22T00:06:16,台灣運彩,824732,3478882.1,122,2026-07-22T07:10:00+08:00,巴爾的摩金鶯,波士頓紅襪,巴爾的摩金鶯 @ 波士頓紅襪,51467621.1,380,[1-5局] 巴爾的摩金鶯 大小 1.5,252909895.1,大 1.5,A,1.5,1.72,25,18,A,1.5,
2026-07-22,2026-07-22T00:06:16,台灣運彩,824732,3478882.1,122,2026-07-22T07:10:00+08:00,巴爾的摩金鶯,波士頓紅襪,巴爾的摩金鶯 @ 波士頓紅襪,51467621.1,380,[1-5局] 巴爾的摩金鶯 大小 1.5,252909894.1,小 1.5,H,1.5,1.72,25,18,H,1.5,
2026-07-22,2026-07-22T00:06:16,台灣運彩,824732,3478882.1,122,2026-07-22T07:10:00+08:00,巴爾的摩金鶯,波士頓紅襪,巴爾的摩金鶯 @ 波士頓紅襪,51467623.1,389,[第1局] 不讓分,252909898.1,波士頓紅襪,H,,2.90,10,19,H,,1
2026-07-22,2026-07-22T00:06:16,台灣運彩,824732,3478882.1,122,2026-07-22T07:10:00+08:00,巴爾的摩金鶯,波士頓紅襪,巴爾的摩金鶯 @ 波士頓紅襪,51467623.1,389,[第1局] 不讓分,252909900.1,巴爾的摩金鶯,A,,3.65,20,53,A,,2
2026-07-22,2026-07-22T00:06:16,台灣運彩,824732,3478882.1,122,2026-07-22T07:10:00+08:00,巴爾的摩金鶯,波士頓紅襪,巴爾的摩金鶯 @ 波士頓紅襪,51467623.1,389,[第1局] 不讓分,252909899.1,和局,D,,1.45,20,9,D,,
2026-07-22,2026-07-22T00:06:16,台灣運彩,824732,3478882.1,122,2026-07-22T07:10:00+08:00,巴爾的摩金鶯,波士頓紅襪,巴爾的摩金鶯 @ 波士頓紅襪,51467622.1,398,[第1局] 大小 0.5,252909897.1,大 0.5,A,0.5,1.78,50,39,A,0.5,
2026-07-22,2026-07-22T00:06:16,台灣運彩,824732,3478882.1,122,2026-07-22T07:10:00+08:00,巴爾的摩金鶯,波士頓紅襪,巴爾的摩金鶯 @ 波士頓紅襪,51467622.1,398,[第1局] 大小 0.5,252909896.1,小 0.5,H,0.5,1.56,25,14,H,0.5,
2026-07-22,2026-07-22T00:06:16,台灣運彩,824896,3478858.1,112,2026-07-22T07:15:00+08:00,聖地牙哥教士,亞特蘭大勇士,聖地牙哥教士 @ 亞特蘭大勇士,51467047.1,354,不讓分,252908346.1,亞特蘭大勇士,H,,1.50,2,1,H,,1
2026-07-22,2026-07-22T00:06:16,台灣運彩,824896,3478858.1,112,2026-07-22T07:15:00+08:00,聖地牙哥教士,亞特蘭大勇士,聖地牙哥教士 @ 亞特蘭大勇士,51467047.1,354,不讓分,252908347.1,聖地牙哥教士,A,,2.00,1,1,A,,2
2026-07-22,2026-07-22T00:06:16,台灣運彩,824896,3478858.1,112,2026-07-22T07:15:00+08:00,聖地牙哥教士,亞特蘭大勇士,聖地牙哥教士 @ 亞特蘭大勇士,51467046.1,357,勝分差,252908340.1,亞特蘭大勇士 1 分,H,,4.10,10,31,H,,
2026-07-22,2026-07-22T00:06:16,台灣運彩,824896,3478858.1,112,2026-07-22T07:15:00+08:00,聖地牙哥教士,亞特蘭大勇士,聖地牙哥教士 @ 亞特蘭大勇士,51467046.1,357,勝分差,252908341.1,亞特蘭大勇士 2 分,H,,6.75,4,23,H,,
2026-07-22,2026-07-22T00:06:16,台灣運彩,824896,3478858.1,112,2026-07-22T07:15:00+08:00,聖地牙哥教士,亞特蘭大勇士,聖地牙哥教士 @ 亞特蘭大勇士,51467046.1,357,勝分差,252908342.1,亞特蘭大勇士 > 2分,H,,2.35,20,27,H,,
2026-07-22,2026-07-22T00:06:16,台灣運彩,824896,3478858.1,112,2026-07-22T07:15:00+08:00,聖地牙哥教士,亞特蘭大勇士,聖地牙哥教士 @ 亞特蘭大勇士,51467046.1,357,勝分差,252908343.1,聖地牙哥教士 1 分,A,,6.00,1,5,A,,
2026-07-22,2026-07-22T00:06:16,台灣運彩,824896,3478858.1,112,2026-07-22T07:15:00+08:00,聖地牙哥教士,亞特蘭大勇士,聖地牙哥教士 @ 亞特蘭大勇士,51467046.1,357,勝分差,252908344.1,聖地牙哥教士 2 分,A,,8.00,1,7,A,,
2026-07-22,2026-07-22T00:06:16,台灣運彩,824896,3478858.1,112,2026-07-22T07:15:00+08:00,聖地牙哥教士,亞特蘭大勇士,聖地牙哥教士 @ 亞特蘭大勇士,51467046.1,357,勝分差,252908345.1,聖地牙哥教士 > 2分,A,,2.95,20,39,A,,
2026-07-22,2026-07-22T00:06:16,台灣運彩,824896,3478858.1,112,2026-07-22T07:15:00+08:00,聖地牙哥教士,亞特蘭大勇士,聖地牙哥教士 @ 亞特蘭大勇士,51467041.1,358,讓分 -1.5,252908330.1,亞特蘭大勇士 -1.5,H,-1.5,1.98,50,49,H,-1.5,1
2026-07-22,2026-07-22T00:06:16,台灣運彩,824896,3478858.1,112,2026-07-22T07:15:00+08:00,聖地牙哥教士,亞特蘭大勇士,聖地牙哥教士 @ 亞特蘭大勇士,51467041.1,358,讓分 -1.5,252908331.1,聖地牙哥教士 +1.5,A,-1.5,1.52,25,13,A,-1.5,2
2026-07-22,2026-07-22T00:06:16,台灣運彩,824896,3478858.1,112,2026-07-22T07:15:00+08:00,聖地牙哥教士,亞特蘭大勇士,聖地牙哥教士 @ 亞特蘭大勇士,51467043.1,358,讓分 -2.5,252908334.1,亞特蘭大勇士 -2.5,H,-2.5,2.45,20,29,H,-2.5,1
2026-07-22,2026-07-22T00:06:16,台灣運彩,824896,3478858.1,112,2026-07-22T07:15:00+08:00,聖地牙哥教士,亞特蘭大勇士,聖地牙哥教士 @ 亞特蘭大勇士,51467043.1,358,讓分 -2.5,252908335.1,聖地牙哥教士 +2.5,A,-2.5,1.35,20,7,A,-2.5,2
2026-07-22,2026-07-22T00:06:16,台灣運彩,824896,3478858.1,112,2026-07-22T07:15:00+08:00,聖地牙哥教士,亞特蘭大勇士,聖地牙哥教士 @ 亞特蘭大勇士,51467042.1,360,[總分]大小 8.5,252908333.1,大 8.5,A,8.5,1.60,5,3,A,8.5,
2026-07-22,2026-07-22T00:06:16,台灣運彩,824896,3478858.1,112,2026-07-22T07:15:00+08:00,聖地牙哥教士,亞特蘭大勇士,聖地牙哥教士 @ 亞特蘭大勇士,51467042.1,360,[總分]大小 8.5,252908332.1,小 8.5,H,8.5,1.90,10,9,H,8.5,
2026-07-22,2026-07-22T00:06:16,台灣運彩,824896,3478858.1,112,2026-07-22T07:15:00+08:00,聖地牙哥教士,亞特蘭大勇士,聖地牙哥教士 @ 亞特蘭大勇士,51467044.1,360,[總分]大小 7.5,252908337.1,大 7.5,A,7.5,1.42,50,21,A,7.5,
2026-07-22,2026-07-22T00:06:16,台灣運彩,824896,3478858.1,112,2026-07-22T07:15:00+08:00,聖地牙哥教士,亞特蘭大勇士,聖地牙哥教士 @ 亞特蘭大勇士,51467044.1,360,[總分]大小 7.5,252908336.1,小 7.5,H,7.5,2.20,5,6,H,7.5,
2026-07-22,2026-07-22T00:06:16,台灣運彩,824896,3478858.1,112,2026-07-22T07:15:00+08:00,聖地牙哥教士,亞特蘭大勇士,聖地牙哥教士 @ 亞特蘭大勇士,51467045.1,360,[總分]大小 9.5,252908339.1,大 9.5,A,9.5,1.90,10,9,A,9.5,
2026-07-22,2026-07-22T00:06:16,台灣運彩,824896,3478858.1,112,2026-07-22T07:15:00+08:00,聖地牙哥教士,亞特蘭大勇士,聖地牙哥教士 @ 亞特蘭大勇士,51467045.1,360,[總分]大小 9.5,252908338.1,小 9.5,H,9.5,1.60,5,3,H,9.5,
2026-07-22,2026-07-22T00:06:16,台灣運彩,824896,3478858.1,112,2026-07-22T07:15:00+08:00,聖地牙哥教士,亞特蘭大勇士,聖地牙哥教士 @ 亞特蘭大勇士,51467050.1,362,亞特蘭大勇士 大小 4.5,252908353.1,大 4.5,A,4.5,1.70,10,7,A,4.5,
2026-07-22,2026-07-22T00:06:16,台灣運彩,824896,3478858.1,112,2026-07-22T07:15:00+08:00,聖地牙哥教士,亞特蘭大勇士,聖地牙哥教士 @ 亞特蘭大勇士,51467050.1,362,亞特蘭大勇士 大小 4.5,252908352.1,小 4.5,H,4.5,1.73,100,73,H,4.5,
2026-07-22,2026-07-22T00:06:16,台灣運彩,824896,3478858.1,112,2026-07-22T07:15:00+08:00,聖地牙哥教士,亞特蘭大勇士,聖地牙哥教士 @ 亞特蘭大勇士,51467049.1,363,聖地牙哥教士 大小 3.5,252908351.1,大 3.5,A,3.5,1.56,25,14,A,3.5,
2026-07-22,2026-07-22T00:06:16,台灣運彩,824896,3478858.1,112,2026-07-22T07:15:00+08:00,聖地牙哥教士,亞特蘭大勇士,聖地牙哥教士 @ 亞特蘭大勇士,51467049.1,363,聖地牙哥教士 大小 3.5,252908350.1,小 3.5,H,3.5,1.88,25,22,H,3.5,
2026-07-22,2026-07-22T00:06:16,台灣運彩,824896,3478858.1,112,2026-07-22T07:15:00+08:00,聖地牙哥教士,亞特蘭大勇士,聖地牙哥教士 @ 亞特蘭大勇士,51467040.1,366,[總分]單雙,252908329.1,單,,,1.48,25,12,,,
2026-07-22,2026-07-22T00:06:16,台灣運彩,824896,3478858.1,112,2026-07-22T07:15:00+08:00,聖地牙哥教士,亞特蘭大勇士,聖地牙哥教士 @ 亞特蘭大勇士,51467040.1,366,[總分]單雙,252908328.1,雙,,,2.00,1,1,,,
2026-07-22,2026-07-22T00:06:16,台灣運彩,824896,3478858.1,112,2026-07-22T07:15:00+08:00,聖地牙哥教士,亞特蘭大勇士,聖地牙哥教士 @ 亞特蘭大勇士,51467406.1,374,得分最高單局(不含延長賽),252909279.1,一樣多,,,2.25,4,5,,,
2026-07-22,2026-07-22T00:06:16,台灣運彩,824896,3478858.1,112,2026-07-22T07:15:00+08:00,聖地牙哥教士,亞特蘭大勇士,聖地牙哥教士 @ 亞特蘭大勇士,51467406.1,374,得分最高單局(不含延長賽),252909270.1,第1局,,,5.05,20,81,,,
2026-07-22,2026-07-22T00:06:16,台灣運彩,824896,3478858.1,112,2026-07-22T07:15:00+08:00,聖地牙哥教士,亞特蘭大勇士,聖地牙哥教士 @ 亞特蘭大勇士,51467406.1,374,得分最高單局(不含延長賽),252909271.1,第2局,,,6.00,1,5,,,
2026-07-22,2026-07-22T00:06:16,台灣運彩,824896,3478858.1,112,2026-07-22T07:15:00+08:00,聖地牙哥教士,亞特蘭大勇士,聖地牙哥教士 @ 亞特蘭大勇士,51467406.1,374,得分最高單局(不含延長賽),252909272.1,第3局,,,5.25,4,17,,,
2026-07-22,2026-07-22T00:06:16,台灣運彩,824896,3478858.1,112,2026-07-22T07:15:00+08:00,聖地牙哥教士,亞特蘭大勇士,聖地牙哥教士 @ 亞特蘭大勇士,51467406.1,374,得分最高單局(不含延長賽),252909273.1,第4局,,,5.85,20,97,,,
2026-07-22,2026-07-22T00:06:16,台灣運彩,824896,3478858.1,112,2026-07-22T07:15:00+08:00,聖地牙哥教士,亞特蘭大勇士,聖地牙哥教士 @ 亞特蘭大勇士,51467406.1,374,得分最高單局(不含延長賽),252909274.1,第5局,,,5.55,20,91,,,
2026-07-22,2026-07-22T00:06:16,台灣運彩,824896,3478858.1,112,2026-07-22T07:15:00+08:00,聖地牙哥教士,亞特蘭大勇士,聖地牙哥教士 @ 亞特蘭大勇士,51467406.1,374,得分最高單局(不含延長賽),252909275.1,第6局,,,6.50,2,11,,,
2026-07-22,2026-07-22T00:06:16,台灣運彩,824896,3478858.1,112,2026-07-22T07:15:00+08:00,聖地牙哥教士,亞特蘭大勇士,聖地牙哥教士 @ 亞特蘭大勇士,51467406.1,374,得分最高單局(不含延長賽),252909276.1,第7局,,,6.75,4,23,,,
2026-07-22,2026-07-22T00:06:16,台灣運彩,824896,3478858.1,112,2026-07-22T07:15:00+08:00,聖地牙哥教士,亞特蘭大勇士,聖地牙哥教士 @ 亞特蘭大勇士,51467406.1,374,得分最高單局(不含延長賽),252909277.1,第8局,,,6.50,2,11,,,
2026-07-22,2026-07-22T00:06:16,台灣運彩,824896,3478858.1,112,2026-07-22T07:15:00+08:00,聖地牙哥教士,亞特蘭大勇士,聖地牙哥教士 @ 亞特蘭大勇士,51467406.1,374,得分最高單局(不含延長賽),252909278.1,第9局,,,8.00,1,7,,,
2026-07-22,2026-07-22T00:06:16,台灣運彩,824896,3478858.1,112,2026-07-22T07:15:00+08:00,聖地牙哥教士,亞特蘭大勇士,聖地牙哥教士 @ 亞特蘭大勇士,51467405.1,376,[1-5局] 不讓分,252909267.1,亞特蘭大勇士,H,,1.65,20,13,H,,1
2026-07-22,2026-07-22T00:06:16,台灣運彩,824896,3478858.1,112,2026-07-22T07:15:00+08:00,聖地牙哥教士,亞特蘭大勇士,聖地牙哥教士 @ 亞特蘭大勇士,51467405.1,376,[1-5局] 不讓分,252909269.1,聖地牙哥教士,A,,2.05,20,21,A,,2
2026-07-22,2026-07-22T00:06:16,台灣運彩,824896,3478858.1,112,2026-07-22T07:15:00+08:00,聖地牙哥教士,亞特蘭大勇士,聖地牙哥教士 @ 亞特蘭大勇士,51467405.1,376,[1-5局] 不讓分,252909268.1,和局,D,,5.05,20,81,D,,
2026-07-22,2026-07-22T00:06:16,台灣運彩,824896,3478858.1,112,2026-07-22T07:15:00+08:00,聖地牙哥教士,亞特蘭大勇士,聖地牙哥教士 @ 亞特蘭大勇士,51467423.1,378,[1-5局] 大小 5.5,252909316.1,大 5.5,A,5.5,1.78,50,39,A,5.5,
2026-07-22,2026-07-22T00:06:16,台灣運彩,824896,3478858.1,112,2026-07-22T07:15:00+08:00,聖地牙哥教士,亞特蘭大勇士,聖地牙哥教士 @ 亞特蘭大勇士,51467423.1,378,[1-5局] 大小 5.5,252909315.1,小 5.5,H,5.5,1.56,25,14,H,5.5,
2026-07-22,2026-07-22T00:06:16,台灣運彩,824896,3478858.1,112,2026-07-22T07:15:00+08:00,聖地牙哥教士,亞特蘭大勇士,聖地牙哥教士 @ 亞特蘭大勇士,51467404.1,379,[1-5局] 亞特蘭大勇士 大小 2.5,252909266.1,大 2.5,A,2.5,1.70,10,7,A,2.5,
2026-07-22,2026-07-22T00:06:16,台灣運彩,824896,3478858.1,112,2026-07-22T07:15:00+08:00,聖地牙哥教士,亞特蘭大勇士,聖地牙哥教士 @ 亞特蘭大勇士,51467404.1,379,[1-5局] 亞特蘭大勇士 大小 2.5,252909265.1,小 2.5,H,2.5,1.73,100,73,H,2.5,
2026-07-22,2026-07-22T00:06:16,台灣運彩,824896,3478858.1,112,2026-07-22T07:15:00+08:00,聖地牙哥教士,亞特蘭大勇士,聖地牙哥教士 @ 亞特蘭大勇士,51467403.1,380,[1-5局] 聖地牙哥教士 大小 1.5,252909264.1,大 1.5,A,1.5,1.48,25,12,A,1.5,
2026-07-22,2026-07-22T00:06:16,台灣運彩,824896,3478858.1,112,2026-07-22T07:15:00+08:00,聖地牙哥教士,亞特蘭大勇士,聖地牙哥教士 @ 亞特蘭大勇士,51467403.1,380,[1-5局] 聖地牙哥教士 大小 1.5,252909263.1,小 1.5,H,1.5,2.00,1,1,H,1.5,
2026-07-22,2026-07-22T00:06:16,台灣運彩,824896,3478858.1,112,2026-07-22T07:15:00+08:00,聖地牙哥教士,亞特蘭大勇士,聖地牙哥教士 @ 亞特蘭大勇士,51467407.1,389,[第1局] 不讓分,252909280.1,亞特蘭大勇士,H,,2.60,5,8,H,,1
2026-07-22,2026-07-22T00:06:16,台灣運彩,824896,3478858.1,112,2026-07-22T07:15:00+08:00,聖地牙哥教士,亞特蘭大勇士,聖地牙哥教士 @ 亞特蘭大勇士,51467407.1,389,[第1局] 不讓分,252909282.1,聖地牙哥教士,A,,3.30,10,23,A,,2
2026-07-22,2026-07-22T00:06:16,台灣運彩,824896,3478858.1,112,2026-07-22T07:15:00+08:00,聖地牙哥教士,亞特蘭大勇士,聖地牙哥教士 @ 亞特蘭大勇士,51467407.1,389,[第1局] 不讓分,252909281.1,和局,D,,1.65,20,13,D,,
2026-07-22,2026-07-22T00:06:16,台灣運彩,824896,3478858.1,112,2026-07-22T07:15:00+08:00,聖地牙哥教士,亞特蘭大勇士,聖地牙哥教士 @ 亞特蘭大勇士,51467402.1,398,[第1局] 大小 0.5,252909262.1,大 0.5,A,0.5,1.58,50,29,A,0.5,
2026-07-22,2026-07-22T00:06:16,台灣運彩,824896,3478858.1,112,2026-07-22T07:15:00+08:00,聖地牙哥教士,亞特蘭大勇士,聖地牙哥教士 @ 亞特蘭大勇士,51467402.1,398,[第1局] 大小 0.5,252909261.1,小 0.5,H,0.5,1.75,4,3,H,0.5,
2026-07-22,2026-07-22T00:06:16,台灣運彩,823761,3478859.1,113,2026-07-22T07:40:00+08:00,紐約大都會,密爾瓦基釀酒人,紐約大都會 @ 密爾瓦基釀酒人,51467059.1,354,不讓分,252908373.1,密爾瓦基釀酒人,H,,1.55,20,11,H,,1
2026-07-22,2026-07-22T00:06:16,台灣運彩,823761,3478859.1,113,2026-07-22T07:40:00+08:00,紐約大都會,密爾瓦基釀酒人,紐約大都會 @ 密爾瓦基釀酒人,51467059.1,354,不讓分,252908374.1,紐約大都會,A,,1.95,20,19,A,,2
2026-07-22,2026-07-22T00:06:16,台灣運彩,823761,3478859.1,113,2026-07-22T07:40:00+08:00,紐約大都會,密爾瓦基釀酒人,紐約大都會 @ 密爾瓦基釀酒人,51467068.1,357,勝分差,252908391.1,密爾瓦基釀酒人 1 分,H,,4.05,20,61,H,,
2026-07-22,2026-07-22T00:06:16,台灣運彩,823761,3478859.1,113,2026-07-22T07:40:00+08:00,紐約大都會,密爾瓦基釀酒人,紐約大都會 @ 密爾瓦基釀酒人,51467068.1,357,勝分差,252908392.1,密爾瓦基釀酒人 2 分,H,,7.00,1,6,H,,
2026-07-22,2026-07-22T00:06:16,台灣運彩,823761,3478859.1,113,2026-07-22T07:40:00+08:00,紐約大都會,密爾瓦基釀酒人,紐約大都會 @ 密爾瓦基釀酒人,51467068.1,357,勝分差,252908393.1,密爾瓦基釀酒人 > 2分,H,,2.45,20,29,H,,
2026-07-22,2026-07-22T00:06:16,台灣運彩,823761,3478859.1,113,2026-07-22T07:40:00+08:00,紐約大都會,密爾瓦基釀酒人,紐約大都會 @ 密爾瓦基釀酒人,51467068.1,357,勝分差,252908394.1,紐約大都會 1 分,A,,5.80,5,24,A,,
2026-07-22,2026-07-22T00:06:16,台灣運彩,823761,3478859.1,113,2026-07-22T07:40:00+08:00,紐約大都會,密爾瓦基釀酒人,紐約大都會 @ 密爾瓦基釀酒人,51467068.1,357,勝分差,252908395.1,紐約大都會 2 分,A,,7.75,4,27,A,,
2026-07-22,2026-07-22T00:06:16,台灣運彩,823761,3478859.1,113,2026-07-22T07:40:00+08:00,紐約大都會,密爾瓦基釀酒人,紐約大都會 @ 密爾瓦基釀酒人,51467068.1,357,勝分差,252908396.1,紐約大都會 > 2分,A,,2.85,20,37,A,,
2026-07-22,2026-07-22T00:06:16,台灣運彩,823761,3478859.1,113,2026-07-22T07:40:00+08:00,紐約大都會,密爾瓦基釀酒人,紐約大都會 @ 密爾瓦基釀酒人,51467063.1,358,讓分 -2.5,252908381.1,密爾瓦基釀酒人 -2.5,H,-2.5,2.50,2,3,H,-2.5,1
2026-07-22,2026-07-22T00:06:16,台灣運彩,823761,3478859.1,113,2026-07-22T07:40:00+08:00,紐約大都會,密爾瓦基釀酒人,紐約大都會 @ 密爾瓦基釀酒人,51467063.1,358,讓分 -2.5,252908382.1,紐約大都會 +2.5,A,-2.5,1.32,25,8,A,-2.5,2
2026-07-22,2026-07-22T00:06:16,台灣運彩,823761,3478859.1,113,2026-07-22T07:40:00+08:00,紐約大都會,密爾瓦基釀酒人,紐約大都會 @ 密爾瓦基釀酒人,51467066.1,358,讓分 -1.5,252908387.1,密爾瓦基釀酒人 -1.5,H,-1.5,2.05,20,21,H,-1.5,1
2026-07-22,2026-07-22T00:06:16,台灣運彩,823761,3478859.1,113,2026-07-22T07:40:00+08:00,紐約大都會,密爾瓦基釀酒人,紐約大都會 @ 密爾瓦基釀酒人,51467066.1,358,讓分 -1.5,252908388.1,紐約大都會 +1.5,A,-1.5,1.48,25,12,A,-1.5,2
2026-07-22,2026-07-22T00:06:16,台灣運彩,823761,3478859.1,113,2026-07-22T07:40:00+08:00,紐約大都會,密爾瓦基釀酒人,紐約大都會 @ 密爾瓦基釀酒人,51467061.1,360,[總分]大小 9.5,252908378.1,大 9.5,A,9.5,1.97,100,97,A,9.5,
2026-07-22,2026-07-22T00:06:16,台灣運彩,823761,3478859.1,113,2026-07-22T07:40:00+08:00,紐約大都會,密爾瓦基釀酒人,紐約大都會 @ 密爾瓦基釀酒人,51467061.1,360,[總分]大小 9.5,252908377.1,小 9.5,H,9.5,1.53,100,53,H,9.5,
2026-07-22,2026-07-22T00:06:16,台灣運彩,823761,3478859.1,113,2026-07-22T07:40:00+08:00,紐約大都會,密爾瓦基釀酒人,紐約大都會 @ 密爾瓦基釀酒人,51467064.1,360,[總分]大小 7.5,252908384.1,大 7.5,A,7.5,1.45,20,9,A,7.5,
2026-07-22,2026-07-22T00:06:16,台灣運彩,823761,3478859.1,113,2026-07-22T07:40:00+08:00,紐約大都會,密爾瓦基釀酒人,紐約大都會 @ 密爾瓦基釀酒人,51467064.1,360,[總分]大小 7.5,252908383.1,小 7.5,H,7.5,2.10,10,11,H,7.5,
2026-07-22,2026-07-22T00:06:16,台灣運彩,823761,3478859.1,113,2026-07-22T07:40:00+08:00,紐約大都會,密爾瓦基釀酒人,紐約大都會 @ 密爾瓦基釀酒人,51467065.1,360,[總分]大小 8.5,252908386.1,大 8.5,A,8.5,1.66,50,33,A,8.5,
2026-07-22,2026-07-22T00:06:16,台灣運彩,823761,3478859.1,113,2026-07-22T07:40:00+08:00,紐約大都會,密爾瓦基釀酒人,紐約大都會 @ 密爾瓦基釀酒人,51467065.1,360,[總分]大小 8.5,252908385.1,小 8.5,H,8.5,1.84,25,21,H,8.5,
2026-07-22,2026-07-22T00:06:16,台灣運彩,823761,3478859.1,113,2026-07-22T07:40:00+08:00,紐約大都會,密爾瓦基釀酒人,紐約大都會 @ 密爾瓦基釀酒人,51467060.1,362,密爾瓦基釀酒人 大小 4.5,252908376.1,大 4.5,A,4.5,1.76,25,19,A,4.5,
2026-07-22,2026-07-22T00:06:16,台灣運彩,823761,3478859.1,113,2026-07-22T07:40:00+08:00,紐約大都會,密爾瓦基釀酒人,紐約大都會 @ 密爾瓦基釀酒人,51467060.1,362,密爾瓦基釀酒人 大小 4.5,252908375.1,小 4.5,H,4.5,1.66,50,33,H,4.5,
2026-07-22,2026-07-22T00:06:16,台灣運彩,823761,3478859.1,113,2026-07-22T07:40:00+08:00,紐約大都會,密爾瓦基釀酒人,紐約大都會 @ 密爾瓦基釀酒人,51467067.1,363,紐約大都會 大小 3.5,252908390.1,大 3.5,A,3.5,1.56,25,14,A,3.5,
2026-07-22,2026-07-22T00:06:16,台灣運彩,823761,3478859.1,113,2026-07-22T07:40:00+08:00,紐約大都會,密爾瓦基釀酒人,紐約大都會 @ 密爾瓦基釀酒人,51467067.1,363,紐約大都會 大小 3.5,252908389.1,小 3.5,H,3.5,1.88,25,22,H,3.5,
2026-07-22,2026-07-22T00:06:16,台灣運彩,823761,3478859.1,113,2026-07-22T07:40:00+08:00,紐約大都會,密爾瓦基釀酒人,紐約大都會 @ 密爾瓦基釀酒人,51467058.1,366,[總分]單雙,252908372.1,單,,,1.48,25,12,,,
2026-07-22,2026-07-22T00:06:16,台灣運彩,823761,3478859.1,113,2026-07-22T07:40:00+08:00,紐約大都會,密爾瓦基釀酒人,紐約大都會 @ 密爾瓦基釀酒人,51467058.1,366,[總分]單雙,252908371.1,雙,,,2.00,1,1,,,
2026-07-22,2026-07-22T00:06:16,台灣運彩,823761,3478859.1,113,2026-07-22T07:40:00+08:00,紐約大都會,密爾瓦基釀酒人,紐約大都會 @ 密爾瓦基釀酒人,51467093.1,374,得分最高單局(不含延長賽),252908470.1,一樣多,,,2.25,4,5,,,
2026-07-22,2026-07-22T00:06:16,台灣運彩,823761,3478859.1,113,2026-07-22T07:40:00+08:00,紐約大都會,密爾瓦基釀酒人,紐約大都會 @ 密爾瓦基釀酒人,51467093.1,374,得分最高單局(不含延長賽),252908461.1,第1局,,,5.45,20,89,,,
2026-07-22,2026-07-22T00:06:16,台灣運彩,823761,3478859.1,113,2026-07-22T07:40:00+08:00,紐約大都會,密爾瓦基釀酒人,紐約大都會 @ 密爾瓦基釀酒人,51467093.1,374,得分最高單局(不含延長賽),252908462.1,第2局,,,6.25,4,21,,,
2026-07-22,2026-07-22T00:06:16,台灣運彩,823761,3478859.1,113,2026-07-22T07:40:00+08:00,紐約大都會,密爾瓦基釀酒人,紐約大都會 @ 密爾瓦基釀酒人,51467093.1,374,得分最高單局(不含延長賽),252908463.1,第3局,,,5.45,20,89,,,
2026-07-22,2026-07-22T00:06:16,台灣運彩,823761,3478859.1,113,2026-07-22T07:40:00+08:00,紐約大都會,密爾瓦基釀酒人,紐約大都會 @ 密爾瓦基釀酒人,51467093.1,374,得分最高單局(不含延長賽),252908464.1,第4局,,,5.95,20,99,,,
2026-07-22,2026-07-22T00:06:16,台灣運彩,823761,3478859.1,113,2026-07-22T07:40:00+08:00,紐約大都會,密爾瓦基釀酒人,紐約大都會 @ 密爾瓦基釀酒人,51467093.1,374,得分最高單局(不含延長賽),252908465.1,第5局,,,5.65,20,93,,,
2026-07-22,2026-07-22T00:06:16,台灣運彩,823761,3478859.1,113,2026-07-22T07:40:00+08:00,紐約大都會,密爾瓦基釀酒人,紐約大都會 @ 密爾瓦基釀酒人,51467093.1,374,得分最高單局(不含延長賽),252908466.1,第6局,,,6.25,4,21,,,
2026-07-22,2026-07-22T00:06:16,台灣運彩,823761,3478859.1,113,2026-07-22T07:40:00+08:00,紐約大都會,密爾瓦基釀酒人,紐約大都會 @ 密爾瓦基釀酒人,51467093.1,374,得分最高單局(不含延長賽),252908467.1,第7局,,,6.25,4,21,,,
2026-07-22,2026-07-22T00:06:16,台灣運彩,823761,3478859.1,113,2026-07-22T07:40:00+08:00,紐約大都會,密爾瓦基釀酒人,紐約大都會 @ 密爾瓦基釀酒人,51467093.1,374,得分最高單局(不含延長賽),252908468.1,第8局,,,6.25,4,21,,,
2026-07-22,2026-07-22T00:06:16,台灣運彩,823761,3478859.1,113,2026-07-22T07:40:00+08:00,紐約大都會,密爾瓦基釀酒人,紐約大都會 @ 密爾瓦基釀酒人,51467093.1,374,得分最高單局(不含延長賽),252908469.1,第9局,,,8.00,1,7,,,
2026-07-22,2026-07-22T00:06:16,台灣運彩,823761,3478859.1,113,2026-07-22T07:40:00+08:00,紐約大都會,密爾瓦基釀酒人,紐約大都會 @ 密爾瓦基釀酒人,51467090.1,376,[1-5局] 不讓分,252908454.1,密爾瓦基釀酒人,H,,1.65,20,13,H,,1
2026-07-22,2026-07-22T00:06:16,台灣運彩,823761,3478859.1,113,2026-07-22T07:40:00+08:00,紐約大都會,密爾瓦基釀酒人,紐約大都會 @ 密爾瓦基釀酒人,51467090.1,376,[1-5局] 不讓分,252908456.1,紐約大都會,A,,2.00,1,1,A,,2
2026-07-22,2026-07-22T00:06:16,台灣運彩,823761,3478859.1,113,2026-07-22T07:40:00+08:00,紐約大都會,密爾瓦基釀酒人,紐約大都會 @ 密爾瓦基釀酒人,51467090.1,376,[1-5局] 不讓分,252908455.1,和局,D,,4.90,10,39,D,,
2026-07-22,2026-07-22T00:06:16,台灣運彩,823761,3478859.1,113,2026-07-22T07:40:00+08:00,紐約大都會,密爾瓦基釀酒人,紐約大都會 @ 密爾瓦基釀酒人,51467087.1,378,[1-5局] 大小 4.5,252908448.1,大 4.5,A,4.5,1.56,25,14,A,4.5,
2026-07-22,2026-07-22T00:06:16,台灣運彩,823761,3478859.1,113,2026-07-22T07:40:00+08:00,紐約大都會,密爾瓦基釀酒人,紐約大都會 @ 密爾瓦基釀酒人,51467087.1,378,[1-5局] 大小 4.5,252908447.1,小 4.5,H,4.5,1.78,50,39,H,4.5,
2026-07-22,2026-07-22T00:06:16,台灣運彩,823761,3478859.1,113,2026-07-22T07:40:00+08:00,紐約大都會,密爾瓦基釀酒人,紐約大都會 @ 密爾瓦基釀酒人,51467091.1,379,[1-5局] 密爾瓦基釀酒人 大小 2.5,252908458.1,大 2.5,A,2.5,1.80,5,4,A,2.5,
2026-07-22,2026-07-22T00:06:16,台灣運彩,823761,3478859.1,113,2026-07-22T07:40:00+08:00,紐約大都會,密爾瓦基釀酒人,紐約大都會 @ 密爾瓦基釀酒人,51467091.1,379,[1-5局] 密爾瓦基釀酒人 大小 2.5,252908457.1,小 2.5,H,2.5,1.63,100,63,H,2.5,
2026-07-22,2026-07-22T00:06:16,台灣運彩,823761,3478859.1,113,2026-07-22T07:40:00+08:00,紐約大都會,密爾瓦基釀酒人,紐約大都會 @ 密爾瓦基釀酒人,51467092.1,380,[1-5局] 紐約大都會 大小 1.5,252908460.1,大 1.5,A,1.5,1.50,2,1,A,1.5,
2026-07-22,2026-07-22T00:06:16,台灣運彩,823761,3478859.1,113,2026-07-22T07:40:00+08:00,紐約大都會,密爾瓦基釀酒人,紐約大都會 @ 密爾瓦基釀酒人,51467092.1,380,[1-5局] 紐約大都會 大小 1.5,252908459.1,小 1.5,H,1.5,1.96,25,24,H,1.5,
2026-07-22,2026-07-22T00:06:16,台灣運彩,823761,3478859.1,113,2026-07-22T07:40:00+08:00,紐約大都會,密爾瓦基釀酒人,紐約大都會 @ 密爾瓦基釀酒人,51467088.1,389,[第1局] 不讓分,252908449.1,密爾瓦基釀酒人,H,,2.75,4,7,H,,1
2026-07-22,2026-07-22T00:06:16,台灣運彩,823761,3478859.1,113,2026-07-22T07:40:00+08:00,紐約大都會,密爾瓦基釀酒人,紐約大都會 @ 密爾瓦基釀酒人,51467088.1,389,[第1局] 不讓分,252908451.1,紐約大都會,A,,3.35,20,47,A,,2
2026-07-22,2026-07-22T00:06:16,台灣運彩,823761,3478859.1,113,2026-07-22T07:40:00+08:00,紐約大都會,密爾瓦基釀酒人,紐約大都會 @ 密爾瓦基釀酒人,51467088.1,389,[第1局] 不讓分,252908450.1,和局,D,,1.60,5,3,D,,
2026-07-22,2026-07-22T00:06:16,台灣運彩,823761,3478859.1,113,2026-07-22T07:40:00+08:00,紐約大都會,密爾瓦基釀酒人,紐約大都會 @ 密爾瓦基釀酒人,51467089.1,398,[第1局] 大小 0.5,252908453.1,大 0.5,A,0.5,1.63,100,63,A,0.5,
2026-07-22,2026-07-22T00:06:16,台灣運彩,823761,3478859.1,113,2026-07-22T07:40:00+08:00,紐約大都會,密爾瓦基釀酒人,紐約大都會 @ 密爾瓦基釀酒人,51467089.1,398,[第1局] 大小 0.5,252908452.1,小 0.5,H,0.5,1.70,10,7,H,0.5,
2026-07-22,2026-07-22T00:06:16,台灣運彩,824083,3478860.1,115,2026-07-22T07:40:00+08:00,舊金山巨人,堪薩斯市皇家,舊金山巨人 @ 堪薩斯市皇家,51467073.1,354,不讓分,252908405.1,堪薩斯皇家,H,,1.82,50,41,H,,1
2026-07-22,2026-07-22T00:06:16,台灣運彩,824083,3478860.1,115,2026-07-22T07:40:00+08:00,舊金山巨人,堪薩斯市皇家,舊金山巨人 @ 堪薩斯市皇家,51467073.1,354,不讓分,252908406.1,舊金山巨人,A,,1.68,25,17,A,,2
2026-07-22,2026-07-22T00:06:16,台灣運彩,824083,3478860.1,115,2026-07-22T07:40:00+08:00,舊金山巨人,堪薩斯市皇家,舊金山巨人 @ 堪薩斯市皇家,51467084.1,357,勝分差,252908429.1,堪薩斯皇家 1 分,H,,4.25,4,13,H,,
2026-07-22,2026-07-22T00:06:16,台灣運彩,824083,3478860.1,115,2026-07-22T07:40:00+08:00,舊金山巨人,堪薩斯市皇家,舊金山巨人 @ 堪薩斯市皇家,51467084.1,357,勝分差,252908430.1,堪薩斯皇家 2 分,H,,7.50,2,13,H,,
2026-07-22,2026-07-22T00:06:16,台灣運彩,824083,3478860.1,115,2026-07-22T07:40:00+08:00,舊金山巨人,堪薩斯市皇家,舊金山巨人 @ 堪薩斯市皇家,51467084.1,357,勝分差,252908431.1,堪薩斯皇家 > 2分,H,,2.80,5,9,H,,
2026-07-22,2026-07-22T00:06:16,台灣運彩,824083,3478860.1,115,2026-07-22T07:40:00+08:00,舊金山巨人,堪薩斯市皇家,舊金山巨人 @ 堪薩斯市皇家,51467084.1,357,勝分差,252908432.1,舊金山巨人 1 分,A,,5.80,5,24,A,,
2026-07-22,2026-07-22T00:06:16,台灣運彩,824083,3478860.1,115,2026-07-22T07:40:00+08:00,舊金山巨人,堪薩斯市皇家,舊金山巨人 @ 堪薩斯市皇家,51467084.1,357,勝分差,252908433.1,舊金山巨人 2 分,A,,7.25,4,25,A,,
2026-07-22,2026-07-22T00:06:16,台灣運彩,824083,3478860.1,115,2026-07-22T07:40:00+08:00,舊金山巨人,堪薩斯市皇家,舊金山巨人 @ 堪薩斯市皇家,51467084.1,357,勝分差,252908434.1,舊金山巨人 > 2分,A,,2.40,5,7,A,,
2026-07-22,2026-07-22T00:06:16,台灣運彩,824083,3478860.1,115,2026-07-22T07:40:00+08:00,舊金山巨人,堪薩斯市皇家,舊金山巨人 @ 堪薩斯市皇家,51467082.1,358,讓分 1.5,252908425.1,堪薩斯皇家 +1.5,H,1.5,1.48,25,12,H,1.5,1
2026-07-22,2026-07-22T00:06:16,台灣運彩,824083,3478860.1,115,2026-07-22T07:40:00+08:00,舊金山巨人,堪薩斯市皇家,舊金山巨人 @ 堪薩斯市皇家,51467082.1,358,讓分 1.5,252908426.1,舊金山巨人 -1.5,A,1.5,2.05,20,21,A,1.5,2
2026-07-22,2026-07-22T00:06:16,台灣運彩,824083,3478860.1,115,2026-07-22T07:40:00+08:00,舊金山巨人,堪薩斯市皇家,舊金山巨人 @ 堪薩斯市皇家,51467555.1,358,讓分 2.5,252909687.1,堪薩斯皇家 +2.5,H,2.5,1.32,25,8,H,2.5,1
2026-07-22,2026-07-22T00:06:16,台灣運彩,824083,3478860.1,115,2026-07-22T07:40:00+08:00,舊金山巨人,堪薩斯市皇家,舊金山巨人 @ 堪薩斯市皇家,51467555.1,358,讓分 2.5,252909688.1,舊金山巨人 -2.5,A,2.5,2.50,2,3,A,2.5,2
2026-07-22,2026-07-22T00:06:16,台灣運彩,824083,3478860.1,115,2026-07-22T07:40:00+08:00,舊金山巨人,堪薩斯市皇家,舊金山巨人 @ 堪薩斯市皇家,51467072.1,360,[總分]大小 10.5,252908404.1,大 10.5,A,10.5,2.07,100,107,A,10.5,
2026-07-22,2026-07-22T00:06:16,台灣運彩,824083,3478860.1,115,2026-07-22T07:40:00+08:00,舊金山巨人,堪薩斯市皇家,舊金山巨人 @ 堪薩斯市皇家,51467072.1,360,[總分]大小 10.5,252908403.1,小 10.5,H,10.5,1.46,50,23,H,10.5,
2026-07-22,2026-07-22T00:06:16,台灣運彩,824083,3478860.1,115,2026-07-22T07:40:00+08:00,舊金山巨人,堪薩斯市皇家,舊金山巨人 @ 堪薩斯市皇家,51467075.1,360,[總分]大小 8.5,252908410.1,大 8.5,A,8.5,1.53,100,53,A,8.5,
2026-07-22,2026-07-22T00:06:16,台灣運彩,824083,3478860.1,115,2026-07-22T07:40:00+08:00,舊金山巨人,堪薩斯市皇家,舊金山巨人 @ 堪薩斯市皇家,51467075.1,360,[總分]大小 8.5,252908409.1,小 8.5,H,8.5,1.97,100,97,H,8.5,
2026-07-22,2026-07-22T00:06:16,台灣運彩,824083,3478860.1,115,2026-07-22T07:40:00+08:00,舊金山巨人,堪薩斯市皇家,舊金山巨人 @ 堪薩斯市皇家,51467076.1,360,[總分]大小 9.5,252908412.1,大 9.5,A,9.5,1.84,25,21,A,9.5,
2026-07-22,2026-07-22T00:06:16,台灣運彩,824083,3478860.1,115,2026-07-22T07:40:00+08:00,舊金山巨人,堪薩斯市皇家,舊金山巨人 @ 堪薩斯市皇家,51467076.1,360,[總分]大小 9.5,252908411.1,小 9.5,H,9.5,1.66,50,33,H,9.5,
2026-07-22,2026-07-22T00:06:16,台灣運彩,824083,3478860.1,115,2026-07-22T07:40:00+08:00,舊金山巨人,堪薩斯市皇家,舊金山巨人 @ 堪薩斯市皇家,51467078.1,362,堪薩斯皇家 大小 4.5,252908416.1,大 4.5,A,4.5,1.80,5,4,A,4.5,
2026-07-22,2026-07-22T00:06:16,台灣運彩,824083,3478860.1,115,2026-07-22T07:40:00+08:00,舊金山巨人,堪薩斯市皇家,舊金山巨人 @ 堪薩斯市皇家,51467078.1,362,堪薩斯皇家 大小 4.5,252908415.1,小 4.5,H,4.5,1.63,100,63,H,4.5,
2026-07-22,2026-07-22T00:06:16,台灣運彩,824083,3478860.1,115,2026-07-22T07:40:00+08:00,舊金山巨人,堪薩斯市皇家,舊金山巨人 @ 堪薩斯市皇家,51467071.1,363,舊金山巨人 大小 4.5,252908402.1,大 4.5,A,4.5,1.72,25,18,A,4.5,
2026-07-22,2026-07-22T00:06:16,台灣運彩,824083,3478860.1,115,2026-07-22T07:40:00+08:00,舊金山巨人,堪薩斯市皇家,舊金山巨人 @ 堪薩斯市皇家,51467071.1,363,舊金山巨人 大小 4.5,252908401.1,小 4.5,H,4.5,1.72,25,18,H,4.5,
2026-07-22,2026-07-22T00:06:16,台灣運彩,824083,3478860.1,115,2026-07-22T07:40:00+08:00,舊金山巨人,堪薩斯市皇家,舊金山巨人 @ 堪薩斯市皇家,51467069.1,366,[總分]單雙,252908398.1,單,,,1.48,25,12,,,
2026-07-22,2026-07-22T00:06:16,台灣運彩,824083,3478860.1,115,2026-07-22T07:40:00+08:00,舊金山巨人,堪薩斯市皇家,舊金山巨人 @ 堪薩斯市皇家,51467069.1,366,[總分]單雙,252908397.1,雙,,,2.00,1,1,,,
2026-07-22,2026-07-22T00:06:16,台灣運彩,824083,3478860.1,115,2026-07-22T07:40:00+08:00,舊金山巨人,堪薩斯市皇家,舊金山巨人 @ 堪薩斯市皇家,51467085.1,374,得分最高單局(不含延長賽),252908444.1,一樣多,,,2.25,4,5,,,
2026-07-22,2026-07-22T00:06:16,台灣運彩,824083,3478860.1,115,2026-07-22T07:40:00+08:00,舊金山巨人,堪薩斯市皇家,舊金山巨人 @ 堪薩斯市皇家,51467085.1,374,得分最高單局(不含延長賽),252908435.1,第1局,,,5.45,20,89,,,
2026-07-22,2026-07-22T00:06:16,台灣運彩,824083,3478860.1,115,2026-07-22T07:40:00+08:00,舊金山巨人,堪薩斯市皇家,舊金山巨人 @ 堪薩斯市皇家,51467085.1,374,得分最高單局(不含延長賽),252908436.1,第2局,,,6.50,2,11,,,
2026-07-22,2026-07-22T00:06:16,台灣運彩,824083,3478860.1,115,2026-07-22T07:40:00+08:00,舊金山巨人,堪薩斯市皇家,舊金山巨人 @ 堪薩斯市皇家,51467085.1,374,得分最高單局(不含延長賽),252908437.1,第3局,,,5.60,5,23,,,
2026-07-22,2026-07-22T00:06:16,台灣運彩,824083,3478860.1,115,2026-07-22T07:40:00+08:00,舊金山巨人,堪薩斯市皇家,舊金山巨人 @ 堪薩斯市皇家,51467085.1,374,得分最高單局(不含延長賽),252908438.1,第4局,,,6.25,4,21,,,
2026-07-22,2026-07-22T00:06:16,台灣運彩,824083,3478860.1,115,2026-07-22T07:40:00+08:00,舊金山巨人,堪薩斯市皇家,舊金山巨人 @ 堪薩斯市皇家,51467085.1,374,得分最高單局(不含延長賽),252908439.1,第5局,,,6.00,1,5,,,
2026-07-22,2026-07-22T00:06:16,台灣運彩,824083,3478860.1,115,2026-07-22T07:40:00+08:00,舊金山巨人,堪薩斯市皇家,舊金山巨人 @ 堪薩斯市皇家,51467085.1,374,得分最高單局(不含延長賽),252908440.1,第6局,,,5.95,20,99,,,
2026-07-22,2026-07-22T00:06:16,台灣運彩,824083,3478860.1,115,2026-07-22T07:40:00+08:00,舊金山巨人,堪薩斯市皇家,舊金山巨人 @ 堪薩斯市皇家,51467085.1,374,得分最高單局(不含延長賽),252908441.1,第7局,,,6.00,1,5,,,
2026-07-22,2026-07-22T00:06:16,台灣運彩,824083,3478860.1,115,2026-07-22T07:40:00+08:00,舊金山巨人,堪薩斯市皇家,舊金山巨人 @ 堪薩斯市皇家,51467085.1,374,得分最高單局(不含延長賽),252908442.1,第8局,,,5.90,10,49,,,
2026-07-22,2026-07-22T00:06:16,台灣運彩,824083,3478860.1,115,2026-07-22T07:40:00+08:00,舊金山巨人,堪薩斯市皇家,舊金山巨人 @ 堪薩斯市皇家,51467085.1,374,得分最高單局(不含延長賽),252908443.1,第9局,,,8.00,1,7,,,
2026-07-22,2026-07-22T00:06:16,台灣運彩,824083,3478860.1,115,2026-07-22T07:40:00+08:00,舊金山巨人,堪薩斯市皇家,舊金山巨人 @ 堪薩斯市皇家,51467079.1,376,[1-5局] 不讓分,252908417.1,堪薩斯皇家,H,,1.85,20,17,H,,1
2026-07-22,2026-07-22T00:06:16,台灣運彩,824083,3478860.1,115,2026-07-22T07:40:00+08:00,舊金山巨人,堪薩斯市皇家,舊金山巨人 @ 堪薩斯市皇家,51467079.1,376,[1-5局] 不讓分,252908419.1,舊金山巨人,A,,1.80,5,4,A,,2
2026-07-22,2026-07-22T00:06:16,台灣運彩,824083,3478860.1,115,2026-07-22T07:40:00+08:00,舊金山巨人,堪薩斯市皇家,舊金山巨人 @ 堪薩斯市皇家,51467079.1,376,[1-5局] 不讓分,252908418.1,和局,D,,4.95,20,79,D,,
2026-07-22,2026-07-22T00:06:16,台灣運彩,824083,3478860.1,115,2026-07-22T07:40:00+08:00,舊金山巨人,堪薩斯市皇家,舊金山巨人 @ 堪薩斯市皇家,51467702.1,378,[1-5局] 大小 4.5,252910088.1,大 4.5,A,4.5,1.53,100,53,A,4.5,
2026-07-22,2026-07-22T00:06:16,台灣運彩,824083,3478860.1,115,2026-07-22T07:40:00+08:00,舊金山巨人,堪薩斯市皇家,舊金山巨人 @ 堪薩斯市皇家,51467702.1,378,[1-5局] 大小 4.5,252910087.1,小 4.5,H,4.5,1.82,50,41,H,4.5,
2026-07-22,2026-07-22T00:06:16,台灣運彩,824083,3478860.1,115,2026-07-22T07:40:00+08:00,舊金山巨人,堪薩斯市皇家,舊金山巨人 @ 堪薩斯市皇家,51467083.1,379,[1-5局] 堪薩斯皇家 大小 2.5,252908428.1,大 2.5,A,2.5,1.88,25,22,A,2.5,
2026-07-22,2026-07-22T00:06:16,台灣運彩,824083,3478860.1,115,2026-07-22T07:40:00+08:00,舊金山巨人,堪薩斯市皇家,舊金山巨人 @ 堪薩斯市皇家,51467083.1,379,[1-5局] 堪薩斯皇家 大小 2.5,252908427.1,小 2.5,H,2.5,1.56,25,14,H,2.5,
2026-07-22,2026-07-22T00:06:16,台灣運彩,824083,3478860.1,115,2026-07-22T07:40:00+08:00,舊金山巨人,堪薩斯市皇家,舊金山巨人 @ 堪薩斯市皇家,51467074.1,380,[1-5局] 舊金山巨人 大小 2.5,252908408.1,大 2.5,A,2.5,1.86,50,43,A,2.5,
2026-07-22,2026-07-22T00:06:16,台灣運彩,824083,3478860.1,115,2026-07-22T07:40:00+08:00,舊金山巨人,堪薩斯市皇家,舊金山巨人 @ 堪薩斯市皇家,51467074.1,380,[1-5局] 舊金山巨人 大小 2.5,252908407.1,小 2.5,H,2.5,1.58,50,29,H,2.5,
2026-07-22,2026-07-22T00:06:16,台灣運彩,824083,3478860.1,115,2026-07-22T07:40:00+08:00,舊金山巨人,堪薩斯市皇家,舊金山巨人 @ 堪薩斯市皇家,51467081.1,389,[第1局] 不讓分,252908422.1,堪薩斯皇家,H,,3.00,1,2,H,,1
2026-07-22,2026-07-22T00:06:16,台灣運彩,824083,3478860.1,115,2026-07-22T07:40:00+08:00,舊金山巨人,堪薩斯市皇家,舊金山巨人 @ 堪薩斯市皇家,51467081.1,389,[第1局] 不讓分,252908424.1,舊金山巨人,A,,3.00,1,2,A,,2
2026-07-22,2026-07-22T00:06:16,台灣運彩,824083,3478860.1,115,2026-07-22T07:40:00+08:00,舊金山巨人,堪薩斯市皇家,舊金山巨人 @ 堪薩斯市皇家,51467081.1,389,[第1局] 不讓分,252908423.1,和局,D,,1.60,5,3,D,,
2026-07-22,2026-07-22T00:06:16,台灣運彩,824083,3478860.1,115,2026-07-22T07:40:00+08:00,舊金山巨人,堪薩斯市皇家,舊金山巨人 @ 堪薩斯市皇家,51467070.1,398,[第1局] 大小 0.5,252908400.1,大 0.5,A,0.5,1.63,100,63,A,0.5,
2026-07-22,2026-07-22T00:06:16,台灣運彩,824083,3478860.1,115,2026-07-22T07:40:00+08:00,舊金山巨人,堪薩斯市皇家,舊金山巨人 @ 堪薩斯市皇家,51467070.1,398,[第1局] 大小 0.5,252908399.1,小 0.5,H,0.5,1.70,10,7,H,0.5,
2026-07-22,2026-07-22T00:06:16,台灣運彩,824650,3478861.1,116,2026-07-22T08:05:00+08:00,底特律老虎,芝加哥小熊,底特律老虎 @ 芝加哥小熊,51467121.1,354,不讓分,252908534.1,芝加哥小熊,H,,1.65,20,13,H,,1
2026-07-22,2026-07-22T00:06:16,台灣運彩,824650,3478861.1,116,2026-07-22T08:05:00+08:00,底特律老虎,芝加哥小熊,底特律老虎 @ 芝加哥小熊,51467121.1,354,不讓分,252908535.1,底特律老虎,A,,1.85,20,17,A,,2
2026-07-22,2026-07-22T00:06:16,台灣運彩,824650,3478861.1,116,2026-07-22T08:05:00+08:00,底特律老虎,芝加哥小熊,底特律老虎 @ 芝加哥小熊,51467127.1,357,勝分差,252908549.1,底特律老虎 1 分,A,,5.40,5,22,A,,
2026-07-22,2026-07-22T00:06:16,台灣運彩,824650,3478861.1,116,2026-07-22T08:05:00+08:00,底特律老虎,芝加哥小熊,底特律老虎 @ 芝加哥小熊,51467127.1,357,勝分差,252908550.1,底特律老虎 2 分,A,,7.00,1,6,A,,
2026-07-22,2026-07-22T00:06:16,台灣運彩,824650,3478861.1,116,2026-07-22T08:05:00+08:00,底特律老虎,芝加哥小熊,底特律老虎 @ 芝加哥小熊,51467127.1,357,勝分差,252908551.1,底特律老虎 > 2分,A,,2.70,10,17,A,,
2026-07-22,2026-07-22T00:06:16,台灣運彩,824650,3478861.1,116,2026-07-22T08:05:00+08:00,底特律老虎,芝加哥小熊,底特律老虎 @ 芝加哥小熊,51467127.1,357,勝分差,252908546.1,芝加哥小熊 1 分,H,,3.95,20,59,H,,
2026-07-22,2026-07-22T00:06:16,台灣運彩,824650,3478861.1,116,2026-07-22T08:05:00+08:00,底特律老虎,芝加哥小熊,底特律老虎 @ 芝加哥小熊,51467127.1,357,勝分差,252908547.1,芝加哥小熊 2 分,H,,7.00,1,6,H,,
2026-07-22,2026-07-22T00:06:16,台灣運彩,824650,3478861.1,116,2026-07-22T08:05:00+08:00,底特律老虎,芝加哥小熊,底特律老虎 @ 芝加哥小熊,51467127.1,357,勝分差,252908548.1,芝加哥小熊 > 2分,H,,2.80,5,9,H,,
2026-07-22,2026-07-22T00:06:16,台灣運彩,824650,3478861.1,116,2026-07-22T08:05:00+08:00,底特律老虎,芝加哥小熊,底特律老虎 @ 芝加哥小熊,51467718.1,358,讓分 -2.5,252910124.1,芝加哥小熊 -2.5,H,-2.5,2.85,20,37,H,-2.5,1
2026-07-22,2026-07-22T00:06:16,台灣運彩,824650,3478861.1,116,2026-07-22T08:05:00+08:00,底特律老虎,芝加哥小熊,底特律老虎 @ 芝加哥小熊,51467718.1,358,讓分 -2.5,252910125.1,底特律老虎 +2.5,A,-2.5,1.25,4,1,A,-2.5,2
2026-07-22,2026-07-22T00:06:16,台灣運彩,824650,3478861.1,116,2026-07-22T08:05:00+08:00,底特律老虎,芝加哥小熊,底特律老虎 @ 芝加哥小熊,51467725.1,358,讓分 -1.5,252910148.1,芝加哥小熊 -1.5,H,-1.5,2.30,10,13,H,-1.5,1
2026-07-22,2026-07-22T00:06:16,台灣運彩,824650,3478861.1,116,2026-07-22T08:05:00+08:00,底特律老虎,芝加哥小熊,底特律老虎 @ 芝加哥小熊,51467725.1,358,讓分 -1.5,252910149.1,底特律老虎 +1.5,A,-1.5,1.40,5,2,A,-1.5,2
2026-07-22,2026-07-22T00:06:16,台灣運彩,824650,3478861.1,116,2026-07-22T08:05:00+08:00,底特律老虎,芝加哥小熊,底特律老虎 @ 芝加哥小熊,51467122.1,360,[總分]大小 8.5,252908537.1,大 8.5,A,8.5,1.92,25,23,A,8.5,
2026-07-22,2026-07-22T00:06:16,台灣運彩,824650,3478861.1,116,2026-07-22T08:05:00+08:00,底特律老虎,芝加哥小熊,底特律老虎 @ 芝加哥小熊,51467122.1,360,[總分]大小 8.5,252908536.1,小 8.5,H,8.5,1.58,50,29,H,8.5,
2026-07-22,2026-07-22T00:06:16,台灣運彩,824650,3478861.1,116,2026-07-22T08:05:00+08:00,底特律老虎,芝加哥小熊,底特律老虎 @ 芝加哥小熊,51467126.1,360,[總分]大小 7.5,252908545.1,大 7.5,A,7.5,1.68,25,17,A,7.5,
2026-07-22,2026-07-22T00:06:16,台灣運彩,824650,3478861.1,116,2026-07-22T08:05:00+08:00,底特律老虎,芝加哥小熊,底特律老虎 @ 芝加哥小熊,51467126.1,360,[總分]大小 7.5,252908544.1,小 7.5,H,7.5,1.82,50,41,H,7.5,
2026-07-22,2026-07-22T00:06:16,台灣運彩,824650,3478861.1,116,2026-07-22T08:05:00+08:00,底特律老虎,芝加哥小熊,底特律老虎 @ 芝加哥小熊,51468943.1,360,[總分]大小 6.5,252913300.1,大 6.5,A,6.5,1.40,5,2,A,6.5,
2026-07-22,2026-07-22T00:06:16,台灣運彩,824650,3478861.1,116,2026-07-22T08:05:00+08:00,底特律老虎,芝加哥小熊,底特律老虎 @ 芝加哥小熊,51468943.1,360,[總分]大小 6.5,252913299.1,小 6.5,H,6.5,2.30,10,13,H,6.5,
2026-07-22,2026-07-22T00:06:16,台灣運彩,824650,3478861.1,116,2026-07-22T08:05:00+08:00,底特律老虎,芝加哥小熊,底特律老虎 @ 芝加哥小熊,51467123.1,362,芝加哥小熊 大小 3.5,252908539.1,大 3.5,A,3.5,1.63,100,63,A,3.5,
2026-07-22,2026-07-22T00:06:16,台灣運彩,824650,3478861.1,116,2026-07-22T08:05:00+08:00,底特律老虎,芝加哥小熊,底特律老虎 @ 芝加哥小熊,51467123.1,362,芝加哥小熊 大小 3.5,252908538.1,小 3.5,H,3.5,1.80,5,4,H,3.5,
2026-07-22,2026-07-22T00:06:16,台灣運彩,824650,3478861.1,116,2026-07-22T08:05:00+08:00,底特律老虎,芝加哥小熊,底特律老虎 @ 芝加哥小熊,51467125.1,363,底特律老虎 大小 3.5,252908543.1,大 3.5,A,3.5,1.65,20,13,A,3.5,
2026-07-22,2026-07-22T00:06:16,台灣運彩,824650,3478861.1,116,2026-07-22T08:05:00+08:00,底特律老虎,芝加哥小熊,底特律老虎 @ 芝加哥小熊,51467125.1,363,底特律老虎 大小 3.5,252908542.1,小 3.5,H,3.5,1.78,50,39,H,3.5,
2026-07-22,2026-07-22T00:06:16,台灣運彩,824650,3478861.1,116,2026-07-22T08:05:00+08:00,底特律老虎,芝加哥小熊,底特律老虎 @ 芝加哥小熊,51467120.1,366,[總分]單雙,252908533.1,單,,,1.48,25,12,,,
2026-07-22,2026-07-22T00:06:16,台灣運彩,824650,3478861.1,116,2026-07-22T08:05:00+08:00,底特律老虎,芝加哥小熊,底特律老虎 @ 芝加哥小熊,51467120.1,366,[總分]單雙,252908532.1,雙,,,2.00,1,1,,,
2026-07-22,2026-07-22T00:06:16,台灣運彩,824650,3478861.1,116,2026-07-22T08:05:00+08:00,底特律老虎,芝加哥小熊,底特律老虎 @ 芝加哥小熊,51467724.1,374,得分最高單局(不含延長賽),252910147.1,一樣多,,,2.25,4,5,,,
2026-07-22,2026-07-22T00:06:16,台灣運彩,824650,3478861.1,116,2026-07-22T08:05:00+08:00,底特律老虎,芝加哥小熊,底特律老虎 @ 芝加哥小熊,51467724.1,374,得分最高單局(不含延長賽),252910138.1,第1局,,,5.50,2,9,,,
2026-07-22,2026-07-22T00:06:16,台灣運彩,824650,3478861.1,116,2026-07-22T08:05:00+08:00,底特律老虎,芝加哥小熊,底特律老虎 @ 芝加哥小熊,51467724.1,374,得分最高單局(不含延長賽),252910139.1,第2局,,,6.50,2,11,,,
2026-07-22,2026-07-22T00:06:16,台灣運彩,824650,3478861.1,116,2026-07-22T08:05:00+08:00,底特律老虎,芝加哥小熊,底特律老虎 @ 芝加哥小熊,51467724.1,374,得分最高單局(不含延長賽),252910140.1,第3局,,,5.85,20,97,,,
2026-07-22,2026-07-22T00:06:16,台灣運彩,824650,3478861.1,116,2026-07-22T08:05:00+08:00,底特律老虎,芝加哥小熊,底特律老虎 @ 芝加哥小熊,51467724.1,374,得分最高單局(不含延長賽),252910141.1,第4局,,,6.50,2,11,,,
2026-07-22,2026-07-22T00:06:16,台灣運彩,824650,3478861.1,116,2026-07-22T08:05:00+08:00,底特律老虎,芝加哥小熊,底特律老虎 @ 芝加哥小熊,51467724.1,374,得分最高單局(不含延長賽),252910142.1,第5局,,,6.25,4,21,,,
2026-07-22,2026-07-22T00:06:16,台灣運彩,824650,3478861.1,116,2026-07-22T08:05:00+08:00,底特律老虎,芝加哥小熊,底特律老虎 @ 芝加哥小熊,51467724.1,374,得分最高單局(不含延長賽),252910143.1,第6局,,,5.70,10,47,,,
2026-07-22,2026-07-22T00:06:16,台灣運彩,824650,3478861.1,116,2026-07-22T08:05:00+08:00,底特律老虎,芝加哥小熊,底特律老虎 @ 芝加哥小熊,51467724.1,374,得分最高單局(不含延長賽),252910144.1,第7局,,,5.90,10,49,,,
2026-07-22,2026-07-22T00:06:16,台灣運彩,824650,3478861.1,116,2026-07-22T08:05:00+08:00,底特律老虎,芝加哥小熊,底特律老虎 @ 芝加哥小熊,51467724.1,374,得分最高單局(不含延長賽),252910145.1,第8局,,,5.60,5,23,,,
2026-07-22,2026-07-22T00:06:16,台灣運彩,824650,3478861.1,116,2026-07-22T08:05:00+08:00,底特律老虎,芝加哥小熊,底特律老虎 @ 芝加哥小熊,51467724.1,374,得分最高單局(不含延長賽),252910146.1,第9局,,,8.00,1,7,,,
2026-07-22,2026-07-22T00:06:16,台灣運彩,824650,3478861.1,116,2026-07-22T08:05:00+08:00,底特律老虎,芝加哥小熊,底特律老虎 @ 芝加哥小熊,51467723.1,376,[1-5局] 不讓分,252910135.1,芝加哥小熊,H,,1.80,5,4,H,,1
2026-07-22,2026-07-22T00:06:16,台灣運彩,824650,3478861.1,116,2026-07-22T08:05:00+08:00,底特律老虎,芝加哥小熊,底特律老虎 @ 芝加哥小熊,51467723.1,376,[1-5局] 不讓分,252910137.1,底特律老虎,A,,1.95,20,19,A,,2
2026-07-22,2026-07-22T00:06:16,台灣運彩,824650,3478861.1,116,2026-07-22T08:05:00+08:00,底特律老虎,芝加哥小熊,底特律老虎 @ 芝加哥小熊,51467723.1,376,[1-5局] 不讓分,252910136.1,和局,D,,4.35,20,67,D,,
2026-07-22,2026-07-22T00:06:16,台灣運彩,824650,3478861.1,116,2026-07-22T08:05:00+08:00,底特律老虎,芝加哥小熊,底特律老虎 @ 芝加哥小熊,51467716.1,378,[1-5局] 大小 4.5,252910121.1,大 4.5,A,4.5,1.82,50,41,A,4.5,
2026-07-22,2026-07-22T00:06:16,台灣運彩,824650,3478861.1,116,2026-07-22T08:05:00+08:00,底特律老虎,芝加哥小熊,底特律老虎 @ 芝加哥小熊,51467716.1,378,[1-5局] 大小 4.5,252910120.1,小 4.5,H,4.5,1.53,100,53,H,4.5,
2026-07-22,2026-07-22T00:06:16,台灣運彩,824650,3478861.1,116,2026-07-22T08:05:00+08:00,底特律老虎,芝加哥小熊,底特律老虎 @ 芝加哥小熊,51468764.1,379,[1-5局] 芝加哥小熊 大小 1.5,252912812.1,大 1.5,A,1.5,1.55,20,11,A,1.5,
2026-07-22,2026-07-22T00:06:16,台灣運彩,824650,3478861.1,116,2026-07-22T08:05:00+08:00,底特律老虎,芝加哥小熊,底特律老虎 @ 芝加哥小熊,51468764.1,379,[1-5局] 芝加哥小熊 大小 1.5,252912811.1,小 1.5,H,1.5,1.90,10,9,H,1.5,
2026-07-22,2026-07-22T00:06:16,台灣運彩,824650,3478861.1,116,2026-07-22T08:05:00+08:00,底特律老虎,芝加哥小熊,底特律老虎 @ 芝加哥小熊,51467717.1,380,[1-5局] 底特律老虎 大小 1.5,252910123.1,大 1.5,A,1.5,1.62,50,31,A,1.5,
2026-07-22,2026-07-22T00:06:16,台灣運彩,824650,3478861.1,116,2026-07-22T08:05:00+08:00,底特律老虎,芝加哥小熊,底特律老虎 @ 芝加哥小熊,51467717.1,380,[1-5局] 底特律老虎 大小 1.5,252910122.1,小 1.5,H,1.5,1.82,50,41,H,1.5,
2026-07-22,2026-07-22T00:06:16,台灣運彩,824650,3478861.1,116,2026-07-22T08:05:00+08:00,底特律老虎,芝加哥小熊,底特律老虎 @ 芝加哥小熊,51467719.1,389,[第1局] 不讓分,252910126.1,芝加哥小熊,H,,3.05,20,41,H,,1
2026-07-22,2026-07-22T00:06:16,台灣運彩,824650,3478861.1,116,2026-07-22T08:05:00+08:00,底特律老虎,芝加哥小熊,底特律老虎 @ 芝加哥小熊,51467719.1,389,[第1局] 不讓分,252910128.1,底特律老虎,A,,3.40,5,12,A,,2
2026-07-22,2026-07-22T00:06:16,台灣運彩,824650,3478861.1,116,2026-07-22T08:05:00+08:00,底特律老虎,芝加哥小熊,底特律老虎 @ 芝加哥小熊,51467719.1,389,[第1局] 不讓分,252910127.1,和局,D,,1.50,2,1,D,,
2026-07-22,2026-07-22T00:06:16,台灣運彩,824650,3478861.1,116,2026-07-22T08:05:00+08:00,底特律老虎,芝加哥小熊,底特律老虎 @ 芝加哥小熊,51467721.1,398,[第1局] 大小 0.5,252910132.1,大 0.5,A,0.5,1.78,50,39,A,0.5,
2026-07-22,2026-07-22T00:06:16,台灣運彩,824650,3478861.1,116,2026-07-22T08:05:00+08:00,底特律老虎,芝加哥小熊,底特律老虎 @ 芝加哥小熊,51467721.1,398,[第1局] 大小 0.5,252910131.1,小 0.5,H,0.5,1.56,25,14,H,0.5,
2026-07-22,2026-07-22T00:06:16,台灣運彩,822873,3478889.1,145,2026-07-22T08:05:00+08:00,芝加哥白襪,德州遊騎兵,芝加哥白襪 @ 德州遊騎兵,51467704.1,354,不讓分,252910092.1,德州遊騎兵,H,,1.68,25,17,H,,1
2026-07-22,2026-07-22T00:06:16,台灣運彩,822873,3478889.1,145,2026-07-22T08:05:00+08:00,芝加哥白襪,德州遊騎兵,芝加哥白襪 @ 德州遊騎兵,51467704.1,354,不讓分,252910093.1,芝加哥白襪,A,,1.82,50,41,A,,2
2026-07-22,2026-07-22T00:06:16,台灣運彩,822873,3478889.1,145,2026-07-22T08:05:00+08:00,芝加哥白襪,德州遊騎兵,芝加哥白襪 @ 德州遊騎兵,51467715.1,357,勝分差,252910114.1,德州遊騎兵 1 分,H,,4.10,10,31,H,,
2026-07-22,2026-07-22T00:06:16,台灣運彩,822873,3478889.1,145,2026-07-22T08:05:00+08:00,芝加哥白襪,德州遊騎兵,芝加哥白襪 @ 德州遊騎兵,51467715.1,357,勝分差,252910115.1,德州遊騎兵 2 分,H,,7.00,1,6,H,,
2026-07-22,2026-07-22T00:06:16,台灣運彩,822873,3478889.1,145,2026-07-22T08:05:00+08:00,芝加哥白襪,德州遊騎兵,芝加哥白襪 @ 德州遊騎兵,51467715.1,357,勝分差,252910116.1,德州遊騎兵 > 2分,H,,2.65,20,33,H,,
2026-07-22,2026-07-22T00:06:16,台灣運彩,822873,3478889.1,145,2026-07-22T08:05:00+08:00,芝加哥白襪,德州遊騎兵,芝加哥白襪 @ 德州遊騎兵,51467715.1,357,勝分差,252910117.1,芝加哥白襪 1 分,A,,5.70,10,47,A,,
2026-07-22,2026-07-22T00:06:16,台灣運彩,822873,3478889.1,145,2026-07-22T08:05:00+08:00,芝加哥白襪,德州遊騎兵,芝加哥白襪 @ 德州遊騎兵,51467715.1,357,勝分差,252910118.1,芝加哥白襪 2 分,A,,7.50,2,13,A,,
2026-07-22,2026-07-22T00:06:16,台灣運彩,822873,3478889.1,145,2026-07-22T08:05:00+08:00,芝加哥白襪,德州遊騎兵,芝加哥白襪 @ 德州遊騎兵,51467715.1,357,勝分差,252910119.1,芝加哥白襪 > 2分,A,,2.65,20,33,A,,
2026-07-22,2026-07-22T00:06:16,台灣運彩,822873,3478889.1,145,2026-07-22T08:05:00+08:00,芝加哥白襪,德州遊騎兵,芝加哥白襪 @ 德州遊騎兵,51467709.1,358,讓分 -1.5,252910102.1,德州遊騎兵 -1.5,H,-1.5,2.30,10,13,H,-1.5,1
2026-07-22,2026-07-22T00:06:16,台灣運彩,822873,3478889.1,145,2026-07-22T08:05:00+08:00,芝加哥白襪,德州遊騎兵,芝加哥白襪 @ 德州遊騎兵,51467709.1,358,讓分 -1.5,252910103.1,芝加哥白襪 +1.5,A,-1.5,1.40,5,2,A,-1.5,2
2026-07-22,2026-07-22T00:06:16,台灣運彩,822873,3478889.1,145,2026-07-22T08:05:00+08:00,芝加哥白襪,德州遊騎兵,芝加哥白襪 @ 德州遊騎兵,51467711.1,358,讓分 1.5,252910106.1,德州遊騎兵 +1.5,H,1.5,1.40,5,2,H,1.5,1
2026-07-22,2026-07-22T00:06:16,台灣運彩,822873,3478889.1,145,2026-07-22T08:05:00+08:00,芝加哥白襪,德州遊騎兵,芝加哥白襪 @ 德州遊騎兵,51467711.1,358,讓分 1.5,252910107.1,芝加哥白襪 -1.5,A,1.5,2.30,10,13,A,1.5,2
2026-07-22,2026-07-22T00:06:16,台灣運彩,822873,3478889.1,145,2026-07-22T08:05:00+08:00,芝加哥白襪,德州遊騎兵,芝加哥白襪 @ 德州遊騎兵,51467712.1,358,讓分 -2.5,252910108.1,德州遊騎兵 -2.5,H,-2.5,2.85,20,37,H,-2.5,1
2026-07-22,2026-07-22T00:06:16,台灣運彩,822873,3478889.1,145,2026-07-22T08:05:00+08:00,芝加哥白襪,德州遊騎兵,芝加哥白襪 @ 德州遊騎兵,51467712.1,358,讓分 -2.5,252910109.1,芝加哥白襪 +2.5,A,-2.5,1.25,4,1,A,-2.5,2
2026-07-22,2026-07-22T00:06:16,台灣運彩,822873,3478889.1,145,2026-07-22T08:05:00+08:00,芝加哥白襪,德州遊騎兵,芝加哥白襪 @ 德州遊騎兵,51467708.1,360,[總分]大小 7.5,252910101.1,大 7.5,A,7.5,1.48,25,12,A,7.5,
2026-07-22,2026-07-22T00:06:16,台灣運彩,822873,3478889.1,145,2026-07-22T08:05:00+08:00,芝加哥白襪,德州遊騎兵,芝加哥白襪 @ 德州遊騎兵,51467708.1,360,[總分]大小 7.5,252910100.1,小 7.5,H,7.5,2.05,20,21,H,7.5,
2026-07-22,2026-07-22T00:06:16,台灣運彩,822873,3478889.1,145,2026-07-22T08:05:00+08:00,芝加哥白襪,德州遊騎兵,芝加哥白襪 @ 德州遊騎兵,51467710.1,360,[總分]大小 8.5,252910105.1,大 8.5,A,8.5,1.68,25,17,A,8.5,
2026-07-22,2026-07-22T00:06:16,台灣運彩,822873,3478889.1,145,2026-07-22T08:05:00+08:00,芝加哥白襪,德州遊騎兵,芝加哥白襪 @ 德州遊騎兵,51467710.1,360,[總分]大小 8.5,252910104.1,小 8.5,H,8.5,1.82,50,41,H,8.5,
2026-07-22,2026-07-22T00:06:16,台灣運彩,822873,3478889.1,145,2026-07-22T08:05:00+08:00,芝加哥白襪,德州遊騎兵,芝加哥白襪 @ 德州遊騎兵,51467713.1,360,[總分]大小 9.5,252910111.1,大 9.5,A,9.5,2.00,1,1,A,9.5,
2026-07-22,2026-07-22T00:06:16,台灣運彩,822873,3478889.1,145,2026-07-22T08:05:00+08:00,芝加哥白襪,德州遊騎兵,芝加哥白襪 @ 德州遊騎兵,51467713.1,360,[總分]大小 9.5,252910110.1,小 9.5,H,9.5,1.50,2,1,H,9.5,
2026-07-22,2026-07-22T00:06:16,台灣運彩,822873,3478889.1,145,2026-07-22T08:05:00+08:00,芝加哥白襪,德州遊騎兵,芝加哥白襪 @ 德州遊騎兵,51467706.1,362,德州遊騎兵 大小 4.5,252910097.1,大 4.5,A,4.5,1.86,50,43,A,4.5,
2026-07-22,2026-07-22T00:06:16,台灣運彩,822873,3478889.1,145,2026-07-22T08:05:00+08:00,芝加哥白襪,德州遊騎兵,芝加哥白襪 @ 德州遊騎兵,51467706.1,362,德州遊騎兵 大小 4.5,252910096.1,小 4.5,H,4.5,1.58,50,29,H,4.5,
2026-07-22,2026-07-22T00:06:16,台灣運彩,822873,3478889.1,145,2026-07-22T08:05:00+08:00,芝加哥白襪,德州遊騎兵,芝加哥白襪 @ 德州遊騎兵,51467714.1,363,芝加哥白襪 大小 3.5,252910113.1,大 3.5,A,3.5,1.56,25,14,A,3.5,
2026-07-22,2026-07-22T00:06:16,台灣運彩,822873,3478889.1,145,2026-07-22T08:05:00+08:00,芝加哥白襪,德州遊騎兵,芝加哥白襪 @ 德州遊騎兵,51467714.1,363,芝加哥白襪 大小 3.5,252910112.1,小 3.5,H,3.5,1.88,25,22,H,3.5,
2026-07-22,2026-07-22T00:06:16,台灣運彩,822873,3478889.1,145,2026-07-22T08:05:00+08:00,芝加哥白襪,德州遊騎兵,芝加哥白襪 @ 德州遊騎兵,51468910.1,363,芝加哥白襪 大小 4.5,252913204.1,大 4.5,A,4.5,1.88,25,22,A,4.5,
2026-07-22,2026-07-22T00:06:16,台灣運彩,822873,3478889.1,145,2026-07-22T08:05:00+08:00,芝加哥白襪,德州遊騎兵,芝加哥白襪 @ 德州遊騎兵,51468910.1,363,芝加哥白襪 大小 4.5,252913203.1,小 4.5,H,4.5,1.56,25,14,H,4.5,
2026-07-22,2026-07-22T00:06:16,台灣運彩,822873,3478889.1,145,2026-07-22T08:05:00+08:00,芝加哥白襪,德州遊騎兵,芝加哥白襪 @ 德州遊騎兵,51467707.1,366,[總分]單雙,252910099.1,單,,,1.48,25,12,,,
2026-07-22,2026-07-22T00:06:16,台灣運彩,822873,3478889.1,145,2026-07-22T08:05:00+08:00,芝加哥白襪,德州遊騎兵,芝加哥白襪 @ 德州遊騎兵,51467707.1,366,[總分]單雙,252910098.1,雙,,,2.00,1,1,,,
2026-07-22,2026-07-22T00:06:16,台灣運彩,822873,3478889.1,145,2026-07-22T08:05:00+08:00,芝加哥白襪,德州遊騎兵,芝加哥白襪 @ 德州遊騎兵,51467744.1,374,得分最高單局(不含延長賽),252910197.1,一樣多,,,2.25,4,5,,,
2026-07-22,2026-07-22T00:06:16,台灣運彩,822873,3478889.1,145,2026-07-22T08:05:00+08:00,芝加哥白襪,德州遊騎兵,芝加哥白襪 @ 德州遊騎兵,51467744.1,374,得分最高單局(不含延長賽),252910188.1,第1局,,,5.25,4,17,,,
2026-07-22,2026-07-22T00:06:16,台灣運彩,822873,3478889.1,145,2026-07-22T08:05:00+08:00,芝加哥白襪,德州遊騎兵,芝加哥白襪 @ 德州遊騎兵,51467744.1,374,得分最高單局(不含延長賽),252910189.1,第2局,,,6.50,2,11,,,
2026-07-22,2026-07-22T00:06:16,台灣運彩,822873,3478889.1,145,2026-07-22T08:05:00+08:00,芝加哥白襪,德州遊騎兵,芝加哥白襪 @ 德州遊騎兵,51467744.1,374,得分最高單局(不含延長賽),252910190.1,第3局,,,5.45,20,89,,,
2026-07-22,2026-07-22T00:06:16,台灣運彩,822873,3478889.1,145,2026-07-22T08:05:00+08:00,芝加哥白襪,德州遊騎兵,芝加哥白襪 @ 德州遊騎兵,51467744.1,374,得分最高單局(不含延長賽),252910191.1,第4局,,,6.25,4,21,,,
2026-07-22,2026-07-22T00:06:16,台灣運彩,822873,3478889.1,145,2026-07-22T08:05:00+08:00,芝加哥白襪,德州遊騎兵,芝加哥白襪 @ 德州遊騎兵,51467744.1,374,得分最高單局(不含延長賽),252910192.1,第5局,,,5.85,20,97,,,
2026-07-22,2026-07-22T00:06:16,台灣運彩,822873,3478889.1,145,2026-07-22T08:05:00+08:00,芝加哥白襪,德州遊騎兵,芝加哥白襪 @ 德州遊騎兵,51467744.1,374,得分最高單局(不含延長賽),252910193.1,第6局,,,6.00,1,5,,,
2026-07-22,2026-07-22T00:06:16,台灣運彩,822873,3478889.1,145,2026-07-22T08:05:00+08:00,芝加哥白襪,德州遊騎兵,芝加哥白襪 @ 德州遊騎兵,51467744.1,374,得分最高單局(不含延長賽),252910194.1,第7局,,,6.25,4,21,,,
2026-07-22,2026-07-22T00:06:16,台灣運彩,822873,3478889.1,145,2026-07-22T08:05:00+08:00,芝加哥白襪,德州遊騎兵,芝加哥白襪 @ 德州遊騎兵,51467744.1,374,得分最高單局(不含延長賽),252910195.1,第8局,,,5.95,20,99,,,
2026-07-22,2026-07-22T00:06:16,台灣運彩,822873,3478889.1,145,2026-07-22T08:05:00+08:00,芝加哥白襪,德州遊騎兵,芝加哥白襪 @ 德州遊騎兵,51467744.1,374,得分最高單局(不含延長賽),252910196.1,第9局,,,8.00,1,7,,,
2026-07-22,2026-07-22T00:06:16,台灣運彩,822873,3478889.1,145,2026-07-22T08:05:00+08:00,芝加哥白襪,德州遊騎兵,芝加哥白襪 @ 德州遊騎兵,51467739.1,376,[1-5局] 不讓分,252910176.1,德州遊騎兵,H,,1.75,4,3,H,,1
2026-07-22,2026-07-22T00:06:16,台灣運彩,822873,3478889.1,145,2026-07-22T08:05:00+08:00,芝加哥白襪,德州遊騎兵,芝加哥白襪 @ 德州遊騎兵,51467739.1,376,[1-5局] 不讓分,252910178.1,芝加哥白襪,A,,1.95,20,19,A,,2
2026-07-22,2026-07-22T00:06:16,台灣運彩,822873,3478889.1,145,2026-07-22T08:05:00+08:00,芝加哥白襪,德州遊騎兵,芝加哥白襪 @ 德州遊騎兵,51467739.1,376,[1-5局] 不讓分,252910177.1,和局,D,,4.75,4,15,D,,
2026-07-22,2026-07-22T00:06:16,台灣運彩,822873,3478889.1,145,2026-07-22T08:05:00+08:00,芝加哥白襪,德州遊騎兵,芝加哥白襪 @ 德州遊騎兵,51467740.1,378,[1-5局] 大小 4.5,252910180.1,大 4.5,A,4.5,1.60,5,3,A,4.5,
2026-07-22,2026-07-22T00:06:16,台灣運彩,822873,3478889.1,145,2026-07-22T08:05:00+08:00,芝加哥白襪,德州遊騎兵,芝加哥白襪 @ 德州遊騎兵,51467740.1,378,[1-5局] 大小 4.5,252910179.1,小 4.5,H,4.5,1.73,100,73,H,4.5,
2026-07-22,2026-07-22T00:06:16,台灣運彩,822873,3478889.1,145,2026-07-22T08:05:00+08:00,芝加哥白襪,德州遊騎兵,芝加哥白襪 @ 德州遊騎兵,51467741.1,379,[1-5局] 德州遊騎兵 大小 2.5,252910182.1,大 2.5,A,2.5,1.88,25,22,A,2.5,
2026-07-22,2026-07-22T00:06:16,台灣運彩,822873,3478889.1,145,2026-07-22T08:05:00+08:00,芝加哥白襪,德州遊騎兵,芝加哥白襪 @ 德州遊騎兵,51467741.1,379,[1-5局] 德州遊騎兵 大小 2.5,252910181.1,小 2.5,H,2.5,1.56,25,14,H,2.5,
2026-07-22,2026-07-22T00:06:16,台灣運彩,822873,3478889.1,145,2026-07-22T08:05:00+08:00,芝加哥白襪,德州遊騎兵,芝加哥白襪 @ 德州遊騎兵,51467738.1,380,[1-5局] 芝加哥白襪 大小 1.5,252910175.1,大 1.5,A,1.5,1.50,2,1,A,1.5,
2026-07-22,2026-07-22T00:06:16,台灣運彩,822873,3478889.1,145,2026-07-22T08:05:00+08:00,芝加哥白襪,德州遊騎兵,芝加哥白襪 @ 德州遊騎兵,51467738.1,380,[1-5局] 芝加哥白襪 大小 1.5,252910174.1,小 1.5,H,1.5,1.96,25,24,H,1.5,
2026-07-22,2026-07-22T00:06:16,台灣運彩,822873,3478889.1,145,2026-07-22T08:05:00+08:00,芝加哥白襪,德州遊騎兵,芝加哥白襪 @ 德州遊騎兵,51467743.1,389,[第1局] 不讓分,252910185.1,德州遊騎兵,H,,2.85,20,37,H,,1
2026-07-22,2026-07-22T00:06:16,台灣運彩,822873,3478889.1,145,2026-07-22T08:05:00+08:00,芝加哥白襪,德州遊騎兵,芝加哥白襪 @ 德州遊騎兵,51467743.1,389,[第1局] 不讓分,252910187.1,芝加哥白襪,A,,3.20,5,11,A,,2
2026-07-22,2026-07-22T00:06:16,台灣運彩,822873,3478889.1,145,2026-07-22T08:05:00+08:00,芝加哥白襪,德州遊騎兵,芝加哥白襪 @ 德州遊騎兵,51467743.1,389,[第1局] 不讓分,252910186.1,和局,D,,1.55,20,11,D,,
2026-07-22,2026-07-22T00:06:16,台灣運彩,822873,3478889.1,145,2026-07-22T08:05:00+08:00,芝加哥白襪,德州遊騎兵,芝加哥白襪 @ 德州遊騎兵,51467742.1,398,[第1局] 大小 0.5,252910184.1,大 0.5,A,0.5,1.65,20,13,A,0.5,
2026-07-22,2026-07-22T00:06:16,台灣運彩,822873,3478889.1,145,2026-07-22T08:05:00+08:00,芝加哥白襪,德州遊騎兵,芝加哥白襪 @ 德州遊騎兵,51467742.1,398,[第1局] 大小 0.5,252910183.1,小 0.5,H,0.5,1.68,25,17,H,0.5,
2026-07-22,2026-07-22T00:06:16,台灣運彩,824166,3478862.1,117,2026-07-22T08:10:00+08:00,邁阿密馬林魚,休士頓太空人,邁阿密馬林魚 @ 休士頓太空人,51467131.1,354,不讓分,252908560.1,休士頓太空人,H,,1.60,5,3,H,,1
2026-07-22,2026-07-22T00:06:16,台灣運彩,824166,3478862.1,117,2026-07-22T08:10:00+08:00,邁阿密馬林魚,休士頓太空人,邁阿密馬林魚 @ 休士頓太空人,51467131.1,354,不讓分,252908561.1,邁阿密馬林魚,A,,1.90,10,9,A,,2
2026-07-22,2026-07-22T00:06:16,台灣運彩,824166,3478862.1,117,2026-07-22T08:10:00+08:00,邁阿密馬林魚,休士頓太空人,邁阿密馬林魚 @ 休士頓太空人,51467145.1,357,勝分差,252908589.1,休士頓太空人 1 分,H,,4.20,5,16,H,,
2026-07-22,2026-07-22T00:06:16,台灣運彩,824166,3478862.1,117,2026-07-22T08:10:00+08:00,邁阿密馬林魚,休士頓太空人,邁阿密馬林魚 @ 休士頓太空人,51467145.1,357,勝分差,252908590.1,休士頓太空人 2 分,H,,7.25,4,25,H,,
2026-07-22,2026-07-22T00:06:16,台灣運彩,824166,3478862.1,117,2026-07-22T08:10:00+08:00,邁阿密馬林魚,休士頓太空人,邁阿密馬林魚 @ 休士頓太空人,51467145.1,357,勝分差,252908591.1,休士頓太空人 > 2分,H,,2.55,20,31,H,,
2026-07-22,2026-07-22T00:06:16,台灣運彩,824166,3478862.1,117,2026-07-22T08:10:00+08:00,邁阿密馬林魚,休士頓太空人,邁阿密馬林魚 @ 休士頓太空人,51467145.1,357,勝分差,252908592.1,邁阿密馬林魚 1 分,A,,5.90,10,49,A,,
2026-07-22,2026-07-22T00:06:16,台灣運彩,824166,3478862.1,117,2026-07-22T08:10:00+08:00,邁阿密馬林魚,休士頓太空人,邁阿密馬林魚 @ 休士頓太空人,51467145.1,357,勝分差,252908593.1,邁阿密馬林魚 2 分,A,,7.75,4,27,A,,
2026-07-22,2026-07-22T00:06:16,台灣運彩,824166,3478862.1,117,2026-07-22T08:10:00+08:00,邁阿密馬林魚,休士頓太空人,邁阿密馬林魚 @ 休士頓太空人,51467145.1,357,勝分差,252908594.1,邁阿密馬林魚 > 2分,A,,2.65,20,33,A,,
2026-07-22,2026-07-22T00:06:16,台灣運彩,824166,3478862.1,117,2026-07-22T08:10:00+08:00,邁阿密馬林魚,休士頓太空人,邁阿密馬林魚 @ 休士頓太空人,51467137.1,358,讓分 -2.5,252908573.1,休士頓太空人 -2.5,H,-2.5,2.60,5,8,H,-2.5,1
2026-07-22,2026-07-22T00:06:16,台灣運彩,824166,3478862.1,117,2026-07-22T08:10:00+08:00,邁阿密馬林魚,休士頓太空人,邁阿密馬林魚 @ 休士頓太空人,51467137.1,358,讓分 -2.5,252908574.1,邁阿密馬林魚 +2.5,A,-2.5,1.30,10,3,A,-2.5,2
2026-07-22,2026-07-22T00:06:16,台灣運彩,824166,3478862.1,117,2026-07-22T08:10:00+08:00,邁阿密馬林魚,休士頓太空人,邁阿密馬林魚 @ 休士頓太空人,51467142.1,358,讓分 -1.5,252908583.1,休士頓太空人 -1.5,H,-1.5,2.10,10,11,H,-1.5,1
2026-07-22,2026-07-22T00:06:16,台灣運彩,824166,3478862.1,117,2026-07-22T08:10:00+08:00,邁阿密馬林魚,休士頓太空人,邁阿密馬林魚 @ 休士頓太空人,51467142.1,358,讓分 -1.5,252908584.1,邁阿密馬林魚 +1.5,A,-1.5,1.45,20,9,A,-1.5,2
2026-07-22,2026-07-22T00:06:16,台灣運彩,824166,3478862.1,117,2026-07-22T08:10:00+08:00,邁阿密馬林魚,休士頓太空人,邁阿密馬林魚 @ 休士頓太空人,51468173.1,358,讓分 1.5,252911135.1,休士頓太空人 +1.5,H,1.5,1.36,25,9,H,1.5,1
2026-07-22,2026-07-22T00:06:16,台灣運彩,824166,3478862.1,117,2026-07-22T08:10:00+08:00,邁阿密馬林魚,休士頓太空人,邁阿密馬林魚 @ 休士頓太空人,51468173.1,358,讓分 1.5,252911136.1,邁阿密馬林魚 -1.5,A,1.5,2.40,5,7,A,1.5,2
2026-07-22,2026-07-22T00:06:16,台灣運彩,824166,3478862.1,117,2026-07-22T08:10:00+08:00,邁阿密馬林魚,休士頓太空人,邁阿密馬林魚 @ 休士頓太空人,51467134.1,360,[總分]大小 9.5,252908568.1,大 9.5,A,9.5,1.85,20,17,A,9.5,
2026-07-22,2026-07-22T00:06:16,台灣運彩,824166,3478862.1,117,2026-07-22T08:10:00+08:00,邁阿密馬林魚,休士頓太空人,邁阿密馬林魚 @ 休士頓太空人,51467134.1,360,[總分]大小 9.5,252908567.1,小 9.5,H,9.5,1.65,20,13,H,9.5,
2026-07-22,2026-07-22T00:06:16,台灣運彩,824166,3478862.1,117,2026-07-22T08:10:00+08:00,邁阿密馬林魚,休士頓太空人,邁阿密馬林魚 @ 休士頓太空人,51467144.1,360,[總分]大小 8.5,252908588.1,大 8.5,A,8.5,1.55,20,11,A,8.5,
2026-07-22,2026-07-22T00:06:16,台灣運彩,824166,3478862.1,117,2026-07-22T08:10:00+08:00,邁阿密馬林魚,休士頓太空人,邁阿密馬林魚 @ 休士頓太空人,51467144.1,360,[總分]大小 8.5,252908587.1,小 8.5,H,8.5,1.95,20,19,H,8.5,
2026-07-22,2026-07-22T00:06:16,台灣運彩,824166,3478862.1,117,2026-07-22T08:10:00+08:00,邁阿密馬林魚,休士頓太空人,邁阿密馬林魚 @ 休士頓太空人,51468914.1,360,[總分]大小 10.5,252913218.1,大 10.5,A,10.5,2.10,10,11,A,10.5,
2026-07-22,2026-07-22T00:06:16,台灣運彩,824166,3478862.1,117,2026-07-22T08:10:00+08:00,邁阿密馬林魚,休士頓太空人,邁阿密馬林魚 @ 休士頓太空人,51468914.1,360,[總分]大小 10.5,252913217.1,小 10.5,H,10.5,1.45,20,9,H,10.5,
2026-07-22,2026-07-22T00:06:16,台灣運彩,824166,3478862.1,117,2026-07-22T08:10:00+08:00,邁阿密馬林魚,休士頓太空人,邁阿密馬林魚 @ 休士頓太空人,51467143.1,362,休士頓太空人 大小 4.5,252908586.1,大 4.5,A,4.5,1.73,100,73,A,4.5,
2026-07-22,2026-07-22T00:06:16,台灣運彩,824166,3478862.1,117,2026-07-22T08:10:00+08:00,邁阿密馬林魚,休士頓太空人,邁阿密馬林魚 @ 休士頓太空人,51467143.1,362,休士頓太空人 大小 4.5,252908585.1,小 4.5,H,4.5,1.70,10,7,H,4.5,
2026-07-22,2026-07-22T00:06:16,台灣運彩,824166,3478862.1,117,2026-07-22T08:10:00+08:00,邁阿密馬林魚,休士頓太空人,邁阿密馬林魚 @ 休士頓太空人,51467153.1,363,邁阿密馬林魚 大小 4.5,252908619.1,大 4.5,A,4.5,1.80,5,4,A,4.5,
2026-07-22,2026-07-22T00:06:16,台灣運彩,824166,3478862.1,117,2026-07-22T08:10:00+08:00,邁阿密馬林魚,休士頓太空人,邁阿密馬林魚 @ 休士頓太空人,51467153.1,363,邁阿密馬林魚 大小 4.5,252908618.1,小 4.5,H,4.5,1.63,100,63,H,4.5,
2026-07-22,2026-07-22T00:06:16,台灣運彩,824166,3478862.1,117,2026-07-22T08:10:00+08:00,邁阿密馬林魚,休士頓太空人,邁阿密馬林魚 @ 休士頓太空人,51467132.1,366,[總分]單雙,252908563.1,單,,,1.48,25,12,,,
2026-07-22,2026-07-22T00:06:16,台灣運彩,824166,3478862.1,117,2026-07-22T08:10:00+08:00,邁阿密馬林魚,休士頓太空人,邁阿密馬林魚 @ 休士頓太空人,51467132.1,366,[總分]單雙,252908562.1,雙,,,2.00,1,1,,,
2026-07-22,2026-07-22T00:06:16,台灣運彩,824166,3478862.1,117,2026-07-22T08:10:00+08:00,邁阿密馬林魚,休士頓太空人,邁阿密馬林魚 @ 休士頓太空人,51467148.1,374,得分最高單局(不含延長賽),252908609.1,一樣多,,,2.30,10,13,,,
2026-07-22,2026-07-22T00:06:16,台灣運彩,824166,3478862.1,117,2026-07-22T08:10:00+08:00,邁阿密馬林魚,休士頓太空人,邁阿密馬林魚 @ 休士頓太空人,51467148.1,374,得分最高單局(不含延長賽),252908600.1,第1局,,,5.20,5,21,,,
2026-07-22,2026-07-22T00:06:16,台灣運彩,824166,3478862.1,117,2026-07-22T08:10:00+08:00,邁阿密馬林魚,休士頓太空人,邁阿密馬林魚 @ 休士頓太空人,51467148.1,374,得分最高單局(不含延長賽),252908601.1,第2局,,,6.25,4,21,,,
2026-07-22,2026-07-22T00:06:16,台灣運彩,824166,3478862.1,117,2026-07-22T08:10:00+08:00,邁阿密馬林魚,休士頓太空人,邁阿密馬林魚 @ 休士頓太空人,51467148.1,374,得分最高單局(不含延長賽),252908602.1,第3局,,,5.45,20,89,,,
2026-07-22,2026-07-22T00:06:16,台灣運彩,824166,3478862.1,117,2026-07-22T08:10:00+08:00,邁阿密馬林魚,休士頓太空人,邁阿密馬林魚 @ 休士頓太空人,51467148.1,374,得分最高單局(不含延長賽),252908603.1,第4局,,,5.95,20,99,,,
2026-07-22,2026-07-22T00:06:16,台灣運彩,824166,3478862.1,117,2026-07-22T08:10:00+08:00,邁阿密馬林魚,休士頓太空人,邁阿密馬林魚 @ 休士頓太空人,51467148.1,374,得分最高單局(不含延長賽),252908604.1,第5局,,,5.70,10,47,,,
2026-07-22,2026-07-22T00:06:16,台灣運彩,824166,3478862.1,117,2026-07-22T08:10:00+08:00,邁阿密馬林魚,休士頓太空人,邁阿密馬林魚 @ 休士頓太空人,51467148.1,374,得分最高單局(不含延長賽),252908605.1,第6局,,,6.25,4,21,,,
2026-07-22,2026-07-22T00:06:16,台灣運彩,824166,3478862.1,117,2026-07-22T08:10:00+08:00,邁阿密馬林魚,休士頓太空人,邁阿密馬林魚 @ 休士頓太空人,51467148.1,374,得分最高單局(不含延長賽),252908606.1,第7局,,,6.50,2,11,,,
2026-07-22,2026-07-22T00:06:16,台灣運彩,824166,3478862.1,117,2026-07-22T08:10:00+08:00,邁阿密馬林魚,休士頓太空人,邁阿密馬林魚 @ 休士頓太空人,51467148.1,374,得分最高單局(不含延長賽),252908607.1,第8局,,,6.25,4,21,,,
2026-07-22,2026-07-22T00:06:16,台灣運彩,824166,3478862.1,117,2026-07-22T08:10:00+08:00,邁阿密馬林魚,休士頓太空人,邁阿密馬林魚 @ 休士頓太空人,51467148.1,374,得分最高單局(不含延長賽),252908608.1,第9局,,,8.00,1,7,,,
2026-07-22,2026-07-22T00:06:16,台灣運彩,824166,3478862.1,117,2026-07-22T08:10:00+08:00,邁阿密馬林魚,休士頓太空人,邁阿密馬林魚 @ 休士頓太空人,51467147.1,376,[1-5局] 不讓分,252908597.1,休士頓太空人,H,,1.70,10,7,H,,1
2026-07-22,2026-07-22T00:06:16,台灣運彩,824166,3478862.1,117,2026-07-22T08:10:00+08:00,邁阿密馬林魚,休士頓太空人,邁阿密馬林魚 @ 休士頓太空人,51467147.1,376,[1-5局] 不讓分,252908599.1,邁阿密馬林魚,A,,1.95,20,19,A,,2
2026-07-22,2026-07-22T00:06:16,台灣運彩,824166,3478862.1,117,2026-07-22T08:10:00+08:00,邁阿密馬林魚,休士頓太空人,邁阿密馬林魚 @ 休士頓太空人,51467147.1,376,[1-5局] 不讓分,252908598.1,和局,D,,5.15,20,83,D,,
2026-07-22,2026-07-22T00:06:16,台灣運彩,824166,3478862.1,117,2026-07-22T08:10:00+08:00,邁阿密馬林魚,休士頓太空人,邁阿密馬林魚 @ 休士頓太空人,51468917.1,378,[1-5局] 大小 5.5,252913230.1,大 5.5,A,5.5,1.80,5,4,A,5.5,
2026-07-22,2026-07-22T00:06:16,台灣運彩,824166,3478862.1,117,2026-07-22T08:10:00+08:00,邁阿密馬林魚,休士頓太空人,邁阿密馬林魚 @ 休士頓太空人,51468917.1,378,[1-5局] 大小 5.5,252913229.1,小 5.5,H,5.5,1.55,20,11,H,5.5,
2026-07-22,2026-07-22T00:06:16,台灣運彩,824166,3478862.1,117,2026-07-22T08:10:00+08:00,邁阿密馬林魚,休士頓太空人,邁阿密馬林魚 @ 休士頓太空人,51467146.1,379,[1-5局] 休士頓太空人 大小 2.5,252908596.1,大 2.5,A,2.5,1.75,4,3,A,2.5,
2026-07-22,2026-07-22T00:06:16,台灣運彩,824166,3478862.1,117,2026-07-22T08:10:00+08:00,邁阿密馬林魚,休士頓太空人,邁阿密馬林魚 @ 休士頓太空人,51467146.1,379,[1-5局] 休士頓太空人 大小 2.5,252908595.1,小 2.5,H,2.5,1.68,25,17,H,2.5,
2026-07-22,2026-07-22T00:06:16,台灣運彩,824166,3478862.1,117,2026-07-22T08:10:00+08:00,邁阿密馬林魚,休士頓太空人,邁阿密馬林魚 @ 休士頓太空人,51467745.1,380,[1-5局] 邁阿密馬林魚 大小 2.5,252910199.1,大 2.5,A,2.5,1.90,10,9,A,2.5,
2026-07-22,2026-07-22T00:06:16,台灣運彩,824166,3478862.1,117,2026-07-22T08:10:00+08:00,邁阿密馬林魚,休士頓太空人,邁阿密馬林魚 @ 休士頓太空人,51467745.1,380,[1-5局] 邁阿密馬林魚 大小 2.5,252910198.1,小 2.5,H,2.5,1.55,20,11,H,2.5,
2026-07-22,2026-07-22T00:06:16,台灣運彩,824166,3478862.1,117,2026-07-22T08:10:00+08:00,邁阿密馬林魚,休士頓太空人,邁阿密馬林魚 @ 休士頓太空人,51467133.1,389,[第1局] 不讓分,252908564.1,休士頓太空人,H,,2.75,4,7,H,,1
2026-07-22,2026-07-22T00:06:16,台灣運彩,824166,3478862.1,117,2026-07-22T08:10:00+08:00,邁阿密馬林魚,休士頓太空人,邁阿密馬林魚 @ 休士頓太空人,51467133.1,389,[第1局] 不讓分,252908566.1,邁阿密馬林魚,A,,3.15,20,43,A,,2
2026-07-22,2026-07-22T00:06:16,台灣運彩,824166,3478862.1,117,2026-07-22T08:10:00+08:00,邁阿密馬林魚,休士頓太空人,邁阿密馬林魚 @ 休士頓太空人,51467133.1,389,[第1局] 不讓分,252908565.1,和局,D,,1.60,5,3,D,,
2026-07-22,2026-07-22T00:06:16,台灣運彩,824166,3478862.1,117,2026-07-22T08:10:00+08:00,邁阿密馬林魚,休士頓太空人,邁阿密馬林魚 @ 休士頓太空人,51467136.1,398,[第1局] 大小 0.5,252908572.1,大 0.5,A,0.5,1.58,50,29,A,0.5,
2026-07-22,2026-07-22T00:06:16,台灣運彩,824166,3478862.1,117,2026-07-22T08:10:00+08:00,邁阿密馬林魚,休士頓太空人,邁阿密馬林魚 @ 休士頓太空人,51467136.1,398,[第1局] 大小 0.5,252908571.1,小 0.5,H,0.5,1.75,4,3,H,0.5,
2026-07-22,2026-07-22T00:06:16,台灣運彩,824327,3478866.1,118,2026-07-22T08:40:00+08:00,華盛頓國民,科羅拉多洛磯,華盛頓國民 @ 科羅拉多洛磯,51467362.1,354,不讓分,252909156.1,科羅拉多落磯,H,,1.80,5,4,H,,1
2026-07-22,2026-07-22T00:06:16,台灣運彩,824327,3478866.1,118,2026-07-22T08:40:00+08:00,華盛頓國民,科羅拉多洛磯,華盛頓國民 @ 科羅拉多洛磯,51467362.1,354,不讓分,252909157.1,華盛頓國民,A,,1.70,10,7,A,,2
2026-07-22,2026-07-22T00:06:16,台灣運彩,824327,3478866.1,118,2026-07-22T08:40:00+08:00,華盛頓國民,科羅拉多洛磯,華盛頓國民 @ 科羅拉多洛磯,51467376.1,357,勝分差,252909186.1,科羅拉多落磯 1 分,H,,4.80,5,19,H,,
2026-07-22,2026-07-22T00:06:16,台灣運彩,824327,3478866.1,118,2026-07-22T08:40:00+08:00,華盛頓國民,科羅拉多洛磯,華盛頓國民 @ 科羅拉多洛磯,51467376.1,357,勝分差,252909187.1,科羅拉多落磯 2 分,H,,8.25,4,29,H,,
2026-07-22,2026-07-22T00:06:16,台灣運彩,824327,3478866.1,118,2026-07-22T08:40:00+08:00,華盛頓國民,科羅拉多洛磯,華盛頓國民 @ 科羅拉多洛磯,51467376.1,357,勝分差,252909188.1,科羅拉多落磯 > 2分,H,,2.50,2,3,H,,
2026-07-22,2026-07-22T00:06:16,台灣運彩,824327,3478866.1,118,2026-07-22T08:40:00+08:00,華盛頓國民,科羅拉多洛磯,華盛頓國民 @ 科羅拉多洛磯,51467376.1,357,勝分差,252909189.1,華盛頓國民 1 分,A,,7.25,4,25,A,,
2026-07-22,2026-07-22T00:06:16,台灣運彩,824327,3478866.1,118,2026-07-22T08:40:00+08:00,華盛頓國民,科羅拉多洛磯,華盛頓國民 @ 科羅拉多洛磯,51467376.1,357,勝分差,252909190.1,華盛頓國民 2 分,A,,8.50,2,15,A,,
2026-07-22,2026-07-22T00:06:16,台灣運彩,824327,3478866.1,118,2026-07-22T08:40:00+08:00,華盛頓國民,科羅拉多洛磯,華盛頓國民 @ 科羅拉多洛磯,51467376.1,357,勝分差,252909191.1,華盛頓國民 > 2分,A,,2.20,5,6,A,,
2026-07-22,2026-07-22T00:06:16,台灣運彩,824327,3478866.1,118,2026-07-22T08:40:00+08:00,華盛頓國民,科羅拉多洛磯,華盛頓國民 @ 科羅拉多洛磯,51467373.1,358,讓分 1.5,252909179.1,科羅拉多落磯 +1.5,H,1.5,1.53,100,53,H,1.5,1
2026-07-22,2026-07-22T00:06:16,台灣運彩,824327,3478866.1,118,2026-07-22T08:40:00+08:00,華盛頓國民,科羅拉多洛磯,華盛頓國民 @ 科羅拉多洛磯,51467373.1,358,讓分 1.5,252909180.1,華盛頓國民 -1.5,A,1.5,1.97,100,97,A,1.5,2
2026-07-22,2026-07-22T00:06:16,台灣運彩,824327,3478866.1,118,2026-07-22T08:40:00+08:00,華盛頓國民,科羅拉多洛磯,華盛頓國民 @ 科羅拉多洛磯,51467452.1,358,讓分 2.5,252909428.1,科羅拉多落磯 +2.5,H,2.5,1.38,50,19,H,2.5,1
2026-07-22,2026-07-22T00:06:16,台灣運彩,824327,3478866.1,118,2026-07-22T08:40:00+08:00,華盛頓國民,科羅拉多洛磯,華盛頓國民 @ 科羅拉多洛磯,51467452.1,358,讓分 2.5,252909429.1,華盛頓國民 -2.5,A,2.5,2.33,100,133,A,2.5,2
2026-07-22,2026-07-22T00:06:16,台灣運彩,824327,3478866.1,118,2026-07-22T08:40:00+08:00,華盛頓國民,科羅拉多洛磯,華盛頓國民 @ 科羅拉多洛磯,51467363.1,360,[總分]大小 11.5,252909159.1,大 11.5,A,11.5,1.46,50,23,A,11.5,
2026-07-22,2026-07-22T00:06:16,台灣運彩,824327,3478866.1,118,2026-07-22T08:40:00+08:00,華盛頓國民,科羅拉多洛磯,華盛頓國民 @ 科羅拉多洛磯,51467363.1,360,[總分]大小 11.5,252909158.1,小 11.5,H,11.5,2.07,100,107,H,11.5,
2026-07-22,2026-07-22T00:06:16,台灣運彩,824327,3478866.1,118,2026-07-22T08:40:00+08:00,華盛頓國民,科羅拉多洛磯,華盛頓國民 @ 科羅拉多洛磯,51467364.1,360,[總分]大小 13.5,252909161.1,大 13.5,A,13.5,1.88,25,22,A,13.5,
2026-07-22,2026-07-22T00:06:16,台灣運彩,824327,3478866.1,118,2026-07-22T08:40:00+08:00,華盛頓國民,科羅拉多洛磯,華盛頓國民 @ 科羅拉多洛磯,51467364.1,360,[總分]大小 13.5,252909160.1,小 13.5,H,13.5,1.62,50,31,H,13.5,
2026-07-22,2026-07-22T00:06:16,台灣運彩,824327,3478866.1,118,2026-07-22T08:40:00+08:00,華盛頓國民,科羅拉多洛磯,華盛頓國民 @ 科羅拉多洛磯,51467365.1,360,[總分]大小 12.5,252909163.1,大 12.5,A,12.5,1.63,100,63,A,12.5,
2026-07-22,2026-07-22T00:06:16,台灣運彩,824327,3478866.1,118,2026-07-22T08:40:00+08:00,華盛頓國民,科羅拉多洛磯,華盛頓國民 @ 科羅拉多洛磯,51467365.1,360,[總分]大小 12.5,252909162.1,小 12.5,H,12.5,1.87,100,87,H,12.5,
2026-07-22,2026-07-22T00:06:16,台灣運彩,824327,3478866.1,118,2026-07-22T08:40:00+08:00,華盛頓國民,科羅拉多洛磯,華盛頓國民 @ 科羅拉多洛磯,51467366.1,362,科羅拉多落磯 大小 6.5,252909165.1,大 6.5,A,6.5,1.85,20,17,A,6.5,
2026-07-22,2026-07-22T00:06:16,台灣運彩,824327,3478866.1,118,2026-07-22T08:40:00+08:00,華盛頓國民,科羅拉多洛磯,華盛頓國民 @ 科羅拉多洛磯,51467366.1,362,科羅拉多落磯 大小 6.5,252909164.1,小 6.5,H,6.5,1.60,5,3,H,6.5,
2026-07-22,2026-07-22T00:06:16,台灣運彩,824327,3478866.1,118,2026-07-22T08:40:00+08:00,華盛頓國民,科羅拉多洛磯,華盛頓國民 @ 科羅拉多洛磯,51467368.1,363,華盛頓國民 大小 6.5,252909169.1,大 6.5,A,6.5,1.75,4,3,A,6.5,
2026-07-22,2026-07-22T00:06:16,台灣運彩,824327,3478866.1,118,2026-07-22T08:40:00+08:00,華盛頓國民,科羅拉多洛磯,華盛頓國民 @ 科羅拉多洛磯,51467368.1,363,華盛頓國民 大小 6.5,252909168.1,小 6.5,H,6.5,1.68,25,17,H,6.5,
2026-07-22,2026-07-22T00:06:16,台灣運彩,824327,3478866.1,118,2026-07-22T08:40:00+08:00,華盛頓國民,科羅拉多洛磯,華盛頓國民 @ 科羅拉多洛磯,51467361.1,366,[總分]單雙,252909155.1,單,,,1.52,25,13,,,
2026-07-22,2026-07-22T00:06:16,台灣運彩,824327,3478866.1,118,2026-07-22T08:40:00+08:00,華盛頓國民,科羅拉多洛磯,華盛頓國民 @ 科羅拉多洛磯,51467361.1,366,[總分]單雙,252909154.1,雙,,,1.94,50,47,,,
2026-07-22,2026-07-22T00:06:16,台灣運彩,824327,3478866.1,118,2026-07-22T08:40:00+08:00,華盛頓國民,科羅拉多洛磯,華盛頓國民 @ 科羅拉多洛磯,51467377.1,374,得分最高單局(不含延長賽),252909201.1,一樣多,,,2.50,2,3,,,
2026-07-22,2026-07-22T00:06:16,台灣運彩,824327,3478866.1,118,2026-07-22T08:40:00+08:00,華盛頓國民,科羅拉多洛磯,華盛頓國民 @ 科羅拉多洛磯,51467377.1,374,得分最高單局(不含延長賽),252909192.1,第1局,,,5.10,10,41,,,
2026-07-22,2026-07-22T00:06:16,台灣運彩,824327,3478866.1,118,2026-07-22T08:40:00+08:00,華盛頓國民,科羅拉多洛磯,華盛頓國民 @ 科羅拉多洛磯,51467377.1,374,得分最高單局(不含延長賽),252909193.1,第2局,,,6.25,4,21,,,
2026-07-22,2026-07-22T00:06:16,台灣運彩,824327,3478866.1,118,2026-07-22T08:40:00+08:00,華盛頓國民,科羅拉多洛磯,華盛頓國民 @ 科羅拉多洛磯,51467377.1,374,得分最高單局(不含延長賽),252909194.1,第3局,,,5.25,4,17,,,
2026-07-22,2026-07-22T00:06:16,台灣運彩,824327,3478866.1,118,2026-07-22T08:40:00+08:00,華盛頓國民,科羅拉多洛磯,華盛頓國民 @ 科羅拉多洛磯,51467377.1,374,得分最高單局(不含延長賽),252909195.1,第4局,,,5.95,20,99,,,
2026-07-22,2026-07-22T00:06:16,台灣運彩,824327,3478866.1,118,2026-07-22T08:40:00+08:00,華盛頓國民,科羅拉多洛磯,華盛頓國民 @ 科羅拉多洛磯,51467377.1,374,得分最高單局(不含延長賽),252909196.1,第5局,,,5.50,2,9,,,
2026-07-22,2026-07-22T00:06:16,台灣運彩,824327,3478866.1,118,2026-07-22T08:40:00+08:00,華盛頓國民,科羅拉多洛磯,華盛頓國民 @ 科羅拉多洛磯,51467377.1,374,得分最高單局(不含延長賽),252909197.1,第6局,,,6.25,4,21,,,
2026-07-22,2026-07-22T00:06:16,台灣運彩,824327,3478866.1,118,2026-07-22T08:40:00+08:00,華盛頓國民,科羅拉多洛磯,華盛頓國民 @ 科羅拉多洛磯,51467377.1,374,得分最高單局(不含延長賽),252909198.1,第7局,,,6.25,4,21,,,
2026-07-22,2026-07-22T00:06:16,台灣運彩,824327,3478866.1,118,2026-07-22T08:40:00+08:00,華盛頓國民,科羅拉多洛磯,華盛頓國民 @ 科羅拉多洛磯,51467377.1,374,得分最高單局(不含延長賽),252909199.1,第8局,,,6.25,4,21,,,
2026-07-22,2026-07-22T00:06:16,台灣運彩,824327,3478866.1,118,2026-07-22T08:40:00+08:00,華盛頓國民,科羅拉多洛磯,華盛頓國民 @ 科羅拉多洛磯,51467377.1,374,得分最高單局(不含延長賽),252909200.1,第9局,,,8.00,1,7,,,
2026-07-22,2026-07-22T00:06:16,台灣運彩,824327,3478866.1,118,2026-07-22T08:40:00+08:00,華盛頓國民,科羅拉多洛磯,華盛頓國民 @ 科羅拉多洛磯,51467374.1,376,[1-5局] 不讓分,252909181.1,科羅拉多落磯,H,,1.75,4,3,H,,1
2026-07-22,2026-07-22T00:06:16,台灣運彩,824327,3478866.1,118,2026-07-22T08:40:00+08:00,華盛頓國民,科羅拉多洛磯,華盛頓國民 @ 科羅拉多洛磯,51467374.1,376,[1-5局] 不讓分,252909183.1,華盛頓國民,A,,1.75,4,3,A,,2
2026-07-22,2026-07-22T00:06:16,台灣運彩,824327,3478866.1,118,2026-07-22T08:40:00+08:00,華盛頓國民,科羅拉多洛磯,華盛頓國民 @ 科羅拉多洛磯,51467374.1,376,[1-5局] 不讓分,252909182.1,和局,D,,6.50,2,11,D,,
2026-07-22,2026-07-22T00:06:16,台灣運彩,824327,3478866.1,118,2026-07-22T08:40:00+08:00,華盛頓國民,科羅拉多洛磯,華盛頓國民 @ 科羅拉多洛磯,51468101.1,378,[1-5局] 大小 7.5,252910972.1,大 7.5,A,7.5,1.71,100,71,A,7.5,
2026-07-22,2026-07-22T00:06:16,台灣運彩,824327,3478866.1,118,2026-07-22T08:40:00+08:00,華盛頓國民,科羅拉多洛磯,華盛頓國民 @ 科羅拉多洛磯,51468101.1,378,[1-5局] 大小 7.5,252910971.1,小 7.5,H,7.5,1.62,50,31,H,7.5,
2026-07-22,2026-07-22T00:06:16,台灣運彩,824327,3478866.1,118,2026-07-22T08:40:00+08:00,華盛頓國民,科羅拉多洛磯,華盛頓國民 @ 科羅拉多洛磯,51467370.1,379,[1-5局] 科羅拉多落磯 大小 3.5,252909174.1,大 3.5,A,3.5,1.76,25,19,A,3.5,
2026-07-22,2026-07-22T00:06:16,台灣運彩,824327,3478866.1,118,2026-07-22T08:40:00+08:00,華盛頓國民,科羅拉多洛磯,華盛頓國民 @ 科羅拉多洛磯,51467370.1,379,[1-5局] 科羅拉多落磯 大小 3.5,252909173.1,小 3.5,H,3.5,1.66,50,33,H,3.5,
2026-07-22,2026-07-22T00:06:16,台灣運彩,824327,3478866.1,118,2026-07-22T08:40:00+08:00,華盛頓國民,科羅拉多洛磯,華盛頓國民 @ 科羅拉多洛磯,51467367.1,380,[1-5局] 華盛頓國民 大小 3.5,252909167.1,大 3.5,A,3.5,1.78,50,39,A,3.5,
2026-07-22,2026-07-22T00:06:16,台灣運彩,824327,3478866.1,118,2026-07-22T08:40:00+08:00,華盛頓國民,科羅拉多洛磯,華盛頓國民 @ 科羅拉多洛磯,51467367.1,380,[1-5局] 華盛頓國民 大小 3.5,252909166.1,小 3.5,H,3.5,1.65,20,13,H,3.5,
2026-07-22,2026-07-22T00:06:16,台灣運彩,824327,3478866.1,118,2026-07-22T08:40:00+08:00,華盛頓國民,科羅拉多洛磯,華盛頓國民 @ 科羅拉多洛磯,51467369.1,389,[第1局] 不讓分,252909170.1,科羅拉多落磯,H,,2.50,2,3,H,,1
2026-07-22,2026-07-22T00:06:16,台灣運彩,824327,3478866.1,118,2026-07-22T08:40:00+08:00,華盛頓國民,科羅拉多洛磯,華盛頓國民 @ 科羅拉多洛磯,51467369.1,389,[第1局] 不讓分,252909172.1,華盛頓國民,A,,2.60,5,8,A,,2
2026-07-22,2026-07-22T00:06:16,台灣運彩,824327,3478866.1,118,2026-07-22T08:40:00+08:00,華盛頓國民,科羅拉多洛磯,華盛頓國民 @ 科羅拉多洛磯,51467369.1,389,[第1局] 不讓分,252909171.1,和局,D,,1.95,20,19,D,,
2026-07-22,2026-07-22T00:06:16,台灣運彩,824327,3478866.1,118,2026-07-22T08:40:00+08:00,華盛頓國民,科羅拉多洛磯,華盛頓國民 @ 科羅拉多洛磯,51467372.1,398,[第1局] 大小 1.5,252909178.1,大 1.5,A,1.5,1.90,10,9,A,1.5,
2026-07-22,2026-07-22T00:06:16,台灣運彩,824327,3478866.1,118,2026-07-22T08:40:00+08:00,華盛頓國民,科羅拉多洛磯,華盛頓國民 @ 科羅拉多洛磯,51467372.1,398,[第1局] 大小 1.5,252909177.1,小 1.5,H,1.5,1.48,25,12,H,1.5,
2026-07-22,2026-07-22T00:06:16,台灣運彩,824004,3478868.1,119,2026-07-22T09:38:00+08:00,聖路易紅雀,洛杉磯天使,聖路易紅雀 @ 洛杉磯天使,51467481.1,354,不讓分,252909488.1,洛杉磯天使,H,,1.65,20,13,H,,1
2026-07-22,2026-07-22T00:06:16,台灣運彩,824004,3478868.1,119,2026-07-22T09:38:00+08:00,聖路易紅雀,洛杉磯天使,聖路易紅雀 @ 洛杉磯天使,51467481.1,354,不讓分,252909489.1,聖路易紅雀,A,,1.85,20,17,A,,2
2026-07-22,2026-07-22T00:06:16,台灣運彩,824004,3478868.1,119,2026-07-22T09:38:00+08:00,聖路易紅雀,洛杉磯天使,聖路易紅雀 @ 洛杉磯天使,51467497.1,357,勝分差,252909522.1,洛杉磯天使 1 分,H,,4.20,5,16,H,,
2026-07-22,2026-07-22T00:06:16,台灣運彩,824004,3478868.1,119,2026-07-22T09:38:00+08:00,聖路易紅雀,洛杉磯天使,聖路易紅雀 @ 洛杉磯天使,51467497.1,357,勝分差,252909523.1,洛杉磯天使 2 分,H,,7.75,4,27,H,,
2026-07-22,2026-07-22T00:06:16,台灣運彩,824004,3478868.1,119,2026-07-22T09:38:00+08:00,聖路易紅雀,洛杉磯天使,聖路易紅雀 @ 洛杉磯天使,51467497.1,357,勝分差,252909524.1,洛杉磯天使 > 2分,H,,2.65,20,33,H,,
2026-07-22,2026-07-22T00:06:16,台灣運彩,824004,3478868.1,119,2026-07-22T09:38:00+08:00,聖路易紅雀,洛杉磯天使,聖路易紅雀 @ 洛杉磯天使,51467497.1,357,勝分差,252909525.1,聖路易紅雀 1 分,A,,5.90,10,49,A,,
2026-07-22,2026-07-22T00:06:16,台灣運彩,824004,3478868.1,119,2026-07-22T09:38:00+08:00,聖路易紅雀,洛杉磯天使,聖路易紅雀 @ 洛杉磯天使,51467497.1,357,勝分差,252909526.1,聖路易紅雀 2 分,A,,7.25,4,25,A,,
2026-07-22,2026-07-22T00:06:16,台灣運彩,824004,3478868.1,119,2026-07-22T09:38:00+08:00,聖路易紅雀,洛杉磯天使,聖路易紅雀 @ 洛杉磯天使,51467497.1,357,勝分差,252909527.1,聖路易紅雀 > 2分,A,,2.50,2,3,A,,
2026-07-22,2026-07-22T00:06:16,台灣運彩,824004,3478868.1,119,2026-07-22T09:38:00+08:00,聖路易紅雀,洛杉磯天使,聖路易紅雀 @ 洛杉磯天使,51467489.1,358,讓分 1.5,252909505.1,洛杉磯天使 +1.5,H,1.5,1.40,5,2,H,1.5,1
2026-07-22,2026-07-22T00:06:16,台灣運彩,824004,3478868.1,119,2026-07-22T09:38:00+08:00,聖路易紅雀,洛杉磯天使,聖路易紅雀 @ 洛杉磯天使,51467489.1,358,讓分 1.5,252909506.1,聖路易紅雀 -1.5,A,1.5,2.30,10,13,A,1.5,2
2026-07-22,2026-07-22T00:06:16,台灣運彩,824004,3478868.1,119,2026-07-22T09:38:00+08:00,聖路易紅雀,洛杉磯天使,聖路易紅雀 @ 洛杉磯天使,51468765.1,358,讓分 -2.5,252912813.1,洛杉磯天使 -2.5,H,-2.5,2.70,10,17,H,-2.5,1
2026-07-22,2026-07-22T00:06:16,台灣運彩,824004,3478868.1,119,2026-07-22T09:38:00+08:00,聖路易紅雀,洛杉磯天使,聖路易紅雀 @ 洛杉磯天使,51468765.1,358,讓分 -2.5,252912814.1,聖路易紅雀 +2.5,A,-2.5,1.28,25,7,A,-2.5,2
2026-07-22,2026-07-22T00:06:16,台灣運彩,824004,3478868.1,119,2026-07-22T09:38:00+08:00,聖路易紅雀,洛杉磯天使,聖路易紅雀 @ 洛杉磯天使,51468766.1,358,讓分 -1.5,252912815.1,洛杉磯天使 -1.5,H,-1.5,2.20,5,6,H,-1.5,1
2026-07-22,2026-07-22T00:06:16,台灣運彩,824004,3478868.1,119,2026-07-22T09:38:00+08:00,聖路易紅雀,洛杉磯天使,聖路易紅雀 @ 洛杉磯天使,51468766.1,358,讓分 -1.5,252912816.1,聖路易紅雀 +1.5,A,-1.5,1.42,50,21,A,-1.5,2
2026-07-22,2026-07-22T00:06:16,台灣運彩,824004,3478868.1,119,2026-07-22T09:38:00+08:00,聖路易紅雀,洛杉磯天使,聖路易紅雀 @ 洛杉磯天使,51467482.1,360,[總分]大小 9.5,252909491.1,大 9.5,A,9.5,1.84,25,21,A,9.5,
2026-07-22,2026-07-22T00:06:16,台灣運彩,824004,3478868.1,119,2026-07-22T09:38:00+08:00,聖路易紅雀,洛杉磯天使,聖路易紅雀 @ 洛杉磯天使,51467482.1,360,[總分]大小 9.5,252909490.1,小 9.5,H,9.5,1.66,50,33,H,9.5,
2026-07-22,2026-07-22T00:06:16,台灣運彩,824004,3478868.1,119,2026-07-22T09:38:00+08:00,聖路易紅雀,洛杉磯天使,聖路易紅雀 @ 洛杉磯天使,51467492.1,360,[總分]大小 8.5,252909512.1,大 8.5,A,8.5,1.52,25,13,A,8.5,
2026-07-22,2026-07-22T00:06:16,台灣運彩,824004,3478868.1,119,2026-07-22T09:38:00+08:00,聖路易紅雀,洛杉磯天使,聖路易紅雀 @ 洛杉磯天使,51467492.1,360,[總分]大小 8.5,252909511.1,小 8.5,H,8.5,1.98,50,49,H,8.5,
2026-07-22,2026-07-22T00:06:16,台灣運彩,824004,3478868.1,119,2026-07-22T09:38:00+08:00,聖路易紅雀,洛杉磯天使,聖路易紅雀 @ 洛杉磯天使,51468706.1,360,[總分]大小 10.5,252912626.1,大 10.5,A,10.5,2.05,20,21,A,10.5,
2026-07-22,2026-07-22T00:06:16,台灣運彩,824004,3478868.1,119,2026-07-22T09:38:00+08:00,聖路易紅雀,洛杉磯天使,聖路易紅雀 @ 洛杉磯天使,51468706.1,360,[總分]大小 10.5,252912625.1,小 10.5,H,10.5,1.48,25,12,H,10.5,
2026-07-22,2026-07-22T00:06:16,台灣運彩,824004,3478868.1,119,2026-07-22T09:38:00+08:00,聖路易紅雀,洛杉磯天使,聖路易紅雀 @ 洛杉磯天使,51467495.1,362,洛杉磯天使 大小 4.5,252909518.1,大 4.5,A,4.5,1.75,4,3,A,4.5,
2026-07-22,2026-07-22T00:06:16,台灣運彩,824004,3478868.1,119,2026-07-22T09:38:00+08:00,聖路易紅雀,洛杉磯天使,聖路易紅雀 @ 洛杉磯天使,51467495.1,362,洛杉磯天使 大小 4.5,252909517.1,小 4.5,H,4.5,1.68,25,17,H,4.5,
2026-07-22,2026-07-22T00:06:16,台灣運彩,824004,3478868.1,119,2026-07-22T09:38:00+08:00,聖路易紅雀,洛杉磯天使,聖路易紅雀 @ 洛杉磯天使,51467491.1,363,聖路易紅雀 大小 4.5,252909510.1,大 4.5,A,4.5,1.75,4,3,A,4.5,
2026-07-22,2026-07-22T00:06:16,台灣運彩,824004,3478868.1,119,2026-07-22T09:38:00+08:00,聖路易紅雀,洛杉磯天使,聖路易紅雀 @ 洛杉磯天使,51467491.1,363,聖路易紅雀 大小 4.5,252909509.1,小 4.5,H,4.5,1.68,25,17,H,4.5,
2026-07-22,2026-07-22T00:06:16,台灣運彩,824004,3478868.1,119,2026-07-22T09:38:00+08:00,聖路易紅雀,洛杉磯天使,聖路易紅雀 @ 洛杉磯天使,51467486.1,366,[總分]單雙,252909499.1,單,,,1.48,25,12,,,
2026-07-22,2026-07-22T00:06:16,台灣運彩,824004,3478868.1,119,2026-07-22T09:38:00+08:00,聖路易紅雀,洛杉磯天使,聖路易紅雀 @ 洛杉磯天使,51467486.1,366,[總分]單雙,252909498.1,雙,,,2.00,1,1,,,
2026-07-22,2026-07-22T00:06:16,台灣運彩,824004,3478868.1,119,2026-07-22T09:38:00+08:00,聖路易紅雀,洛杉磯天使,聖路易紅雀 @ 洛杉磯天使,51467498.1,374,得分最高單局(不含延長賽),252909537.1,一樣多,,,2.30,10,13,,,
2026-07-22,2026-07-22T00:06:16,台灣運彩,824004,3478868.1,119,2026-07-22T09:38:00+08:00,聖路易紅雀,洛杉磯天使,聖路易紅雀 @ 洛杉磯天使,51467498.1,374,得分最高單局(不含延長賽),252909528.1,第1局,,,5.30,10,43,,,
2026-07-22,2026-07-22T00:06:16,台灣運彩,824004,3478868.1,119,2026-07-22T09:38:00+08:00,聖路易紅雀,洛杉磯天使,聖路易紅雀 @ 洛杉磯天使,51467498.1,374,得分最高單局(不含延長賽),252909529.1,第2局,,,6.50,2,11,,,
2026-07-22,2026-07-22T00:06:16,台灣運彩,824004,3478868.1,119,2026-07-22T09:38:00+08:00,聖路易紅雀,洛杉磯天使,聖路易紅雀 @ 洛杉磯天使,51467498.1,374,得分最高單局(不含延長賽),252909530.1,第3局,,,5.55,20,91,,,
2026-07-22,2026-07-22T00:06:16,台灣運彩,824004,3478868.1,119,2026-07-22T09:38:00+08:00,聖路易紅雀,洛杉磯天使,聖路易紅雀 @ 洛杉磯天使,51467498.1,374,得分最高單局(不含延長賽),252909531.1,第4局,,,6.00,1,5,,,
2026-07-22,2026-07-22T00:06:16,台灣運彩,824004,3478868.1,119,2026-07-22T09:38:00+08:00,聖路易紅雀,洛杉磯天使,聖路易紅雀 @ 洛杉磯天使,51467498.1,374,得分最高單局(不含延長賽),252909532.1,第5局,,,6.00,1,5,,,
2026-07-22,2026-07-22T00:06:16,台灣運彩,824004,3478868.1,119,2026-07-22T09:38:00+08:00,聖路易紅雀,洛杉磯天使,聖路易紅雀 @ 洛杉磯天使,51467498.1,374,得分最高單局(不含延長賽),252909533.1,第6局,,,5.85,20,97,,,
2026-07-22,2026-07-22T00:06:16,台灣運彩,824004,3478868.1,119,2026-07-22T09:38:00+08:00,聖路易紅雀,洛杉磯天使,聖路易紅雀 @ 洛杉磯天使,51467498.1,374,得分最高單局(不含延長賽),252909534.1,第7局,,,6.00,1,5,,,
2026-07-22,2026-07-22T00:06:16,台灣運彩,824004,3478868.1,119,2026-07-22T09:38:00+08:00,聖路易紅雀,洛杉磯天使,聖路易紅雀 @ 洛杉磯天使,51467498.1,374,得分最高單局(不含延長賽),252909535.1,第8局,,,5.90,10,49,,,
2026-07-22,2026-07-22T00:06:16,台灣運彩,824004,3478868.1,119,2026-07-22T09:38:00+08:00,聖路易紅雀,洛杉磯天使,聖路易紅雀 @ 洛杉磯天使,51467498.1,374,得分最高單局(不含延長賽),252909536.1,第9局,,,8.00,1,7,,,
2026-07-22,2026-07-22T00:06:16,台灣運彩,824004,3478868.1,119,2026-07-22T09:38:00+08:00,聖路易紅雀,洛杉磯天使,聖路易紅雀 @ 洛杉磯天使,51467496.1,376,[1-5局] 不讓分,252909519.1,洛杉磯天使,H,,1.80,5,4,H,,1
2026-07-22,2026-07-22T00:06:16,台灣運彩,824004,3478868.1,119,2026-07-22T09:38:00+08:00,聖路易紅雀,洛杉磯天使,聖路易紅雀 @ 洛杉磯天使,51467496.1,376,[1-5局] 不讓分,252909521.1,聖路易紅雀,A,,1.85,20,17,A,,2
2026-07-22,2026-07-22T00:06:16,台灣運彩,824004,3478868.1,119,2026-07-22T09:38:00+08:00,聖路易紅雀,洛杉磯天使,聖路易紅雀 @ 洛杉磯天使,51467496.1,376,[1-5局] 不讓分,252909520.1,和局,D,,5.00,1,4,D,,
2026-07-22,2026-07-22T00:06:16,台灣運彩,824004,3478868.1,119,2026-07-22T09:38:00+08:00,聖路易紅雀,洛杉磯天使,聖路易紅雀 @ 洛杉磯天使,51467493.1,378,[1-5局] 大小 4.5,252909514.1,大 4.5,A,4.5,1.52,25,13,A,4.5,
2026-07-22,2026-07-22T00:06:16,台灣運彩,824004,3478868.1,119,2026-07-22T09:38:00+08:00,聖路易紅雀,洛杉磯天使,聖路易紅雀 @ 洛杉磯天使,51467493.1,378,[1-5局] 大小 4.5,252909513.1,小 4.5,H,4.5,1.83,100,83,H,4.5,
2026-07-22,2026-07-22T00:06:16,台灣運彩,824004,3478868.1,119,2026-07-22T09:38:00+08:00,聖路易紅雀,洛杉磯天使,聖路易紅雀 @ 洛杉磯天使,51467488.1,379,[1-5局] 洛杉磯天使 大小 2.5,252909504.1,大 2.5,A,2.5,1.82,50,41,A,2.5,
2026-07-22,2026-07-22T00:06:16,台灣運彩,824004,3478868.1,119,2026-07-22T09:38:00+08:00,聖路易紅雀,洛杉磯天使,聖路易紅雀 @ 洛杉磯天使,51467488.1,379,[1-5局] 洛杉磯天使 大小 2.5,252909503.1,小 2.5,H,2.5,1.62,50,31,H,2.5,
2026-07-22,2026-07-22T00:06:16,台灣運彩,824004,3478868.1,119,2026-07-22T09:38:00+08:00,聖路易紅雀,洛杉磯天使,聖路易紅雀 @ 洛杉磯天使,51467494.1,380,[1-5局] 聖路易紅雀 大小 2.5,252909516.1,大 2.5,A,2.5,1.88,25,22,A,2.5,
2026-07-22,2026-07-22T00:06:16,台灣運彩,824004,3478868.1,119,2026-07-22T09:38:00+08:00,聖路易紅雀,洛杉磯天使,聖路易紅雀 @ 洛杉磯天使,51467494.1,380,[1-5局] 聖路易紅雀 大小 2.5,252909515.1,小 2.5,H,2.5,1.56,25,14,H,2.5,
2026-07-22,2026-07-22T00:06:16,台灣運彩,824004,3478868.1,119,2026-07-22T09:38:00+08:00,聖路易紅雀,洛杉磯天使,聖路易紅雀 @ 洛杉磯天使,51467487.1,389,[第1局] 不讓分,252909500.1,洛杉磯天使,H,,2.85,20,37,H,,1
2026-07-22,2026-07-22T00:06:16,台灣運彩,824004,3478868.1,119,2026-07-22T09:38:00+08:00,聖路易紅雀,洛杉磯天使,聖路易紅雀 @ 洛杉磯天使,51467487.1,389,[第1局] 不讓分,252909502.1,聖路易紅雀,A,,3.10,10,21,A,,2
2026-07-22,2026-07-22T00:06:16,台灣運彩,824004,3478868.1,119,2026-07-22T09:38:00+08:00,聖路易紅雀,洛杉磯天使,聖路易紅雀 @ 洛杉磯天使,51467487.1,389,[第1局] 不讓分,252909501.1,和局,D,,1.60,5,3,D,,
2026-07-22,2026-07-22T00:06:16,台灣運彩,824004,3478868.1,119,2026-07-22T09:38:00+08:00,聖路易紅雀,洛杉磯天使,聖路易紅雀 @ 洛杉磯天使,51467483.1,398,[第1局] 大小 0.5,252909493.1,大 0.5,A,0.5,1.62,50,31,A,0.5,
2026-07-22,2026-07-22T00:06:16,台灣運彩,824004,3478868.1,119,2026-07-22T09:38:00+08:00,聖路易紅雀,洛杉磯天使,聖路易紅雀 @ 洛杉磯天使,51467483.1,398,[第1局] 大小 0.5,252909492.1,小 0.5,H,0.5,1.71,100,71,H,0.5,
2026-07-22,2026-07-22T00:06:16,台灣運彩,823110,3478869.1,120,2026-07-22T09:40:00+08:00,辛辛那提紅人,西雅圖水手,辛辛那提紅人 @ 西雅圖水手,51467506.1,354,不讓分,252909553.1,西雅圖水手,H,,1.70,10,7,H,,1
2026-07-22,2026-07-22T00:06:16,台灣運彩,823110,3478869.1,120,2026-07-22T09:40:00+08:00,辛辛那提紅人,西雅圖水手,辛辛那提紅人 @ 西雅圖水手,51467506.1,354,不讓分,252909554.1,辛辛那堤紅人,A,,1.80,5,4,A,,2
2026-07-22,2026-07-22T00:06:16,台灣運彩,823110,3478869.1,120,2026-07-22T09:40:00+08:00,辛辛那提紅人,西雅圖水手,辛辛那提紅人 @ 西雅圖水手,51467511.1,357,勝分差,252909564.1,西雅圖水手 1 分,H,,3.90,10,29,H,,
2026-07-22,2026-07-22T00:06:16,台灣運彩,823110,3478869.1,120,2026-07-22T09:40:00+08:00,辛辛那提紅人,西雅圖水手,辛辛那提紅人 @ 西雅圖水手,51467511.1,357,勝分差,252909565.1,西雅圖水手 2 分,H,,7.25,4,25,H,,
2026-07-22,2026-07-22T00:06:16,台灣運彩,823110,3478869.1,120,2026-07-22T09:40:00+08:00,辛辛那提紅人,西雅圖水手,辛辛那提紅人 @ 西雅圖水手,51467511.1,357,勝分差,252909566.1,西雅圖水手 > 2分,H,,2.85,20,37,H,,
2026-07-22,2026-07-22T00:06:16,台灣運彩,823110,3478869.1,120,2026-07-22T09:40:00+08:00,辛辛那提紅人,西雅圖水手,辛辛那提紅人 @ 西雅圖水手,51467511.1,357,勝分差,252909567.1,辛辛那堤紅人 1 分,A,,5.25,4,17,A,,
2026-07-22,2026-07-22T00:06:16,台灣運彩,823110,3478869.1,120,2026-07-22T09:40:00+08:00,辛辛那提紅人,西雅圖水手,辛辛那提紅人 @ 西雅圖水手,51467511.1,357,勝分差,252909568.1,辛辛那堤紅人 2 分,A,,6.75,4,23,A,,
2026-07-22,2026-07-22T00:06:16,台灣運彩,823110,3478869.1,120,2026-07-22T09:40:00+08:00,辛辛那提紅人,西雅圖水手,辛辛那提紅人 @ 西雅圖水手,51467511.1,357,勝分差,252909569.1,辛辛那堤紅人 > 2分,A,,2.75,4,7,A,,
2026-07-22,2026-07-22T00:06:16,台灣運彩,823110,3478869.1,120,2026-07-22T09:40:00+08:00,辛辛那提紅人,西雅圖水手,辛辛那提紅人 @ 西雅圖水手,51467502.1,358,讓分 -1.5,252909544.1,西雅圖水手 -1.5,H,-1.5,2.33,100,133,H,-1.5,1
2026-07-22,2026-07-22T00:06:16,台灣運彩,823110,3478869.1,120,2026-07-22T09:40:00+08:00,辛辛那提紅人,西雅圖水手,辛辛那提紅人 @ 西雅圖水手,51467502.1,358,讓分 -1.5,252909545.1,辛辛那堤紅人 +1.5,A,-1.5,1.38,50,19,A,-1.5,2
2026-07-22,2026-07-22T00:06:16,台灣運彩,823110,3478869.1,120,2026-07-22T09:40:00+08:00,辛辛那提紅人,西雅圖水手,辛辛那提紅人 @ 西雅圖水手,51468166.1,358,讓分 1.5,252911121.1,西雅圖水手 +1.5,H,1.5,1.40,5,2,H,1.5,1
2026-07-22,2026-07-22T00:06:16,台灣運彩,823110,3478869.1,120,2026-07-22T09:40:00+08:00,辛辛那提紅人,西雅圖水手,辛辛那提紅人 @ 西雅圖水手,51468166.1,358,讓分 1.5,252911122.1,辛辛那堤紅人 -1.5,A,1.5,2.30,10,13,A,1.5,2
2026-07-22,2026-07-22T00:06:16,台灣運彩,823110,3478869.1,120,2026-07-22T09:40:00+08:00,辛辛那提紅人,西雅圖水手,辛辛那提紅人 @ 西雅圖水手,51467501.1,360,[總分]大小 7.5,252909543.1,大 7.5,A,7.5,1.71,100,71,A,7.5,
2026-07-22,2026-07-22T00:06:16,台灣運彩,823110,3478869.1,120,2026-07-22T09:40:00+08:00,辛辛那提紅人,西雅圖水手,辛辛那提紅人 @ 西雅圖水手,51467501.1,360,[總分]大小 7.5,252909542.1,小 7.5,H,7.5,1.79,100,79,H,7.5,
2026-07-22,2026-07-22T00:06:16,台灣運彩,823110,3478869.1,120,2026-07-22T09:40:00+08:00,辛辛那提紅人,西雅圖水手,辛辛那提紅人 @ 西雅圖水手,51467503.1,362,西雅圖水手 大小 3.5,252909547.1,大 3.5,A,3.5,1.65,20,13,A,3.5,
2026-07-22,2026-07-22T00:06:16,台灣運彩,823110,3478869.1,120,2026-07-22T09:40:00+08:00,辛辛那提紅人,西雅圖水手,辛辛那提紅人 @ 西雅圖水手,51467503.1,362,西雅圖水手 大小 3.5,252909546.1,小 3.5,H,3.5,1.78,50,39,H,3.5,
2026-07-22,2026-07-22T00:06:16,台灣運彩,823110,3478869.1,120,2026-07-22T09:40:00+08:00,辛辛那提紅人,西雅圖水手,辛辛那提紅人 @ 西雅圖水手,51467500.1,363,辛辛那堤紅人 大小 3.5,252909541.1,大 3.5,A,3.5,1.66,50,33,A,3.5,
2026-07-22,2026-07-22T00:06:16,台灣運彩,823110,3478869.1,120,2026-07-22T09:40:00+08:00,辛辛那提紅人,西雅圖水手,辛辛那提紅人 @ 西雅圖水手,51467500.1,363,辛辛那堤紅人 大小 3.5,252909540.1,小 3.5,H,3.5,1.76,25,19,H,3.5,
2026-07-22,2026-07-22T00:06:16,台灣運彩,823110,3478869.1,120,2026-07-22T09:40:00+08:00,辛辛那提紅人,西雅圖水手,辛辛那提紅人 @ 西雅圖水手,51467499.1,366,[總分]單雙,252909539.1,單,,,1.43,100,43,,,
2026-07-22,2026-07-22T00:06:16,台灣運彩,823110,3478869.1,120,2026-07-22T09:40:00+08:00,辛辛那提紅人,西雅圖水手,辛辛那提紅人 @ 西雅圖水手,51467499.1,366,[總分]單雙,252909538.1,雙,,,1.98,50,49,,,
2026-07-22,2026-07-22T00:06:16,台灣運彩,823110,3478869.1,120,2026-07-22T09:40:00+08:00,辛辛那提紅人,西雅圖水手,辛辛那提紅人 @ 西雅圖水手,51467512.1,374,得分最高單局(不含延長賽),252909579.1,一樣多,,,2.30,10,13,,,
2026-07-22,2026-07-22T00:06:16,台灣運彩,823110,3478869.1,120,2026-07-22T09:40:00+08:00,辛辛那提紅人,西雅圖水手,辛辛那提紅人 @ 西雅圖水手,51467512.1,374,得分最高單局(不含延長賽),252909570.1,第1局,,,5.80,5,24,,,
2026-07-22,2026-07-22T00:06:16,台灣運彩,823110,3478869.1,120,2026-07-22T09:40:00+08:00,辛辛那提紅人,西雅圖水手,辛辛那提紅人 @ 西雅圖水手,51467512.1,374,得分最高單局(不含延長賽),252909571.1,第2局,,,6.75,4,23,,,
2026-07-22,2026-07-22T00:06:16,台灣運彩,823110,3478869.1,120,2026-07-22T09:40:00+08:00,辛辛那提紅人,西雅圖水手,辛辛那提紅人 @ 西雅圖水手,51467512.1,374,得分最高單局(不含延長賽),252909572.1,第3局,,,6.00,1,5,,,
2026-07-22,2026-07-22T00:06:16,台灣運彩,823110,3478869.1,120,2026-07-22T09:40:00+08:00,辛辛那提紅人,西雅圖水手,辛辛那提紅人 @ 西雅圖水手,51467512.1,374,得分最高單局(不含延長賽),252909573.1,第4局,,,6.50,2,11,,,
2026-07-22,2026-07-22T00:06:16,台灣運彩,823110,3478869.1,120,2026-07-22T09:40:00+08:00,辛辛那提紅人,西雅圖水手,辛辛那提紅人 @ 西雅圖水手,51467512.1,374,得分最高單局(不含延長賽),252909574.1,第5局,,,4.00,1,3,,,
2026-07-22,2026-07-22T00:06:16,台灣運彩,823110,3478869.1,120,2026-07-22T09:40:00+08:00,辛辛那提紅人,西雅圖水手,辛辛那提紅人 @ 西雅圖水手,51467512.1,374,得分最高單局(不含延長賽),252909575.1,第6局,,,6.25,4,21,,,
2026-07-22,2026-07-22T00:06:16,台灣運彩,823110,3478869.1,120,2026-07-22T09:40:00+08:00,辛辛那提紅人,西雅圖水手,辛辛那提紅人 @ 西雅圖水手,51467512.1,374,得分最高單局(不含延長賽),252909576.1,第7局,,,6.25,4,21,,,
2026-07-22,2026-07-22T00:06:16,台灣運彩,823110,3478869.1,120,2026-07-22T09:40:00+08:00,辛辛那提紅人,西雅圖水手,辛辛那提紅人 @ 西雅圖水手,51467512.1,374,得分最高單局(不含延長賽),252909577.1,第8局,,,6.25,4,21,,,
2026-07-22,2026-07-22T00:06:16,台灣運彩,823110,3478869.1,120,2026-07-22T09:40:00+08:00,辛辛那提紅人,西雅圖水手,辛辛那提紅人 @ 西雅圖水手,51467512.1,374,得分最高單局(不含延長賽),252909578.1,第9局,,,8.00,1,7,,,
2026-07-22,2026-07-22T00:06:16,台灣運彩,823110,3478869.1,120,2026-07-22T09:40:00+08:00,辛辛那提紅人,西雅圖水手,辛辛那提紅人 @ 西雅圖水手,51467510.1,376,[1-5局] 不讓分,252909561.1,西雅圖水手,H,,1.85,20,17,H,,1
2026-07-22,2026-07-22T00:06:16,台灣運彩,823110,3478869.1,120,2026-07-22T09:40:00+08:00,辛辛那提紅人,西雅圖水手,辛辛那提紅人 @ 西雅圖水手,51467510.1,376,[1-5局] 不讓分,252909563.1,辛辛那堤紅人,A,,1.85,20,17,A,,2
2026-07-22,2026-07-22T00:06:16,台灣運彩,823110,3478869.1,120,2026-07-22T09:40:00+08:00,辛辛那提紅人,西雅圖水手,辛辛那提紅人 @ 西雅圖水手,51467510.1,376,[1-5局] 不讓分,252909562.1,和局,D,,4.35,20,67,D,,
2026-07-22,2026-07-22T00:06:16,台灣運彩,823110,3478869.1,120,2026-07-22T09:40:00+08:00,辛辛那提紅人,西雅圖水手,辛辛那提紅人 @ 西雅圖水手,51467551.1,378,[1-5局] 大小 4.5,252909679.1,大 4.5,A,4.5,1.82,50,41,A,4.5,
2026-07-22,2026-07-22T00:06:16,台灣運彩,823110,3478869.1,120,2026-07-22T09:40:00+08:00,辛辛那提紅人,西雅圖水手,辛辛那提紅人 @ 西雅圖水手,51467551.1,378,[1-5局] 大小 4.5,252909678.1,小 4.5,H,4.5,1.53,100,53,H,4.5,
2026-07-22,2026-07-22T00:06:16,台灣運彩,823110,3478869.1,120,2026-07-22T09:40:00+08:00,辛辛那提紅人,西雅圖水手,辛辛那提紅人 @ 西雅圖水手,51467508.1,379,[1-5局] 西雅圖水手 大小 1.5,252909558.1,大 1.5,A,1.5,1.58,50,29,A,1.5,
2026-07-22,2026-07-22T00:06:16,台灣運彩,823110,3478869.1,120,2026-07-22T09:40:00+08:00,辛辛那提紅人,西雅圖水手,辛辛那提紅人 @ 西雅圖水手,51467508.1,379,[1-5局] 西雅圖水手 大小 1.5,252909557.1,小 1.5,H,1.5,1.86,50,43,H,1.5,
2026-07-22,2026-07-22T00:06:16,台灣運彩,823110,3478869.1,120,2026-07-22T09:40:00+08:00,辛辛那提紅人,西雅圖水手,辛辛那提紅人 @ 西雅圖水手,51467504.1,380,[1-5局] 辛辛那堤紅人 大小 1.5,252909549.1,大 1.5,A,1.5,1.56,25,14,A,1.5,
2026-07-22,2026-07-22T00:06:16,台灣運彩,823110,3478869.1,120,2026-07-22T09:40:00+08:00,辛辛那提紅人,西雅圖水手,辛辛那提紅人 @ 西雅圖水手,51467504.1,380,[1-5局] 辛辛那堤紅人 大小 1.5,252909548.1,小 1.5,H,1.5,1.88,25,22,H,1.5,
2026-07-22,2026-07-22T00:06:16,台灣運彩,823110,3478869.1,120,2026-07-22T09:40:00+08:00,辛辛那提紅人,西雅圖水手,辛辛那提紅人 @ 西雅圖水手,51467505.1,389,[第1局] 不讓分,252909550.1,西雅圖水手,H,,3.15,20,43,H,,1
2026-07-22,2026-07-22T00:06:16,台灣運彩,823110,3478869.1,120,2026-07-22T09:40:00+08:00,辛辛那提紅人,西雅圖水手,辛辛那提紅人 @ 西雅圖水手,51467505.1,389,[第1局] 不讓分,252909552.1,辛辛那堤紅人,A,,3.30,10,23,A,,2
2026-07-22,2026-07-22T00:06:16,台灣運彩,823110,3478869.1,120,2026-07-22T09:40:00+08:00,辛辛那提紅人,西雅圖水手,辛辛那提紅人 @ 西雅圖水手,51467505.1,389,[第1局] 不讓分,252909551.1,和局,D,,1.45,20,9,D,,
2026-07-22,2026-07-22T00:06:16,台灣運彩,823110,3478869.1,120,2026-07-22T09:40:00+08:00,辛辛那提紅人,西雅圖水手,辛辛那提紅人 @ 西雅圖水手,51467507.1,398,[第1局] 大小 0.5,252909556.1,大 0.5,A,0.5,1.78,50,39,A,0.5,
2026-07-22,2026-07-22T00:06:16,台灣運彩,823110,3478869.1,120,2026-07-22T09:40:00+08:00,辛辛那提紅人,西雅圖水手,辛辛那提紅人 @ 西雅圖水手,51467507.1,398,[第1局] 大小 0.5,252909555.1,小 0.5,H,0.5,1.56,25,14,H,0.5,
2026-07-22,2026-07-22T00:06:16,台灣運彩,825055,3478893.1,148,2026-07-22T09:40:00+08:00,運動家,亞利桑那響尾蛇,運動家 @ 亞利桑那響尾蛇,51467899.1,354,不讓分,252910528.1,亞歷桑那響尾蛇,H,,1.55,20,11,H,,1
2026-07-22,2026-07-22T00:06:16,台灣運彩,825055,3478893.1,148,2026-07-22T09:40:00+08:00,運動家,亞利桑那響尾蛇,運動家 @ 亞利桑那響尾蛇,51467899.1,354,不讓分,252910529.1,運動家,A,,1.95,20,19,A,,2
2026-07-22,2026-07-22T00:06:16,台灣運彩,825055,3478893.1,148,2026-07-22T09:40:00+08:00,運動家,亞利桑那響尾蛇,運動家 @ 亞利桑那響尾蛇,51467908.1,357,勝分差,252910546.1,亞歷桑那響尾蛇 1 分,H,,4.10,10,31,H,,
2026-07-22,2026-07-22T00:06:16,台灣運彩,825055,3478893.1,148,2026-07-22T09:40:00+08:00,運動家,亞利桑那響尾蛇,運動家 @ 亞利桑那響尾蛇,51467908.1,357,勝分差,252910547.1,亞歷桑那響尾蛇 2 分,H,,7.25,4,25,H,,
2026-07-22,2026-07-22T00:06:16,台灣運彩,825055,3478893.1,148,2026-07-22T09:40:00+08:00,運動家,亞利桑那響尾蛇,運動家 @ 亞利桑那響尾蛇,51467908.1,357,勝分差,252910548.1,亞歷桑那響尾蛇 > 2分,H,,2.50,2,3,H,,
2026-07-22,2026-07-22T00:06:16,台灣運彩,825055,3478893.1,148,2026-07-22T09:40:00+08:00,運動家,亞利桑那響尾蛇,運動家 @ 亞利桑那響尾蛇,51467908.1,357,勝分差,252910549.1,運動家 1 分,A,,6.00,1,5,A,,
2026-07-22,2026-07-22T00:06:16,台灣運彩,825055,3478893.1,148,2026-07-22T09:40:00+08:00,運動家,亞利桑那響尾蛇,運動家 @ 亞利桑那響尾蛇,51467908.1,357,勝分差,252910550.1,運動家 2 分,A,,7.75,4,27,A,,
2026-07-22,2026-07-22T00:06:16,台灣運彩,825055,3478893.1,148,2026-07-22T09:40:00+08:00,運動家,亞利桑那響尾蛇,運動家 @ 亞利桑那響尾蛇,51467908.1,357,勝分差,252910551.1,運動家 > 2分,A,,2.70,10,17,A,,
2026-07-22,2026-07-22T00:06:16,台灣運彩,825055,3478893.1,148,2026-07-22T09:40:00+08:00,運動家,亞利桑那響尾蛇,運動家 @ 亞利桑那響尾蛇,51467906.1,358,讓分 -1.5,252910542.1,亞歷桑那響尾蛇 -1.5,H,-1.5,2.07,100,107,H,-1.5,1
2026-07-22,2026-07-22T00:06:16,台灣運彩,825055,3478893.1,148,2026-07-22T09:40:00+08:00,運動家,亞利桑那響尾蛇,運動家 @ 亞利桑那響尾蛇,51467906.1,358,讓分 -1.5,252910543.1,運動家 +1.5,A,-1.5,1.46,50,23,A,-1.5,2
2026-07-22,2026-07-22T00:06:16,台灣運彩,825055,3478893.1,148,2026-07-22T09:40:00+08:00,運動家,亞利桑那響尾蛇,運動家 @ 亞利桑那響尾蛇,51467907.1,358,讓分 -2.5,252910544.1,亞歷桑那響尾蛇 -2.5,H,-2.5,2.60,5,8,H,-2.5,1
2026-07-22,2026-07-22T00:06:16,台灣運彩,825055,3478893.1,148,2026-07-22T09:40:00+08:00,運動家,亞利桑那響尾蛇,運動家 @ 亞利桑那響尾蛇,51467907.1,358,讓分 -2.5,252910545.1,運動家 +2.5,A,-2.5,1.30,10,3,A,-2.5,2
2026-07-22,2026-07-22T00:06:16,台灣運彩,825055,3478893.1,148,2026-07-22T09:40:00+08:00,運動家,亞利桑那響尾蛇,運動家 @ 亞利桑那響尾蛇,51467901.1,360,[總分]大小 8.5,252910533.1,大 8.5,A,8.5,1.50,2,1,A,8.5,
2026-07-22,2026-07-22T00:06:16,台灣運彩,825055,3478893.1,148,2026-07-22T09:40:00+08:00,運動家,亞利桑那響尾蛇,運動家 @ 亞利桑那響尾蛇,51467901.1,360,[總分]大小 8.5,252910532.1,小 8.5,H,8.5,2.00,1,1,H,8.5,
2026-07-22,2026-07-22T00:06:16,台灣運彩,825055,3478893.1,148,2026-07-22T09:40:00+08:00,運動家,亞利桑那響尾蛇,運動家 @ 亞利桑那響尾蛇,51467904.1,360,[總分]大小 9.5,252910539.1,大 9.5,A,9.5,1.80,5,4,A,9.5,
2026-07-22,2026-07-22T00:06:16,台灣運彩,825055,3478893.1,148,2026-07-22T09:40:00+08:00,運動家,亞利桑那響尾蛇,運動家 @ 亞利桑那響尾蛇,51467904.1,360,[總分]大小 9.5,252910538.1,小 9.5,H,9.5,1.70,10,7,H,9.5,
2026-07-22,2026-07-22T00:06:16,台灣運彩,825055,3478893.1,148,2026-07-22T09:40:00+08:00,運動家,亞利桑那響尾蛇,運動家 @ 亞利桑那響尾蛇,51467905.1,360,[總分]大小 10.5,252910541.1,大 10.5,A,10.5,2.00,1,1,A,10.5,
2026-07-22,2026-07-22T00:06:16,台灣運彩,825055,3478893.1,148,2026-07-22T09:40:00+08:00,運動家,亞利桑那響尾蛇,運動家 @ 亞利桑那響尾蛇,51467905.1,360,[總分]大小 10.5,252910540.1,小 10.5,H,10.5,1.50,2,1,H,10.5,
2026-07-22,2026-07-22T00:06:16,台灣運彩,825055,3478893.1,148,2026-07-22T09:40:00+08:00,運動家,亞利桑那響尾蛇,運動家 @ 亞利桑那響尾蛇,51467903.1,362,亞歷桑那響尾蛇 大小 4.5,252910537.1,大 4.5,A,4.5,1.68,25,17,A,4.5,
2026-07-22,2026-07-22T00:06:16,台灣運彩,825055,3478893.1,148,2026-07-22T09:40:00+08:00,運動家,亞利桑那響尾蛇,運動家 @ 亞利桑那響尾蛇,51467903.1,362,亞歷桑那響尾蛇 大小 4.5,252910536.1,小 4.5,H,4.5,1.75,4,3,H,4.5,
2026-07-22,2026-07-22T00:06:16,台灣運彩,825055,3478893.1,148,2026-07-22T09:40:00+08:00,運動家,亞利桑那響尾蛇,運動家 @ 亞利桑那響尾蛇,51467900.1,363,運動家 大小 4.5,252910531.1,大 4.5,A,4.5,1.78,50,39,A,4.5,
2026-07-22,2026-07-22T00:06:16,台灣運彩,825055,3478893.1,148,2026-07-22T09:40:00+08:00,運動家,亞利桑那響尾蛇,運動家 @ 亞利桑那響尾蛇,51467900.1,363,運動家 大小 4.5,252910530.1,小 4.5,H,4.5,1.65,20,13,H,4.5,
2026-07-22,2026-07-22T00:06:16,台灣運彩,825055,3478893.1,148,2026-07-22T09:40:00+08:00,運動家,亞利桑那響尾蛇,運動家 @ 亞利桑那響尾蛇,51467898.1,366,[總分]單雙,252910527.1,單,,,1.48,25,12,,,
2026-07-22,2026-07-22T00:06:16,台灣運彩,825055,3478893.1,148,2026-07-22T09:40:00+08:00,運動家,亞利桑那響尾蛇,運動家 @ 亞利桑那響尾蛇,51467898.1,366,[總分]單雙,252910526.1,雙,,,2.00,1,1,,,
2026-07-22,2026-07-22T00:06:16,台灣運彩,825055,3478893.1,148,2026-07-22T09:40:00+08:00,運動家,亞利桑那響尾蛇,運動家 @ 亞利桑那響尾蛇,51468080.1,374,得分最高單局(不含延長賽),252910930.1,一樣多,,,2.30,10,13,,,
2026-07-22,2026-07-22T00:06:16,台灣運彩,825055,3478893.1,148,2026-07-22T09:40:00+08:00,運動家,亞利桑那響尾蛇,運動家 @ 亞利桑那響尾蛇,51468080.1,374,得分最高單局(不含延長賽),252910921.1,第1局,,,5.20,5,21,,,
2026-07-22,2026-07-22T00:06:16,台灣運彩,825055,3478893.1,148,2026-07-22T09:40:00+08:00,運動家,亞利桑那響尾蛇,運動家 @ 亞利桑那響尾蛇,51468080.1,374,得分最高單局(不含延長賽),252910922.1,第2局,,,6.25,4,21,,,
2026-07-22,2026-07-22T00:06:16,台灣運彩,825055,3478893.1,148,2026-07-22T09:40:00+08:00,運動家,亞利桑那響尾蛇,運動家 @ 亞利桑那響尾蛇,51468080.1,374,得分最高單局(不含延長賽),252910923.1,第3局,,,5.60,5,23,,,
2026-07-22,2026-07-22T00:06:16,台灣運彩,825055,3478893.1,148,2026-07-22T09:40:00+08:00,運動家,亞利桑那響尾蛇,運動家 @ 亞利桑那響尾蛇,51468080.1,374,得分最高單局(不含延長賽),252910924.1,第4局,,,6.25,4,21,,,
2026-07-22,2026-07-22T00:06:16,台灣運彩,825055,3478893.1,148,2026-07-22T09:40:00+08:00,運動家,亞利桑那響尾蛇,運動家 @ 亞利桑那響尾蛇,51468080.1,374,得分最高單局(不含延長賽),252910925.1,第5局,,,5.95,20,99,,,
2026-07-22,2026-07-22T00:06:16,台灣運彩,825055,3478893.1,148,2026-07-22T09:40:00+08:00,運動家,亞利桑那響尾蛇,運動家 @ 亞利桑那響尾蛇,51468080.1,374,得分最高單局(不含延長賽),252910926.1,第6局,,,6.00,1,5,,,
2026-07-22,2026-07-22T00:06:16,台灣運彩,825055,3478893.1,148,2026-07-22T09:40:00+08:00,運動家,亞利桑那響尾蛇,運動家 @ 亞利桑那響尾蛇,51468080.1,374,得分最高單局(不含延長賽),252910927.1,第7局,,,6.25,4,21,,,
2026-07-22,2026-07-22T00:06:16,台灣運彩,825055,3478893.1,148,2026-07-22T09:40:00+08:00,運動家,亞利桑那響尾蛇,運動家 @ 亞利桑那響尾蛇,51468080.1,374,得分最高單局(不含延長賽),252910928.1,第8局,,,5.85,20,97,,,
2026-07-22,2026-07-22T00:06:16,台灣運彩,825055,3478893.1,148,2026-07-22T09:40:00+08:00,運動家,亞利桑那響尾蛇,運動家 @ 亞利桑那響尾蛇,51468080.1,374,得分最高單局(不含延長賽),252910929.1,第9局,,,8.00,1,7,,,
2026-07-22,2026-07-22T00:06:16,台灣運彩,825055,3478893.1,148,2026-07-22T09:40:00+08:00,運動家,亞利桑那響尾蛇,運動家 @ 亞利桑那響尾蛇,51468078.1,376,[1-5局] 不讓分,252910915.1,亞歷桑那響尾蛇,H,,1.75,4,3,H,,1
2026-07-22,2026-07-22T00:06:16,台灣運彩,825055,3478893.1,148,2026-07-22T09:40:00+08:00,運動家,亞利桑那響尾蛇,運動家 @ 亞利桑那響尾蛇,51468078.1,376,[1-5局] 不讓分,252910917.1,運動家,A,,1.85,20,17,A,,2
2026-07-22,2026-07-22T00:06:16,台灣運彩,825055,3478893.1,148,2026-07-22T09:40:00+08:00,運動家,亞利桑那響尾蛇,運動家 @ 亞利桑那響尾蛇,51468078.1,376,[1-5局] 不讓分,252910916.1,和局,D,,5.05,20,81,D,,
2026-07-22,2026-07-22T00:06:16,台灣運彩,825055,3478893.1,148,2026-07-22T09:40:00+08:00,運動家,亞利桑那響尾蛇,運動家 @ 亞利桑那響尾蛇,51468077.1,378,[1-5局] 大小 5.5,252910914.1,大 5.5,A,5.5,1.80,5,4,A,5.5,
2026-07-22,2026-07-22T00:06:16,台灣運彩,825055,3478893.1,148,2026-07-22T09:40:00+08:00,運動家,亞利桑那響尾蛇,運動家 @ 亞利桑那響尾蛇,51468077.1,378,[1-5局] 大小 5.5,252910913.1,小 5.5,H,5.5,1.55,20,11,H,5.5,
2026-07-22,2026-07-22T00:06:16,台灣運彩,825055,3478893.1,148,2026-07-22T09:40:00+08:00,運動家,亞利桑那響尾蛇,運動家 @ 亞利桑那響尾蛇,51468075.1,379,[1-5局] 亞歷桑那響尾蛇 大小 2.5,252910910.1,大 2.5,A,2.5,1.80,5,4,A,2.5,
2026-07-22,2026-07-22T00:06:16,台灣運彩,825055,3478893.1,148,2026-07-22T09:40:00+08:00,運動家,亞利桑那響尾蛇,運動家 @ 亞利桑那響尾蛇,51468075.1,379,[1-5局] 亞歷桑那響尾蛇 大小 2.5,252910909.1,小 2.5,H,2.5,1.63,100,63,H,2.5,
2026-07-22,2026-07-22T00:06:16,台灣運彩,825055,3478893.1,148,2026-07-22T09:40:00+08:00,運動家,亞利桑那響尾蛇,運動家 @ 亞利桑那響尾蛇,51468074.1,380,[1-5局] 運動家 大小 2.5,252910908.1,大 2.5,A,2.5,1.88,25,22,A,2.5,
2026-07-22,2026-07-22T00:06:16,台灣運彩,825055,3478893.1,148,2026-07-22T09:40:00+08:00,運動家,亞利桑那響尾蛇,運動家 @ 亞利桑那響尾蛇,51468074.1,380,[1-5局] 運動家 大小 2.5,252910907.1,小 2.5,H,2.5,1.56,25,14,H,2.5,
2026-07-22,2026-07-22T00:06:16,台灣運彩,825055,3478893.1,148,2026-07-22T09:40:00+08:00,運動家,亞利桑那響尾蛇,運動家 @ 亞利桑那響尾蛇,51468079.1,389,[第1局] 不讓分,252910918.1,亞歷桑那響尾蛇,H,,2.75,4,7,H,,1
2026-07-22,2026-07-22T00:06:16,台灣運彩,825055,3478893.1,148,2026-07-22T09:40:00+08:00,運動家,亞利桑那響尾蛇,運動家 @ 亞利桑那響尾蛇,51468079.1,389,[第1局] 不讓分,252910920.1,運動家,A,,3.10,10,21,A,,2
2026-07-22,2026-07-22T00:06:16,台灣運彩,825055,3478893.1,148,2026-07-22T09:40:00+08:00,運動家,亞利桑那響尾蛇,運動家 @ 亞利桑那響尾蛇,51468079.1,389,[第1局] 不讓分,252910919.1,和局,D,,1.65,20,13,D,,
2026-07-22,2026-07-22T00:06:16,台灣運彩,825055,3478893.1,148,2026-07-22T09:40:00+08:00,運動家,亞利桑那響尾蛇,運動家 @ 亞利桑那響尾蛇,51468076.1,398,[第1局] 大小 0.5,252910912.1,大 0.5,A,0.5,1.58,50,29,A,0.5,
2026-07-22,2026-07-22T00:06:16,台灣運彩,825055,3478893.1,148,2026-07-22T09:40:00+08:00,運動家,亞利桑那響尾蛇,運動家 @ 亞利桑那響尾蛇,51468076.1,398,[第1局] 大小 0.5,252910911.1,小 0.5,H,0.5,1.75,4,3,H,0.5,
