date,captured_at_tw,sportsbook,game_pk,official_event_id,event_no,kickoff_tw,away_zh,home_zh,matchup_zh,market_id,market_ti,market_name,selection_id,selection_name,selection_side,selection_line,odds_decimal,pd,pu,raw_v,raw_hv,raw_cn
2026-07-20,2026-07-20T13:57:30,台灣運彩,,3478713.1,120,2026-07-20T15:00:00+08:00,西武獅,樂天金鷲,西武獅 @ 樂天金鷲,51463888.1,354,不讓分,252898382.1,樂天金鷲,H,,1.56,25,14,H,,1
2026-07-20,2026-07-20T13:57:30,台灣運彩,,3478713.1,120,2026-07-20T15:00:00+08:00,西武獅,樂天金鷲,西武獅 @ 樂天金鷲,51463888.1,354,不讓分,252898383.1,西武獅,A,,1.88,25,22,A,,2
2026-07-20,2026-07-20T13:57:30,台灣運彩,,3478713.1,120,2026-07-20T15:00:00+08:00,西武獅,樂天金鷲,西武獅 @ 樂天金鷲,51463912.1,358,讓分 -1.5,252898436.1,樂天金鷲 -1.5,H,-1.5,2.20,5,6,H,-1.5,1
2026-07-20,2026-07-20T13:57:30,台灣運彩,,3478713.1,120,2026-07-20T15:00:00+08:00,西武獅,樂天金鷲,西武獅 @ 樂天金鷲,51463912.1,358,讓分 -1.5,252898437.1,西武獅 +1.5,A,-1.5,1.40,5,2,A,-1.5,2
2026-07-20,2026-07-20T13:57:30,台灣運彩,,3478713.1,120,2026-07-20T15:00:00+08:00,西武獅,樂天金鷲,西武獅 @ 樂天金鷲,51463937.1,360,[總分]大小 7.5,252898493.1,大 7.5,A,7.5,1.86,50,43,A,7.5,
2026-07-20,2026-07-20T13:57:30,台灣運彩,,3478713.1,120,2026-07-20T15:00:00+08:00,西武獅,樂天金鷲,西武獅 @ 樂天金鷲,51463937.1,360,[總分]大小 7.5,252898492.1,小 7.5,H,7.5,1.58,50,29,H,7.5,
2026-07-20,2026-07-20T13:57:30,台灣運彩,,3478713.1,120,2026-07-20T15:00:00+08:00,西武獅,樂天金鷲,西武獅 @ 樂天金鷲,51463907.1,362,樂天金鷲 大小 3.5,252898425.1,大 3.5,A,3.5,1.68,25,17,A,3.5,
2026-07-20,2026-07-20T13:57:30,台灣運彩,,3478713.1,120,2026-07-20T15:00:00+08:00,西武獅,樂天金鷲,西武獅 @ 樂天金鷲,51463907.1,362,樂天金鷲 大小 3.5,252898424.1,小 3.5,H,3.5,1.65,20,13,H,3.5,
2026-07-20,2026-07-20T13:57:30,台灣運彩,,3478713.1,120,2026-07-20T15:00:00+08:00,西武獅,樂天金鷲,西武獅 @ 樂天金鷲,51463936.1,363,西武獅 大小 3.5,252898491.1,大 3.5,A,3.5,1.85,20,17,A,3.5,
2026-07-20,2026-07-20T13:57:30,台灣運彩,,3478713.1,120,2026-07-20T15:00:00+08:00,西武獅,樂天金鷲,西武獅 @ 樂天金鷲,51463936.1,363,西武獅 大小 3.5,252898490.1,小 3.5,H,3.5,1.50,2,1,H,3.5,
2026-07-20,2026-07-20T13:57:30,台灣運彩,,3478713.1,120,2026-07-20T15:00:00+08:00,西武獅,樂天金鷲,西武獅 @ 樂天金鷲,51463905.1,366,[總分]單雙,252898422.1,單,,,1.50,2,1,,,
2026-07-20,2026-07-20T13:57:30,台灣運彩,,3478713.1,120,2026-07-20T15:00:00+08:00,西武獅,樂天金鷲,西武獅 @ 樂天金鷲,51463905.1,366,[總分]單雙,252898420.1,雙,,,1.96,25,24,,,
2026-07-20,2026-07-20T13:57:30,台灣運彩,,3478713.1,120,2026-07-20T15:00:00+08:00,西武獅,樂天金鷲,西武獅 @ 樂天金鷲,51463910.1,376,[1-5局] 不讓分,252898431.1,樂天金鷲,H,,1.75,4,3,H,,1
2026-07-20,2026-07-20T13:57:30,台灣運彩,,3478713.1,120,2026-07-20T15:00:00+08:00,西武獅,樂天金鷲,西武獅 @ 樂天金鷲,51463910.1,376,[1-5局] 不讓分,252898433.1,西武獅,A,,2.10,10,11,A,,2
2026-07-20,2026-07-20T13:57:30,台灣運彩,,3478713.1,120,2026-07-20T15:00:00+08:00,西武獅,樂天金鷲,西武獅 @ 樂天金鷲,51463910.1,376,[1-5局] 不讓分,252898432.1,和局,D,,4.10,10,31,D,,
2026-07-20,2026-07-20T13:57:30,台灣運彩,,3478713.1,120,2026-07-20T15:00:00+08:00,西武獅,樂天金鷲,西武獅 @ 樂天金鷲,51464535.1,378,[1-5局] 大小 3.5,252900235.1,大 3.5,A,3.5,1.58,50,29,A,3.5,
2026-07-20,2026-07-20T13:57:30,台灣運彩,,3478713.1,120,2026-07-20T15:00:00+08:00,西武獅,樂天金鷲,西武獅 @ 樂天金鷲,51464535.1,378,[1-5局] 大小 3.5,252900234.1,小 3.5,H,3.5,1.75,4,3,H,3.5,
2026-07-20,2026-07-20T13:57:30,台灣運彩,,3478713.1,120,2026-07-20T15:00:00+08:00,西武獅,樂天金鷲,西武獅 @ 樂天金鷲,51463908.1,389,[第1局] 不讓分,252898426.1,樂天金鷲,H,,3.05,20,41,H,,1
2026-07-20,2026-07-20T13:57:30,台灣運彩,,3478713.1,120,2026-07-20T15:00:00+08:00,西武獅,樂天金鷲,西武獅 @ 樂天金鷲,51463908.1,389,[第1局] 不讓分,252898428.1,西武獅,A,,3.65,20,53,A,,2
2026-07-20,2026-07-20T13:57:30,台灣運彩,,3478713.1,120,2026-07-20T15:00:00+08:00,西武獅,樂天金鷲,西武獅 @ 樂天金鷲,51463908.1,389,[第1局] 不讓分,252898427.1,和局,D,,1.45,20,9,D,,
2026-07-20,2026-07-20T13:57:30,台灣運彩,,3478714.1,121,2026-07-20T16:00:00+08:00,福岡軟銀鷹,羅德海洋,福岡軟銀鷹 @ 羅德海洋,51463889.1,354,不讓分,252898384.1,羅德海洋,H,,1.80,5,4,H,,1
2026-07-20,2026-07-20T13:57:30,台灣運彩,,3478714.1,121,2026-07-20T16:00:00+08:00,福岡軟銀鷹,羅德海洋,福岡軟銀鷹 @ 羅德海洋,51463889.1,354,不讓分,252898385.1,福岡軟銀鷹,A,,1.63,100,63,A,,2
2026-07-20,2026-07-20T13:57:30,台灣運彩,,3478714.1,121,2026-07-20T16:00:00+08:00,福岡軟銀鷹,羅德海洋,福岡軟銀鷹 @ 羅德海洋,51463903.1,358,讓分 1.5,252898416.1,羅德海洋 +1.5,H,1.5,1.45,20,9,H,1.5,1
2026-07-20,2026-07-20T13:57:30,台灣運彩,,3478714.1,121,2026-07-20T16:00:00+08:00,福岡軟銀鷹,羅德海洋,福岡軟銀鷹 @ 羅德海洋,51463903.1,358,讓分 1.5,252898417.1,福岡軟銀鷹 -1.5,A,1.5,2.07,100,107,A,1.5,2
2026-07-20,2026-07-20T13:57:30,台灣運彩,,3478714.1,121,2026-07-20T16:00:00+08:00,福岡軟銀鷹,羅德海洋,福岡軟銀鷹 @ 羅德海洋,51463904.1,360,[總分]大小 7.5,252898419.1,大 7.5,A,7.5,1.68,25,17,A,7.5,
2026-07-20,2026-07-20T13:57:30,台灣運彩,,3478714.1,121,2026-07-20T16:00:00+08:00,福岡軟銀鷹,羅德海洋,福岡軟銀鷹 @ 羅德海洋,51463904.1,360,[總分]大小 7.5,252898418.1,小 7.5,H,7.5,1.75,4,3,H,7.5,
2026-07-20,2026-07-20T13:57:30,台灣運彩,,3478714.1,121,2026-07-20T16:00:00+08:00,福岡軟銀鷹,羅德海洋,福岡軟銀鷹 @ 羅德海洋,51463900.1,362,羅德海洋 大小 3.5,252898409.1,大 3.5,A,3.5,1.71,100,71,A,3.5,
2026-07-20,2026-07-20T13:57:30,台灣運彩,,3478714.1,121,2026-07-20T16:00:00+08:00,福岡軟銀鷹,羅德海洋,福岡軟銀鷹 @ 羅德海洋,51463900.1,362,羅德海洋 大小 3.5,252898408.1,小 3.5,H,3.5,1.62,50,31,H,3.5,
2026-07-20,2026-07-20T13:57:30,台灣運彩,,3478714.1,121,2026-07-20T16:00:00+08:00,福岡軟銀鷹,羅德海洋,福岡軟銀鷹 @ 羅德海洋,51463906.1,363,福岡軟銀鷹 大小 3.5,252898423.1,大 3.5,A,3.5,1.58,50,29,A,3.5,
2026-07-20,2026-07-20T13:57:30,台灣運彩,,3478714.1,121,2026-07-20T16:00:00+08:00,福岡軟銀鷹,羅德海洋,福岡軟銀鷹 @ 羅德海洋,51463906.1,363,福岡軟銀鷹 大小 3.5,252898421.1,小 3.5,H,3.5,1.75,4,3,H,3.5,
2026-07-20,2026-07-20T13:57:30,台灣運彩,,3478714.1,121,2026-07-20T16:00:00+08:00,福岡軟銀鷹,羅德海洋,福岡軟銀鷹 @ 羅德海洋,51463899.1,366,[總分]單雙,252898407.1,單,,,1.50,2,1,,,
2026-07-20,2026-07-20T13:57:30,台灣運彩,,3478714.1,121,2026-07-20T16:00:00+08:00,福岡軟銀鷹,羅德海洋,福岡軟銀鷹 @ 羅德海洋,51463899.1,366,[總分]單雙,252898406.1,雙,,,1.96,25,24,,,
2026-07-20,2026-07-20T13:57:30,台灣運彩,,3478714.1,121,2026-07-20T16:00:00+08:00,福岡軟銀鷹,羅德海洋,福岡軟銀鷹 @ 羅德海洋,51463902.1,376,[1-5局] 不讓分,252898413.1,羅德海洋,H,,1.95,20,19,H,,1
2026-07-20,2026-07-20T13:57:30,台灣運彩,,3478714.1,121,2026-07-20T16:00:00+08:00,福岡軟銀鷹,羅德海洋,福岡軟銀鷹 @ 羅德海洋,51463902.1,376,[1-5局] 不讓分,252898415.1,福岡軟銀鷹,A,,1.80,5,4,A,,2
2026-07-20,2026-07-20T13:57:30,台灣運彩,,3478714.1,121,2026-07-20T16:00:00+08:00,福岡軟銀鷹,羅德海洋,福岡軟銀鷹 @ 羅德海洋,51463902.1,376,[1-5局] 不讓分,252898414.1,和局,D,,4.45,20,69,D,,
2026-07-20,2026-07-20T13:57:30,台灣運彩,,3478714.1,121,2026-07-20T16:00:00+08:00,福岡軟銀鷹,羅德海洋,福岡軟銀鷹 @ 羅德海洋,51464536.1,378,[1-5局] 大小 4.5,252900237.1,大 4.5,A,4.5,1.83,100,83,A,4.5,
2026-07-20,2026-07-20T13:57:30,台灣運彩,,3478714.1,121,2026-07-20T16:00:00+08:00,福岡軟銀鷹,羅德海洋,福岡軟銀鷹 @ 羅德海洋,51464536.1,378,[1-5局] 大小 4.5,252900236.1,小 4.5,H,4.5,1.52,25,13,H,4.5,
2026-07-20,2026-07-20T13:57:30,台灣運彩,,3478714.1,121,2026-07-20T16:00:00+08:00,福岡軟銀鷹,羅德海洋,福岡軟銀鷹 @ 羅德海洋,51463901.1,389,[第1局] 不讓分,252898410.1,羅德海洋,H,,3.20,5,11,H,,1
2026-07-20,2026-07-20T13:57:30,台灣運彩,,3478714.1,121,2026-07-20T16:00:00+08:00,福岡軟銀鷹,羅德海洋,福岡軟銀鷹 @ 羅德海洋,51463901.1,389,[第1局] 不讓分,252898412.1,福岡軟銀鷹,A,,3.15,20,43,A,,2
2026-07-20,2026-07-20T13:57:30,台灣運彩,,3478714.1,121,2026-07-20T16:00:00+08:00,福岡軟銀鷹,羅德海洋,福岡軟銀鷹 @ 羅德海洋,51463901.1,389,[第1局] 不讓分,252898411.1,和局,D,,1.50,2,1,D,,
2026-07-20,2026-07-20T13:57:30,台灣運彩,,3478709.1,102,2026-07-20T17:00:00+08:00,中日龍,養樂多燕子,中日龍 @ 養樂多燕子,51463874.1,354,不讓分,252898342.1,養樂多燕子,H,,1.88,25,22,H,,1
2026-07-20,2026-07-20T13:57:30,台灣運彩,,3478709.1,102,2026-07-20T17:00:00+08:00,中日龍,養樂多燕子,中日龍 @ 養樂多燕子,51463874.1,354,不讓分,252898343.1,中日龍,A,,1.56,25,14,A,,2
2026-07-20,2026-07-20T13:57:30,台灣運彩,,3478709.1,102,2026-07-20T17:00:00+08:00,中日龍,養樂多燕子,中日龍 @ 養樂多燕子,51463920.1,358,讓分 1.5,252898455.1,養樂多燕子 +1.5,H,1.5,1.50,2,1,H,1.5,1
2026-07-20,2026-07-20T13:57:30,台灣運彩,,3478709.1,102,2026-07-20T17:00:00+08:00,中日龍,養樂多燕子,中日龍 @ 養樂多燕子,51463920.1,358,讓分 1.5,252898456.1,中日龍 -1.5,A,1.5,1.96,25,24,A,1.5,2
2026-07-20,2026-07-20T13:57:30,台灣運彩,,3478709.1,102,2026-07-20T17:00:00+08:00,中日龍,養樂多燕子,中日龍 @ 養樂多燕子,51465043.1,360,[總分]大小 8.5,252901965.1,大 8.5,A,8.5,1.80,5,4,A,8.5,
2026-07-20,2026-07-20T13:57:30,台灣運彩,,3478709.1,102,2026-07-20T17:00:00+08:00,中日龍,養樂多燕子,中日龍 @ 養樂多燕子,51465043.1,360,[總分]大小 8.5,252901964.1,小 8.5,H,8.5,1.63,100,63,H,8.5,
2026-07-20,2026-07-20T13:57:30,台灣運彩,,3478709.1,102,2026-07-20T17:00:00+08:00,中日龍,養樂多燕子,中日龍 @ 養樂多燕子,51463925.1,362,養樂多燕子 大小 3.5,252898467.1,大 3.5,A,3.5,1.70,10,7,A,3.5,
2026-07-20,2026-07-20T13:57:30,台灣運彩,,3478709.1,102,2026-07-20T17:00:00+08:00,中日龍,養樂多燕子,中日龍 @ 養樂多燕子,51463925.1,362,養樂多燕子 大小 3.5,252898466.1,小 3.5,H,3.5,1.63,100,63,H,3.5,
2026-07-20,2026-07-20T13:57:30,台灣運彩,,3478709.1,102,2026-07-20T17:00:00+08:00,中日龍,養樂多燕子,中日龍 @ 養樂多燕子,51463922.1,363,中日龍 大小 4.5,252898460.1,大 4.5,A,4.5,1.80,5,4,A,4.5,
2026-07-20,2026-07-20T13:57:30,台灣運彩,,3478709.1,102,2026-07-20T17:00:00+08:00,中日龍,養樂多燕子,中日龍 @ 養樂多燕子,51463922.1,363,中日龍 大小 4.5,252898459.1,小 4.5,H,4.5,1.55,20,11,H,4.5,
2026-07-20,2026-07-20T13:57:30,台灣運彩,,3478709.1,102,2026-07-20T17:00:00+08:00,中日龍,養樂多燕子,中日龍 @ 養樂多燕子,51463914.1,366,[總分]單雙,252898439.1,單,,,1.52,25,13,,,
2026-07-20,2026-07-20T13:57:30,台灣運彩,,3478709.1,102,2026-07-20T17:00:00+08:00,中日龍,養樂多燕子,中日龍 @ 養樂多燕子,51463914.1,366,[總分]單雙,252898438.1,雙,,,1.94,50,47,,,
2026-07-20,2026-07-20T13:57:30,台灣運彩,,3478709.1,102,2026-07-20T17:00:00+08:00,中日龍,養樂多燕子,中日龍 @ 養樂多燕子,51463915.1,376,[1-5局] 不讓分,252898441.1,養樂多燕子,H,,2.05,20,21,H,,1
2026-07-20,2026-07-20T13:57:30,台灣運彩,,3478709.1,102,2026-07-20T17:00:00+08:00,中日龍,養樂多燕子,中日龍 @ 養樂多燕子,51463915.1,376,[1-5局] 不讓分,252898444.1,中日龍,A,,1.70,10,7,A,,2
2026-07-20,2026-07-20T13:57:30,台灣運彩,,3478709.1,102,2026-07-20T17:00:00+08:00,中日龍,養樂多燕子,中日龍 @ 養樂多燕子,51463915.1,376,[1-5局] 不讓分,252898443.1,和局,D,,4.50,2,7,D,,
2026-07-20,2026-07-20T13:57:30,台灣運彩,,3478709.1,102,2026-07-20T17:00:00+08:00,中日龍,養樂多燕子,中日龍 @ 養樂多燕子,51464533.1,378,[1-5局] 大小 4.5,252900231.1,大 4.5,A,4.5,1.75,4,3,A,4.5,
2026-07-20,2026-07-20T13:57:30,台灣運彩,,3478709.1,102,2026-07-20T17:00:00+08:00,中日龍,養樂多燕子,中日龍 @ 養樂多燕子,51464533.1,378,[1-5局] 大小 4.5,252900230.1,小 4.5,H,4.5,1.58,50,29,H,4.5,
2026-07-20,2026-07-20T13:57:30,台灣運彩,,3478709.1,102,2026-07-20T17:00:00+08:00,中日龍,養樂多燕子,中日龍 @ 養樂多燕子,51463918.1,389,[第1局] 不讓分,252898450.1,養樂多燕子,H,,3.40,5,12,H,,1
2026-07-20,2026-07-20T13:57:30,台灣運彩,,3478709.1,102,2026-07-20T17:00:00+08:00,中日龍,養樂多燕子,中日龍 @ 養樂多燕子,51463918.1,389,[第1局] 不讓分,252898452.1,中日龍,A,,2.95,20,39,A,,2
2026-07-20,2026-07-20T13:57:30,台灣運彩,,3478709.1,102,2026-07-20T17:00:00+08:00,中日龍,養樂多燕子,中日龍 @ 養樂多燕子,51463918.1,389,[第1局] 不讓分,252898451.1,和局,D,,1.50,2,1,D,,
2026-07-20,2026-07-20T13:57:30,台灣運彩,,3478712.1,108,2026-07-20T17:00:00+08:00,廣島東洋鯉魚,讀賣巨人,廣島東洋鯉魚 @ 讀賣巨人,51463887.1,354,不讓分,252898380.1,讀賣巨人,H,,1.45,20,9,H,,1
2026-07-20,2026-07-20T13:57:30,台灣運彩,,3478712.1,108,2026-07-20T17:00:00+08:00,廣島東洋鯉魚,讀賣巨人,廣島東洋鯉魚 @ 讀賣巨人,51463887.1,354,不讓分,252898381.1,廣島東洋鯉魚,A,,2.07,100,107,A,,2
2026-07-20,2026-07-20T13:57:30,台灣運彩,,3478712.1,108,2026-07-20T17:00:00+08:00,廣島東洋鯉魚,讀賣巨人,廣島東洋鯉魚 @ 讀賣巨人,51463929.1,358,讓分 -1.5,252898474.1,讀賣巨人 -1.5,H,-1.5,2.05,20,21,H,-1.5,1
2026-07-20,2026-07-20T13:57:30,台灣運彩,,3478712.1,108,2026-07-20T17:00:00+08:00,廣島東洋鯉魚,讀賣巨人,廣島東洋鯉魚 @ 讀賣巨人,51463929.1,358,讓分 -1.5,252898475.1,廣島東洋鯉魚 +1.5,A,-1.5,1.46,50,23,A,-1.5,2
2026-07-20,2026-07-20T13:57:30,台灣運彩,,3478712.1,108,2026-07-20T17:00:00+08:00,廣島東洋鯉魚,讀賣巨人,廣島東洋鯉魚 @ 讀賣巨人,51463933.1,360,[總分]大小 5.5,252898485.1,大 5.5,A,5.5,1.78,50,39,A,5.5,
2026-07-20,2026-07-20T13:57:30,台灣運彩,,3478712.1,108,2026-07-20T17:00:00+08:00,廣島東洋鯉魚,讀賣巨人,廣島東洋鯉魚 @ 讀賣巨人,51463933.1,360,[總分]大小 5.5,252898484.1,小 5.5,H,5.5,1.65,20,13,H,5.5,
2026-07-20,2026-07-20T13:57:30,台灣運彩,,3478712.1,108,2026-07-20T17:00:00+08:00,廣島東洋鯉魚,讀賣巨人,廣島東洋鯉魚 @ 讀賣巨人,51463928.1,362,讀賣巨人 大小 2.5,252898473.1,大 2.5,A,2.5,1.43,100,43,A,2.5,
2026-07-20,2026-07-20T13:57:30,台灣運彩,,3478712.1,108,2026-07-20T17:00:00+08:00,廣島東洋鯉魚,讀賣巨人,廣島東洋鯉魚 @ 讀賣巨人,51463928.1,362,讀賣巨人 大小 2.5,252898472.1,小 2.5,H,2.5,1.98,50,49,H,2.5,
2026-07-20,2026-07-20T13:57:30,台灣運彩,,3478712.1,108,2026-07-20T17:00:00+08:00,廣島東洋鯉魚,讀賣巨人,廣島東洋鯉魚 @ 讀賣巨人,51463932.1,363,廣島東洋鯉魚 大小 2.5,252898483.1,大 2.5,A,2.5,1.60,5,3,A,2.5,
2026-07-20,2026-07-20T13:57:30,台灣運彩,,3478712.1,108,2026-07-20T17:00:00+08:00,廣島東洋鯉魚,讀賣巨人,廣島東洋鯉魚 @ 讀賣巨人,51463932.1,363,廣島東洋鯉魚 大小 2.5,252898482.1,小 2.5,H,2.5,1.73,100,73,H,2.5,
2026-07-20,2026-07-20T13:57:30,台灣運彩,,3478712.1,108,2026-07-20T17:00:00+08:00,廣島東洋鯉魚,讀賣巨人,廣島東洋鯉魚 @ 讀賣巨人,51463927.1,366,[總分]單雙,252898471.1,單,,,1.50,2,1,,,
2026-07-20,2026-07-20T13:57:30,台灣運彩,,3478712.1,108,2026-07-20T17:00:00+08:00,廣島東洋鯉魚,讀賣巨人,廣島東洋鯉魚 @ 讀賣巨人,51463927.1,366,[總分]單雙,252898470.1,雙,,,1.96,25,24,,,
2026-07-20,2026-07-20T13:57:30,台灣運彩,,3478712.1,108,2026-07-20T17:00:00+08:00,廣島東洋鯉魚,讀賣巨人,廣島東洋鯉魚 @ 讀賣巨人,51463931.1,376,[1-5局] 不讓分,252898479.1,讀賣巨人,H,,1.65,20,13,H,,1
2026-07-20,2026-07-20T13:57:30,台灣運彩,,3478712.1,108,2026-07-20T17:00:00+08:00,廣島東洋鯉魚,讀賣巨人,廣島東洋鯉魚 @ 讀賣巨人,51463931.1,376,[1-5局] 不讓分,252898481.1,廣島東洋鯉魚,A,,2.45,20,29,A,,2
2026-07-20,2026-07-20T13:57:30,台灣運彩,,3478712.1,108,2026-07-20T17:00:00+08:00,廣島東洋鯉魚,讀賣巨人,廣島東洋鯉魚 @ 讀賣巨人,51463931.1,376,[1-5局] 不讓分,252898480.1,和局,D,,3.40,5,12,D,,
2026-07-20,2026-07-20T13:57:30,台灣運彩,,3478712.1,108,2026-07-20T17:00:00+08:00,廣島東洋鯉魚,讀賣巨人,廣島東洋鯉魚 @ 讀賣巨人,51464534.1,378,[1-5局] 大小 2.5,252900233.1,大 2.5,A,2.5,1.52,25,13,A,2.5,
2026-07-20,2026-07-20T13:57:30,台灣運彩,,3478712.1,108,2026-07-20T17:00:00+08:00,廣島東洋鯉魚,讀賣巨人,廣島東洋鯉魚 @ 讀賣巨人,51464534.1,378,[1-5局] 大小 2.5,252900232.1,小 2.5,H,2.5,1.83,100,83,H,2.5,
2026-07-20,2026-07-20T13:57:30,台灣運彩,,3478712.1,108,2026-07-20T17:00:00+08:00,廣島東洋鯉魚,讀賣巨人,廣島東洋鯉魚 @ 讀賣巨人,51463930.1,389,[第1局] 不讓分,252898476.1,讀賣巨人,H,,3.05,20,41,H,,1
2026-07-20,2026-07-20T13:57:30,台灣運彩,,3478712.1,108,2026-07-20T17:00:00+08:00,廣島東洋鯉魚,讀賣巨人,廣島東洋鯉魚 @ 讀賣巨人,51463930.1,389,[第1局] 不讓分,252898478.1,廣島東洋鯉魚,A,,4.60,5,18,A,,2
2026-07-20,2026-07-20T13:57:30,台灣運彩,,3478712.1,108,2026-07-20T17:00:00+08:00,廣島東洋鯉魚,讀賣巨人,廣島東洋鯉魚 @ 讀賣巨人,51463930.1,389,[第1局] 不讓分,252898477.1,和局,D,,1.35,20,7,D,,
2026-07-20,2026-07-20T13:57:30,台灣運彩,,3478715.1,122,2026-07-20T17:00:00+08:00,橫濱海灣之星,阪神虎,橫濱海灣之星 @ 阪神虎,51463890.1,354,不讓分,252898386.1,阪神虎,H,,1.53,100,53,H,,1
2026-07-20,2026-07-20T13:57:30,台灣運彩,,3478715.1,122,2026-07-20T17:00:00+08:00,橫濱海灣之星,阪神虎,橫濱海灣之星 @ 阪神虎,51463890.1,354,不讓分,252898387.1,橫濱海灣之星,A,,1.93,100,93,A,,2
2026-07-20,2026-07-20T13:57:30,台灣運彩,,3478715.1,122,2026-07-20T17:00:00+08:00,橫濱海灣之星,阪神虎,橫濱海灣之星 @ 阪神虎,51463919.1,358,讓分 -1.5,252898453.1,阪神虎 -1.5,H,-1.5,2.20,5,6,H,-1.5,1
2026-07-20,2026-07-20T13:57:30,台灣運彩,,3478715.1,122,2026-07-20T17:00:00+08:00,橫濱海灣之星,阪神虎,橫濱海灣之星 @ 阪神虎,51463919.1,358,讓分 -1.5,252898454.1,橫濱海灣之星 +1.5,A,-1.5,1.40,5,2,A,-1.5,2
2026-07-20,2026-07-20T13:57:30,台灣運彩,,3478715.1,122,2026-07-20T17:00:00+08:00,橫濱海灣之星,阪神虎,橫濱海灣之星 @ 阪神虎,51463921.1,360,[總分]大小 5.5,252898458.1,大 5.5,A,5.5,1.65,20,13,A,5.5,
2026-07-20,2026-07-20T13:57:30,台灣運彩,,3478715.1,122,2026-07-20T17:00:00+08:00,橫濱海灣之星,阪神虎,橫濱海灣之星 @ 阪神虎,51463921.1,360,[總分]大小 5.5,252898457.1,小 5.5,H,5.5,1.78,50,39,H,5.5,
2026-07-20,2026-07-20T13:57:30,台灣運彩,,3478715.1,122,2026-07-20T17:00:00+08:00,橫濱海灣之星,阪神虎,橫濱海灣之星 @ 阪神虎,51463926.1,362,阪神虎 大小 2.5,252898469.1,大 2.5,A,2.5,1.53,100,53,A,2.5,
2026-07-20,2026-07-20T13:57:30,台灣運彩,,3478715.1,122,2026-07-20T17:00:00+08:00,橫濱海灣之星,阪神虎,橫濱海灣之星 @ 阪神虎,51463926.1,362,阪神虎 大小 2.5,252898468.1,小 2.5,H,2.5,1.82,50,41,H,2.5,
2026-07-20,2026-07-20T13:57:30,台灣運彩,,3478715.1,122,2026-07-20T17:00:00+08:00,橫濱海灣之星,阪神虎,橫濱海灣之星 @ 阪神虎,51463923.1,363,橫濱海灣之星 大小 2.5,252898462.1,大 2.5,A,2.5,1.75,4,3,A,2.5,
2026-07-20,2026-07-20T13:57:30,台灣運彩,,3478715.1,122,2026-07-20T17:00:00+08:00,橫濱海灣之星,阪神虎,橫濱海灣之星 @ 阪神虎,51463923.1,363,橫濱海灣之星 大小 2.5,252898461.1,小 2.5,H,2.5,1.58,50,29,H,2.5,
2026-07-20,2026-07-20T13:57:30,台灣運彩,,3478715.1,122,2026-07-20T17:00:00+08:00,橫濱海灣之星,阪神虎,橫濱海灣之星 @ 阪神虎,51463913.1,366,[總分]單雙,252898442.1,單,,,1.50,2,1,,,
2026-07-20,2026-07-20T13:57:30,台灣運彩,,3478715.1,122,2026-07-20T17:00:00+08:00,橫濱海灣之星,阪神虎,橫濱海灣之星 @ 阪神虎,51463913.1,366,[總分]單雙,252898440.1,雙,,,1.96,25,24,,,
2026-07-20,2026-07-20T13:57:30,台灣運彩,,3478715.1,122,2026-07-20T17:00:00+08:00,橫濱海灣之星,阪神虎,橫濱海灣之星 @ 阪神虎,51463924.1,376,[1-5局] 不讓分,252898463.1,阪神虎,H,,1.75,4,3,H,,1
2026-07-20,2026-07-20T13:57:30,台灣運彩,,3478715.1,122,2026-07-20T17:00:00+08:00,橫濱海灣之星,阪神虎,橫濱海灣之星 @ 阪神虎,51463924.1,376,[1-5局] 不讓分,252898465.1,橫濱海灣之星,A,,2.25,4,5,A,,2
2026-07-20,2026-07-20T13:57:30,台灣運彩,,3478715.1,122,2026-07-20T17:00:00+08:00,橫濱海灣之星,阪神虎,橫濱海灣之星 @ 阪神虎,51463924.1,376,[1-5局] 不讓分,252898464.1,和局,D,,3.50,2,5,D,,
2026-07-20,2026-07-20T13:57:30,台灣運彩,,3478715.1,122,2026-07-20T17:00:00+08:00,橫濱海灣之星,阪神虎,橫濱海灣之星 @ 阪神虎,51464532.1,378,[1-5局] 大小 2.5,252900229.1,大 2.5,A,2.5,1.50,2,1,A,2.5,
2026-07-20,2026-07-20T13:57:30,台灣運彩,,3478715.1,122,2026-07-20T17:00:00+08:00,橫濱海灣之星,阪神虎,橫濱海灣之星 @ 阪神虎,51464532.1,378,[1-5局] 大小 2.5,252900228.1,小 2.5,H,2.5,1.85,20,17,H,2.5,
2026-07-20,2026-07-20T13:57:30,台灣運彩,,3478715.1,122,2026-07-20T17:00:00+08:00,橫濱海灣之星,阪神虎,橫濱海灣之星 @ 阪神虎,51463916.1,389,[第1局] 不讓分,252898446.1,阪神虎,H,,3.20,5,11,H,,1
2026-07-20,2026-07-20T13:57:30,台灣運彩,,3478715.1,122,2026-07-20T17:00:00+08:00,橫濱海灣之星,阪神虎,橫濱海灣之星 @ 阪神虎,51463916.1,389,[第1局] 不讓分,252898449.1,橫濱海灣之星,A,,4.15,20,63,A,,2
2026-07-20,2026-07-20T13:57:30,台灣運彩,,3478715.1,122,2026-07-20T17:00:00+08:00,橫濱海灣之星,阪神虎,橫濱海灣之星 @ 阪神虎,51463916.1,389,[第1局] 不讓分,252898448.1,和局,D,,1.35,20,7,D,,
2026-07-20,2026-07-20T13:57:30,台灣運彩,824410,3478718.1,123,2026-07-21T06:40:00+08:00,明尼蘇達雙城,克里夫蘭守護者,明尼蘇達雙城 @ 克里夫蘭守護者,51463974.1,354,不讓分,252898585.1,克里夫蘭守護者,H,,1.87,100,87,H,,1
2026-07-20,2026-07-20T13:57:30,台灣運彩,824410,3478718.1,123,2026-07-21T06:40:00+08:00,明尼蘇達雙城,克里夫蘭守護者,明尼蘇達雙城 @ 克里夫蘭守護者,51463974.1,354,不讓分,252898586.1,明尼蘇達雙城,A,,1.63,100,63,A,,2
2026-07-20,2026-07-20T13:57:30,台灣運彩,824410,3478718.1,123,2026-07-21T06:40:00+08:00,明尼蘇達雙城,克里夫蘭守護者,明尼蘇達雙城 @ 克里夫蘭守護者,51463979.1,357,勝分差,252898595.1,克里夫蘭守護者 1 分,H,,4.00,1,3,H,,
2026-07-20,2026-07-20T13:57:30,台灣運彩,824410,3478718.1,123,2026-07-21T06:40:00+08:00,明尼蘇達雙城,克里夫蘭守護者,明尼蘇達雙城 @ 克里夫蘭守護者,51463979.1,357,勝分差,252898596.1,克里夫蘭守護者 2 分,H,,7.25,4,25,H,,
2026-07-20,2026-07-20T13:57:30,台灣運彩,824410,3478718.1,123,2026-07-21T06:40:00+08:00,明尼蘇達雙城,克里夫蘭守護者,明尼蘇達雙城 @ 克里夫蘭守護者,51463979.1,357,勝分差,252898597.1,克里夫蘭守護者 > 2分,H,,3.20,5,11,H,,
2026-07-20,2026-07-20T13:57:30,台灣運彩,824410,3478718.1,123,2026-07-21T06:40:00+08:00,明尼蘇達雙城,克里夫蘭守護者,明尼蘇達雙城 @ 克里夫蘭守護者,51463979.1,357,勝分差,252898598.1,明尼蘇達雙城 1 分,A,,5.05,20,81,A,,
2026-07-20,2026-07-20T13:57:30,台灣運彩,824410,3478718.1,123,2026-07-21T06:40:00+08:00,明尼蘇達雙城,克里夫蘭守護者,明尼蘇達雙城 @ 克里夫蘭守護者,51463979.1,357,勝分差,252898599.1,明尼蘇達雙城 2 分,A,,6.75,4,23,A,,
2026-07-20,2026-07-20T13:57:30,台灣運彩,824410,3478718.1,123,2026-07-21T06:40:00+08:00,明尼蘇達雙城,克里夫蘭守護者,明尼蘇達雙城 @ 克里夫蘭守護者,51463979.1,357,勝分差,252898600.1,明尼蘇達雙城 > 2分,A,,2.50,2,3,A,,
2026-07-20,2026-07-20T13:57:30,台灣運彩,824410,3478718.1,123,2026-07-21T06:40:00+08:00,明尼蘇達雙城,克里夫蘭守護者,明尼蘇達雙城 @ 克里夫蘭守護者,51463969.1,358,讓分 2.5,252898575.1,克里夫蘭守護者 +2.5,H,2.5,1.30,10,3,H,2.5,1
2026-07-20,2026-07-20T13:57:30,台灣運彩,824410,3478718.1,123,2026-07-21T06:40:00+08:00,明尼蘇達雙城,克里夫蘭守護者,明尼蘇達雙城 @ 克里夫蘭守護者,51463969.1,358,讓分 2.5,252898576.1,明尼蘇達雙城 -2.5,A,2.5,2.60,5,8,A,2.5,2
2026-07-20,2026-07-20T13:57:30,台灣運彩,824410,3478718.1,123,2026-07-21T06:40:00+08:00,明尼蘇達雙城,克里夫蘭守護者,明尼蘇達雙城 @ 克里夫蘭守護者,51463972.1,358,讓分 1.5,252898581.1,克里夫蘭守護者 +1.5,H,1.5,1.48,25,12,H,1.5,1
2026-07-20,2026-07-20T13:57:30,台灣運彩,824410,3478718.1,123,2026-07-21T06:40:00+08:00,明尼蘇達雙城,克里夫蘭守護者,明尼蘇達雙城 @ 克里夫蘭守護者,51463972.1,358,讓分 1.5,252898582.1,明尼蘇達雙城 -1.5,A,1.5,2.05,20,21,A,1.5,2
2026-07-20,2026-07-20T13:57:30,台灣運彩,824410,3478718.1,123,2026-07-21T06:40:00+08:00,明尼蘇達雙城,克里夫蘭守護者,明尼蘇達雙城 @ 克里夫蘭守護者,51463973.1,360,[總分]大小 8.5,252898584.1,大 8.5,A,8.5,1.97,100,97,A,8.5,
2026-07-20,2026-07-20T13:57:30,台灣運彩,824410,3478718.1,123,2026-07-21T06:40:00+08:00,明尼蘇達雙城,克里夫蘭守護者,明尼蘇達雙城 @ 克里夫蘭守護者,51463973.1,360,[總分]大小 8.5,252898583.1,小 8.5,H,8.5,1.53,100,53,H,8.5,
2026-07-20,2026-07-20T13:57:30,台灣運彩,824410,3478718.1,123,2026-07-21T06:40:00+08:00,明尼蘇達雙城,克里夫蘭守護者,明尼蘇達雙城 @ 克里夫蘭守護者,51463975.1,360,[總分]大小 6.5,252898588.1,大 6.5,A,6.5,1.43,100,43,A,6.5,
2026-07-20,2026-07-20T13:57:30,台灣運彩,824410,3478718.1,123,2026-07-21T06:40:00+08:00,明尼蘇達雙城,克里夫蘭守護者,明尼蘇達雙城 @ 克里夫蘭守護者,51463975.1,360,[總分]大小 6.5,252898587.1,小 6.5,H,6.5,2.15,20,23,H,6.5,
2026-07-20,2026-07-20T13:57:30,台灣運彩,824410,3478718.1,123,2026-07-21T06:40:00+08:00,明尼蘇達雙城,克里夫蘭守護者,明尼蘇達雙城 @ 克里夫蘭守護者,51463978.1,360,[總分]大小 7.5,252898594.1,大 7.5,A,7.5,1.73,100,73,A,7.5,
2026-07-20,2026-07-20T13:57:30,台灣運彩,824410,3478718.1,123,2026-07-21T06:40:00+08:00,明尼蘇達雙城,克里夫蘭守護者,明尼蘇達雙城 @ 克里夫蘭守護者,51463978.1,360,[總分]大小 7.5,252898593.1,小 7.5,H,7.5,1.77,100,77,H,7.5,
2026-07-20,2026-07-20T13:57:30,台灣運彩,824410,3478718.1,123,2026-07-21T06:40:00+08:00,明尼蘇達雙城,克里夫蘭守護者,明尼蘇達雙城 @ 克里夫蘭守護者,51463977.1,362,克里夫蘭守護者 大小 3.5,252898592.1,大 3.5,A,3.5,1.75,4,3,A,3.5,
2026-07-20,2026-07-20T13:57:30,台灣運彩,824410,3478718.1,123,2026-07-21T06:40:00+08:00,明尼蘇達雙城,克里夫蘭守護者,明尼蘇達雙城 @ 克里夫蘭守護者,51463977.1,362,克里夫蘭守護者 大小 3.5,252898591.1,小 3.5,H,3.5,1.68,25,17,H,3.5,
2026-07-20,2026-07-20T13:57:30,台灣運彩,824410,3478718.1,123,2026-07-21T06:40:00+08:00,明尼蘇達雙城,克里夫蘭守護者,明尼蘇達雙城 @ 克里夫蘭守護者,51463971.1,363,明尼蘇達雙城 大小 3.5,252898580.1,大 3.5,A,3.5,1.63,100,63,A,3.5,
2026-07-20,2026-07-20T13:57:30,台灣運彩,824410,3478718.1,123,2026-07-21T06:40:00+08:00,明尼蘇達雙城,克里夫蘭守護者,明尼蘇達雙城 @ 克里夫蘭守護者,51463971.1,363,明尼蘇達雙城 大小 3.5,252898579.1,小 3.5,H,3.5,1.80,5,4,H,3.5,
2026-07-20,2026-07-20T13:57:30,台灣運彩,824410,3478718.1,123,2026-07-21T06:40:00+08:00,明尼蘇達雙城,克里夫蘭守護者,明尼蘇達雙城 @ 克里夫蘭守護者,51463970.1,366,[總分]單雙,252898578.1,單,,,1.46,50,23,,,
2026-07-20,2026-07-20T13:57:30,台灣運彩,824410,3478718.1,123,2026-07-21T06:40:00+08:00,明尼蘇達雙城,克里夫蘭守護者,明尼蘇達雙城 @ 克里夫蘭守護者,51463970.1,366,[總分]單雙,252898577.1,雙,,,2.05,20,21,,,
2026-07-20,2026-07-20T13:57:30,台灣運彩,824410,3478718.1,123,2026-07-21T06:40:00+08:00,明尼蘇達雙城,克里夫蘭守護者,明尼蘇達雙城 @ 克里夫蘭守護者,51463986.1,374,得分最高單局(不含延長賽),252898624.1,一樣多,,,2.20,5,6,,,
2026-07-20,2026-07-20T13:57:30,台灣運彩,824410,3478718.1,123,2026-07-21T06:40:00+08:00,明尼蘇達雙城,克里夫蘭守護者,明尼蘇達雙城 @ 克里夫蘭守護者,51463986.1,374,得分最高單局(不含延長賽),252898615.1,第1局,,,5.70,10,47,,,
2026-07-20,2026-07-20T13:57:30,台灣運彩,824410,3478718.1,123,2026-07-21T06:40:00+08:00,明尼蘇達雙城,克里夫蘭守護者,明尼蘇達雙城 @ 克里夫蘭守護者,51463986.1,374,得分最高單局(不含延長賽),252898616.1,第2局,,,6.50,2,11,,,
2026-07-20,2026-07-20T13:57:30,台灣運彩,824410,3478718.1,123,2026-07-21T06:40:00+08:00,明尼蘇達雙城,克里夫蘭守護者,明尼蘇達雙城 @ 克里夫蘭守護者,51463986.1,374,得分最高單局(不含延長賽),252898617.1,第3局,,,5.70,10,47,,,
2026-07-20,2026-07-20T13:57:30,台灣運彩,824410,3478718.1,123,2026-07-21T06:40:00+08:00,明尼蘇達雙城,克里夫蘭守護者,明尼蘇達雙城 @ 克里夫蘭守護者,51463986.1,374,得分最高單局(不含延長賽),252898618.1,第4局,,,6.50,2,11,,,
2026-07-20,2026-07-20T13:57:30,台灣運彩,824410,3478718.1,123,2026-07-21T06:40:00+08:00,明尼蘇達雙城,克里夫蘭守護者,明尼蘇達雙城 @ 克里夫蘭守護者,51463986.1,374,得分最高單局(不含延長賽),252898619.1,第5局,,,6.00,1,5,,,
2026-07-20,2026-07-20T13:57:30,台灣運彩,824410,3478718.1,123,2026-07-21T06:40:00+08:00,明尼蘇達雙城,克里夫蘭守護者,明尼蘇達雙城 @ 克里夫蘭守護者,51463986.1,374,得分最高單局(不含延長賽),252898620.1,第6局,,,6.00,1,5,,,
2026-07-20,2026-07-20T13:57:30,台灣運彩,824410,3478718.1,123,2026-07-21T06:40:00+08:00,明尼蘇達雙城,克里夫蘭守護者,明尼蘇達雙城 @ 克里夫蘭守護者,51463986.1,374,得分最高單局(不含延長賽),252898621.1,第7局,,,6.00,1,5,,,
2026-07-20,2026-07-20T13:57:30,台灣運彩,824410,3478718.1,123,2026-07-21T06:40:00+08:00,明尼蘇達雙城,克里夫蘭守護者,明尼蘇達雙城 @ 克里夫蘭守護者,51463986.1,374,得分最高單局(不含延長賽),252898622.1,第8局,,,5.80,5,24,,,
2026-07-20,2026-07-20T13:57:30,台灣運彩,824410,3478718.1,123,2026-07-21T06:40:00+08:00,明尼蘇達雙城,克里夫蘭守護者,明尼蘇達雙城 @ 克里夫蘭守護者,51463986.1,374,得分最高單局(不含延長賽),252898623.1,第9局,,,8.00,1,7,,,
2026-07-20,2026-07-20T13:57:30,台灣運彩,824410,3478718.1,123,2026-07-21T06:40:00+08:00,明尼蘇達雙城,克里夫蘭守護者,明尼蘇達雙城 @ 克里夫蘭守護者,51463984.1,376,[1-5局] 不讓分,252898609.1,克里夫蘭守護者,H,,1.95,20,19,H,,1
2026-07-20,2026-07-20T13:57:30,台灣運彩,824410,3478718.1,123,2026-07-21T06:40:00+08:00,明尼蘇達雙城,克里夫蘭守護者,明尼蘇達雙城 @ 克里夫蘭守護者,51463984.1,376,[1-5局] 不讓分,252898611.1,明尼蘇達雙城,A,,1.80,5,4,A,,2
2026-07-20,2026-07-20T13:57:30,台灣運彩,824410,3478718.1,123,2026-07-21T06:40:00+08:00,明尼蘇達雙城,克里夫蘭守護者,明尼蘇達雙城 @ 克里夫蘭守護者,51463984.1,376,[1-5局] 不讓分,252898610.1,和局,D,,4.25,4,13,D,,
2026-07-20,2026-07-20T13:57:30,台灣運彩,824410,3478718.1,123,2026-07-21T06:40:00+08:00,明尼蘇達雙城,克里夫蘭守護者,明尼蘇達雙城 @ 克里夫蘭守護者,51463980.1,378,[1-5局] 大小 3.5,252898602.1,大 3.5,A,3.5,1.50,2,1,A,3.5,
2026-07-20,2026-07-20T13:57:30,台灣運彩,824410,3478718.1,123,2026-07-21T06:40:00+08:00,明尼蘇達雙城,克里夫蘭守護者,明尼蘇達雙城 @ 克里夫蘭守護者,51463980.1,378,[1-5局] 大小 3.5,252898601.1,小 3.5,H,3.5,1.85,20,17,H,3.5,
2026-07-20,2026-07-20T13:57:30,台灣運彩,824410,3478718.1,123,2026-07-21T06:40:00+08:00,明尼蘇達雙城,克里夫蘭守護者,明尼蘇達雙城 @ 克里夫蘭守護者,51463982.1,379,[1-5局] 克里夫蘭守護者 大小 1.5,252898606.1,大 1.5,A,1.5,1.65,20,13,A,1.5,
2026-07-20,2026-07-20T13:57:30,台灣運彩,824410,3478718.1,123,2026-07-21T06:40:00+08:00,明尼蘇達雙城,克里夫蘭守護者,明尼蘇達雙城 @ 克里夫蘭守護者,51463982.1,379,[1-5局] 克里夫蘭守護者 大小 1.5,252898605.1,小 1.5,H,1.5,1.78,50,39,H,1.5,
2026-07-20,2026-07-20T13:57:30,台灣運彩,824410,3478718.1,123,2026-07-21T06:40:00+08:00,明尼蘇達雙城,克里夫蘭守護者,明尼蘇達雙城 @ 克里夫蘭守護者,51463983.1,380,[1-5局] 明尼蘇達雙城 大小 1.5,252898608.1,大 1.5,A,1.5,1.58,50,29,A,1.5,
2026-07-20,2026-07-20T13:57:30,台灣運彩,824410,3478718.1,123,2026-07-21T06:40:00+08:00,明尼蘇達雙城,克里夫蘭守護者,明尼蘇達雙城 @ 克里夫蘭守護者,51463983.1,380,[1-5局] 明尼蘇達雙城 大小 1.5,252898607.1,小 1.5,H,1.5,1.86,50,43,H,1.5,
2026-07-20,2026-07-20T13:57:30,台灣運彩,824410,3478718.1,123,2026-07-21T06:40:00+08:00,明尼蘇達雙城,克里夫蘭守護者,明尼蘇達雙城 @ 克里夫蘭守護者,51463985.1,389,[第1局] 不讓分,252898612.1,克里夫蘭守護者,H,,3.30,10,23,H,,1
2026-07-20,2026-07-20T13:57:30,台灣運彩,824410,3478718.1,123,2026-07-21T06:40:00+08:00,明尼蘇達雙城,克里夫蘭守護者,明尼蘇達雙城 @ 克里夫蘭守護者,51463985.1,389,[第1局] 不讓分,252898614.1,明尼蘇達雙城,A,,3.25,4,9,A,,2
2026-07-20,2026-07-20T13:57:30,台灣運彩,824410,3478718.1,123,2026-07-21T06:40:00+08:00,明尼蘇達雙城,克里夫蘭守護者,明尼蘇達雙城 @ 克里夫蘭守護者,51463985.1,389,[第1局] 不讓分,252898613.1,和局,D,,1.45,20,9,D,,
2026-07-20,2026-07-20T13:57:30,台灣運彩,824410,3478718.1,123,2026-07-21T06:40:00+08:00,明尼蘇達雙城,克里夫蘭守護者,明尼蘇達雙城 @ 克里夫蘭守護者,51463981.1,398,[第1局] 大小 0.5,252898604.1,大 0.5,A,0.5,1.80,5,4,A,0.5,
2026-07-20,2026-07-20T13:57:30,台灣運彩,824410,3478718.1,123,2026-07-21T06:40:00+08:00,明尼蘇達雙城,克里夫蘭守護者,明尼蘇達雙城 @ 克里夫蘭守護者,51463981.1,398,[第1局] 大小 0.5,252898603.1,小 0.5,H,0.5,1.55,20,11,H,0.5,
2026-07-20,2026-07-20T13:57:30,台灣運彩,823522,3478719.1,124,2026-07-21T07:05:00+08:00,匹茲堡海盜,紐約洋基,匹茲堡海盜 @ 紐約洋基,51464030.1,354,不讓分,252898714.1,紐約洋基,H,,1.50,2,1,H,,1
2026-07-20,2026-07-20T13:57:30,台灣運彩,823522,3478719.1,124,2026-07-21T07:05:00+08:00,匹茲堡海盜,紐約洋基,匹茲堡海盜 @ 紐約洋基,51464030.1,354,不讓分,252898715.1,匹茲堡海盜,A,,2.00,1,1,A,,2
2026-07-20,2026-07-20T13:57:30,台灣運彩,823522,3478719.1,124,2026-07-21T07:05:00+08:00,匹茲堡海盜,紐約洋基,匹茲堡海盜 @ 紐約洋基,51464039.1,357,勝分差,252898736.1,匹茲堡海盜 1 分,A,,5.65,20,93,A,,
2026-07-20,2026-07-20T13:57:30,台灣運彩,823522,3478719.1,124,2026-07-21T07:05:00+08:00,匹茲堡海盜,紐約洋基,匹茲堡海盜 @ 紐約洋基,51464039.1,357,勝分差,252898737.1,匹茲堡海盜 2 分,A,,7.75,4,27,A,,
2026-07-20,2026-07-20T13:57:30,台灣運彩,823522,3478719.1,124,2026-07-21T07:05:00+08:00,匹茲堡海盜,紐約洋基,匹茲堡海盜 @ 紐約洋基,51464039.1,357,勝分差,252898738.1,匹茲堡海盜 > 2分,A,,3.25,4,9,A,,
2026-07-20,2026-07-20T13:57:30,台灣運彩,823522,3478719.1,124,2026-07-21T07:05:00+08:00,匹茲堡海盜,紐約洋基,匹茲堡海盜 @ 紐約洋基,51464039.1,357,勝分差,252898733.1,紐約洋基 1 分,H,,3.80,5,14,H,,
2026-07-20,2026-07-20T13:57:30,台灣運彩,823522,3478719.1,124,2026-07-21T07:05:00+08:00,匹茲堡海盜,紐約洋基,匹茲堡海盜 @ 紐約洋基,51464039.1,357,勝分差,252898734.1,紐約洋基 2 分,H,,6.50,2,11,H,,
2026-07-20,2026-07-20T13:57:30,台灣運彩,823522,3478719.1,124,2026-07-21T07:05:00+08:00,匹茲堡海盜,紐約洋基,匹茲堡海盜 @ 紐約洋基,51464039.1,357,勝分差,252898735.1,紐約洋基 > 2分,H,,2.40,5,7,H,,
2026-07-20,2026-07-20T13:57:30,台灣運彩,823522,3478719.1,124,2026-07-21T07:05:00+08:00,匹茲堡海盜,紐約洋基,匹茲堡海盜 @ 紐約洋基,51464028.1,358,讓分 -1.5,252898710.1,紐約洋基 -1.5,H,-1.5,2.05,20,21,H,-1.5,1
2026-07-20,2026-07-20T13:57:30,台灣運彩,823522,3478719.1,124,2026-07-21T07:05:00+08:00,匹茲堡海盜,紐約洋基,匹茲堡海盜 @ 紐約洋基,51464028.1,358,讓分 -1.5,252898711.1,匹茲堡海盜 +1.5,A,-1.5,1.48,25,12,A,-1.5,2
2026-07-20,2026-07-20T13:57:30,台灣運彩,823522,3478719.1,124,2026-07-21T07:05:00+08:00,匹茲堡海盜,紐約洋基,匹茲堡海盜 @ 紐約洋基,51464035.1,358,讓分 -2.5,252898724.1,紐約洋基 -2.5,H,-2.5,2.60,5,8,H,-2.5,1
2026-07-20,2026-07-20T13:57:30,台灣運彩,823522,3478719.1,124,2026-07-21T07:05:00+08:00,匹茲堡海盜,紐約洋基,匹茲堡海盜 @ 紐約洋基,51464035.1,358,讓分 -2.5,252898725.1,匹茲堡海盜 +2.5,A,-2.5,1.30,10,3,A,-2.5,2
2026-07-20,2026-07-20T13:57:30,台灣運彩,823522,3478719.1,124,2026-07-21T07:05:00+08:00,匹茲堡海盜,紐約洋基,匹茲堡海盜 @ 紐約洋基,51464036.1,358,讓分 1.5,252898726.1,紐約洋基 +1.5,H,1.5,1.36,25,9,H,1.5,1
2026-07-20,2026-07-20T13:57:30,台灣運彩,823522,3478719.1,124,2026-07-21T07:05:00+08:00,匹茲堡海盜,紐約洋基,匹茲堡海盜 @ 紐約洋基,51464036.1,358,讓分 1.5,252898727.1,匹茲堡海盜 -1.5,A,1.5,2.40,5,7,A,1.5,2
2026-07-20,2026-07-20T13:57:30,台灣運彩,823522,3478719.1,124,2026-07-21T07:05:00+08:00,匹茲堡海盜,紐約洋基,匹茲堡海盜 @ 紐約洋基,51464031.1,360,[總分]大小 6.5,252898717.1,大 6.5,A,6.5,1.40,5,2,A,6.5,
2026-07-20,2026-07-20T13:57:30,台灣運彩,823522,3478719.1,124,2026-07-21T07:05:00+08:00,匹茲堡海盜,紐約洋基,匹茲堡海盜 @ 紐約洋基,51464031.1,360,[總分]大小 6.5,252898716.1,小 6.5,H,6.5,2.30,10,13,H,6.5,
2026-07-20,2026-07-20T13:57:30,台灣運彩,823522,3478719.1,124,2026-07-21T07:05:00+08:00,匹茲堡海盜,紐約洋基,匹茲堡海盜 @ 紐約洋基,51464034.1,360,[總分]大小 8.5,252898723.1,大 8.5,A,8.5,1.92,25,23,A,8.5,
2026-07-20,2026-07-20T13:57:30,台灣運彩,823522,3478719.1,124,2026-07-21T07:05:00+08:00,匹茲堡海盜,紐約洋基,匹茲堡海盜 @ 紐約洋基,51464034.1,360,[總分]大小 8.5,252898722.1,小 8.5,H,8.5,1.58,50,29,H,8.5,
2026-07-20,2026-07-20T13:57:30,台灣運彩,823522,3478719.1,124,2026-07-21T07:05:00+08:00,匹茲堡海盜,紐約洋基,匹茲堡海盜 @ 紐約洋基,51464040.1,360,[總分]大小 7.5,252898740.1,大 7.5,A,7.5,1.68,25,17,A,7.5,
2026-07-20,2026-07-20T13:57:30,台灣運彩,823522,3478719.1,124,2026-07-21T07:05:00+08:00,匹茲堡海盜,紐約洋基,匹茲堡海盜 @ 紐約洋基,51464040.1,360,[總分]大小 7.5,252898739.1,小 7.5,H,7.5,1.82,50,41,H,7.5,
2026-07-20,2026-07-20T13:57:30,台灣運彩,823522,3478719.1,124,2026-07-21T07:05:00+08:00,匹茲堡海盜,紐約洋基,匹茲堡海盜 @ 紐約洋基,51464745.1,362,紐約洋基 大小 4.5,252900959.1,大 4.5,A,4.5,1.90,10,9,A,4.5,
2026-07-20,2026-07-20T13:57:30,台灣運彩,823522,3478719.1,124,2026-07-21T07:05:00+08:00,匹茲堡海盜,紐約洋基,匹茲堡海盜 @ 紐約洋基,51464745.1,362,紐約洋基 大小 4.5,252900958.1,小 4.5,H,4.5,1.55,20,11,H,4.5,
2026-07-20,2026-07-20T13:57:30,台灣運彩,823522,3478719.1,124,2026-07-21T07:05:00+08:00,匹茲堡海盜,紐約洋基,匹茲堡海盜 @ 紐約洋基,51464042.1,363,匹茲堡海盜 大小 3.5,252898744.1,大 3.5,A,3.5,1.80,5,4,A,3.5,
2026-07-20,2026-07-20T13:57:30,台灣運彩,823522,3478719.1,124,2026-07-21T07:05:00+08:00,匹茲堡海盜,紐約洋基,匹茲堡海盜 @ 紐約洋基,51464042.1,363,匹茲堡海盜 大小 3.5,252898743.1,小 3.5,H,3.5,1.63,100,63,H,3.5,
2026-07-20,2026-07-20T13:57:30,台灣運彩,823522,3478719.1,124,2026-07-21T07:05:00+08:00,匹茲堡海盜,紐約洋基,匹茲堡海盜 @ 紐約洋基,51464041.1,366,[總分]單雙,252898742.1,單,,,1.46,50,23,,,
2026-07-20,2026-07-20T13:57:30,台灣運彩,823522,3478719.1,124,2026-07-21T07:05:00+08:00,匹茲堡海盜,紐約洋基,匹茲堡海盜 @ 紐約洋基,51464041.1,366,[總分]單雙,252898741.1,雙,,,2.05,20,21,,,
2026-07-20,2026-07-20T13:57:30,台灣運彩,823522,3478719.1,124,2026-07-21T07:05:00+08:00,匹茲堡海盜,紐約洋基,匹茲堡海盜 @ 紐約洋基,51464044.1,374,得分最高單局(不含延長賽),252898757.1,一樣多,,,2.20,5,6,,,
2026-07-20,2026-07-20T13:57:30,台灣運彩,823522,3478719.1,124,2026-07-21T07:05:00+08:00,匹茲堡海盜,紐約洋基,匹茲堡海盜 @ 紐約洋基,51464044.1,374,得分最高單局(不含延長賽),252898748.1,第1局,,,5.40,5,22,,,
2026-07-20,2026-07-20T13:57:30,台灣運彩,823522,3478719.1,124,2026-07-21T07:05:00+08:00,匹茲堡海盜,紐約洋基,匹茲堡海盜 @ 紐約洋基,51464044.1,374,得分最高單局(不含延長賽),252898749.1,第2局,,,6.50,2,11,,,
2026-07-20,2026-07-20T13:57:30,台灣運彩,823522,3478719.1,124,2026-07-21T07:05:00+08:00,匹茲堡海盜,紐約洋基,匹茲堡海盜 @ 紐約洋基,51464044.1,374,得分最高單局(不含延長賽),252898750.1,第3局,,,5.80,5,24,,,
2026-07-20,2026-07-20T13:57:30,台灣運彩,823522,3478719.1,124,2026-07-21T07:05:00+08:00,匹茲堡海盜,紐約洋基,匹茲堡海盜 @ 紐約洋基,51464044.1,374,得分最高單局(不含延長賽),252898751.1,第4局,,,6.25,4,21,,,
2026-07-20,2026-07-20T13:57:30,台灣運彩,823522,3478719.1,124,2026-07-21T07:05:00+08:00,匹茲堡海盜,紐約洋基,匹茲堡海盜 @ 紐約洋基,51464044.1,374,得分最高單局(不含延長賽),252898752.1,第5局,,,6.25,4,21,,,
2026-07-20,2026-07-20T13:57:30,台灣運彩,823522,3478719.1,124,2026-07-21T07:05:00+08:00,匹茲堡海盜,紐約洋基,匹茲堡海盜 @ 紐約洋基,51464044.1,374,得分最高單局(不含延長賽),252898753.1,第6局,,,5.85,20,97,,,
2026-07-20,2026-07-20T13:57:30,台灣運彩,823522,3478719.1,124,2026-07-21T07:05:00+08:00,匹茲堡海盜,紐約洋基,匹茲堡海盜 @ 紐約洋基,51464044.1,374,得分最高單局(不含延長賽),252898754.1,第7局,,,6.00,1,5,,,
2026-07-20,2026-07-20T13:57:30,台灣運彩,823522,3478719.1,124,2026-07-21T07:05:00+08:00,匹茲堡海盜,紐約洋基,匹茲堡海盜 @ 紐約洋基,51464044.1,374,得分最高單局(不含延長賽),252898755.1,第8局,,,5.65,20,93,,,
2026-07-20,2026-07-20T13:57:30,台灣運彩,823522,3478719.1,124,2026-07-21T07:05:00+08:00,匹茲堡海盜,紐約洋基,匹茲堡海盜 @ 紐約洋基,51464044.1,374,得分最高單局(不含延長賽),252898756.1,第9局,,,8.00,1,7,,,
2026-07-20,2026-07-20T13:57:30,台灣運彩,823522,3478719.1,124,2026-07-21T07:05:00+08:00,匹茲堡海盜,紐約洋基,匹茲堡海盜 @ 紐約洋基,51464043.1,376,[1-5局] 不讓分,252898745.1,紐約洋基,H,,1.65,20,13,H,,1
2026-07-20,2026-07-20T13:57:30,台灣運彩,823522,3478719.1,124,2026-07-21T07:05:00+08:00,匹茲堡海盜,紐約洋基,匹茲堡海盜 @ 紐約洋基,51464043.1,376,[1-5局] 不讓分,252898747.1,匹茲堡海盜,A,,2.20,5,6,A,,2
2026-07-20,2026-07-20T13:57:30,台灣運彩,823522,3478719.1,124,2026-07-21T07:05:00+08:00,匹茲堡海盜,紐約洋基,匹茲堡海盜 @ 紐約洋基,51464043.1,376,[1-5局] 不讓分,252898746.1,和局,D,,4.35,20,67,D,,
2026-07-20,2026-07-20T13:57:30,台灣運彩,823522,3478719.1,124,2026-07-21T07:05:00+08:00,匹茲堡海盜,紐約洋基,匹茲堡海盜 @ 紐約洋基,51464032.1,378,[1-5局] 大小 4.5,252898719.1,大 4.5,A,4.5,1.80,5,4,A,4.5,
2026-07-20,2026-07-20T13:57:30,台灣運彩,823522,3478719.1,124,2026-07-21T07:05:00+08:00,匹茲堡海盜,紐約洋基,匹茲堡海盜 @ 紐約洋基,51464032.1,378,[1-5局] 大小 4.5,252898718.1,小 4.5,H,4.5,1.55,20,11,H,4.5,
2026-07-20,2026-07-20T13:57:30,台灣運彩,823522,3478719.1,124,2026-07-21T07:05:00+08:00,匹茲堡海盜,紐約洋基,匹茲堡海盜 @ 紐約洋基,51464027.1,379,[1-5局] 紐約洋基 大小 1.5,252898709.1,大 1.5,A,1.5,1.55,20,11,A,1.5,
2026-07-20,2026-07-20T13:57:30,台灣運彩,823522,3478719.1,124,2026-07-21T07:05:00+08:00,匹茲堡海盜,紐約洋基,匹茲堡海盜 @ 紐約洋基,51464027.1,379,[1-5局] 紐約洋基 大小 1.5,252898708.1,小 1.5,H,1.5,1.90,10,9,H,1.5,
2026-07-20,2026-07-20T13:57:30,台灣運彩,823522,3478719.1,124,2026-07-21T07:05:00+08:00,匹茲堡海盜,紐約洋基,匹茲堡海盜 @ 紐約洋基,51464746.1,379,[1-5局] 紐約洋基 大小 2.5,252900961.1,大 2.5,A,2.5,1.93,100,93,A,2.5,
2026-07-20,2026-07-20T13:57:30,台灣運彩,823522,3478719.1,124,2026-07-21T07:05:00+08:00,匹茲堡海盜,紐約洋基,匹茲堡海盜 @ 紐約洋基,51464746.1,379,[1-5局] 紐約洋基 大小 2.5,252900960.1,小 2.5,H,2.5,1.53,100,53,H,2.5,
2026-07-20,2026-07-20T13:57:30,台灣運彩,823522,3478719.1,124,2026-07-21T07:05:00+08:00,匹茲堡海盜,紐約洋基,匹茲堡海盜 @ 紐約洋基,51464029.1,380,[1-5局] 匹茲堡海盜 大小 1.5,252898713.1,大 1.5,A,1.5,1.75,4,3,A,1.5,
2026-07-20,2026-07-20T13:57:30,台灣運彩,823522,3478719.1,124,2026-07-21T07:05:00+08:00,匹茲堡海盜,紐約洋基,匹茲堡海盜 @ 紐約洋基,51464029.1,380,[1-5局] 匹茲堡海盜 大小 1.5,252898712.1,小 1.5,H,1.5,1.68,25,17,H,1.5,
2026-07-20,2026-07-20T13:57:30,台灣運彩,823522,3478719.1,124,2026-07-21T07:05:00+08:00,匹茲堡海盜,紐約洋基,匹茲堡海盜 @ 紐約洋基,51464037.1,389,[第1局] 不讓分,252898728.1,紐約洋基,H,,2.80,5,9,H,,1
2026-07-20,2026-07-20T13:57:30,台灣運彩,823522,3478719.1,124,2026-07-21T07:05:00+08:00,匹茲堡海盜,紐約洋基,匹茲堡海盜 @ 紐約洋基,51464037.1,389,[第1局] 不讓分,252898730.1,匹茲堡海盜,A,,3.75,4,11,A,,2
2026-07-20,2026-07-20T13:57:30,台灣運彩,823522,3478719.1,124,2026-07-21T07:05:00+08:00,匹茲堡海盜,紐約洋基,匹茲堡海盜 @ 紐約洋基,51464037.1,389,[第1局] 不讓分,252898729.1,和局,D,,1.50,2,1,D,,
2026-07-20,2026-07-20T13:57:30,台灣運彩,823522,3478719.1,124,2026-07-21T07:05:00+08:00,匹茲堡海盜,紐約洋基,匹茲堡海盜 @ 紐約洋基,51464033.1,398,[第1局] 大小 0.5,252898721.1,大 0.5,A,0.5,1.75,4,3,A,0.5,
2026-07-20,2026-07-20T13:57:30,台灣運彩,823522,3478719.1,124,2026-07-21T07:05:00+08:00,匹茲堡海盜,紐約洋基,匹茲堡海盜 @ 紐約洋基,51464033.1,398,[第1局] 大小 0.5,252898720.1,小 0.5,H,0.5,1.58,50,29,H,0.5,
2026-07-20,2026-07-20T13:57:30,台灣運彩,822788,3478720.1,125,2026-07-21T07:07:00+08:00,坦帕灣光芒,多倫多藍鳥,坦帕灣光芒 @ 多倫多藍鳥,51464059.1,354,不讓分,252898788.1,多倫多藍鳥,H,,1.50,2,1,H,,1
2026-07-20,2026-07-20T13:57:30,台灣運彩,822788,3478720.1,125,2026-07-21T07:07:00+08:00,坦帕灣光芒,多倫多藍鳥,坦帕灣光芒 @ 多倫多藍鳥,51464059.1,354,不讓分,252898789.1,坦帕灣光芒,A,,2.00,1,1,A,,2
2026-07-20,2026-07-20T13:57:30,台灣運彩,822788,3478720.1,125,2026-07-21T07:07:00+08:00,坦帕灣光芒,多倫多藍鳥,坦帕灣光芒 @ 多倫多藍鳥,51464064.1,357,勝分差,252898801.1,坦帕灣光芒 1 分,A,,5.50,2,9,A,,
2026-07-20,2026-07-20T13:57:30,台灣運彩,822788,3478720.1,125,2026-07-21T07:07:00+08:00,坦帕灣光芒,多倫多藍鳥,坦帕灣光芒 @ 多倫多藍鳥,51464064.1,357,勝分差,252898802.1,坦帕灣光芒 2 分,A,,7.75,4,27,A,,
2026-07-20,2026-07-20T13:57:30,台灣運彩,822788,3478720.1,125,2026-07-21T07:07:00+08:00,坦帕灣光芒,多倫多藍鳥,坦帕灣光芒 @ 多倫多藍鳥,51464064.1,357,勝分差,252898803.1,坦帕灣光芒 > 2分,A,,3.40,5,12,A,,
2026-07-20,2026-07-20T13:57:30,台灣運彩,822788,3478720.1,125,2026-07-21T07:07:00+08:00,坦帕灣光芒,多倫多藍鳥,坦帕灣光芒 @ 多倫多藍鳥,51464064.1,357,勝分差,252898798.1,多倫多藍鳥 1 分,H,,3.70,10,27,H,,
2026-07-20,2026-07-20T13:57:30,台灣運彩,822788,3478720.1,125,2026-07-21T07:07:00+08:00,坦帕灣光芒,多倫多藍鳥,坦帕灣光芒 @ 多倫多藍鳥,51464064.1,357,勝分差,252898799.1,多倫多藍鳥 2 分,H,,6.50,2,11,H,,
2026-07-20,2026-07-20T13:57:30,台灣運彩,822788,3478720.1,125,2026-07-21T07:07:00+08:00,坦帕灣光芒,多倫多藍鳥,坦帕灣光芒 @ 多倫多藍鳥,51464064.1,357,勝分差,252898800.1,多倫多藍鳥 > 2分,H,,2.40,5,7,H,,
2026-07-20,2026-07-20T13:57:30,台灣運彩,822788,3478720.1,125,2026-07-21T07:07:00+08:00,坦帕灣光芒,多倫多藍鳥,坦帕灣光芒 @ 多倫多藍鳥,51464056.1,358,讓分 -1.5,252898781.1,多倫多藍鳥 -1.5,H,-1.5,1.98,50,49,H,-1.5,1
2026-07-20,2026-07-20T13:57:30,台灣運彩,822788,3478720.1,125,2026-07-21T07:07:00+08:00,坦帕灣光芒,多倫多藍鳥,坦帕灣光芒 @ 多倫多藍鳥,51464056.1,358,讓分 -1.5,252898782.1,坦帕灣光芒 +1.5,A,-1.5,1.52,25,13,A,-1.5,2
2026-07-20,2026-07-20T13:57:30,台灣運彩,822788,3478720.1,125,2026-07-21T07:07:00+08:00,坦帕灣光芒,多倫多藍鳥,坦帕灣光芒 @ 多倫多藍鳥,51464055.1,360,[總分]大小 7.5,252898780.1,大 7.5,A,7.5,1.78,50,39,A,7.5,
2026-07-20,2026-07-20T13:57:30,台灣運彩,822788,3478720.1,125,2026-07-21T07:07:00+08:00,坦帕灣光芒,多倫多藍鳥,坦帕灣光芒 @ 多倫多藍鳥,51464055.1,360,[總分]大小 7.5,252898779.1,小 7.5,H,7.5,1.72,25,18,H,7.5,
2026-07-20,2026-07-20T13:57:30,台灣運彩,822788,3478720.1,125,2026-07-21T07:07:00+08:00,坦帕灣光芒,多倫多藍鳥,坦帕灣光芒 @ 多倫多藍鳥,51464063.1,362,多倫多藍鳥 大小 3.5,252898797.1,大 3.5,A,3.5,1.56,25,14,A,3.5,
2026-07-20,2026-07-20T13:57:30,台灣運彩,822788,3478720.1,125,2026-07-21T07:07:00+08:00,坦帕灣光芒,多倫多藍鳥,坦帕灣光芒 @ 多倫多藍鳥,51464063.1,362,多倫多藍鳥 大小 3.5,252898796.1,小 3.5,H,3.5,1.88,25,22,H,3.5,
2026-07-20,2026-07-20T13:57:30,台灣運彩,822788,3478720.1,125,2026-07-21T07:07:00+08:00,坦帕灣光芒,多倫多藍鳥,坦帕灣光芒 @ 多倫多藍鳥,51464061.1,363,坦帕灣光芒 大小 3.5,252898793.1,大 3.5,A,3.5,1.88,25,22,A,3.5,
2026-07-20,2026-07-20T13:57:30,台灣運彩,822788,3478720.1,125,2026-07-21T07:07:00+08:00,坦帕灣光芒,多倫多藍鳥,坦帕灣光芒 @ 多倫多藍鳥,51464061.1,363,坦帕灣光芒 大小 3.5,252898792.1,小 3.5,H,3.5,1.56,25,14,H,3.5,
2026-07-20,2026-07-20T13:57:30,台灣運彩,822788,3478720.1,125,2026-07-21T07:07:00+08:00,坦帕灣光芒,多倫多藍鳥,坦帕灣光芒 @ 多倫多藍鳥,51464052.1,366,[總分]單雙,252898773.1,單,,,1.43,100,43,,,
2026-07-20,2026-07-20T13:57:30,台灣運彩,822788,3478720.1,125,2026-07-21T07:07:00+08:00,坦帕灣光芒,多倫多藍鳥,坦帕灣光芒 @ 多倫多藍鳥,51464052.1,366,[總分]單雙,252898772.1,雙,,,1.98,50,49,,,
2026-07-20,2026-07-20T13:57:30,台灣運彩,822788,3478720.1,125,2026-07-21T07:07:00+08:00,坦帕灣光芒,多倫多藍鳥,坦帕灣光芒 @ 多倫多藍鳥,51464065.1,374,得分最高單局(不含延長賽),252898813.1,一樣多,,,2.30,10,13,,,
2026-07-20,2026-07-20T13:57:30,台灣運彩,822788,3478720.1,125,2026-07-21T07:07:00+08:00,坦帕灣光芒,多倫多藍鳥,坦帕灣光芒 @ 多倫多藍鳥,51464065.1,374,得分最高單局(不含延長賽),252898804.1,第1局,,,5.80,5,24,,,
2026-07-20,2026-07-20T13:57:30,台灣運彩,822788,3478720.1,125,2026-07-21T07:07:00+08:00,坦帕灣光芒,多倫多藍鳥,坦帕灣光芒 @ 多倫多藍鳥,51464065.1,374,得分最高單局(不含延長賽),252898805.1,第2局,,,7.00,1,6,,,
2026-07-20,2026-07-20T13:57:30,台灣運彩,822788,3478720.1,125,2026-07-21T07:07:00+08:00,坦帕灣光芒,多倫多藍鳥,坦帕灣光芒 @ 多倫多藍鳥,51464065.1,374,得分最高單局(不含延長賽),252898806.1,第3局,,,6.25,4,21,,,
2026-07-20,2026-07-20T13:57:30,台灣運彩,822788,3478720.1,125,2026-07-21T07:07:00+08:00,坦帕灣光芒,多倫多藍鳥,坦帕灣光芒 @ 多倫多藍鳥,51464065.1,374,得分最高單局(不含延長賽),252898807.1,第4局,,,6.50,2,11,,,
2026-07-20,2026-07-20T13:57:30,台灣運彩,822788,3478720.1,125,2026-07-21T07:07:00+08:00,坦帕灣光芒,多倫多藍鳥,坦帕灣光芒 @ 多倫多藍鳥,51464065.1,374,得分最高單局(不含延長賽),252898808.1,第5局,,,4.00,1,3,,,
2026-07-20,2026-07-20T13:57:30,台灣運彩,822788,3478720.1,125,2026-07-21T07:07:00+08:00,坦帕灣光芒,多倫多藍鳥,坦帕灣光芒 @ 多倫多藍鳥,51464065.1,374,得分最高單局(不含延長賽),252898809.1,第6局,,,6.00,1,5,,,
2026-07-20,2026-07-20T13:57:30,台灣運彩,822788,3478720.1,125,2026-07-21T07:07:00+08:00,坦帕灣光芒,多倫多藍鳥,坦帕灣光芒 @ 多倫多藍鳥,51464065.1,374,得分最高單局(不含延長賽),252898810.1,第7局,,,6.25,4,21,,,
2026-07-20,2026-07-20T13:57:30,台灣運彩,822788,3478720.1,125,2026-07-21T07:07:00+08:00,坦帕灣光芒,多倫多藍鳥,坦帕灣光芒 @ 多倫多藍鳥,51464065.1,374,得分最高單局(不含延長賽),252898811.1,第8局,,,6.00,1,5,,,
2026-07-20,2026-07-20T13:57:30,台灣運彩,822788,3478720.1,125,2026-07-21T07:07:00+08:00,坦帕灣光芒,多倫多藍鳥,坦帕灣光芒 @ 多倫多藍鳥,51464065.1,374,得分最高單局(不含延長賽),252898812.1,第9局,,,8.00,1,7,,,
2026-07-20,2026-07-20T13:57:30,台灣運彩,822788,3478720.1,125,2026-07-21T07:07:00+08:00,坦帕灣光芒,多倫多藍鳥,坦帕灣光芒 @ 多倫多藍鳥,51464053.1,376,[1-5局] 不讓分,252898774.1,多倫多藍鳥,H,,1.65,20,13,H,,1
2026-07-20,2026-07-20T13:57:30,台灣運彩,822788,3478720.1,125,2026-07-21T07:07:00+08:00,坦帕灣光芒,多倫多藍鳥,坦帕灣光芒 @ 多倫多藍鳥,51464053.1,376,[1-5局] 不讓分,252898776.1,坦帕灣光芒,A,,2.20,5,6,A,,2
2026-07-20,2026-07-20T13:57:30,台灣運彩,822788,3478720.1,125,2026-07-21T07:07:00+08:00,坦帕灣光芒,多倫多藍鳥,坦帕灣光芒 @ 多倫多藍鳥,51464053.1,376,[1-5局] 不讓分,252898775.1,和局,D,,4.20,5,16,D,,
2026-07-20,2026-07-20T13:57:30,台灣運彩,822788,3478720.1,125,2026-07-21T07:07:00+08:00,坦帕灣光芒,多倫多藍鳥,坦帕灣光芒 @ 多倫多藍鳥,51464779.1,378,[1-5局] 大小 3.5,252901044.1,大 3.5,A,3.5,1.53,100,53,A,3.5,
2026-07-20,2026-07-20T13:57:30,台灣運彩,822788,3478720.1,125,2026-07-21T07:07:00+08:00,坦帕灣光芒,多倫多藍鳥,坦帕灣光芒 @ 多倫多藍鳥,51464779.1,378,[1-5局] 大小 3.5,252901043.1,小 3.5,H,3.5,1.82,50,41,H,3.5,
2026-07-20,2026-07-20T13:57:30,台灣運彩,822788,3478720.1,125,2026-07-21T07:07:00+08:00,坦帕灣光芒,多倫多藍鳥,坦帕灣光芒 @ 多倫多藍鳥,51464057.1,379,[1-5局] 多倫多藍鳥 大小 2.5,252898784.1,大 2.5,A,2.5,2.00,1,1,A,2.5,
2026-07-20,2026-07-20T13:57:30,台灣運彩,822788,3478720.1,125,2026-07-21T07:07:00+08:00,坦帕灣光芒,多倫多藍鳥,坦帕灣光芒 @ 多倫多藍鳥,51464057.1,379,[1-5局] 多倫多藍鳥 大小 2.5,252898783.1,小 2.5,H,2.5,1.48,25,12,H,2.5,
2026-07-20,2026-07-20T13:57:30,台灣運彩,822788,3478720.1,125,2026-07-21T07:07:00+08:00,坦帕灣光芒,多倫多藍鳥,坦帕灣光芒 @ 多倫多藍鳥,51464062.1,380,[1-5局] 坦帕灣光芒 大小 1.5,252898795.1,大 1.5,A,1.5,1.80,5,4,A,1.5,
2026-07-20,2026-07-20T13:57:30,台灣運彩,822788,3478720.1,125,2026-07-21T07:07:00+08:00,坦帕灣光芒,多倫多藍鳥,坦帕灣光芒 @ 多倫多藍鳥,51464062.1,380,[1-5局] 坦帕灣光芒 大小 1.5,252898794.1,小 1.5,H,1.5,1.63,100,63,H,1.5,
2026-07-20,2026-07-20T13:57:30,台灣運彩,822788,3478720.1,125,2026-07-21T07:07:00+08:00,坦帕灣光芒,多倫多藍鳥,坦帕灣光芒 @ 多倫多藍鳥,51464058.1,389,[第1局] 不讓分,252898785.1,多倫多藍鳥,H,,2.80,5,9,H,,1
2026-07-20,2026-07-20T13:57:30,台灣運彩,822788,3478720.1,125,2026-07-21T07:07:00+08:00,坦帕灣光芒,多倫多藍鳥,坦帕灣光芒 @ 多倫多藍鳥,51464058.1,389,[第1局] 不讓分,252898787.1,坦帕灣光芒,A,,3.85,20,57,A,,2
2026-07-20,2026-07-20T13:57:30,台灣運彩,822788,3478720.1,125,2026-07-21T07:07:00+08:00,坦帕灣光芒,多倫多藍鳥,坦帕灣光芒 @ 多倫多藍鳥,51464058.1,389,[第1局] 不讓分,252898786.1,和局,D,,1.45,20,9,D,,
2026-07-20,2026-07-20T13:57:30,台灣運彩,822788,3478720.1,125,2026-07-21T07:07:00+08:00,坦帕灣光芒,多倫多藍鳥,坦帕灣光芒 @ 多倫多藍鳥,51464054.1,398,[第1局] 大小 0.5,252898778.1,大 0.5,A,0.5,1.80,5,4,A,0.5,
2026-07-20,2026-07-20T13:57:30,台灣運彩,822788,3478720.1,125,2026-07-21T07:07:00+08:00,坦帕灣光芒,多倫多藍鳥,坦帕灣光芒 @ 多倫多藍鳥,51464054.1,398,[第1局] 大小 0.5,252898777.1,小 0.5,H,0.5,1.55,20,11,H,0.5,
2026-07-20,2026-07-20T13:57:30,台灣運彩,824736,3478721.1,126,2026-07-21T07:10:00+08:00,巴爾的摩金鶯,波士頓紅襪,巴爾的摩金鶯 @ 波士頓紅襪,51464088.1,354,不讓分,252898858.1,波士頓紅襪,H,,1.52,25,13,H,,1
2026-07-20,2026-07-20T13:57:30,台灣運彩,824736,3478721.1,126,2026-07-21T07:10:00+08:00,巴爾的摩金鶯,波士頓紅襪,巴爾的摩金鶯 @ 波士頓紅襪,51464088.1,354,不讓分,252898859.1,巴爾的摩金鶯,A,,1.98,50,49,A,,2
2026-07-20,2026-07-20T13:57:30,台灣運彩,824736,3478721.1,126,2026-07-21T07:10:00+08:00,巴爾的摩金鶯,波士頓紅襪,巴爾的摩金鶯 @ 波士頓紅襪,51465070.1,357,勝分差,252902032.1,巴爾的摩金鶯 1 分,A,,5.80,5,24,A,,
2026-07-20,2026-07-20T13:57:30,台灣運彩,824736,3478721.1,126,2026-07-21T07:10:00+08:00,巴爾的摩金鶯,波士頓紅襪,巴爾的摩金鶯 @ 波士頓紅襪,51465070.1,357,勝分差,252902033.1,巴爾的摩金鶯 2 分,A,,7.50,2,13,A,,
2026-07-20,2026-07-20T13:57:30,台灣運彩,824736,3478721.1,126,2026-07-21T07:10:00+08:00,巴爾的摩金鶯,波士頓紅襪,巴爾的摩金鶯 @ 波士頓紅襪,51465070.1,357,勝分差,252902034.1,巴爾的摩金鶯 > 2分,A,,2.95,20,39,A,,
2026-07-20,2026-07-20T13:57:30,台灣運彩,824736,3478721.1,126,2026-07-21T07:10:00+08:00,巴爾的摩金鶯,波士頓紅襪,巴爾的摩金鶯 @ 波士頓紅襪,51465070.1,357,勝分差,252902029.1,波士頓紅襪 1 分,H,,4.05,20,61,H,,
2026-07-20,2026-07-20T13:57:30,台灣運彩,824736,3478721.1,126,2026-07-21T07:10:00+08:00,巴爾的摩金鶯,波士頓紅襪,巴爾的摩金鶯 @ 波士頓紅襪,51465070.1,357,勝分差,252902030.1,波士頓紅襪 2 分,H,,7.00,1,6,H,,
2026-07-20,2026-07-20T13:57:30,台灣運彩,824736,3478721.1,126,2026-07-21T07:10:00+08:00,巴爾的摩金鶯,波士頓紅襪,巴爾的摩金鶯 @ 波士頓紅襪,51465070.1,357,勝分差,252902031.1,波士頓紅襪 > 2分,H,,2.40,5,7,H,,
2026-07-20,2026-07-20T13:57:30,台灣運彩,824736,3478721.1,126,2026-07-21T07:10:00+08:00,巴爾的摩金鶯,波士頓紅襪,巴爾的摩金鶯 @ 波士頓紅襪,51464094.1,358,讓分 -2.5,252898870.1,波士頓紅襪 -2.5,H,-2.5,2.50,2,3,H,-2.5,1
2026-07-20,2026-07-20T13:57:30,台灣運彩,824736,3478721.1,126,2026-07-21T07:10:00+08:00,巴爾的摩金鶯,波士頓紅襪,巴爾的摩金鶯 @ 波士頓紅襪,51464094.1,358,讓分 -2.5,252898871.1,巴爾的摩金鶯 +2.5,A,-2.5,1.32,25,8,A,-2.5,2
2026-07-20,2026-07-20T13:57:30,台灣運彩,824736,3478721.1,126,2026-07-21T07:10:00+08:00,巴爾的摩金鶯,波士頓紅襪,巴爾的摩金鶯 @ 波士頓紅襪,51464096.1,358,讓分 -1.5,252898873.1,波士頓紅襪 -1.5,H,-1.5,2.00,1,1,H,-1.5,1
2026-07-20,2026-07-20T13:57:30,台灣運彩,824736,3478721.1,126,2026-07-21T07:10:00+08:00,巴爾的摩金鶯,波士頓紅襪,巴爾的摩金鶯 @ 波士頓紅襪,51464096.1,358,讓分 -1.5,252898875.1,巴爾的摩金鶯 +1.5,A,-1.5,1.50,2,1,A,-1.5,2
2026-07-20,2026-07-20T13:57:30,台灣運彩,824736,3478721.1,126,2026-07-21T07:10:00+08:00,巴爾的摩金鶯,波士頓紅襪,巴爾的摩金鶯 @ 波士頓紅襪,51464089.1,360,[總分]大小 9.5,252898861.1,大 9.5,A,9.5,2.00,1,1,A,9.5,
2026-07-20,2026-07-20T13:57:30,台灣運彩,824736,3478721.1,126,2026-07-21T07:10:00+08:00,巴爾的摩金鶯,波士頓紅襪,巴爾的摩金鶯 @ 波士頓紅襪,51464089.1,360,[總分]大小 9.5,252898860.1,小 9.5,H,9.5,1.50,2,1,H,9.5,
2026-07-20,2026-07-20T13:57:30,台灣運彩,824736,3478721.1,126,2026-07-21T07:10:00+08:00,巴爾的摩金鶯,波士頓紅襪,巴爾的摩金鶯 @ 波士頓紅襪,51464091.1,360,[總分]大小 7.5,252898865.1,大 7.5,A,7.5,1.50,2,1,A,7.5,
2026-07-20,2026-07-20T13:57:30,台灣運彩,824736,3478721.1,126,2026-07-21T07:10:00+08:00,巴爾的摩金鶯,波士頓紅襪,巴爾的摩金鶯 @ 波士頓紅襪,51464091.1,360,[總分]大小 7.5,252898864.1,小 7.5,H,7.5,2.00,1,1,H,7.5,
2026-07-20,2026-07-20T13:57:30,台灣運彩,824736,3478721.1,126,2026-07-21T07:10:00+08:00,巴爾的摩金鶯,波士頓紅襪,巴爾的摩金鶯 @ 波士頓紅襪,51464092.1,360,[總分]大小 8.5,252898867.1,大 8.5,A,8.5,1.71,100,71,A,8.5,
2026-07-20,2026-07-20T13:57:30,台灣運彩,824736,3478721.1,126,2026-07-21T07:10:00+08:00,巴爾的摩金鶯,波士頓紅襪,巴爾的摩金鶯 @ 波士頓紅襪,51464092.1,360,[總分]大小 8.5,252898866.1,小 8.5,H,8.5,1.79,100,79,H,8.5,
2026-07-20,2026-07-20T13:57:30,台灣運彩,824736,3478721.1,126,2026-07-21T07:10:00+08:00,巴爾的摩金鶯,波士頓紅襪,巴爾的摩金鶯 @ 波士頓紅襪,51465066.1,362,波士頓紅襪 大小 4.5,252902020.1,大 4.5,A,4.5,1.78,50,39,A,4.5,
2026-07-20,2026-07-20T13:57:30,台灣運彩,824736,3478721.1,126,2026-07-21T07:10:00+08:00,巴爾的摩金鶯,波士頓紅襪,巴爾的摩金鶯 @ 波士頓紅襪,51465066.1,362,波士頓紅襪 大小 4.5,252902019.1,小 4.5,H,4.5,1.65,20,13,H,4.5,
2026-07-20,2026-07-20T13:57:30,台灣運彩,824736,3478721.1,126,2026-07-21T07:10:00+08:00,巴爾的摩金鶯,波士頓紅襪,巴爾的摩金鶯 @ 波士頓紅襪,51465072.1,363,巴爾的摩金鶯 大小 3.5,252902046.1,大 3.5,A,3.5,1.62,50,31,A,3.5,
2026-07-20,2026-07-20T13:57:30,台灣運彩,824736,3478721.1,126,2026-07-21T07:10:00+08:00,巴爾的摩金鶯,波士頓紅襪,巴爾的摩金鶯 @ 波士頓紅襪,51465072.1,363,巴爾的摩金鶯 大小 3.5,252902045.1,小 3.5,H,3.5,1.82,50,41,H,3.5,
2026-07-20,2026-07-20T13:57:30,台灣運彩,824736,3478721.1,126,2026-07-21T07:10:00+08:00,巴爾的摩金鶯,波士頓紅襪,巴爾的摩金鶯 @ 波士頓紅襪,51465062.1,366,[總分]單雙,252902012.1,單,,,1.48,25,12,,,
2026-07-20,2026-07-20T13:57:30,台灣運彩,824736,3478721.1,126,2026-07-21T07:10:00+08:00,巴爾的摩金鶯,波士頓紅襪,巴爾的摩金鶯 @ 波士頓紅襪,51465062.1,366,[總分]單雙,252902011.1,雙,,,2.00,1,1,,,
2026-07-20,2026-07-20T13:57:30,台灣運彩,824736,3478721.1,126,2026-07-21T07:10:00+08:00,巴爾的摩金鶯,波士頓紅襪,巴爾的摩金鶯 @ 波士頓紅襪,51465071.1,374,得分最高單局(不含延長賽),252902044.1,一樣多,,,2.25,4,5,,,
2026-07-20,2026-07-20T13:57:30,台灣運彩,824736,3478721.1,126,2026-07-21T07:10:00+08:00,巴爾的摩金鶯,波士頓紅襪,巴爾的摩金鶯 @ 波士頓紅襪,51465071.1,374,得分最高單局(不含延長賽),252902035.1,第1局,,,5.55,20,91,,,
2026-07-20,2026-07-20T13:57:30,台灣運彩,824736,3478721.1,126,2026-07-21T07:10:00+08:00,巴爾的摩金鶯,波士頓紅襪,巴爾的摩金鶯 @ 波士頓紅襪,51465071.1,374,得分最高單局(不含延長賽),252902036.1,第2局,,,6.50,2,11,,,
2026-07-20,2026-07-20T13:57:30,台灣運彩,824736,3478721.1,126,2026-07-21T07:10:00+08:00,巴爾的摩金鶯,波士頓紅襪,巴爾的摩金鶯 @ 波士頓紅襪,51465071.1,374,得分最高單局(不含延長賽),252902037.1,第3局,,,5.70,10,47,,,
2026-07-20,2026-07-20T13:57:30,台灣運彩,824736,3478721.1,126,2026-07-21T07:10:00+08:00,巴爾的摩金鶯,波士頓紅襪,巴爾的摩金鶯 @ 波士頓紅襪,51465071.1,374,得分最高單局(不含延長賽),252902038.1,第4局,,,6.50,2,11,,,
2026-07-20,2026-07-20T13:57:30,台灣運彩,824736,3478721.1,126,2026-07-21T07:10:00+08:00,巴爾的摩金鶯,波士頓紅襪,巴爾的摩金鶯 @ 波士頓紅襪,51465071.1,374,得分最高單局(不含延長賽),252902039.1,第5局,,,5.95,20,99,,,
2026-07-20,2026-07-20T13:57:30,台灣運彩,824736,3478721.1,126,2026-07-21T07:10:00+08:00,巴爾的摩金鶯,波士頓紅襪,巴爾的摩金鶯 @ 波士頓紅襪,51465071.1,374,得分最高單局(不含延長賽),252902040.1,第6局,,,5.75,4,19,,,
2026-07-20,2026-07-20T13:57:30,台灣運彩,824736,3478721.1,126,2026-07-21T07:10:00+08:00,巴爾的摩金鶯,波士頓紅襪,巴爾的摩金鶯 @ 波士頓紅襪,51465071.1,374,得分最高單局(不含延長賽),252902041.1,第7局,,,5.95,20,99,,,
2026-07-20,2026-07-20T13:57:30,台灣運彩,824736,3478721.1,126,2026-07-21T07:10:00+08:00,巴爾的摩金鶯,波士頓紅襪,巴爾的摩金鶯 @ 波士頓紅襪,51465071.1,374,得分最高單局(不含延長賽),252902042.1,第8局,,,5.60,5,23,,,
2026-07-20,2026-07-20T13:57:30,台灣運彩,824736,3478721.1,126,2026-07-21T07:10:00+08:00,巴爾的摩金鶯,波士頓紅襪,巴爾的摩金鶯 @ 波士頓紅襪,51465071.1,374,得分最高單局(不含延長賽),252902043.1,第9局,,,8.00,1,7,,,
2026-07-20,2026-07-20T13:57:30,台灣運彩,824736,3478721.1,126,2026-07-21T07:10:00+08:00,巴爾的摩金鶯,波士頓紅襪,巴爾的摩金鶯 @ 波士頓紅襪,51465067.1,376,[1-5局] 不讓分,252902021.1,波士頓紅襪,H,,1.65,20,13,H,,1
2026-07-20,2026-07-20T13:57:30,台灣運彩,824736,3478721.1,126,2026-07-21T07:10:00+08:00,巴爾的摩金鶯,波士頓紅襪,巴爾的摩金鶯 @ 波士頓紅襪,51465067.1,376,[1-5局] 不讓分,252902023.1,巴爾的摩金鶯,A,,2.05,20,21,A,,2
2026-07-20,2026-07-20T13:57:30,台灣運彩,824736,3478721.1,126,2026-07-21T07:10:00+08:00,巴爾的摩金鶯,波士頓紅襪,巴爾的摩金鶯 @ 波士頓紅襪,51465067.1,376,[1-5局] 不讓分,252902022.1,和局,D,,4.70,10,37,D,,
2026-07-20,2026-07-20T13:57:30,台灣運彩,824736,3478721.1,126,2026-07-21T07:10:00+08:00,巴爾的摩金鶯,波士頓紅襪,巴爾的摩金鶯 @ 波士頓紅襪,51465065.1,378,[1-5局] 大小 4.5,252902018.1,大 4.5,A,4.5,1.66,50,33,A,4.5,
2026-07-20,2026-07-20T13:57:30,台灣運彩,824736,3478721.1,126,2026-07-21T07:10:00+08:00,巴爾的摩金鶯,波士頓紅襪,巴爾的摩金鶯 @ 波士頓紅襪,51465065.1,378,[1-5局] 大小 4.5,252902017.1,小 4.5,H,4.5,1.66,50,33,H,4.5,
2026-07-20,2026-07-20T13:57:30,台灣運彩,824736,3478721.1,126,2026-07-21T07:10:00+08:00,巴爾的摩金鶯,波士頓紅襪,巴爾的摩金鶯 @ 波士頓紅襪,51465063.1,379,[1-5局] 波士頓紅襪 大小 2.5,252902014.1,大 2.5,A,2.5,1.86,50,43,A,2.5,
2026-07-20,2026-07-20T13:57:30,台灣運彩,824736,3478721.1,126,2026-07-21T07:10:00+08:00,巴爾的摩金鶯,波士頓紅襪,巴爾的摩金鶯 @ 波士頓紅襪,51465063.1,379,[1-5局] 波士頓紅襪 大小 2.5,252902013.1,小 2.5,H,2.5,1.58,50,29,H,2.5,
2026-07-20,2026-07-20T13:57:30,台灣運彩,824736,3478721.1,126,2026-07-21T07:10:00+08:00,巴爾的摩金鶯,波士頓紅襪,巴爾的摩金鶯 @ 波士頓紅襪,51465064.1,380,[1-5局] 巴爾的摩金鶯 大小 1.5,252902016.1,大 1.5,A,1.5,1.60,5,3,A,1.5,
2026-07-20,2026-07-20T13:57:30,台灣運彩,824736,3478721.1,126,2026-07-21T07:10:00+08:00,巴爾的摩金鶯,波士頓紅襪,巴爾的摩金鶯 @ 波士頓紅襪,51465064.1,380,[1-5局] 巴爾的摩金鶯 大小 1.5,252902015.1,小 1.5,H,1.5,1.85,20,17,H,1.5,
2026-07-20,2026-07-20T13:57:30,台灣運彩,824736,3478721.1,126,2026-07-21T07:10:00+08:00,巴爾的摩金鶯,波士頓紅襪,巴爾的摩金鶯 @ 波士頓紅襪,51465069.1,389,[第1局] 不讓分,252902026.1,波士頓紅襪,H,,2.75,4,7,H,,1
2026-07-20,2026-07-20T13:57:30,台灣運彩,824736,3478721.1,126,2026-07-21T07:10:00+08:00,巴爾的摩金鶯,波士頓紅襪,巴爾的摩金鶯 @ 波士頓紅襪,51465069.1,389,[第1局] 不讓分,252902028.1,巴爾的摩金鶯,A,,3.45,20,49,A,,2
2026-07-20,2026-07-20T13:57:30,台灣運彩,824736,3478721.1,126,2026-07-21T07:10:00+08:00,巴爾的摩金鶯,波士頓紅襪,巴爾的摩金鶯 @ 波士頓紅襪,51465069.1,389,[第1局] 不讓分,252902027.1,和局,D,,1.55,20,11,D,,
2026-07-20,2026-07-20T13:57:30,台灣運彩,824736,3478721.1,126,2026-07-21T07:10:00+08:00,巴爾的摩金鶯,波士頓紅襪,巴爾的摩金鶯 @ 波士頓紅襪,51465068.1,398,[第1局] 大小 0.5,252902025.1,大 0.5,A,0.5,1.68,25,17,A,0.5,
2026-07-20,2026-07-20T13:57:30,台灣運彩,824736,3478721.1,126,2026-07-21T07:10:00+08:00,巴爾的摩金鶯,波士頓紅襪,巴爾的摩金鶯 @ 波士頓紅襪,51465068.1,398,[第1局] 大小 0.5,252902024.1,小 0.5,H,0.5,1.65,20,13,H,0.5,
2026-07-20,2026-07-20T13:57:30,台灣運彩,823436,3478722.1,127,2026-07-21T07:10:00+08:00,洛杉磯道奇,費城費城人,洛杉磯道奇 @ 費城費城人,51464093.1,354,不讓分,252898868.1,費城費城人,H,,1.66,50,33,H,,1
2026-07-20,2026-07-20T13:57:30,台灣運彩,823436,3478722.1,127,2026-07-21T07:10:00+08:00,洛杉磯道奇,費城費城人,洛杉磯道奇 @ 費城費城人,51464093.1,354,不讓分,252898869.1,洛杉磯道奇,A,,1.84,25,21,A,,2
2026-07-20,2026-07-20T13:57:30,台灣運彩,823436,3478722.1,127,2026-07-21T07:10:00+08:00,洛杉磯道奇,費城費城人,洛杉磯道奇 @ 費城費城人,51464102.1,357,勝分差,252898889.1,洛杉磯道奇 1 分,A,,5.60,5,23,A,,
2026-07-20,2026-07-20T13:57:30,台灣運彩,823436,3478722.1,127,2026-07-21T07:10:00+08:00,洛杉磯道奇,費城費城人,洛杉磯道奇 @ 費城費城人,51464102.1,357,勝分差,252898890.1,洛杉磯道奇 2 分,A,,7.25,4,25,A,,
2026-07-20,2026-07-20T13:57:30,台灣運彩,823436,3478722.1,127,2026-07-21T07:10:00+08:00,洛杉磯道奇,費城費城人,洛杉磯道奇 @ 費城費城人,51464102.1,357,勝分差,252898891.1,洛杉磯道奇 > 2分,A,,2.75,4,7,A,,
2026-07-20,2026-07-20T13:57:30,台灣運彩,823436,3478722.1,127,2026-07-21T07:10:00+08:00,洛杉磯道奇,費城費城人,洛杉磯道奇 @ 費城費城人,51464102.1,357,勝分差,252898886.1,費城費城人 1 分,H,,4.00,1,3,H,,
2026-07-20,2026-07-20T13:57:30,台灣運彩,823436,3478722.1,127,2026-07-21T07:10:00+08:00,洛杉磯道奇,費城費城人,洛杉磯道奇 @ 費城費城人,51464102.1,357,勝分差,252898887.1,費城費城人 2 分,H,,7.00,1,6,H,,
2026-07-20,2026-07-20T13:57:30,台灣運彩,823436,3478722.1,127,2026-07-21T07:10:00+08:00,洛杉磯道奇,費城費城人,洛杉磯道奇 @ 費城費城人,51464102.1,357,勝分差,252898888.1,費城費城人 > 2分,H,,2.65,20,33,H,,
2026-07-20,2026-07-20T13:57:30,台灣運彩,823436,3478722.1,127,2026-07-21T07:10:00+08:00,洛杉磯道奇,費城費城人,洛杉磯道奇 @ 費城費城人,51464106.1,358,讓分 -2.5,252898899.1,費城費城人 -2.5,H,-2.5,2.85,20,37,H,-2.5,1
2026-07-20,2026-07-20T13:57:30,台灣運彩,823436,3478722.1,127,2026-07-21T07:10:00+08:00,洛杉磯道奇,費城費城人,洛杉磯道奇 @ 費城費城人,51464106.1,358,讓分 -2.5,252898900.1,洛杉磯道奇 +2.5,A,-2.5,1.25,4,1,A,-2.5,2
2026-07-20,2026-07-20T13:57:30,台灣運彩,823436,3478722.1,127,2026-07-21T07:10:00+08:00,洛杉磯道奇,費城費城人,洛杉磯道奇 @ 費城費城人,51464107.1,358,讓分 -1.5,252898901.1,費城費城人 -1.5,H,-1.5,2.30,10,13,H,-1.5,1
2026-07-20,2026-07-20T13:57:30,台灣運彩,823436,3478722.1,127,2026-07-21T07:10:00+08:00,洛杉磯道奇,費城費城人,洛杉磯道奇 @ 費城費城人,51464107.1,358,讓分 -1.5,252898902.1,洛杉磯道奇 +1.5,A,-1.5,1.40,5,2,A,-1.5,2
2026-07-20,2026-07-20T13:57:30,台灣運彩,823436,3478722.1,127,2026-07-21T07:10:00+08:00,洛杉磯道奇,費城費城人,洛杉磯道奇 @ 費城費城人,51464748.1,358,讓分 3.5,252900964.1,費城費城人 +3.5,H,3.5,1.16,25,4,H,3.5,1
2026-07-20,2026-07-20T13:57:30,台灣運彩,823436,3478722.1,127,2026-07-21T07:10:00+08:00,洛杉磯道奇,費城費城人,洛杉磯道奇 @ 費城費城人,51464748.1,358,讓分 3.5,252900965.1,洛杉磯道奇 -3.5,A,3.5,3.35,20,47,A,3.5,2
2026-07-20,2026-07-20T13:57:30,台灣運彩,823436,3478722.1,127,2026-07-21T07:10:00+08:00,洛杉磯道奇,費城費城人,洛杉磯道奇 @ 費城費城人,51464749.1,358,讓分 2.5,252900966.1,費城費城人 +2.5,H,2.5,1.28,25,7,H,2.5,1
2026-07-20,2026-07-20T13:57:30,台灣運彩,823436,3478722.1,127,2026-07-21T07:10:00+08:00,洛杉磯道奇,費城費城人,洛杉磯道奇 @ 費城費城人,51464749.1,358,讓分 2.5,252900967.1,洛杉磯道奇 -2.5,A,2.5,2.70,10,17,A,2.5,2
2026-07-20,2026-07-20T13:57:30,台灣運彩,823436,3478722.1,127,2026-07-21T07:10:00+08:00,洛杉磯道奇,費城費城人,洛杉磯道奇 @ 費城費城人,51464098.1,360,[總分]大小 8.5,252898879.1,大 8.5,A,8.5,1.84,25,21,A,8.5,
2026-07-20,2026-07-20T13:57:30,台灣運彩,823436,3478722.1,127,2026-07-21T07:10:00+08:00,洛杉磯道奇,費城費城人,洛杉磯道奇 @ 費城費城人,51464098.1,360,[總分]大小 8.5,252898878.1,小 8.5,H,8.5,1.66,50,33,H,8.5,
2026-07-20,2026-07-20T13:57:30,台灣運彩,823436,3478722.1,127,2026-07-21T07:10:00+08:00,洛杉磯道奇,費城費城人,洛杉磯道奇 @ 費城費城人,51464099.1,360,[總分]大小 9.5,252898881.1,大 9.5,A,9.5,2.20,5,6,A,9.5,
2026-07-20,2026-07-20T13:57:30,台灣運彩,823436,3478722.1,127,2026-07-21T07:10:00+08:00,洛杉磯道奇,費城費城人,洛杉磯道奇 @ 費城費城人,51464099.1,360,[總分]大小 9.5,252898880.1,小 9.5,H,9.5,1.42,50,21,H,9.5,
2026-07-20,2026-07-20T13:57:30,台灣運彩,823436,3478722.1,127,2026-07-21T07:10:00+08:00,洛杉磯道奇,費城費城人,洛杉磯道奇 @ 費城費城人,51464104.1,360,[總分]大小 7.5,252898895.1,大 7.5,A,7.5,1.60,5,3,A,7.5,
2026-07-20,2026-07-20T13:57:30,台灣運彩,823436,3478722.1,127,2026-07-21T07:10:00+08:00,洛杉磯道奇,費城費城人,洛杉磯道奇 @ 費城費城人,51464104.1,360,[總分]大小 7.5,252898894.1,小 7.5,H,7.5,1.90,10,9,H,7.5,
2026-07-20,2026-07-20T13:57:30,台灣運彩,823436,3478722.1,127,2026-07-21T07:10:00+08:00,洛杉磯道奇,費城費城人,洛杉磯道奇 @ 費城費城人,51464097.1,362,費城費城人 大小 4.5,252898877.1,大 4.5,A,4.5,1.85,20,17,A,4.5,
2026-07-20,2026-07-20T13:57:30,台灣運彩,823436,3478722.1,127,2026-07-21T07:10:00+08:00,洛杉磯道奇,費城費城人,洛杉磯道奇 @ 費城費城人,51464097.1,362,費城費城人 大小 4.5,252898876.1,小 4.5,H,4.5,1.60,5,3,H,4.5,
2026-07-20,2026-07-20T13:57:30,台灣運彩,823436,3478722.1,127,2026-07-21T07:10:00+08:00,洛杉磯道奇,費城費城人,洛杉磯道奇 @ 費城費城人,51464751.1,362,費城費城人 大小 3.5,252900971.1,大 3.5,A,3.5,1.55,20,11,A,3.5,
2026-07-20,2026-07-20T13:57:30,台灣運彩,823436,3478722.1,127,2026-07-21T07:10:00+08:00,洛杉磯道奇,費城費城人,洛杉磯道奇 @ 費城費城人,51464751.1,362,費城費城人 大小 3.5,252900970.1,小 3.5,H,3.5,1.90,10,9,H,3.5,
2026-07-20,2026-07-20T13:57:30,台灣運彩,823436,3478722.1,127,2026-07-21T07:10:00+08:00,洛杉磯道奇,費城費城人,洛杉磯道奇 @ 費城費城人,51464095.1,363,洛杉磯道奇 大小 3.5,252898874.1,大 3.5,A,3.5,1.63,100,63,A,3.5,
2026-07-20,2026-07-20T13:57:30,台灣運彩,823436,3478722.1,127,2026-07-21T07:10:00+08:00,洛杉磯道奇,費城費城人,洛杉磯道奇 @ 費城費城人,51464095.1,363,洛杉磯道奇 大小 3.5,252898872.1,小 3.5,H,3.5,1.80,5,4,H,3.5,
2026-07-20,2026-07-20T13:57:30,台灣運彩,823436,3478722.1,127,2026-07-21T07:10:00+08:00,洛杉磯道奇,費城費城人,洛杉磯道奇 @ 費城費城人,51464103.1,366,[總分]單雙,252898893.1,單,,,1.48,25,12,,,
2026-07-20,2026-07-20T13:57:30,台灣運彩,823436,3478722.1,127,2026-07-21T07:10:00+08:00,洛杉磯道奇,費城費城人,洛杉磯道奇 @ 費城費城人,51464103.1,366,[總分]單雙,252898892.1,雙,,,2.00,1,1,,,
2026-07-20,2026-07-20T13:57:30,台灣運彩,823436,3478722.1,127,2026-07-21T07:10:00+08:00,洛杉磯道奇,費城費城人,洛杉磯道奇 @ 費城費城人,51464112.1,374,得分最高單局(不含延長賽),252898921.1,一樣多,,,2.25,4,5,,,
2026-07-20,2026-07-20T13:57:30,台灣運彩,823436,3478722.1,127,2026-07-21T07:10:00+08:00,洛杉磯道奇,費城費城人,洛杉磯道奇 @ 費城費城人,51464112.1,374,得分最高單局(不含延長賽),252898912.1,第1局,,,5.35,20,87,,,
2026-07-20,2026-07-20T13:57:30,台灣運彩,823436,3478722.1,127,2026-07-21T07:10:00+08:00,洛杉磯道奇,費城費城人,洛杉磯道奇 @ 費城費城人,51464112.1,374,得分最高單局(不含延長賽),252898913.1,第2局,,,6.50,2,11,,,
2026-07-20,2026-07-20T13:57:30,台灣運彩,823436,3478722.1,127,2026-07-21T07:10:00+08:00,洛杉磯道奇,費城費城人,洛杉磯道奇 @ 費城費城人,51464112.1,374,得分最高單局(不含延長賽),252898914.1,第3局,,,5.70,10,47,,,
2026-07-20,2026-07-20T13:57:30,台灣運彩,823436,3478722.1,127,2026-07-21T07:10:00+08:00,洛杉磯道奇,費城費城人,洛杉磯道奇 @ 費城費城人,51464112.1,374,得分最高單局(不含延長賽),252898915.1,第4局,,,6.25,4,21,,,
2026-07-20,2026-07-20T13:57:30,台灣運彩,823436,3478722.1,127,2026-07-21T07:10:00+08:00,洛杉磯道奇,費城費城人,洛杉磯道奇 @ 費城費城人,51464112.1,374,得分最高單局(不含延長賽),252898916.1,第5局,,,6.00,1,5,,,
2026-07-20,2026-07-20T13:57:30,台灣運彩,823436,3478722.1,127,2026-07-21T07:10:00+08:00,洛杉磯道奇,費城費城人,洛杉磯道奇 @ 費城費城人,51464112.1,374,得分最高單局(不含延長賽),252898917.1,第6局,,,6.00,1,5,,,
2026-07-20,2026-07-20T13:57:30,台灣運彩,823436,3478722.1,127,2026-07-21T07:10:00+08:00,洛杉磯道奇,費城費城人,洛杉磯道奇 @ 費城費城人,51464112.1,374,得分最高單局(不含延長賽),252898918.1,第7局,,,6.00,1,5,,,
2026-07-20,2026-07-20T13:57:30,台灣運彩,823436,3478722.1,127,2026-07-21T07:10:00+08:00,洛杉磯道奇,費城費城人,洛杉磯道奇 @ 費城費城人,51464112.1,374,得分最高單局(不含延長賽),252898919.1,第8局,,,5.85,20,97,,,
2026-07-20,2026-07-20T13:57:30,台灣運彩,823436,3478722.1,127,2026-07-21T07:10:00+08:00,洛杉磯道奇,費城費城人,洛杉磯道奇 @ 費城費城人,51464112.1,374,得分最高單局(不含延長賽),252898920.1,第9局,,,8.00,1,7,,,
2026-07-20,2026-07-20T13:57:30,台灣運彩,823436,3478722.1,127,2026-07-21T07:10:00+08:00,洛杉磯道奇,費城費城人,洛杉磯道奇 @ 費城費城人,51464111.1,376,[1-5局] 不讓分,252898909.1,費城費城人,H,,1.75,4,3,H,,1
2026-07-20,2026-07-20T13:57:30,台灣運彩,823436,3478722.1,127,2026-07-21T07:10:00+08:00,洛杉磯道奇,費城費城人,洛杉磯道奇 @ 費城費城人,51464111.1,376,[1-5局] 不讓分,252898911.1,洛杉磯道奇,A,,2.00,1,1,A,,2
2026-07-20,2026-07-20T13:57:30,台灣運彩,823436,3478722.1,127,2026-07-21T07:10:00+08:00,洛杉磯道奇,費城費城人,洛杉磯道奇 @ 費城費城人,51464111.1,376,[1-5局] 不讓分,252898910.1,和局,D,,4.50,2,7,D,,
2026-07-20,2026-07-20T13:57:30,台灣運彩,823436,3478722.1,127,2026-07-21T07:10:00+08:00,洛杉磯道奇,費城費城人,洛杉磯道奇 @ 費城費城人,51464101.1,378,[1-5局] 大小 4.5,252898885.1,大 4.5,A,4.5,1.71,100,71,A,4.5,
2026-07-20,2026-07-20T13:57:30,台灣運彩,823436,3478722.1,127,2026-07-21T07:10:00+08:00,洛杉磯道奇,費城費城人,洛杉磯道奇 @ 費城費城人,51464101.1,378,[1-5局] 大小 4.5,252898884.1,小 4.5,H,4.5,1.62,50,31,H,4.5,
2026-07-20,2026-07-20T13:57:30,台灣運彩,823436,3478722.1,127,2026-07-21T07:10:00+08:00,洛杉磯道奇,費城費城人,洛杉磯道奇 @ 費城費城人,51464108.1,379,[1-5局] 費城費城人 大小 2.5,252898904.1,大 2.5,A,2.5,1.94,50,47,A,2.5,
2026-07-20,2026-07-20T13:57:30,台灣運彩,823436,3478722.1,127,2026-07-21T07:10:00+08:00,洛杉磯道奇,費城費城人,洛杉磯道奇 @ 費城費城人,51464108.1,379,[1-5局] 費城費城人 大小 2.5,252898903.1,小 2.5,H,2.5,1.52,25,13,H,2.5,
2026-07-20,2026-07-20T13:57:30,台灣運彩,823436,3478722.1,127,2026-07-21T07:10:00+08:00,洛杉磯道奇,費城費城人,洛杉磯道奇 @ 費城費城人,51464110.1,380,[1-5局] 洛杉磯道奇 大小 1.5,252898908.1,大 1.5,A,1.5,1.60,5,3,A,1.5,
2026-07-20,2026-07-20T13:57:30,台灣運彩,823436,3478722.1,127,2026-07-21T07:10:00+08:00,洛杉磯道奇,費城費城人,洛杉磯道奇 @ 費城費城人,51464110.1,380,[1-5局] 洛杉磯道奇 大小 1.5,252898907.1,小 1.5,H,1.5,1.85,20,17,H,1.5,
2026-07-20,2026-07-20T13:57:30,台灣運彩,823436,3478722.1,127,2026-07-21T07:10:00+08:00,洛杉磯道奇,費城費城人,洛杉磯道奇 @ 費城費城人,51464105.1,389,[第1局] 不讓分,252898896.1,費城費城人,H,,2.90,10,19,H,,1
2026-07-20,2026-07-20T13:57:30,台灣運彩,823436,3478722.1,127,2026-07-21T07:10:00+08:00,洛杉磯道奇,費城費城人,洛杉磯道奇 @ 費城費城人,51464105.1,389,[第1局] 不讓分,252898898.1,洛杉磯道奇,A,,3.40,5,12,A,,2
2026-07-20,2026-07-20T13:57:30,台灣運彩,823436,3478722.1,127,2026-07-21T07:10:00+08:00,洛杉磯道奇,費城費城人,洛杉磯道奇 @ 費城費城人,51464105.1,389,[第1局] 不讓分,252898897.1,和局,D,,1.50,2,1,D,,
2026-07-20,2026-07-20T13:57:30,台灣運彩,823436,3478722.1,127,2026-07-21T07:10:00+08:00,洛杉磯道奇,費城費城人,洛杉磯道奇 @ 費城費城人,51464100.1,398,[第1局] 大小 0.5,252898883.1,大 0.5,A,0.5,1.71,100,71,A,0.5,
2026-07-20,2026-07-20T13:57:30,台灣運彩,823436,3478722.1,127,2026-07-21T07:10:00+08:00,洛杉磯道奇,費城費城人,洛杉磯道奇 @ 費城費城人,51464100.1,398,[第1局] 大小 0.5,252898882.1,小 0.5,H,0.5,1.62,50,31,H,0.5,
2026-07-20,2026-07-20T13:57:30,台灣運彩,824898,3478723.1,128,2026-07-21T07:15:00+08:00,聖地牙哥教士,亞特蘭大勇士,聖地牙哥教士 @ 亞特蘭大勇士,51464131.1,354,不讓分,252898959.1,亞特蘭大勇士,H,,1.50,2,1,H,,1
2026-07-20,2026-07-20T13:57:30,台灣運彩,824898,3478723.1,128,2026-07-21T07:15:00+08:00,聖地牙哥教士,亞特蘭大勇士,聖地牙哥教士 @ 亞特蘭大勇士,51464131.1,354,不讓分,252898960.1,聖地牙哥教士,A,,2.00,1,1,A,,2
2026-07-20,2026-07-20T13:57:30,台灣運彩,824898,3478723.1,128,2026-07-21T07:15:00+08:00,聖地牙哥教士,亞特蘭大勇士,聖地牙哥教士 @ 亞特蘭大勇士,51464135.1,357,勝分差,252898968.1,亞特蘭大勇士 1 分,H,,4.15,20,63,H,,
2026-07-20,2026-07-20T13:57:30,台灣運彩,824898,3478723.1,128,2026-07-21T07:15:00+08:00,聖地牙哥教士,亞特蘭大勇士,聖地牙哥教士 @ 亞特蘭大勇士,51464135.1,357,勝分差,252898969.1,亞特蘭大勇士 2 分,H,,7.00,1,6,H,,
2026-07-20,2026-07-20T13:57:30,台灣運彩,824898,3478723.1,128,2026-07-21T07:15:00+08:00,聖地牙哥教士,亞特蘭大勇士,聖地牙哥教士 @ 亞特蘭大勇士,51464135.1,357,勝分差,252898970.1,亞特蘭大勇士 > 2分,H,,2.35,20,27,H,,
2026-07-20,2026-07-20T13:57:30,台灣運彩,824898,3478723.1,128,2026-07-21T07:15:00+08:00,聖地牙哥教士,亞特蘭大勇士,聖地牙哥教士 @ 亞特蘭大勇士,51464135.1,357,勝分差,252898971.1,聖地牙哥教士 1 分,A,,6.25,4,21,A,,
2026-07-20,2026-07-20T13:57:30,台灣運彩,824898,3478723.1,128,2026-07-21T07:15:00+08:00,聖地牙哥教士,亞特蘭大勇士,聖地牙哥教士 @ 亞特蘭大勇士,51464135.1,357,勝分差,252898972.1,聖地牙哥教士 2 分,A,,8.00,1,7,A,,
2026-07-20,2026-07-20T13:57:30,台灣運彩,824898,3478723.1,128,2026-07-21T07:15:00+08:00,聖地牙哥教士,亞特蘭大勇士,聖地牙哥教士 @ 亞特蘭大勇士,51464135.1,357,勝分差,252898973.1,聖地牙哥教士 > 2分,A,,2.90,10,19,A,,
2026-07-20,2026-07-20T13:57:30,台灣運彩,824898,3478723.1,128,2026-07-21T07:15:00+08:00,聖地牙哥教士,亞特蘭大勇士,聖地牙哥教士 @ 亞特蘭大勇士,51464120.1,358,讓分 -1.5,252898936.1,亞特蘭大勇士 -1.5,H,-1.5,1.98,50,49,H,-1.5,1
2026-07-20,2026-07-20T13:57:30,台灣運彩,824898,3478723.1,128,2026-07-21T07:15:00+08:00,聖地牙哥教士,亞特蘭大勇士,聖地牙哥教士 @ 亞特蘭大勇士,51464120.1,358,讓分 -1.5,252898937.1,聖地牙哥教士 +1.5,A,-1.5,1.52,25,13,A,-1.5,2
2026-07-20,2026-07-20T13:57:30,台灣運彩,824898,3478723.1,128,2026-07-21T07:15:00+08:00,聖地牙哥教士,亞特蘭大勇士,聖地牙哥教士 @ 亞特蘭大勇士,51464128.1,358,讓分 -2.5,252898953.1,亞特蘭大勇士 -2.5,H,-2.5,2.45,20,29,H,-2.5,1
2026-07-20,2026-07-20T13:57:30,台灣運彩,824898,3478723.1,128,2026-07-21T07:15:00+08:00,聖地牙哥教士,亞特蘭大勇士,聖地牙哥教士 @ 亞特蘭大勇士,51464128.1,358,讓分 -2.5,252898954.1,聖地牙哥教士 +2.5,A,-2.5,1.35,20,7,A,-2.5,2
2026-07-20,2026-07-20T13:57:30,台灣運彩,824898,3478723.1,128,2026-07-21T07:15:00+08:00,聖地牙哥教士,亞特蘭大勇士,聖地牙哥教士 @ 亞特蘭大勇士,51464123.1,360,[總分]大小 8.5,252898944.1,大 8.5,A,8.5,1.53,100,53,A,8.5,
2026-07-20,2026-07-20T13:57:30,台灣運彩,824898,3478723.1,128,2026-07-21T07:15:00+08:00,聖地牙哥教士,亞特蘭大勇士,聖地牙哥教士 @ 亞特蘭大勇士,51464123.1,360,[總分]大小 8.5,252898943.1,小 8.5,H,8.5,1.97,100,97,H,8.5,
2026-07-20,2026-07-20T13:57:30,台灣運彩,824898,3478723.1,128,2026-07-21T07:15:00+08:00,聖地牙哥教士,亞特蘭大勇士,聖地牙哥教士 @ 亞特蘭大勇士,51464125.1,360,[總分]大小 9.5,252898948.1,大 9.5,A,9.5,1.84,25,21,A,9.5,
2026-07-20,2026-07-20T13:57:30,台灣運彩,824898,3478723.1,128,2026-07-21T07:15:00+08:00,聖地牙哥教士,亞特蘭大勇士,聖地牙哥教士 @ 亞特蘭大勇士,51464125.1,360,[總分]大小 9.5,252898947.1,小 9.5,H,9.5,1.66,50,33,H,9.5,
2026-07-20,2026-07-20T13:57:30,台灣運彩,824898,3478723.1,128,2026-07-21T07:15:00+08:00,聖地牙哥教士,亞特蘭大勇士,聖地牙哥教士 @ 亞特蘭大勇士,51464127.1,360,[總分]大小 10.5,252898952.1,大 10.5,A,10.5,2.07,100,107,A,10.5,
2026-07-20,2026-07-20T13:57:30,台灣運彩,824898,3478723.1,128,2026-07-21T07:15:00+08:00,聖地牙哥教士,亞特蘭大勇士,聖地牙哥教士 @ 亞特蘭大勇士,51464127.1,360,[總分]大小 10.5,252898951.1,小 10.5,H,10.5,1.46,50,23,H,10.5,
2026-07-20,2026-07-20T13:57:30,台灣運彩,824898,3478723.1,128,2026-07-21T07:15:00+08:00,聖地牙哥教士,亞特蘭大勇士,聖地牙哥教士 @ 亞特蘭大勇士,51464133.1,362,亞特蘭大勇士 大小 4.5,252898965.1,大 4.5,A,4.5,1.65,20,13,A,4.5,
2026-07-20,2026-07-20T13:57:30,台灣運彩,824898,3478723.1,128,2026-07-21T07:15:00+08:00,聖地牙哥教士,亞特蘭大勇士,聖地牙哥教士 @ 亞特蘭大勇士,51464133.1,362,亞特蘭大勇士 大小 4.5,252898964.1,小 4.5,H,4.5,1.78,50,39,H,4.5,
2026-07-20,2026-07-20T13:57:30,台灣運彩,824898,3478723.1,128,2026-07-21T07:15:00+08:00,聖地牙哥教士,亞特蘭大勇士,聖地牙哥教士 @ 亞特蘭大勇士,51464923.1,363,聖地牙哥教士 大小 4.5,252901470.1,大 4.5,A,4.5,1.86,50,43,A,4.5,
2026-07-20,2026-07-20T13:57:30,台灣運彩,824898,3478723.1,128,2026-07-21T07:15:00+08:00,聖地牙哥教士,亞特蘭大勇士,聖地牙哥教士 @ 亞特蘭大勇士,51464923.1,363,聖地牙哥教士 大小 4.5,252901469.1,小 4.5,H,4.5,1.58,50,29,H,4.5,
2026-07-20,2026-07-20T13:57:30,台灣運彩,824898,3478723.1,128,2026-07-21T07:15:00+08:00,聖地牙哥教士,亞特蘭大勇士,聖地牙哥教士 @ 亞特蘭大勇士,51464119.1,366,[總分]單雙,252898935.1,單,,,1.50,2,1,,,
2026-07-20,2026-07-20T13:57:30,台灣運彩,824898,3478723.1,128,2026-07-21T07:15:00+08:00,聖地牙哥教士,亞特蘭大勇士,聖地牙哥教士 @ 亞特蘭大勇士,51464119.1,366,[總分]單雙,252898934.1,雙,,,1.96,25,24,,,
2026-07-20,2026-07-20T13:57:30,台灣運彩,824898,3478723.1,128,2026-07-21T07:15:00+08:00,聖地牙哥教士,亞特蘭大勇士,聖地牙哥教士 @ 亞特蘭大勇士,51464136.1,374,得分最高單局(不含延長賽),252898983.1,一樣多,,,2.30,10,13,,,
2026-07-20,2026-07-20T13:57:30,台灣運彩,824898,3478723.1,128,2026-07-21T07:15:00+08:00,聖地牙哥教士,亞特蘭大勇士,聖地牙哥教士 @ 亞特蘭大勇士,51464136.1,374,得分最高單局(不含延長賽),252898974.1,第1局,,,5.05,20,81,,,
2026-07-20,2026-07-20T13:57:30,台灣運彩,824898,3478723.1,128,2026-07-21T07:15:00+08:00,聖地牙哥教士,亞特蘭大勇士,聖地牙哥教士 @ 亞特蘭大勇士,51464136.1,374,得分最高單局(不含延長賽),252898975.1,第2局,,,6.00,1,5,,,
2026-07-20,2026-07-20T13:57:30,台灣運彩,824898,3478723.1,128,2026-07-21T07:15:00+08:00,聖地牙哥教士,亞特蘭大勇士,聖地牙哥教士 @ 亞特蘭大勇士,51464136.1,374,得分最高單局(不含延長賽),252898976.1,第3局,,,5.30,10,43,,,
2026-07-20,2026-07-20T13:57:30,台灣運彩,824898,3478723.1,128,2026-07-21T07:15:00+08:00,聖地牙哥教士,亞特蘭大勇士,聖地牙哥教士 @ 亞特蘭大勇士,51464136.1,374,得分最高單局(不含延長賽),252898977.1,第4局,,,5.95,20,99,,,
2026-07-20,2026-07-20T13:57:30,台灣運彩,824898,3478723.1,128,2026-07-21T07:15:00+08:00,聖地牙哥教士,亞特蘭大勇士,聖地牙哥教士 @ 亞特蘭大勇士,51464136.1,374,得分最高單局(不含延長賽),252898978.1,第5局,,,5.50,2,9,,,
2026-07-20,2026-07-20T13:57:30,台灣運彩,824898,3478723.1,128,2026-07-21T07:15:00+08:00,聖地牙哥教士,亞特蘭大勇士,聖地牙哥教士 @ 亞特蘭大勇士,51464136.1,374,得分最高單局(不含延長賽),252898979.1,第6局,,,6.50,2,11,,,
2026-07-20,2026-07-20T13:57:30,台灣運彩,824898,3478723.1,128,2026-07-21T07:15:00+08:00,聖地牙哥教士,亞特蘭大勇士,聖地牙哥教士 @ 亞特蘭大勇士,51464136.1,374,得分最高單局(不含延長賽),252898980.1,第7局,,,6.50,2,11,,,
2026-07-20,2026-07-20T13:57:30,台灣運彩,824898,3478723.1,128,2026-07-21T07:15:00+08:00,聖地牙哥教士,亞特蘭大勇士,聖地牙哥教士 @ 亞特蘭大勇士,51464136.1,374,得分最高單局(不含延長賽),252898981.1,第8局,,,6.25,4,21,,,
2026-07-20,2026-07-20T13:57:30,台灣運彩,824898,3478723.1,128,2026-07-21T07:15:00+08:00,聖地牙哥教士,亞特蘭大勇士,聖地牙哥教士 @ 亞特蘭大勇士,51464136.1,374,得分最高單局(不含延長賽),252898982.1,第9局,,,8.00,1,7,,,
2026-07-20,2026-07-20T13:57:30,台灣運彩,824898,3478723.1,128,2026-07-21T07:15:00+08:00,聖地牙哥教士,亞特蘭大勇士,聖地牙哥教士 @ 亞特蘭大勇士,51464121.1,376,[1-5局] 不讓分,252898938.1,亞特蘭大勇士,H,,1.65,20,13,H,,1
2026-07-20,2026-07-20T13:57:30,台灣運彩,824898,3478723.1,128,2026-07-21T07:15:00+08:00,聖地牙哥教士,亞特蘭大勇士,聖地牙哥教士 @ 亞特蘭大勇士,51464121.1,376,[1-5局] 不讓分,252898940.1,聖地牙哥教士,A,,2.00,1,1,A,,2
2026-07-20,2026-07-20T13:57:30,台灣運彩,824898,3478723.1,128,2026-07-21T07:15:00+08:00,聖地牙哥教士,亞特蘭大勇士,聖地牙哥教士 @ 亞特蘭大勇士,51464121.1,376,[1-5局] 不讓分,252898939.1,和局,D,,5.10,10,41,D,,
2026-07-20,2026-07-20T13:57:30,台灣運彩,824898,3478723.1,128,2026-07-21T07:15:00+08:00,聖地牙哥教士,亞特蘭大勇士,聖地牙哥教士 @ 亞特蘭大勇士,51464130.1,378,[1-5局] 大小 5.5,252898958.1,大 5.5,A,5.5,1.75,4,3,A,5.5,
2026-07-20,2026-07-20T13:57:30,台灣運彩,824898,3478723.1,128,2026-07-21T07:15:00+08:00,聖地牙哥教士,亞特蘭大勇士,聖地牙哥教士 @ 亞特蘭大勇士,51464130.1,378,[1-5局] 大小 5.5,252898957.1,小 5.5,H,5.5,1.58,50,29,H,5.5,
2026-07-20,2026-07-20T13:57:30,台灣運彩,824898,3478723.1,128,2026-07-21T07:15:00+08:00,聖地牙哥教士,亞特蘭大勇士,聖地牙哥教士 @ 亞特蘭大勇士,51464126.1,379,[1-5局] 亞特蘭大勇士 大小 2.5,252898950.1,大 2.5,A,2.5,1.68,25,17,A,2.5,
2026-07-20,2026-07-20T13:57:30,台灣運彩,824898,3478723.1,128,2026-07-21T07:15:00+08:00,聖地牙哥教士,亞特蘭大勇士,聖地牙哥教士 @ 亞特蘭大勇士,51464126.1,379,[1-5局] 亞特蘭大勇士 大小 2.5,252898949.1,小 2.5,H,2.5,1.75,4,3,H,2.5,
2026-07-20,2026-07-20T13:57:30,台灣運彩,824898,3478723.1,128,2026-07-21T07:15:00+08:00,聖地牙哥教士,亞特蘭大勇士,聖地牙哥教士 @ 亞特蘭大勇士,51464124.1,380,[1-5局] 聖地牙哥教士 大小 1.5,252898946.1,大 1.5,A,1.5,1.50,2,1,A,1.5,
2026-07-20,2026-07-20T13:57:30,台灣運彩,824898,3478723.1,128,2026-07-21T07:15:00+08:00,聖地牙哥教士,亞特蘭大勇士,聖地牙哥教士 @ 亞特蘭大勇士,51464124.1,380,[1-5局] 聖地牙哥教士 大小 1.5,252898945.1,小 1.5,H,1.5,1.96,25,24,H,1.5,
2026-07-20,2026-07-20T13:57:30,台灣運彩,824898,3478723.1,128,2026-07-21T07:15:00+08:00,聖地牙哥教士,亞特蘭大勇士,聖地牙哥教士 @ 亞特蘭大勇士,51464550.1,380,[1-5局] 聖地牙哥教士 大小 2.5,252900275.1,大 2.5,A,2.5,1.93,100,93,A,2.5,
2026-07-20,2026-07-20T13:57:30,台灣運彩,824898,3478723.1,128,2026-07-21T07:15:00+08:00,聖地牙哥教士,亞特蘭大勇士,聖地牙哥教士 @ 亞特蘭大勇士,51464550.1,380,[1-5局] 聖地牙哥教士 大小 2.5,252900274.1,小 2.5,H,2.5,1.53,100,53,H,2.5,
2026-07-20,2026-07-20T13:57:30,台灣運彩,824898,3478723.1,128,2026-07-21T07:15:00+08:00,聖地牙哥教士,亞特蘭大勇士,聖地牙哥教士 @ 亞特蘭大勇士,51464132.1,389,[第1局] 不讓分,252898961.1,亞特蘭大勇士,H,,2.60,5,8,H,,1
2026-07-20,2026-07-20T13:57:30,台灣運彩,824898,3478723.1,128,2026-07-21T07:15:00+08:00,聖地牙哥教士,亞特蘭大勇士,聖地牙哥教士 @ 亞特蘭大勇士,51464132.1,389,[第1局] 不讓分,252898963.1,聖地牙哥教士,A,,3.20,5,11,A,,2
2026-07-20,2026-07-20T13:57:30,台灣運彩,824898,3478723.1,128,2026-07-21T07:15:00+08:00,聖地牙哥教士,亞特蘭大勇士,聖地牙哥教士 @ 亞特蘭大勇士,51464132.1,389,[第1局] 不讓分,252898962.1,和局,D,,1.65,20,13,D,,
2026-07-20,2026-07-20T13:57:30,台灣運彩,824898,3478723.1,128,2026-07-21T07:15:00+08:00,聖地牙哥教士,亞特蘭大勇士,聖地牙哥教士 @ 亞特蘭大勇士,51464134.1,398,[第1局] 大小 0.5,252898967.1,大 0.5,A,0.5,1.56,25,14,A,0.5,
2026-07-20,2026-07-20T13:57:30,台灣運彩,824898,3478723.1,128,2026-07-21T07:15:00+08:00,聖地牙哥教士,亞特蘭大勇士,聖地牙哥教士 @ 亞特蘭大勇士,51464134.1,398,[第1局] 大小 0.5,252898966.1,小 0.5,H,0.5,1.78,50,39,H,0.5,
2026-07-20,2026-07-20T13:57:30,台灣運彩,824087,3478729.1,130,2026-07-21T07:40:00+08:00,舊金山巨人,堪薩斯市皇家,舊金山巨人 @ 堪薩斯市皇家,51464362.1,354,不讓分,252899756.1,堪薩斯皇家,H,,1.65,20,13,H,,1
2026-07-20,2026-07-20T13:57:30,台灣運彩,824087,3478729.1,130,2026-07-21T07:40:00+08:00,舊金山巨人,堪薩斯市皇家,舊金山巨人 @ 堪薩斯市皇家,51464362.1,354,不讓分,252899757.1,舊金山巨人,A,,1.85,20,17,A,,2
2026-07-20,2026-07-20T13:57:30,台灣運彩,824087,3478729.1,130,2026-07-21T07:40:00+08:00,舊金山巨人,堪薩斯市皇家,舊金山巨人 @ 堪薩斯市皇家,51464383.1,357,勝分差,252899799.1,堪薩斯皇家 1 分,H,,4.35,20,67,H,,
2026-07-20,2026-07-20T13:57:30,台灣運彩,824087,3478729.1,130,2026-07-21T07:40:00+08:00,舊金山巨人,堪薩斯市皇家,舊金山巨人 @ 堪薩斯市皇家,51464383.1,357,勝分差,252899801.1,堪薩斯皇家 2 分,H,,7.50,2,13,H,,
2026-07-20,2026-07-20T13:57:30,台灣運彩,824087,3478729.1,130,2026-07-21T07:40:00+08:00,舊金山巨人,堪薩斯市皇家,舊金山巨人 @ 堪薩斯市皇家,51464383.1,357,勝分差,252899802.1,堪薩斯皇家 > 2分,H,,2.55,20,31,H,,
2026-07-20,2026-07-20T13:57:30,台灣運彩,824087,3478729.1,130,2026-07-21T07:40:00+08:00,舊金山巨人,堪薩斯市皇家,舊金山巨人 @ 堪薩斯市皇家,51464383.1,357,勝分差,252899803.1,舊金山巨人 1 分,A,,6.25,4,21,A,,
2026-07-20,2026-07-20T13:57:30,台灣運彩,824087,3478729.1,130,2026-07-21T07:40:00+08:00,舊金山巨人,堪薩斯市皇家,舊金山巨人 @ 堪薩斯市皇家,51464383.1,357,勝分差,252899804.1,舊金山巨人 2 分,A,,7.75,4,27,A,,
2026-07-20,2026-07-20T13:57:30,台灣運彩,824087,3478729.1,130,2026-07-21T07:40:00+08:00,舊金山巨人,堪薩斯市皇家,舊金山巨人 @ 堪薩斯市皇家,51464383.1,357,勝分差,252899805.1,舊金山巨人 > 2分,A,,2.45,20,29,A,,
2026-07-20,2026-07-20T13:57:30,台灣運彩,824087,3478729.1,130,2026-07-21T07:40:00+08:00,舊金山巨人,堪薩斯市皇家,舊金山巨人 @ 堪薩斯市皇家,51464360.1,358,讓分 1.5,252899752.1,堪薩斯皇家 +1.5,H,1.5,1.40,5,2,H,1.5,1
2026-07-20,2026-07-20T13:57:30,台灣運彩,824087,3478729.1,130,2026-07-21T07:40:00+08:00,舊金山巨人,堪薩斯市皇家,舊金山巨人 @ 堪薩斯市皇家,51464360.1,358,讓分 1.5,252899753.1,舊金山巨人 -1.5,A,1.5,2.30,10,13,A,1.5,2
2026-07-20,2026-07-20T13:57:30,台灣運彩,824087,3478729.1,130,2026-07-21T07:40:00+08:00,舊金山巨人,堪薩斯市皇家,舊金山巨人 @ 堪薩斯市皇家,51464554.1,358,讓分 -1.5,252900282.1,堪薩斯皇家 -1.5,H,-1.5,2.15,20,23,H,-1.5,1
2026-07-20,2026-07-20T13:57:30,台灣運彩,824087,3478729.1,130,2026-07-21T07:40:00+08:00,舊金山巨人,堪薩斯市皇家,舊金山巨人 @ 堪薩斯市皇家,51464554.1,358,讓分 -1.5,252900283.1,舊金山巨人 +1.5,A,-1.5,1.43,100,43,A,-1.5,2
2026-07-20,2026-07-20T13:57:30,台灣運彩,824087,3478729.1,130,2026-07-21T07:40:00+08:00,舊金山巨人,堪薩斯市皇家,舊金山巨人 @ 堪薩斯市皇家,51464555.1,358,讓分 -2.5,252900284.1,堪薩斯皇家 -2.5,H,-2.5,2.60,5,8,H,-2.5,1
2026-07-20,2026-07-20T13:57:30,台灣運彩,824087,3478729.1,130,2026-07-21T07:40:00+08:00,舊金山巨人,堪薩斯市皇家,舊金山巨人 @ 堪薩斯市皇家,51464555.1,358,讓分 -2.5,252900285.1,舊金山巨人 +2.5,A,-2.5,1.30,10,3,A,-2.5,2
2026-07-20,2026-07-20T13:57:30,台灣運彩,824087,3478729.1,130,2026-07-21T07:40:00+08:00,舊金山巨人,堪薩斯市皇家,舊金山巨人 @ 堪薩斯市皇家,51464358.1,360,[總分]大小 10.5,252899749.1,大 10.5,A,10.5,1.80,5,4,A,10.5,
2026-07-20,2026-07-20T13:57:30,台灣運彩,824087,3478729.1,130,2026-07-21T07:40:00+08:00,舊金山巨人,堪薩斯市皇家,舊金山巨人 @ 堪薩斯市皇家,51464358.1,360,[總分]大小 10.5,252899748.1,小 10.5,H,10.5,1.70,10,7,H,10.5,
2026-07-20,2026-07-20T13:57:30,台灣運彩,824087,3478729.1,130,2026-07-21T07:40:00+08:00,舊金山巨人,堪薩斯市皇家,舊金山巨人 @ 堪薩斯市皇家,51464359.1,360,[總分]大小 9.5,252899751.1,大 9.5,A,9.5,1.58,50,29,A,9.5,
2026-07-20,2026-07-20T13:57:30,台灣運彩,824087,3478729.1,130,2026-07-21T07:40:00+08:00,舊金山巨人,堪薩斯市皇家,舊金山巨人 @ 堪薩斯市皇家,51464359.1,360,[總分]大小 9.5,252899750.1,小 9.5,H,9.5,1.92,25,23,H,9.5,
2026-07-20,2026-07-20T13:57:30,台灣運彩,824087,3478729.1,130,2026-07-21T07:40:00+08:00,舊金山巨人,堪薩斯市皇家,舊金山巨人 @ 堪薩斯市皇家,51464366.1,360,[總分]大小 11.5,252899765.1,大 11.5,A,11.5,2.10,10,11,A,11.5,
2026-07-20,2026-07-20T13:57:30,台灣運彩,824087,3478729.1,130,2026-07-21T07:40:00+08:00,舊金山巨人,堪薩斯市皇家,舊金山巨人 @ 堪薩斯市皇家,51464366.1,360,[總分]大小 11.5,252899764.1,小 11.5,H,11.5,1.45,20,9,H,11.5,
2026-07-20,2026-07-20T13:57:30,台灣運彩,824087,3478729.1,130,2026-07-21T07:40:00+08:00,舊金山巨人,堪薩斯市皇家,舊金山巨人 @ 堪薩斯市皇家,51464374.1,362,堪薩斯皇家 大小 4.5,252899782.1,大 4.5,A,4.5,1.58,50,29,A,4.5,
2026-07-20,2026-07-20T13:57:30,台灣運彩,824087,3478729.1,130,2026-07-21T07:40:00+08:00,舊金山巨人,堪薩斯市皇家,舊金山巨人 @ 堪薩斯市皇家,51464374.1,362,堪薩斯皇家 大小 4.5,252899781.1,小 4.5,H,4.5,1.86,50,43,H,4.5,
2026-07-20,2026-07-20T13:57:30,台灣運彩,824087,3478729.1,130,2026-07-21T07:40:00+08:00,舊金山巨人,堪薩斯市皇家,舊金山巨人 @ 堪薩斯市皇家,51464363.1,363,舊金山巨人 大小 4.5,252899759.1,大 4.5,A,4.5,1.60,5,3,A,4.5,
2026-07-20,2026-07-20T13:57:30,台灣運彩,824087,3478729.1,130,2026-07-21T07:40:00+08:00,舊金山巨人,堪薩斯市皇家,舊金山巨人 @ 堪薩斯市皇家,51464363.1,363,舊金山巨人 大小 4.5,252899758.1,小 4.5,H,4.5,1.85,20,17,H,4.5,
2026-07-20,2026-07-20T13:57:30,台灣運彩,824087,3478729.1,130,2026-07-21T07:40:00+08:00,舊金山巨人,堪薩斯市皇家,舊金山巨人 @ 堪薩斯市皇家,51464364.1,366,[總分]單雙,252899761.1,單,,,1.50,2,1,,,
2026-07-20,2026-07-20T13:57:30,台灣運彩,824087,3478729.1,130,2026-07-21T07:40:00+08:00,舊金山巨人,堪薩斯市皇家,舊金山巨人 @ 堪薩斯市皇家,51464364.1,366,[總分]單雙,252899760.1,雙,,,1.96,25,24,,,
2026-07-20,2026-07-20T13:57:30,台灣運彩,824087,3478729.1,130,2026-07-21T07:40:00+08:00,舊金山巨人,堪薩斯市皇家,舊金山巨人 @ 堪薩斯市皇家,51464386.1,374,得分最高單局(不含延長賽),252899821.1,一樣多,,,2.35,20,27,,,
2026-07-20,2026-07-20T13:57:30,台灣運彩,824087,3478729.1,130,2026-07-21T07:40:00+08:00,舊金山巨人,堪薩斯市皇家,舊金山巨人 @ 堪薩斯市皇家,51464386.1,374,得分最高單局(不含延長賽),252899810.1,第1局,,,5.40,5,22,,,
2026-07-20,2026-07-20T13:57:30,台灣運彩,824087,3478729.1,130,2026-07-21T07:40:00+08:00,舊金山巨人,堪薩斯市皇家,舊金山巨人 @ 堪薩斯市皇家,51464386.1,374,得分最高單局(不含延長賽),252899812.1,第2局,,,6.50,2,11,,,
2026-07-20,2026-07-20T13:57:30,台灣運彩,824087,3478729.1,130,2026-07-21T07:40:00+08:00,舊金山巨人,堪薩斯市皇家,舊金山巨人 @ 堪薩斯市皇家,51464386.1,374,得分最高單局(不含延長賽),252899814.1,第3局,,,5.90,10,49,,,
2026-07-20,2026-07-20T13:57:30,台灣運彩,824087,3478729.1,130,2026-07-21T07:40:00+08:00,舊金山巨人,堪薩斯市皇家,舊金山巨人 @ 堪薩斯市皇家,51464386.1,374,得分最高單局(不含延長賽),252899815.1,第4局,,,6.25,4,21,,,
2026-07-20,2026-07-20T13:57:30,台灣運彩,824087,3478729.1,130,2026-07-21T07:40:00+08:00,舊金山巨人,堪薩斯市皇家,舊金山巨人 @ 堪薩斯市皇家,51464386.1,374,得分最高單局(不含延長賽),252899816.1,第5局,,,5.85,20,97,,,
2026-07-20,2026-07-20T13:57:30,台灣運彩,824087,3478729.1,130,2026-07-21T07:40:00+08:00,舊金山巨人,堪薩斯市皇家,舊金山巨人 @ 堪薩斯市皇家,51464386.1,374,得分最高單局(不含延長賽),252899817.1,第6局,,,5.80,5,24,,,
2026-07-20,2026-07-20T13:57:30,台灣運彩,824087,3478729.1,130,2026-07-21T07:40:00+08:00,舊金山巨人,堪薩斯市皇家,舊金山巨人 @ 堪薩斯市皇家,51464386.1,374,得分最高單局(不含延長賽),252899818.1,第7局,,,5.95,20,99,,,
2026-07-20,2026-07-20T13:57:30,台灣運彩,824087,3478729.1,130,2026-07-21T07:40:00+08:00,舊金山巨人,堪薩斯市皇家,舊金山巨人 @ 堪薩斯市皇家,51464386.1,374,得分最高單局(不含延長賽),252899819.1,第8局,,,5.65,20,93,,,
2026-07-20,2026-07-20T13:57:30,台灣運彩,824087,3478729.1,130,2026-07-21T07:40:00+08:00,舊金山巨人,堪薩斯市皇家,舊金山巨人 @ 堪薩斯市皇家,51464386.1,374,得分最高單局(不含延長賽),252899820.1,第9局,,,8.00,1,7,,,
2026-07-20,2026-07-20T13:57:30,台灣運彩,824087,3478729.1,130,2026-07-21T07:40:00+08:00,舊金山巨人,堪薩斯市皇家,舊金山巨人 @ 堪薩斯市皇家,51464371.1,376,[1-5局] 不讓分,252899772.1,堪薩斯皇家,H,,1.70,10,7,H,,1
2026-07-20,2026-07-20T13:57:30,台灣運彩,824087,3478729.1,130,2026-07-21T07:40:00+08:00,舊金山巨人,堪薩斯市皇家,舊金山巨人 @ 堪薩斯市皇家,51464371.1,376,[1-5局] 不讓分,252899774.1,舊金山巨人,A,,1.90,10,9,A,,2
2026-07-20,2026-07-20T13:57:30,台灣運彩,824087,3478729.1,130,2026-07-21T07:40:00+08:00,舊金山巨人,堪薩斯市皇家,舊金山巨人 @ 堪薩斯市皇家,51464371.1,376,[1-5局] 不讓分,252899773.1,和局,D,,5.35,20,87,D,,
2026-07-20,2026-07-20T13:57:30,台灣運彩,824087,3478729.1,130,2026-07-21T07:40:00+08:00,舊金山巨人,堪薩斯市皇家,舊金山巨人 @ 堪薩斯市皇家,51464368.1,378,[1-5局] 大小 5.5,252899767.1,大 5.5,A,5.5,1.68,25,17,A,5.5,
2026-07-20,2026-07-20T13:57:30,台灣運彩,824087,3478729.1,130,2026-07-21T07:40:00+08:00,舊金山巨人,堪薩斯市皇家,舊金山巨人 @ 堪薩斯市皇家,51464368.1,378,[1-5局] 大小 5.5,252899766.1,小 5.5,H,5.5,1.65,20,13,H,5.5,
2026-07-20,2026-07-20T13:57:30,台灣運彩,824087,3478729.1,130,2026-07-21T07:40:00+08:00,舊金山巨人,堪薩斯市皇家,舊金山巨人 @ 堪薩斯市皇家,51464365.1,379,[1-5局] 堪薩斯皇家 大小 2.5,252899763.1,大 2.5,A,2.5,1.70,10,7,A,2.5,
2026-07-20,2026-07-20T13:57:30,台灣運彩,824087,3478729.1,130,2026-07-21T07:40:00+08:00,舊金山巨人,堪薩斯市皇家,舊金山巨人 @ 堪薩斯市皇家,51464365.1,379,[1-5局] 堪薩斯皇家 大小 2.5,252899762.1,小 2.5,H,2.5,1.73,100,73,H,2.5,
2026-07-20,2026-07-20T13:57:30,台灣運彩,824087,3478729.1,130,2026-07-21T07:40:00+08:00,舊金山巨人,堪薩斯市皇家,舊金山巨人 @ 堪薩斯市皇家,51464369.1,380,[1-5局] 舊金山巨人 大小 2.5,252899771.1,大 2.5,A,2.5,1.78,50,39,A,2.5,
2026-07-20,2026-07-20T13:57:30,台灣運彩,824087,3478729.1,130,2026-07-21T07:40:00+08:00,舊金山巨人,堪薩斯市皇家,舊金山巨人 @ 堪薩斯市皇家,51464369.1,380,[1-5局] 舊金山巨人 大小 2.5,252899770.1,小 2.5,H,2.5,1.65,20,13,H,2.5,
2026-07-20,2026-07-20T13:57:30,台灣運彩,824087,3478729.1,130,2026-07-21T07:40:00+08:00,舊金山巨人,堪薩斯市皇家,舊金山巨人 @ 堪薩斯市皇家,51464377.1,389,[第1局] 不讓分,252899787.1,堪薩斯皇家,H,,2.70,10,17,H,,1
2026-07-20,2026-07-20T13:57:30,台灣運彩,824087,3478729.1,130,2026-07-21T07:40:00+08:00,舊金山巨人,堪薩斯市皇家,舊金山巨人 @ 堪薩斯市皇家,51464377.1,389,[第1局] 不讓分,252899789.1,舊金山巨人,A,,3.00,1,2,A,,2
2026-07-20,2026-07-20T13:57:30,台灣運彩,824087,3478729.1,130,2026-07-21T07:40:00+08:00,舊金山巨人,堪薩斯市皇家,舊金山巨人 @ 堪薩斯市皇家,51464377.1,389,[第1局] 不讓分,252899788.1,和局,D,,1.65,20,13,D,,
2026-07-20,2026-07-20T13:57:30,台灣運彩,824087,3478729.1,130,2026-07-21T07:40:00+08:00,舊金山巨人,堪薩斯市皇家,舊金山巨人 @ 堪薩斯市皇家,51464376.1,398,[第1局] 大小 0.5,252899785.1,大 0.5,A,0.5,1.53,100,53,A,0.5,
2026-07-20,2026-07-20T13:57:30,台灣運彩,824087,3478729.1,130,2026-07-21T07:40:00+08:00,舊金山巨人,堪薩斯市皇家,舊金山巨人 @ 堪薩斯市皇家,51464376.1,398,[第1局] 大小 0.5,252899784.1,小 0.5,H,0.5,1.82,50,41,H,0.5,
2026-07-20,2026-07-20T13:57:30,台灣運彩,823762,3478730.1,131,2026-07-21T07:40:00+08:00,紐約大都會,密爾瓦基釀酒人,紐約大都會 @ 密爾瓦基釀酒人,51464367.1,354,不讓分,252899768.1,密爾瓦基釀酒人,H,,1.36,25,9,H,,1
2026-07-20,2026-07-20T13:57:30,台灣運彩,823762,3478730.1,131,2026-07-21T07:40:00+08:00,紐約大都會,密爾瓦基釀酒人,紐約大都會 @ 密爾瓦基釀酒人,51464367.1,354,不讓分,252899769.1,紐約大都會,A,,2.40,5,7,A,,2
2026-07-20,2026-07-20T13:57:30,台灣運彩,823762,3478730.1,131,2026-07-21T07:40:00+08:00,紐約大都會,密爾瓦基釀酒人,紐約大都會 @ 密爾瓦基釀酒人,51464392.1,357,勝分差,252899832.1,密爾瓦基釀酒人 1 分,H,,3.75,4,11,H,,
2026-07-20,2026-07-20T13:57:30,台灣運彩,823762,3478730.1,131,2026-07-21T07:40:00+08:00,紐約大都會,密爾瓦基釀酒人,紐約大都會 @ 密爾瓦基釀酒人,51464392.1,357,勝分差,252899833.1,密爾瓦基釀酒人 2 分,H,,5.95,20,99,H,,
2026-07-20,2026-07-20T13:57:30,台灣運彩,823762,3478730.1,131,2026-07-21T07:40:00+08:00,紐約大都會,密爾瓦基釀酒人,紐約大都會 @ 密爾瓦基釀酒人,51464392.1,357,勝分差,252899834.1,密爾瓦基釀酒人 > 2分,H,,2.05,20,21,H,,
2026-07-20,2026-07-20T13:57:30,台灣運彩,823762,3478730.1,131,2026-07-21T07:40:00+08:00,紐約大都會,密爾瓦基釀酒人,紐約大都會 @ 密爾瓦基釀酒人,51464392.1,357,勝分差,252899835.1,紐約大都會 1 分,A,,5.80,5,24,A,,
2026-07-20,2026-07-20T13:57:30,台灣運彩,823762,3478730.1,131,2026-07-21T07:40:00+08:00,紐約大都會,密爾瓦基釀酒人,紐約大都會 @ 密爾瓦基釀酒人,51464392.1,357,勝分差,252899836.1,紐約大都會 2 分,A,,8.75,4,31,A,,
2026-07-20,2026-07-20T13:57:30,台灣運彩,823762,3478730.1,131,2026-07-21T07:40:00+08:00,紐約大都會,密爾瓦基釀酒人,紐約大都會 @ 密爾瓦基釀酒人,51464392.1,357,勝分差,252899837.1,紐約大都會 > 2分,A,,4.15,20,63,A,,
2026-07-20,2026-07-20T13:57:30,台灣運彩,823762,3478730.1,131,2026-07-21T07:40:00+08:00,紐約大都會,密爾瓦基釀酒人,紐約大都會 @ 密爾瓦基釀酒人,51464384.1,358,讓分 -2.5,252899806.1,密爾瓦基釀酒人 -2.5,H,-2.5,2.15,20,23,H,-2.5,1
2026-07-20,2026-07-20T13:57:30,台灣運彩,823762,3478730.1,131,2026-07-21T07:40:00+08:00,紐約大都會,密爾瓦基釀酒人,紐約大都會 @ 密爾瓦基釀酒人,51464384.1,358,讓分 -2.5,252899807.1,紐約大都會 +2.5,A,-2.5,1.43,100,43,A,-2.5,2
2026-07-20,2026-07-20T13:57:30,台灣運彩,823762,3478730.1,131,2026-07-21T07:40:00+08:00,紐約大都會,密爾瓦基釀酒人,紐約大都會 @ 密爾瓦基釀酒人,51464387.1,358,讓分 -1.5,252899811.1,密爾瓦基釀酒人 -1.5,H,-1.5,1.79,100,79,H,-1.5,1
2026-07-20,2026-07-20T13:57:30,台灣運彩,823762,3478730.1,131,2026-07-21T07:40:00+08:00,紐約大都會,密爾瓦基釀酒人,紐約大都會 @ 密爾瓦基釀酒人,51464387.1,358,讓分 -1.5,252899813.1,紐約大都會 +1.5,A,-1.5,1.71,100,71,A,-1.5,2
2026-07-20,2026-07-20T13:57:30,台灣運彩,823762,3478730.1,131,2026-07-21T07:40:00+08:00,紐約大都會,密爾瓦基釀酒人,紐約大都會 @ 密爾瓦基釀酒人,51464370.1,360,[總分]大小 7.5,252899776.1,大 7.5,A,7.5,1.80,5,4,A,7.5,
2026-07-20,2026-07-20T13:57:30,台灣運彩,823762,3478730.1,131,2026-07-21T07:40:00+08:00,紐約大都會,密爾瓦基釀酒人,紐約大都會 @ 密爾瓦基釀酒人,51464370.1,360,[總分]大小 7.5,252899775.1,小 7.5,H,7.5,1.70,10,7,H,7.5,
2026-07-20,2026-07-20T13:57:30,台灣運彩,823762,3478730.1,131,2026-07-21T07:40:00+08:00,紐約大都會,密爾瓦基釀酒人,紐約大都會 @ 密爾瓦基釀酒人,51464379.1,360,[總分]大小 6.5,252899793.1,大 6.5,A,6.5,1.48,25,12,A,6.5,
2026-07-20,2026-07-20T13:57:30,台灣運彩,823762,3478730.1,131,2026-07-21T07:40:00+08:00,紐約大都會,密爾瓦基釀酒人,紐約大都會 @ 密爾瓦基釀酒人,51464379.1,360,[總分]大小 6.5,252899792.1,小 6.5,H,6.5,2.05,20,21,H,6.5,
2026-07-20,2026-07-20T13:57:30,台灣運彩,823762,3478730.1,131,2026-07-21T07:40:00+08:00,紐約大都會,密爾瓦基釀酒人,紐約大都會 @ 密爾瓦基釀酒人,51464390.1,360,[總分]大小 8.5,252899828.1,大 8.5,A,8.5,2.05,20,21,A,8.5,
2026-07-20,2026-07-20T13:57:30,台灣運彩,823762,3478730.1,131,2026-07-21T07:40:00+08:00,紐約大都會,密爾瓦基釀酒人,紐約大都會 @ 密爾瓦基釀酒人,51464390.1,360,[總分]大小 8.5,252899827.1,小 8.5,H,8.5,1.48,25,12,H,8.5,
2026-07-20,2026-07-20T13:57:30,台灣運彩,823762,3478730.1,131,2026-07-21T07:40:00+08:00,紐約大都會,密爾瓦基釀酒人,紐約大都會 @ 密爾瓦基釀酒人,51464394.1,362,密爾瓦基釀酒人 大小 4.5,252899849.1,大 4.5,A,4.5,1.85,20,17,A,4.5,
2026-07-20,2026-07-20T13:57:30,台灣運彩,823762,3478730.1,131,2026-07-21T07:40:00+08:00,紐約大都會,密爾瓦基釀酒人,紐約大都會 @ 密爾瓦基釀酒人,51464394.1,362,密爾瓦基釀酒人 大小 4.5,252899848.1,小 4.5,H,4.5,1.60,5,3,H,4.5,
2026-07-20,2026-07-20T13:57:30,台灣運彩,823762,3478730.1,131,2026-07-21T07:40:00+08:00,紐約大都會,密爾瓦基釀酒人,紐約大都會 @ 密爾瓦基釀酒人,51464381.1,363,紐約大都會 大小 2.5,252899797.1,大 2.5,A,2.5,1.62,50,31,A,2.5,
2026-07-20,2026-07-20T13:57:30,台灣運彩,823762,3478730.1,131,2026-07-21T07:40:00+08:00,紐約大都會,密爾瓦基釀酒人,紐約大都會 @ 密爾瓦基釀酒人,51464381.1,363,紐約大都會 大小 2.5,252899796.1,小 2.5,H,2.5,1.82,50,41,H,2.5,
2026-07-20,2026-07-20T13:57:30,台灣運彩,823762,3478730.1,131,2026-07-21T07:40:00+08:00,紐約大都會,密爾瓦基釀酒人,紐約大都會 @ 密爾瓦基釀酒人,51464373.1,366,[總分]單雙,252899780.1,單,,,1.48,25,12,,,
2026-07-20,2026-07-20T13:57:30,台灣運彩,823762,3478730.1,131,2026-07-21T07:40:00+08:00,紐約大都會,密爾瓦基釀酒人,紐約大都會 @ 密爾瓦基釀酒人,51464373.1,366,[總分]單雙,252899779.1,雙,,,2.00,1,1,,,
2026-07-20,2026-07-20T13:57:30,台灣運彩,823762,3478730.1,131,2026-07-21T07:40:00+08:00,紐約大都會,密爾瓦基釀酒人,紐約大都會 @ 密爾瓦基釀酒人,51464393.1,374,得分最高單局(不含延長賽),252899847.1,一樣多,,,2.20,5,6,,,
2026-07-20,2026-07-20T13:57:30,台灣運彩,823762,3478730.1,131,2026-07-21T07:40:00+08:00,紐約大都會,密爾瓦基釀酒人,紐約大都會 @ 密爾瓦基釀酒人,51464393.1,374,得分最高單局(不含延長賽),252899838.1,第1局,,,5.45,20,89,,,
2026-07-20,2026-07-20T13:57:30,台灣運彩,823762,3478730.1,131,2026-07-21T07:40:00+08:00,紐約大都會,密爾瓦基釀酒人,紐約大都會 @ 密爾瓦基釀酒人,51464393.1,374,得分最高單局(不含延長賽),252899839.1,第2局,,,6.50,2,11,,,
2026-07-20,2026-07-20T13:57:30,台灣運彩,823762,3478730.1,131,2026-07-21T07:40:00+08:00,紐約大都會,密爾瓦基釀酒人,紐約大都會 @ 密爾瓦基釀酒人,51464393.1,374,得分最高單局(不含延長賽),252899840.1,第3局,,,5.85,20,97,,,
2026-07-20,2026-07-20T13:57:30,台灣運彩,823762,3478730.1,131,2026-07-21T07:40:00+08:00,紐約大都會,密爾瓦基釀酒人,紐約大都會 @ 密爾瓦基釀酒人,51464393.1,374,得分最高單局(不含延長賽),252899841.1,第4局,,,6.25,4,21,,,
2026-07-20,2026-07-20T13:57:30,台灣運彩,823762,3478730.1,131,2026-07-21T07:40:00+08:00,紐約大都會,密爾瓦基釀酒人,紐約大都會 @ 密爾瓦基釀酒人,51464393.1,374,得分最高單局(不含延長賽),252899842.1,第5局,,,6.00,1,5,,,
2026-07-20,2026-07-20T13:57:30,台灣運彩,823762,3478730.1,131,2026-07-21T07:40:00+08:00,紐約大都會,密爾瓦基釀酒人,紐約大都會 @ 密爾瓦基釀酒人,51464393.1,374,得分最高單局(不含延長賽),252899843.1,第6局,,,5.70,10,47,,,
2026-07-20,2026-07-20T13:57:30,台灣運彩,823762,3478730.1,131,2026-07-21T07:40:00+08:00,紐約大都會,密爾瓦基釀酒人,紐約大都會 @ 密爾瓦基釀酒人,51464393.1,374,得分最高單局(不含延長賽),252899844.1,第7局,,,5.95,20,99,,,
2026-07-20,2026-07-20T13:57:30,台灣運彩,823762,3478730.1,131,2026-07-21T07:40:00+08:00,紐約大都會,密爾瓦基釀酒人,紐約大都會 @ 密爾瓦基釀酒人,51464393.1,374,得分最高單局(不含延長賽),252899845.1,第8局,,,5.65,20,93,,,
2026-07-20,2026-07-20T13:57:30,台灣運彩,823762,3478730.1,131,2026-07-21T07:40:00+08:00,紐約大都會,密爾瓦基釀酒人,紐約大都會 @ 密爾瓦基釀酒人,51464393.1,374,得分最高單局(不含延長賽),252899846.1,第9局,,,8.00,1,7,,,
2026-07-20,2026-07-20T13:57:30,台灣運彩,823762,3478730.1,131,2026-07-21T07:40:00+08:00,紐約大都會,密爾瓦基釀酒人,紐約大都會 @ 密爾瓦基釀酒人,51464389.1,376,[1-5局] 不讓分,252899824.1,密爾瓦基釀酒人,H,,1.50,2,1,H,,1
2026-07-20,2026-07-20T13:57:30,台灣運彩,823762,3478730.1,131,2026-07-21T07:40:00+08:00,紐約大都會,密爾瓦基釀酒人,紐約大都會 @ 密爾瓦基釀酒人,51464389.1,376,[1-5局] 不讓分,252899826.1,紐約大都會,A,,2.50,2,3,A,,2
2026-07-20,2026-07-20T13:57:30,台灣運彩,823762,3478730.1,131,2026-07-21T07:40:00+08:00,紐約大都會,密爾瓦基釀酒人,紐約大都會 @ 密爾瓦基釀酒人,51464389.1,376,[1-5局] 不讓分,252899825.1,和局,D,,4.30,10,33,D,,
2026-07-20,2026-07-20T13:57:30,台灣運彩,823762,3478730.1,131,2026-07-21T07:40:00+08:00,紐約大都會,密爾瓦基釀酒人,紐約大都會 @ 密爾瓦基釀酒人,51464375.1,378,[1-5局] 大小 3.5,252899786.1,大 3.5,A,3.5,1.53,100,53,A,3.5,
2026-07-20,2026-07-20T13:57:30,台灣運彩,823762,3478730.1,131,2026-07-21T07:40:00+08:00,紐約大都會,密爾瓦基釀酒人,紐約大都會 @ 密爾瓦基釀酒人,51464375.1,378,[1-5局] 大小 3.5,252899783.1,小 3.5,H,3.5,1.82,50,41,H,3.5,
2026-07-20,2026-07-20T13:57:30,台灣運彩,823762,3478730.1,131,2026-07-21T07:40:00+08:00,紐約大都會,密爾瓦基釀酒人,紐約大都會 @ 密爾瓦基釀酒人,51464388.1,379,[1-5局] 密爾瓦基釀酒人 大小 2.5,252899823.1,大 2.5,A,2.5,1.86,50,43,A,2.5,
2026-07-20,2026-07-20T13:57:30,台灣運彩,823762,3478730.1,131,2026-07-21T07:40:00+08:00,紐約大都會,密爾瓦基釀酒人,紐約大都會 @ 密爾瓦基釀酒人,51464388.1,379,[1-5局] 密爾瓦基釀酒人 大小 2.5,252899822.1,小 2.5,H,2.5,1.58,50,29,H,2.5,
2026-07-20,2026-07-20T13:57:30,台灣運彩,823762,3478730.1,131,2026-07-21T07:40:00+08:00,紐約大都會,密爾瓦基釀酒人,紐約大都會 @ 密爾瓦基釀酒人,51464385.1,380,[1-5局] 紐約大都會 大小 1.5,252899809.1,大 1.5,A,1.5,1.96,25,24,A,1.5,
2026-07-20,2026-07-20T13:57:30,台灣運彩,823762,3478730.1,131,2026-07-21T07:40:00+08:00,紐約大都會,密爾瓦基釀酒人,紐約大都會 @ 密爾瓦基釀酒人,51464385.1,380,[1-5局] 紐約大都會 大小 1.5,252899808.1,小 1.5,H,1.5,1.50,2,1,H,1.5,
2026-07-20,2026-07-20T13:57:30,台灣運彩,823762,3478730.1,131,2026-07-21T07:40:00+08:00,紐約大都會,密爾瓦基釀酒人,紐約大都會 @ 密爾瓦基釀酒人,51464391.1,389,[第1局] 不讓分,252899829.1,密爾瓦基釀酒人,H,,2.60,5,8,H,,1
2026-07-20,2026-07-20T13:57:30,台灣運彩,823762,3478730.1,131,2026-07-21T07:40:00+08:00,紐約大都會,密爾瓦基釀酒人,紐約大都會 @ 密爾瓦基釀酒人,51464391.1,389,[第1局] 不讓分,252899831.1,紐約大都會,A,,4.25,4,13,A,,2
2026-07-20,2026-07-20T13:57:30,台灣運彩,823762,3478730.1,131,2026-07-21T07:40:00+08:00,紐約大都會,密爾瓦基釀酒人,紐約大都會 @ 密爾瓦基釀酒人,51464391.1,389,[第1局] 不讓分,252899830.1,和局,D,,1.45,20,9,D,,
2026-07-20,2026-07-20T13:57:30,台灣運彩,823762,3478730.1,131,2026-07-21T07:40:00+08:00,紐約大都會,密爾瓦基釀酒人,紐約大都會 @ 密爾瓦基釀酒人,51464378.1,398,[第1局] 大小 0.5,252899791.1,大 0.5,A,0.5,1.78,50,39,A,0.5,
2026-07-20,2026-07-20T13:57:30,台灣運彩,823762,3478730.1,131,2026-07-21T07:40:00+08:00,紐約大都會,密爾瓦基釀酒人,紐約大都會 @ 密爾瓦基釀酒人,51464378.1,398,[第1局] 大小 0.5,252899790.1,小 0.5,H,0.5,1.56,25,14,H,0.5,
2026-07-20,2026-07-20T13:57:30,台灣運彩,824654,3478735.1,132,2026-07-21T08:05:00+08:00,底特律老虎,芝加哥小熊,底特律老虎 @ 芝加哥小熊,51464446.1,354,不讓分,252899970.1,芝加哥小熊,H,,1.68,25,17,H,,1
2026-07-20,2026-07-20T13:57:30,台灣運彩,824654,3478735.1,132,2026-07-21T08:05:00+08:00,底特律老虎,芝加哥小熊,底特律老虎 @ 芝加哥小熊,51464446.1,354,不讓分,252899971.1,底特律老虎,A,,1.82,50,41,A,,2
2026-07-20,2026-07-20T13:57:30,台灣運彩,824654,3478735.1,132,2026-07-21T08:05:00+08:00,底特律老虎,芝加哥小熊,底特律老虎 @ 芝加哥小熊,51464456.1,357,勝分差,252899993.1,底特律老虎 1 分,A,,7.00,1,6,A,,
2026-07-20,2026-07-20T13:57:30,台灣運彩,824654,3478735.1,132,2026-07-21T08:05:00+08:00,底特律老虎,芝加哥小熊,底特律老虎 @ 芝加哥小熊,51464456.1,357,勝分差,252899994.1,底特律老虎 2 分,A,,8.25,4,29,A,,
2026-07-20,2026-07-20T13:57:30,台灣運彩,824654,3478735.1,132,2026-07-21T08:05:00+08:00,底特律老虎,芝加哥小熊,底特律老虎 @ 芝加哥小熊,51464456.1,357,勝分差,252899995.1,底特律老虎 > 2分,A,,2.30,10,13,A,,
2026-07-20,2026-07-20T13:57:30,台灣運彩,824654,3478735.1,132,2026-07-21T08:05:00+08:00,底特律老虎,芝加哥小熊,底特律老虎 @ 芝加哥小熊,51464456.1,357,勝分差,252899990.1,芝加哥小熊 1 分,H,,4.55,20,71,H,,
2026-07-20,2026-07-20T13:57:30,台灣運彩,824654,3478735.1,132,2026-07-21T08:05:00+08:00,底特律老虎,芝加哥小熊,底特律老虎 @ 芝加哥小熊,51464456.1,357,勝分差,252899991.1,芝加哥小熊 2 分,H,,8.25,4,29,H,,
2026-07-20,2026-07-20T13:57:30,台灣運彩,824654,3478735.1,132,2026-07-21T08:05:00+08:00,底特律老虎,芝加哥小熊,底特律老虎 @ 芝加哥小熊,51464456.1,357,勝分差,252899992.1,芝加哥小熊 > 2分,H,,2.45,20,29,H,,
2026-07-20,2026-07-20T13:57:30,台灣運彩,824654,3478735.1,132,2026-07-21T08:05:00+08:00,底特律老虎,芝加哥小熊,底特律老虎 @ 芝加哥小熊,51464454.1,358,讓分 1.5,252899986.1,芝加哥小熊 +1.5,H,1.5,1.43,100,43,H,1.5,1
2026-07-20,2026-07-20T13:57:30,台灣運彩,824654,3478735.1,132,2026-07-21T08:05:00+08:00,底特律老虎,芝加哥小熊,底特律老虎 @ 芝加哥小熊,51464454.1,358,讓分 1.5,252899987.1,底特律老虎 -1.5,A,1.5,2.15,20,23,A,1.5,2
2026-07-20,2026-07-20T13:57:30,台灣運彩,824654,3478735.1,132,2026-07-21T08:05:00+08:00,底特律老虎,芝加哥小熊,底特律老虎 @ 芝加哥小熊,51464544.1,358,讓分 -1.5,252900262.1,芝加哥小熊 -1.5,H,-1.5,2.15,20,23,H,-1.5,1
2026-07-20,2026-07-20T13:57:30,台灣運彩,824654,3478735.1,132,2026-07-21T08:05:00+08:00,底特律老虎,芝加哥小熊,底特律老虎 @ 芝加哥小熊,51464544.1,358,讓分 -1.5,252900263.1,底特律老虎 +1.5,A,-1.5,1.43,100,43,A,-1.5,2
2026-07-20,2026-07-20T13:57:30,台灣運彩,824654,3478735.1,132,2026-07-21T08:05:00+08:00,底特律老虎,芝加哥小熊,底特律老虎 @ 芝加哥小熊,51464545.1,358,讓分 -2.5,252900264.1,芝加哥小熊 -2.5,H,-2.5,2.60,5,8,H,-2.5,1
2026-07-20,2026-07-20T13:57:30,台灣運彩,824654,3478735.1,132,2026-07-21T08:05:00+08:00,底特律老虎,芝加哥小熊,底特律老虎 @ 芝加哥小熊,51464545.1,358,讓分 -2.5,252900265.1,底特律老虎 +2.5,A,-2.5,1.30,10,3,A,-2.5,2
2026-07-20,2026-07-20T13:57:30,台灣運彩,824654,3478735.1,132,2026-07-21T08:05:00+08:00,底特律老虎,芝加哥小熊,底特律老虎 @ 芝加哥小熊,51464447.1,360,[總分]大小 12.5,252899973.1,大 12.5,A,12.5,1.87,100,87,A,12.5,
2026-07-20,2026-07-20T13:57:30,台灣運彩,824654,3478735.1,132,2026-07-21T08:05:00+08:00,底特律老虎,芝加哥小熊,底特律老虎 @ 芝加哥小熊,51464447.1,360,[總分]大小 12.5,252899972.1,小 12.5,H,12.5,1.63,100,63,H,12.5,
2026-07-20,2026-07-20T13:57:30,台灣運彩,824654,3478735.1,132,2026-07-21T08:05:00+08:00,底特律老虎,芝加哥小熊,底特律老虎 @ 芝加哥小熊,51464448.1,360,[總分]大小 11.5,252899975.1,大 11.5,A,11.5,1.66,50,33,A,11.5,
2026-07-20,2026-07-20T13:57:30,台灣運彩,824654,3478735.1,132,2026-07-21T08:05:00+08:00,底特律老虎,芝加哥小熊,底特律老虎 @ 芝加哥小熊,51464448.1,360,[總分]大小 11.5,252899974.1,小 11.5,H,11.5,1.84,25,21,H,11.5,
2026-07-20,2026-07-20T13:57:30,台灣運彩,824654,3478735.1,132,2026-07-21T08:05:00+08:00,底特律老虎,芝加哥小熊,底特律老虎 @ 芝加哥小熊,51464452.1,360,[總分]大小 10.5,252899983.1,大 10.5,A,10.5,1.43,100,43,A,10.5,
2026-07-20,2026-07-20T13:57:30,台灣運彩,824654,3478735.1,132,2026-07-21T08:05:00+08:00,底特律老虎,芝加哥小熊,底特律老虎 @ 芝加哥小熊,51464452.1,360,[總分]大小 10.5,252899982.1,小 10.5,H,10.5,2.15,20,23,H,10.5,
2026-07-20,2026-07-20T13:57:30,台灣運彩,824654,3478735.1,132,2026-07-21T08:05:00+08:00,底特律老虎,芝加哥小熊,底特律老虎 @ 芝加哥小熊,51464451.1,362,芝加哥小熊 大小 5.5,252899981.1,大 5.5,A,5.5,1.65,20,13,A,5.5,
2026-07-20,2026-07-20T13:57:30,台灣運彩,824654,3478735.1,132,2026-07-21T08:05:00+08:00,底特律老虎,芝加哥小熊,底特律老虎 @ 芝加哥小熊,51464451.1,362,芝加哥小熊 大小 5.5,252899980.1,小 5.5,H,5.5,1.78,50,39,H,5.5,
2026-07-20,2026-07-20T13:57:30,台灣運彩,824654,3478735.1,132,2026-07-21T08:05:00+08:00,底特律老虎,芝加哥小熊,底特律老虎 @ 芝加哥小熊,51464453.1,363,底特律老虎 大小 5.5,252899985.1,大 5.5,A,5.5,1.63,100,63,A,5.5,
2026-07-20,2026-07-20T13:57:30,台灣運彩,824654,3478735.1,132,2026-07-21T08:05:00+08:00,底特律老虎,芝加哥小熊,底特律老虎 @ 芝加哥小熊,51464453.1,363,底特律老虎 大小 5.5,252899984.1,小 5.5,H,5.5,1.80,5,4,H,5.5,
2026-07-20,2026-07-20T13:57:30,台灣運彩,824654,3478735.1,132,2026-07-21T08:05:00+08:00,底特律老虎,芝加哥小熊,底特律老虎 @ 芝加哥小熊,51464455.1,366,[總分]單雙,252899989.1,單,,,1.52,25,13,,,
2026-07-20,2026-07-20T13:57:30,台灣運彩,824654,3478735.1,132,2026-07-21T08:05:00+08:00,底特律老虎,芝加哥小熊,底特律老虎 @ 芝加哥小熊,51464455.1,366,[總分]單雙,252899988.1,雙,,,1.94,50,47,,,
2026-07-20,2026-07-20T13:57:30,台灣運彩,822874,3478736.1,135,2026-07-21T08:05:00+08:00,芝加哥白襪,德州遊騎兵,芝加哥白襪 @ 德州遊騎兵,51464468.1,354,不讓分,252900019.1,德州遊騎兵,H,,1.42,50,21,H,,1
2026-07-20,2026-07-20T13:57:30,台灣運彩,822874,3478736.1,135,2026-07-21T08:05:00+08:00,芝加哥白襪,德州遊騎兵,芝加哥白襪 @ 德州遊騎兵,51464468.1,354,不讓分,252900020.1,芝加哥白襪,A,,2.20,5,6,A,,2
2026-07-20,2026-07-20T13:57:30,台灣運彩,822874,3478736.1,135,2026-07-21T08:05:00+08:00,芝加哥白襪,德州遊騎兵,芝加哥白襪 @ 德州遊騎兵,51464473.1,357,勝分差,252900030.1,德州遊騎兵 1 分,H,,3.75,4,11,H,,
2026-07-20,2026-07-20T13:57:30,台灣運彩,822874,3478736.1,135,2026-07-21T08:05:00+08:00,芝加哥白襪,德州遊騎兵,芝加哥白襪 @ 德州遊騎兵,51464473.1,357,勝分差,252900031.1,德州遊騎兵 2 分,H,,6.25,4,21,H,,
2026-07-20,2026-07-20T13:57:30,台灣運彩,822874,3478736.1,135,2026-07-21T08:05:00+08:00,芝加哥白襪,德州遊騎兵,芝加哥白襪 @ 德州遊騎兵,51464473.1,357,勝分差,252900032.1,德州遊騎兵 > 2分,H,,2.25,4,5,H,,
2026-07-20,2026-07-20T13:57:30,台灣運彩,822874,3478736.1,135,2026-07-21T08:05:00+08:00,芝加哥白襪,德州遊騎兵,芝加哥白襪 @ 德州遊騎兵,51464473.1,357,勝分差,252900033.1,芝加哥白襪 1 分,A,,5.75,4,19,A,,
2026-07-20,2026-07-20T13:57:30,台灣運彩,822874,3478736.1,135,2026-07-21T08:05:00+08:00,芝加哥白襪,德州遊騎兵,芝加哥白襪 @ 德州遊騎兵,51464473.1,357,勝分差,252900034.1,芝加哥白襪 2 分,A,,7.75,4,27,A,,
2026-07-20,2026-07-20T13:57:30,台灣運彩,822874,3478736.1,135,2026-07-21T08:05:00+08:00,芝加哥白襪,德州遊騎兵,芝加哥白襪 @ 德州遊騎兵,51464473.1,357,勝分差,252900035.1,芝加哥白襪 > 2分,A,,3.65,20,53,A,,
2026-07-20,2026-07-20T13:57:30,台灣運彩,822874,3478736.1,135,2026-07-21T08:05:00+08:00,芝加哥白襪,德州遊騎兵,芝加哥白襪 @ 德州遊騎兵,51464462.1,358,讓分 -2.5,252900006.1,德州遊騎兵 -2.5,H,-2.5,2.33,100,133,H,-2.5,1
2026-07-20,2026-07-20T13:57:30,台灣運彩,822874,3478736.1,135,2026-07-21T08:05:00+08:00,芝加哥白襪,德州遊騎兵,芝加哥白襪 @ 德州遊騎兵,51464462.1,358,讓分 -2.5,252900007.1,芝加哥白襪 +2.5,A,-2.5,1.38,50,19,A,-2.5,2
2026-07-20,2026-07-20T13:57:30,台灣運彩,822874,3478736.1,135,2026-07-21T08:05:00+08:00,芝加哥白襪,德州遊騎兵,芝加哥白襪 @ 德州遊騎兵,51464463.1,358,讓分 -1.5,252900008.1,德州遊騎兵 -1.5,H,-1.5,1.90,10,9,H,-1.5,1
2026-07-20,2026-07-20T13:57:30,台灣運彩,822874,3478736.1,135,2026-07-21T08:05:00+08:00,芝加哥白襪,德州遊騎兵,芝加哥白襪 @ 德州遊騎兵,51464463.1,358,讓分 -1.5,252900009.1,芝加哥白襪 +1.5,A,-1.5,1.60,5,3,A,-1.5,2
2026-07-20,2026-07-20T13:57:30,台灣運彩,822874,3478736.1,135,2026-07-21T08:05:00+08:00,芝加哥白襪,德州遊騎兵,芝加哥白襪 @ 德州遊騎兵,51464461.1,360,[總分]大小 8.5,252900005.1,大 8.5,A,8.5,1.98,50,49,A,8.5,
2026-07-20,2026-07-20T13:57:30,台灣運彩,822874,3478736.1,135,2026-07-21T08:05:00+08:00,芝加哥白襪,德州遊騎兵,芝加哥白襪 @ 德州遊騎兵,51464461.1,360,[總分]大小 8.5,252900004.1,小 8.5,H,8.5,1.52,25,13,H,8.5,
2026-07-20,2026-07-20T13:57:30,台灣運彩,822874,3478736.1,135,2026-07-21T08:05:00+08:00,芝加哥白襪,德州遊騎兵,芝加哥白襪 @ 德州遊騎兵,51464464.1,360,[總分]大小 7.5,252900011.1,大 7.5,A,7.5,1.75,4,3,A,7.5,
2026-07-20,2026-07-20T13:57:30,台灣運彩,822874,3478736.1,135,2026-07-21T08:05:00+08:00,芝加哥白襪,德州遊騎兵,芝加哥白襪 @ 德州遊騎兵,51464464.1,360,[總分]大小 7.5,252900010.1,小 7.5,H,7.5,1.75,4,3,H,7.5,
2026-07-20,2026-07-20T13:57:30,台灣運彩,822874,3478736.1,135,2026-07-21T08:05:00+08:00,芝加哥白襪,德州遊騎兵,芝加哥白襪 @ 德州遊騎兵,51464469.1,360,[總分]大小 6.5,252900022.1,大 6.5,A,6.5,1.43,100,43,A,6.5,
2026-07-20,2026-07-20T13:57:30,台灣運彩,822874,3478736.1,135,2026-07-21T08:05:00+08:00,芝加哥白襪,德州遊騎兵,芝加哥白襪 @ 德州遊騎兵,51464469.1,360,[總分]大小 6.5,252900021.1,小 6.5,H,6.5,2.15,20,23,H,6.5,
2026-07-20,2026-07-20T13:57:30,台灣運彩,822874,3478736.1,135,2026-07-21T08:05:00+08:00,芝加哥白襪,德州遊騎兵,芝加哥白襪 @ 德州遊騎兵,51464472.1,362,德州遊騎兵 大小 4.5,252900029.1,大 4.5,A,4.5,1.88,25,22,A,4.5,
2026-07-20,2026-07-20T13:57:30,台灣運彩,822874,3478736.1,135,2026-07-21T08:05:00+08:00,芝加哥白襪,德州遊騎兵,芝加哥白襪 @ 德州遊騎兵,51464472.1,362,德州遊騎兵 大小 4.5,252900028.1,小 4.5,H,4.5,1.56,25,14,H,4.5,
2026-07-20,2026-07-20T13:57:30,台灣運彩,822874,3478736.1,135,2026-07-21T08:05:00+08:00,芝加哥白襪,德州遊騎兵,芝加哥白襪 @ 德州遊騎兵,51464470.1,363,芝加哥白襪 大小 3.5,252900024.1,大 3.5,A,3.5,1.93,100,93,A,3.5,
2026-07-20,2026-07-20T13:57:30,台灣運彩,822874,3478736.1,135,2026-07-21T08:05:00+08:00,芝加哥白襪,德州遊騎兵,芝加哥白襪 @ 德州遊騎兵,51464470.1,363,芝加哥白襪 大小 3.5,252900023.1,小 3.5,H,3.5,1.53,100,53,H,3.5,
2026-07-20,2026-07-20T13:57:30,台灣運彩,822874,3478736.1,135,2026-07-21T08:05:00+08:00,芝加哥白襪,德州遊騎兵,芝加哥白襪 @ 德州遊騎兵,51464457.1,366,[總分]單雙,252899997.1,單,,,1.46,50,23,,,
2026-07-20,2026-07-20T13:57:30,台灣運彩,822874,3478736.1,135,2026-07-21T08:05:00+08:00,芝加哥白襪,德州遊騎兵,芝加哥白襪 @ 德州遊騎兵,51464457.1,366,[總分]單雙,252899996.1,雙,,,2.05,20,21,,,
2026-07-20,2026-07-20T13:57:30,台灣運彩,822874,3478736.1,135,2026-07-21T08:05:00+08:00,芝加哥白襪,德州遊騎兵,芝加哥白襪 @ 德州遊騎兵,51464474.1,374,得分最高單局(不含延長賽),252900045.1,一樣多,,,2.20,5,6,,,
2026-07-20,2026-07-20T13:57:30,台灣運彩,822874,3478736.1,135,2026-07-21T08:05:00+08:00,芝加哥白襪,德州遊騎兵,芝加哥白襪 @ 德州遊騎兵,51464474.1,374,得分最高單局(不含延長賽),252900036.1,第1局,,,5.40,5,22,,,
2026-07-20,2026-07-20T13:57:30,台灣運彩,822874,3478736.1,135,2026-07-21T08:05:00+08:00,芝加哥白襪,德州遊騎兵,芝加哥白襪 @ 德州遊騎兵,51464474.1,374,得分最高單局(不含延長賽),252900037.1,第2局,,,6.25,4,21,,,
2026-07-20,2026-07-20T13:57:30,台灣運彩,822874,3478736.1,135,2026-07-21T08:05:00+08:00,芝加哥白襪,德州遊騎兵,芝加哥白襪 @ 德州遊騎兵,51464474.1,374,得分最高單局(不含延長賽),252900038.1,第3局,,,5.55,20,91,,,
2026-07-20,2026-07-20T13:57:30,台灣運彩,822874,3478736.1,135,2026-07-21T08:05:00+08:00,芝加哥白襪,德州遊騎兵,芝加哥白襪 @ 德州遊騎兵,51464474.1,374,得分最高單局(不含延長賽),252900039.1,第4局,,,6.00,1,5,,,
2026-07-20,2026-07-20T13:57:30,台灣運彩,822874,3478736.1,135,2026-07-21T08:05:00+08:00,芝加哥白襪,德州遊騎兵,芝加哥白襪 @ 德州遊騎兵,51464474.1,374,得分最高單局(不含延長賽),252900040.1,第5局,,,5.95,20,99,,,
2026-07-20,2026-07-20T13:57:30,台灣運彩,822874,3478736.1,135,2026-07-21T08:05:00+08:00,芝加哥白襪,德州遊騎兵,芝加哥白襪 @ 德州遊騎兵,51464474.1,374,得分最高單局(不含延長賽),252900041.1,第6局,,,6.00,1,5,,,
2026-07-20,2026-07-20T13:57:30,台灣運彩,822874,3478736.1,135,2026-07-21T08:05:00+08:00,芝加哥白襪,德州遊騎兵,芝加哥白襪 @ 德州遊騎兵,51464474.1,374,得分最高單局(不含延長賽),252900042.1,第7局,,,6.25,4,21,,,
2026-07-20,2026-07-20T13:57:30,台灣運彩,822874,3478736.1,135,2026-07-21T08:05:00+08:00,芝加哥白襪,德州遊騎兵,芝加哥白襪 @ 德州遊騎兵,51464474.1,374,得分最高單局(不含延長賽),252900043.1,第8局,,,5.85,20,97,,,
2026-07-20,2026-07-20T13:57:30,台灣運彩,822874,3478736.1,135,2026-07-21T08:05:00+08:00,芝加哥白襪,德州遊騎兵,芝加哥白襪 @ 德州遊騎兵,51464474.1,374,得分最高單局(不含延長賽),252900044.1,第9局,,,8.00,1,7,,,
2026-07-20,2026-07-20T13:57:30,台灣運彩,822874,3478736.1,135,2026-07-21T08:05:00+08:00,芝加哥白襪,德州遊騎兵,芝加哥白襪 @ 德州遊騎兵,51464471.1,376,[1-5局] 不讓分,252900025.1,德州遊騎兵,H,,1.55,20,11,H,,1
2026-07-20,2026-07-20T13:57:30,台灣運彩,822874,3478736.1,135,2026-07-21T08:05:00+08:00,芝加哥白襪,德州遊騎兵,芝加哥白襪 @ 德州遊騎兵,51464471.1,376,[1-5局] 不讓分,252900027.1,芝加哥白襪,A,,2.30,10,13,A,,2
2026-07-20,2026-07-20T13:57:30,台灣運彩,822874,3478736.1,135,2026-07-21T08:05:00+08:00,芝加哥白襪,德州遊騎兵,芝加哥白襪 @ 德州遊騎兵,51464471.1,376,[1-5局] 不讓分,252900026.1,和局,D,,4.35,20,67,D,,
2026-07-20,2026-07-20T13:57:30,台灣運彩,822874,3478736.1,135,2026-07-21T08:05:00+08:00,芝加哥白襪,德州遊騎兵,芝加哥白襪 @ 德州遊騎兵,51464467.1,378,[1-5局] 大小 4.5,252900018.1,大 4.5,A,4.5,1.82,50,41,A,4.5,
2026-07-20,2026-07-20T13:57:30,台灣運彩,822874,3478736.1,135,2026-07-21T08:05:00+08:00,芝加哥白襪,德州遊騎兵,芝加哥白襪 @ 德州遊騎兵,51464467.1,378,[1-5局] 大小 4.5,252900017.1,小 4.5,H,4.5,1.53,100,53,H,4.5,
2026-07-20,2026-07-20T13:57:30,台灣運彩,822874,3478736.1,135,2026-07-21T08:05:00+08:00,芝加哥白襪,德州遊騎兵,芝加哥白襪 @ 德州遊騎兵,51464460.1,379,[1-5局] 德州遊騎兵 大小 2.5,252900003.1,大 2.5,A,2.5,1.88,25,22,A,2.5,
2026-07-20,2026-07-20T13:57:30,台灣運彩,822874,3478736.1,135,2026-07-21T08:05:00+08:00,芝加哥白襪,德州遊騎兵,芝加哥白襪 @ 德州遊騎兵,51464460.1,379,[1-5局] 德州遊騎兵 大小 2.5,252900002.1,小 2.5,H,2.5,1.56,25,14,H,2.5,
2026-07-20,2026-07-20T13:57:30,台灣運彩,822874,3478736.1,135,2026-07-21T08:05:00+08:00,芝加哥白襪,德州遊騎兵,芝加哥白襪 @ 德州遊騎兵,51464458.1,380,[1-5局] 芝加哥白襪 大小 1.5,252899999.1,大 1.5,A,1.5,1.82,50,41,A,1.5,
2026-07-20,2026-07-20T13:57:30,台灣運彩,822874,3478736.1,135,2026-07-21T08:05:00+08:00,芝加哥白襪,德州遊騎兵,芝加哥白襪 @ 德州遊騎兵,51464458.1,380,[1-5局] 芝加哥白襪 大小 1.5,252899998.1,小 1.5,H,1.5,1.62,50,31,H,1.5,
2026-07-20,2026-07-20T13:57:30,台灣運彩,822874,3478736.1,135,2026-07-21T08:05:00+08:00,芝加哥白襪,德州遊騎兵,芝加哥白襪 @ 德州遊騎兵,51464466.1,389,[第1局] 不讓分,252900014.1,德州遊騎兵,H,,2.70,10,17,H,,1
2026-07-20,2026-07-20T13:57:30,台灣運彩,822874,3478736.1,135,2026-07-21T08:05:00+08:00,芝加哥白襪,德州遊騎兵,芝加哥白襪 @ 德州遊騎兵,51464466.1,389,[第1局] 不讓分,252900016.1,芝加哥白襪,A,,4.00,1,3,A,,2
2026-07-20,2026-07-20T13:57:30,台灣運彩,822874,3478736.1,135,2026-07-21T08:05:00+08:00,芝加哥白襪,德州遊騎兵,芝加哥白襪 @ 德州遊騎兵,51464466.1,389,[第1局] 不讓分,252900015.1,和局,D,,1.50,2,1,D,,
2026-07-20,2026-07-20T13:57:30,台灣運彩,822874,3478736.1,135,2026-07-21T08:05:00+08:00,芝加哥白襪,德州遊騎兵,芝加哥白襪 @ 德州遊騎兵,51464465.1,398,[第1局] 大小 0.5,252900013.1,大 0.5,A,0.5,1.78,50,39,A,0.5,
2026-07-20,2026-07-20T13:57:30,台灣運彩,822874,3478736.1,135,2026-07-21T08:05:00+08:00,芝加哥白襪,德州遊騎兵,芝加哥白襪 @ 德州遊騎兵,51464465.1,398,[第1局] 大小 0.5,252900012.1,小 0.5,H,0.5,1.56,25,14,H,0.5,
2026-07-20,2026-07-20T13:57:30,台灣運彩,824167,3478737.1,136,2026-07-21T08:10:00+08:00,邁阿密馬林魚,休士頓太空人,邁阿密馬林魚 @ 休士頓太空人,51464481.1,354,不讓分,252900058.1,休士頓太空人,H,,1.55,20,11,H,,1
2026-07-20,2026-07-20T13:57:30,台灣運彩,824167,3478737.1,136,2026-07-21T08:10:00+08:00,邁阿密馬林魚,休士頓太空人,邁阿密馬林魚 @ 休士頓太空人,51464481.1,354,不讓分,252900059.1,邁阿密馬林魚,A,,1.95,20,19,A,,2
2026-07-20,2026-07-20T13:57:30,台灣運彩,824167,3478737.1,136,2026-07-21T08:10:00+08:00,邁阿密馬林魚,休士頓太空人,邁阿密馬林魚 @ 休士頓太空人,51464489.1,357,勝分差,252900074.1,休士頓太空人 1 分,H,,4.10,10,31,H,,
2026-07-20,2026-07-20T13:57:30,台灣運彩,824167,3478737.1,136,2026-07-21T08:10:00+08:00,邁阿密馬林魚,休士頓太空人,邁阿密馬林魚 @ 休士頓太空人,51464489.1,357,勝分差,252900075.1,休士頓太空人 2 分,H,,7.00,1,6,H,,
2026-07-20,2026-07-20T13:57:30,台灣運彩,824167,3478737.1,136,2026-07-21T08:10:00+08:00,邁阿密馬林魚,休士頓太空人,邁阿密馬林魚 @ 休士頓太空人,51464489.1,357,勝分差,252900076.1,休士頓太空人 > 2分,H,,2.45,20,29,H,,
2026-07-20,2026-07-20T13:57:30,台灣運彩,824167,3478737.1,136,2026-07-21T08:10:00+08:00,邁阿密馬林魚,休士頓太空人,邁阿密馬林魚 @ 休士頓太空人,51464489.1,357,勝分差,252900077.1,邁阿密馬林魚 1 分,A,,5.80,5,24,A,,
2026-07-20,2026-07-20T13:57:30,台灣運彩,824167,3478737.1,136,2026-07-21T08:10:00+08:00,邁阿密馬林魚,休士頓太空人,邁阿密馬林魚 @ 休士頓太空人,51464489.1,357,勝分差,252900078.1,邁阿密馬林魚 2 分,A,,7.50,2,13,A,,
2026-07-20,2026-07-20T13:57:30,台灣運彩,824167,3478737.1,136,2026-07-21T08:10:00+08:00,邁阿密馬林魚,休士頓太空人,邁阿密馬林魚 @ 休士頓太空人,51464489.1,357,勝分差,252900079.1,邁阿密馬林魚 > 2分,A,,2.90,10,19,A,,
2026-07-20,2026-07-20T13:57:30,台灣運彩,824167,3478737.1,136,2026-07-21T08:10:00+08:00,邁阿密馬林魚,休士頓太空人,邁阿密馬林魚 @ 休士頓太空人,51464483.1,358,讓分 -1.5,252900062.1,休士頓太空人 -1.5,H,-1.5,2.05,20,21,H,-1.5,1
2026-07-20,2026-07-20T13:57:30,台灣運彩,824167,3478737.1,136,2026-07-21T08:10:00+08:00,邁阿密馬林魚,休士頓太空人,邁阿密馬林魚 @ 休士頓太空人,51464483.1,358,讓分 -1.5,252900063.1,邁阿密馬林魚 +1.5,A,-1.5,1.48,25,12,A,-1.5,2
2026-07-20,2026-07-20T13:57:30,台灣運彩,824167,3478737.1,136,2026-07-21T08:10:00+08:00,邁阿密馬林魚,休士頓太空人,邁阿密馬林魚 @ 休士頓太空人,51464484.1,358,讓分 -2.5,252900064.1,休士頓太空人 -2.5,H,-2.5,2.50,2,3,H,-2.5,1
2026-07-20,2026-07-20T13:57:30,台灣運彩,824167,3478737.1,136,2026-07-21T08:10:00+08:00,邁阿密馬林魚,休士頓太空人,邁阿密馬林魚 @ 休士頓太空人,51464484.1,358,讓分 -2.5,252900065.1,邁阿密馬林魚 +2.5,A,-2.5,1.32,25,8,A,-2.5,2
2026-07-20,2026-07-20T13:57:30,台灣運彩,824167,3478737.1,136,2026-07-21T08:10:00+08:00,邁阿密馬林魚,休士頓太空人,邁阿密馬林魚 @ 休士頓太空人,51464482.1,360,[總分]大小 8.5,252900061.1,大 8.5,A,8.5,1.70,10,7,A,8.5,
2026-07-20,2026-07-20T13:57:30,台灣運彩,824167,3478737.1,136,2026-07-21T08:10:00+08:00,邁阿密馬林魚,休士頓太空人,邁阿密馬林魚 @ 休士頓太空人,51464482.1,360,[總分]大小 8.5,252900060.1,小 8.5,H,8.5,1.80,5,4,H,8.5,
2026-07-20,2026-07-20T13:57:30,台灣運彩,824167,3478737.1,136,2026-07-21T08:10:00+08:00,邁阿密馬林魚,休士頓太空人,邁阿密馬林魚 @ 休士頓太空人,51464486.1,360,[總分]大小 7.5,252900069.1,大 7.5,A,7.5,1.48,25,12,A,7.5,
2026-07-20,2026-07-20T13:57:30,台灣運彩,824167,3478737.1,136,2026-07-21T08:10:00+08:00,邁阿密馬林魚,休士頓太空人,邁阿密馬林魚 @ 休士頓太空人,51464486.1,360,[總分]大小 7.5,252900068.1,小 7.5,H,7.5,2.05,20,21,H,7.5,
2026-07-20,2026-07-20T13:57:30,台灣運彩,824167,3478737.1,136,2026-07-21T08:10:00+08:00,邁阿密馬林魚,休士頓太空人,邁阿密馬林魚 @ 休士頓太空人,51464490.1,360,[總分]大小 9.5,252900081.1,大 9.5,A,9.5,2.00,1,1,A,9.5,
2026-07-20,2026-07-20T13:57:30,台灣運彩,824167,3478737.1,136,2026-07-21T08:10:00+08:00,邁阿密馬林魚,休士頓太空人,邁阿密馬林魚 @ 休士頓太空人,51464490.1,360,[總分]大小 9.5,252900080.1,小 9.5,H,9.5,1.50,2,1,H,9.5,
2026-07-20,2026-07-20T13:57:30,台灣運彩,824167,3478737.1,136,2026-07-21T08:10:00+08:00,邁阿密馬林魚,休士頓太空人,邁阿密馬林魚 @ 休士頓太空人,51464488.1,362,休士頓太空人 大小 4.5,252900073.1,大 4.5,A,4.5,1.80,5,4,A,4.5,
2026-07-20,2026-07-20T13:57:30,台灣運彩,824167,3478737.1,136,2026-07-21T08:10:00+08:00,邁阿密馬林魚,休士頓太空人,邁阿密馬林魚 @ 休士頓太空人,51464488.1,362,休士頓太空人 大小 4.5,252900072.1,小 4.5,H,4.5,1.63,100,63,H,4.5,
2026-07-20,2026-07-20T13:57:30,台灣運彩,824167,3478737.1,136,2026-07-21T08:10:00+08:00,邁阿密馬林魚,休士頓太空人,邁阿密馬林魚 @ 休士頓太空人,51464487.1,363,邁阿密馬林魚 大小 3.5,252900071.1,大 3.5,A,3.5,1.60,5,3,A,3.5,
2026-07-20,2026-07-20T13:57:30,台灣運彩,824167,3478737.1,136,2026-07-21T08:10:00+08:00,邁阿密馬林魚,休士頓太空人,邁阿密馬林魚 @ 休士頓太空人,51464487.1,363,邁阿密馬林魚 大小 3.5,252900070.1,小 3.5,H,3.5,1.85,20,17,H,3.5,
2026-07-20,2026-07-20T13:57:30,台灣運彩,824167,3478737.1,136,2026-07-21T08:10:00+08:00,邁阿密馬林魚,休士頓太空人,邁阿密馬林魚 @ 休士頓太空人,51464480.1,366,[總分]單雙,252900057.1,單,,,1.48,25,12,,,
2026-07-20,2026-07-20T13:57:30,台灣運彩,824167,3478737.1,136,2026-07-21T08:10:00+08:00,邁阿密馬林魚,休士頓太空人,邁阿密馬林魚 @ 休士頓太空人,51464480.1,366,[總分]單雙,252900056.1,雙,,,2.00,1,1,,,
2026-07-20,2026-07-20T13:57:30,台灣運彩,824167,3478737.1,136,2026-07-21T08:10:00+08:00,邁阿密馬林魚,休士頓太空人,邁阿密馬林魚 @ 休士頓太空人,51464542.1,374,得分最高單局(不含延長賽),252900259.1,一樣多,,,2.25,4,5,,,
2026-07-20,2026-07-20T13:57:30,台灣運彩,824167,3478737.1,136,2026-07-21T08:10:00+08:00,邁阿密馬林魚,休士頓太空人,邁阿密馬林魚 @ 休士頓太空人,51464542.1,374,得分最高單局(不含延長賽),252900250.1,第1局,,,5.15,20,83,,,
2026-07-20,2026-07-20T13:57:30,台灣運彩,824167,3478737.1,136,2026-07-21T08:10:00+08:00,邁阿密馬林魚,休士頓太空人,邁阿密馬林魚 @ 休士頓太空人,51464542.1,374,得分最高單局(不含延長賽),252900251.1,第2局,,,6.25,4,21,,,
2026-07-20,2026-07-20T13:57:30,台灣運彩,824167,3478737.1,136,2026-07-21T08:10:00+08:00,邁阿密馬林魚,休士頓太空人,邁阿密馬林魚 @ 休士頓太空人,51464542.1,374,得分最高單局(不含延長賽),252900252.1,第3局,,,5.35,20,87,,,
2026-07-20,2026-07-20T13:57:30,台灣運彩,824167,3478737.1,136,2026-07-21T08:10:00+08:00,邁阿密馬林魚,休士頓太空人,邁阿密馬林魚 @ 休士頓太空人,51464542.1,374,得分最高單局(不含延長賽),252900253.1,第4局,,,5.80,5,24,,,
2026-07-20,2026-07-20T13:57:30,台灣運彩,824167,3478737.1,136,2026-07-21T08:10:00+08:00,邁阿密馬林魚,休士頓太空人,邁阿密馬林魚 @ 休士頓太空人,51464542.1,374,得分最高單局(不含延長賽),252900254.1,第5局,,,5.65,20,93,,,
2026-07-20,2026-07-20T13:57:30,台灣運彩,824167,3478737.1,136,2026-07-21T08:10:00+08:00,邁阿密馬林魚,休士頓太空人,邁阿密馬林魚 @ 休士頓太空人,51464542.1,374,得分最高單局(不含延長賽),252900255.1,第6局,,,6.50,2,11,,,
2026-07-20,2026-07-20T13:57:30,台灣運彩,824167,3478737.1,136,2026-07-21T08:10:00+08:00,邁阿密馬林魚,休士頓太空人,邁阿密馬林魚 @ 休士頓太空人,51464542.1,374,得分最高單局(不含延長賽),252900256.1,第7局,,,6.50,2,11,,,
2026-07-20,2026-07-20T13:57:30,台灣運彩,824167,3478737.1,136,2026-07-21T08:10:00+08:00,邁阿密馬林魚,休士頓太空人,邁阿密馬林魚 @ 休士頓太空人,51464542.1,374,得分最高單局(不含延長賽),252900257.1,第8局,,,6.50,2,11,,,
2026-07-20,2026-07-20T13:57:30,台灣運彩,824167,3478737.1,136,2026-07-21T08:10:00+08:00,邁阿密馬林魚,休士頓太空人,邁阿密馬林魚 @ 休士頓太空人,51464542.1,374,得分最高單局(不含延長賽),252900258.1,第9局,,,8.00,1,7,,,
2026-07-20,2026-07-20T13:57:30,台灣運彩,824167,3478737.1,136,2026-07-21T08:10:00+08:00,邁阿密馬林魚,休士頓太空人,邁阿密馬林魚 @ 休士頓太空人,51464539.1,376,[1-5局] 不讓分,252900242.1,休士頓太空人,H,,1.65,20,13,H,,1
2026-07-20,2026-07-20T13:57:30,台灣運彩,824167,3478737.1,136,2026-07-21T08:10:00+08:00,邁阿密馬林魚,休士頓太空人,邁阿密馬林魚 @ 休士頓太空人,51464539.1,376,[1-5局] 不讓分,252900244.1,邁阿密馬林魚,A,,2.00,1,1,A,,2
2026-07-20,2026-07-20T13:57:30,台灣運彩,824167,3478737.1,136,2026-07-21T08:10:00+08:00,邁阿密馬林魚,休士頓太空人,邁阿密馬林魚 @ 休士頓太空人,51464539.1,376,[1-5局] 不讓分,252900243.1,和局,D,,4.90,10,39,D,,
2026-07-20,2026-07-20T13:57:30,台灣運彩,824167,3478737.1,136,2026-07-21T08:10:00+08:00,邁阿密馬林魚,休士頓太空人,邁阿密馬林魚 @ 休士頓太空人,51464537.1,378,[1-5局] 大小 4.5,252900239.1,大 4.5,A,4.5,1.56,25,14,A,4.5,
2026-07-20,2026-07-20T13:57:30,台灣運彩,824167,3478737.1,136,2026-07-21T08:10:00+08:00,邁阿密馬林魚,休士頓太空人,邁阿密馬林魚 @ 休士頓太空人,51464537.1,378,[1-5局] 大小 4.5,252900238.1,小 4.5,H,4.5,1.78,50,39,H,4.5,
2026-07-20,2026-07-20T13:57:30,台灣運彩,824167,3478737.1,136,2026-07-21T08:10:00+08:00,邁阿密馬林魚,休士頓太空人,邁阿密馬林魚 @ 休士頓太空人,51464538.1,379,[1-5局] 休士頓太空人 大小 2.5,252900241.1,大 2.5,A,2.5,1.80,5,4,A,2.5,
2026-07-20,2026-07-20T13:57:30,台灣運彩,824167,3478737.1,136,2026-07-21T08:10:00+08:00,邁阿密馬林魚,休士頓太空人,邁阿密馬林魚 @ 休士頓太空人,51464538.1,379,[1-5局] 休士頓太空人 大小 2.5,252900240.1,小 2.5,H,2.5,1.63,100,63,H,2.5,
2026-07-20,2026-07-20T13:57:30,台灣運彩,824167,3478737.1,136,2026-07-21T08:10:00+08:00,邁阿密馬林魚,休士頓太空人,邁阿密馬林魚 @ 休士頓太空人,51464543.1,380,[1-5局] 邁阿密馬林魚 大小 1.5,252900261.1,大 1.5,A,1.5,1.52,25,13,A,1.5,
2026-07-20,2026-07-20T13:57:30,台灣運彩,824167,3478737.1,136,2026-07-21T08:10:00+08:00,邁阿密馬林魚,休士頓太空人,邁阿密馬林魚 @ 休士頓太空人,51464543.1,380,[1-5局] 邁阿密馬林魚 大小 1.5,252900260.1,小 1.5,H,1.5,1.94,50,47,H,1.5,
2026-07-20,2026-07-20T13:57:30,台灣運彩,824167,3478737.1,136,2026-07-21T08:10:00+08:00,邁阿密馬林魚,休士頓太空人,邁阿密馬林魚 @ 休士頓太空人,51464540.1,389,[第1局] 不讓分,252900245.1,休士頓太空人,H,,2.75,4,7,H,,1
2026-07-20,2026-07-20T13:57:30,台灣運彩,824167,3478737.1,136,2026-07-21T08:10:00+08:00,邁阿密馬林魚,休士頓太空人,邁阿密馬林魚 @ 休士頓太空人,51464540.1,389,[第1局] 不讓分,252900247.1,邁阿密馬林魚,A,,3.35,20,47,A,,2
2026-07-20,2026-07-20T13:57:30,台灣運彩,824167,3478737.1,136,2026-07-21T08:10:00+08:00,邁阿密馬林魚,休士頓太空人,邁阿密馬林魚 @ 休士頓太空人,51464540.1,389,[第1局] 不讓分,252900246.1,和局,D,,1.55,20,11,D,,
2026-07-20,2026-07-20T13:57:30,台灣運彩,824167,3478737.1,136,2026-07-21T08:10:00+08:00,邁阿密馬林魚,休士頓太空人,邁阿密馬林魚 @ 休士頓太空人,51464541.1,398,[第1局] 大小 0.5,252900249.1,大 0.5,A,0.5,1.65,20,13,A,0.5,
2026-07-20,2026-07-20T13:57:30,台灣運彩,824167,3478737.1,136,2026-07-21T08:10:00+08:00,邁阿密馬林魚,休士頓太空人,邁阿密馬林魚 @ 休士頓太空人,51464541.1,398,[第1局] 大小 0.5,252900248.1,小 0.5,H,0.5,1.68,25,17,H,0.5,
2026-07-20,2026-07-20T13:57:30,台灣運彩,824328,3478745.1,137,2026-07-21T08:40:00+08:00,華盛頓國民,科羅拉多洛磯,華盛頓國民 @ 科羅拉多洛磯,51464724.1,354,不讓分,252900902.1,科羅拉多落磯,H,,1.87,100,87,H,,1
2026-07-20,2026-07-20T13:57:30,台灣運彩,824328,3478745.1,137,2026-07-21T08:40:00+08:00,華盛頓國民,科羅拉多洛磯,華盛頓國民 @ 科羅拉多洛磯,51464724.1,354,不讓分,252900903.1,華盛頓國民,A,,1.63,100,63,A,,2
2026-07-20,2026-07-20T13:57:30,台灣運彩,824328,3478745.1,137,2026-07-21T08:40:00+08:00,華盛頓國民,科羅拉多洛磯,華盛頓國民 @ 科羅拉多洛磯,51464737.1,357,勝分差,252900930.1,科羅拉多落磯 1 分,H,,4.50,2,7,H,,
2026-07-20,2026-07-20T13:57:30,台灣運彩,824328,3478745.1,137,2026-07-21T08:40:00+08:00,華盛頓國民,科羅拉多洛磯,華盛頓國民 @ 科羅拉多洛磯,51464737.1,357,勝分差,252900931.1,科羅拉多落磯 2 分,H,,8.50,2,15,H,,
2026-07-20,2026-07-20T13:57:30,台灣運彩,824328,3478745.1,137,2026-07-21T08:40:00+08:00,華盛頓國民,科羅拉多洛磯,華盛頓國民 @ 科羅拉多洛磯,51464737.1,357,勝分差,252900932.1,科羅拉多落磯 > 2分,H,,2.75,4,7,H,,
2026-07-20,2026-07-20T13:57:30,台灣運彩,824328,3478745.1,137,2026-07-21T08:40:00+08:00,華盛頓國民,科羅拉多洛磯,華盛頓國民 @ 科羅拉多洛磯,51464737.1,357,勝分差,252900933.1,華盛頓國民 1 分,A,,6.75,4,23,A,,
2026-07-20,2026-07-20T13:57:30,台灣運彩,824328,3478745.1,137,2026-07-21T08:40:00+08:00,華盛頓國民,科羅拉多洛磯,華盛頓國民 @ 科羅拉多洛磯,51464737.1,357,勝分差,252900934.1,華盛頓國民 2 分,A,,7.75,4,27,A,,
2026-07-20,2026-07-20T13:57:30,台灣運彩,824328,3478745.1,137,2026-07-21T08:40:00+08:00,華盛頓國民,科羅拉多洛磯,華盛頓國民 @ 科羅拉多洛磯,51464737.1,357,勝分差,252900935.1,華盛頓國民 > 2分,A,,2.15,20,23,A,,
2026-07-20,2026-07-20T13:57:30,台灣運彩,824328,3478745.1,137,2026-07-21T08:40:00+08:00,華盛頓國民,科羅拉多洛磯,華盛頓國民 @ 科羅拉多洛磯,51464729.1,358,讓分 1.5,252900912.1,科羅拉多落磯 +1.5,H,1.5,1.58,50,29,H,1.5,1
2026-07-20,2026-07-20T13:57:30,台灣運彩,824328,3478745.1,137,2026-07-21T08:40:00+08:00,華盛頓國民,科羅拉多洛磯,華盛頓國民 @ 科羅拉多洛磯,51464729.1,358,讓分 1.5,252900913.1,華盛頓國民 -1.5,A,1.5,1.92,25,23,A,1.5,2
2026-07-20,2026-07-20T13:57:30,台灣運彩,824328,3478745.1,137,2026-07-21T08:40:00+08:00,華盛頓國民,科羅拉多洛磯,華盛頓國民 @ 科羅拉多洛磯,51464736.1,358,讓分 2.5,252900928.1,科羅拉多落磯 +2.5,H,2.5,1.40,5,2,H,2.5,1
2026-07-20,2026-07-20T13:57:30,台灣運彩,824328,3478745.1,137,2026-07-21T08:40:00+08:00,華盛頓國民,科羅拉多洛磯,華盛頓國民 @ 科羅拉多洛磯,51464736.1,358,讓分 2.5,252900929.1,華盛頓國民 -2.5,A,2.5,2.30,10,13,A,2.5,2
2026-07-20,2026-07-20T13:57:30,台灣運彩,824328,3478745.1,137,2026-07-21T08:40:00+08:00,華盛頓國民,科羅拉多洛磯,華盛頓國民 @ 科羅拉多洛磯,51464725.1,360,[總分]大小 10.5,252900905.1,大 10.5,A,10.5,1.46,50,23,A,10.5,
2026-07-20,2026-07-20T13:57:30,台灣運彩,824328,3478745.1,137,2026-07-21T08:40:00+08:00,華盛頓國民,科羅拉多洛磯,華盛頓國民 @ 科羅拉多洛磯,51464725.1,360,[總分]大小 10.5,252900904.1,小 10.5,H,10.5,2.07,100,107,H,10.5,
2026-07-20,2026-07-20T13:57:30,台灣運彩,824328,3478745.1,137,2026-07-21T08:40:00+08:00,華盛頓國民,科羅拉多洛磯,華盛頓國民 @ 科羅拉多洛磯,51464726.1,360,[總分]大小 11.5,252900907.1,大 11.5,A,11.5,1.72,25,18,A,11.5,
2026-07-20,2026-07-20T13:57:30,台灣運彩,824328,3478745.1,137,2026-07-21T08:40:00+08:00,華盛頓國民,科羅拉多洛磯,華盛頓國民 @ 科羅拉多洛磯,51464726.1,360,[總分]大小 11.5,252900906.1,小 11.5,H,11.5,1.78,50,39,H,11.5,
2026-07-20,2026-07-20T13:57:30,台灣運彩,824328,3478745.1,137,2026-07-21T08:40:00+08:00,華盛頓國民,科羅拉多洛磯,華盛頓國民 @ 科羅拉多洛磯,51464728.1,360,[總分]大小 12.5,252900911.1,大 12.5,A,12.5,1.90,10,9,A,12.5,
2026-07-20,2026-07-20T13:57:30,台灣運彩,824328,3478745.1,137,2026-07-21T08:40:00+08:00,華盛頓國民,科羅拉多洛磯,華盛頓國民 @ 科羅拉多洛磯,51464728.1,360,[總分]大小 12.5,252900910.1,小 12.5,H,12.5,1.60,5,3,H,12.5,
2026-07-20,2026-07-20T13:57:30,台灣運彩,824328,3478745.1,137,2026-07-21T08:40:00+08:00,華盛頓國民,科羅拉多洛磯,華盛頓國民 @ 科羅拉多洛磯,51464740.1,362,科羅拉多落磯 大小 5.5,252900949.1,大 5.5,A,5.5,1.76,25,19,A,5.5,
2026-07-20,2026-07-20T13:57:30,台灣運彩,824328,3478745.1,137,2026-07-21T08:40:00+08:00,華盛頓國民,科羅拉多洛磯,華盛頓國民 @ 科羅拉多洛磯,51464740.1,362,科羅拉多落磯 大小 5.5,252900948.1,小 5.5,H,5.5,1.66,50,33,H,5.5,
2026-07-20,2026-07-20T13:57:30,台灣運彩,824328,3478745.1,137,2026-07-21T08:40:00+08:00,華盛頓國民,科羅拉多洛磯,華盛頓國民 @ 科羅拉多洛磯,51464732.1,363,華盛頓國民 大小 5.5,252900920.1,大 5.5,A,5.5,1.58,50,29,A,5.5,
2026-07-20,2026-07-20T13:57:30,台灣運彩,824328,3478745.1,137,2026-07-21T08:40:00+08:00,華盛頓國民,科羅拉多洛磯,華盛頓國民 @ 科羅拉多洛磯,51464732.1,363,華盛頓國民 大小 5.5,252900919.1,小 5.5,H,5.5,1.86,50,43,H,5.5,
2026-07-20,2026-07-20T13:57:30,台灣運彩,824328,3478745.1,137,2026-07-21T08:40:00+08:00,華盛頓國民,科羅拉多洛磯,華盛頓國民 @ 科羅拉多洛磯,51464723.1,366,[總分]單雙,252900901.1,單,,,1.52,25,13,,,
2026-07-20,2026-07-20T13:57:30,台灣運彩,824328,3478745.1,137,2026-07-21T08:40:00+08:00,華盛頓國民,科羅拉多洛磯,華盛頓國民 @ 科羅拉多洛磯,51464723.1,366,[總分]單雙,252900900.1,雙,,,1.94,50,47,,,
2026-07-20,2026-07-20T13:57:30,台灣運彩,824328,3478745.1,137,2026-07-21T08:40:00+08:00,華盛頓國民,科羅拉多洛磯,華盛頓國民 @ 科羅拉多洛磯,51464738.1,374,得分最高單局(不含延長賽),252900945.1,一樣多,,,2.40,5,7,,,
2026-07-20,2026-07-20T13:57:30,台灣運彩,824328,3478745.1,137,2026-07-21T08:40:00+08:00,華盛頓國民,科羅拉多洛磯,華盛頓國民 @ 科羅拉多洛磯,51464738.1,374,得分最高單局(不含延長賽),252900936.1,第1局,,,5.60,5,23,,,
2026-07-20,2026-07-20T13:57:30,台灣運彩,824328,3478745.1,137,2026-07-21T08:40:00+08:00,華盛頓國民,科羅拉多洛磯,華盛頓國民 @ 科羅拉多洛磯,51464738.1,374,得分最高單局(不含延長賽),252900937.1,第2局,,,6.75,4,23,,,
2026-07-20,2026-07-20T13:57:30,台灣運彩,824328,3478745.1,137,2026-07-21T08:40:00+08:00,華盛頓國民,科羅拉多洛磯,華盛頓國民 @ 科羅拉多洛磯,51464738.1,374,得分最高單局(不含延長賽),252900938.1,第3局,,,5.70,10,47,,,
2026-07-20,2026-07-20T13:57:30,台灣運彩,824328,3478745.1,137,2026-07-21T08:40:00+08:00,華盛頓國民,科羅拉多洛磯,華盛頓國民 @ 科羅拉多洛磯,51464738.1,374,得分最高單局(不含延長賽),252900939.1,第4局,,,6.50,2,11,,,
2026-07-20,2026-07-20T13:57:30,台灣運彩,824328,3478745.1,137,2026-07-21T08:40:00+08:00,華盛頓國民,科羅拉多洛磯,華盛頓國民 @ 科羅拉多洛磯,51464738.1,374,得分最高單局(不含延長賽),252900940.1,第5局,,,6.25,4,21,,,
2026-07-20,2026-07-20T13:57:30,台灣運彩,824328,3478745.1,137,2026-07-21T08:40:00+08:00,華盛頓國民,科羅拉多洛磯,華盛頓國民 @ 科羅拉多洛磯,51464738.1,374,得分最高單局(不含延長賽),252900941.1,第6局,,,5.60,5,23,,,
2026-07-20,2026-07-20T13:57:30,台灣運彩,824328,3478745.1,137,2026-07-21T08:40:00+08:00,華盛頓國民,科羅拉多洛磯,華盛頓國民 @ 科羅拉多洛磯,51464738.1,374,得分最高單局(不含延長賽),252900942.1,第7局,,,5.65,20,93,,,
2026-07-20,2026-07-20T13:57:30,台灣運彩,824328,3478745.1,137,2026-07-21T08:40:00+08:00,華盛頓國民,科羅拉多洛磯,華盛頓國民 @ 科羅拉多洛磯,51464738.1,374,得分最高單局(不含延長賽),252900943.1,第8局,,,5.45,20,89,,,
2026-07-20,2026-07-20T13:57:30,台灣運彩,824328,3478745.1,137,2026-07-21T08:40:00+08:00,華盛頓國民,科羅拉多洛磯,華盛頓國民 @ 科羅拉多洛磯,51464738.1,374,得分最高單局(不含延長賽),252900944.1,第9局,,,7.75,4,27,,,
2026-07-20,2026-07-20T13:57:30,台灣運彩,824328,3478745.1,137,2026-07-21T08:40:00+08:00,華盛頓國民,科羅拉多洛磯,華盛頓國民 @ 科羅拉多洛磯,51464734.1,376,[1-5局] 不讓分,252900923.1,科羅拉多落磯,H,,1.85,20,17,H,,1
2026-07-20,2026-07-20T13:57:30,台灣運彩,824328,3478745.1,137,2026-07-21T08:40:00+08:00,華盛頓國民,科羅拉多洛磯,華盛頓國民 @ 科羅拉多洛磯,51464734.1,376,[1-5局] 不讓分,252900925.1,華盛頓國民,A,,1.70,10,7,A,,2
2026-07-20,2026-07-20T13:57:30,台灣運彩,824328,3478745.1,137,2026-07-21T08:40:00+08:00,華盛頓國民,科羅拉多洛磯,華盛頓國民 @ 科羅拉多洛磯,51464734.1,376,[1-5局] 不讓分,252900924.1,和局,D,,5.75,4,19,D,,
2026-07-20,2026-07-20T13:57:30,台灣運彩,824328,3478745.1,137,2026-07-21T08:40:00+08:00,華盛頓國民,科羅拉多洛磯,華盛頓國民 @ 科羅拉多洛磯,51464735.1,378,[1-5局] 大小 6.5,252900927.1,大 6.5,A,6.5,1.78,50,39,A,6.5,
2026-07-20,2026-07-20T13:57:30,台灣運彩,824328,3478745.1,137,2026-07-21T08:40:00+08:00,華盛頓國民,科羅拉多洛磯,華盛頓國民 @ 科羅拉多洛磯,51464735.1,378,[1-5局] 大小 6.5,252900926.1,小 6.5,H,6.5,1.56,25,14,H,6.5,
2026-07-20,2026-07-20T13:57:30,台灣運彩,824328,3478745.1,137,2026-07-21T08:40:00+08:00,華盛頓國民,科羅拉多洛磯,華盛頓國民 @ 科羅拉多洛磯,51464727.1,379,[1-5局] 科羅拉多落磯 大小 2.5,252900909.1,大 2.5,A,2.5,1.65,20,13,A,2.5,
2026-07-20,2026-07-20T13:57:30,台灣運彩,824328,3478745.1,137,2026-07-21T08:40:00+08:00,華盛頓國民,科羅拉多洛磯,華盛頓國民 @ 科羅拉多洛磯,51464727.1,379,[1-5局] 科羅拉多落磯 大小 2.5,252900908.1,小 2.5,H,2.5,1.78,50,39,H,2.5,
2026-07-20,2026-07-20T13:57:30,台灣運彩,824328,3478745.1,137,2026-07-21T08:40:00+08:00,華盛頓國民,科羅拉多洛磯,華盛頓國民 @ 科羅拉多洛磯,51464730.1,380,[1-5局] 華盛頓國民 大小 2.5,252900915.1,大 2.5,A,2.5,1.55,20,11,A,2.5,
2026-07-20,2026-07-20T13:57:30,台灣運彩,824328,3478745.1,137,2026-07-21T08:40:00+08:00,華盛頓國民,科羅拉多洛磯,華盛頓國民 @ 科羅拉多洛磯,51464730.1,380,[1-5局] 華盛頓國民 大小 2.5,252900914.1,小 2.5,H,2.5,1.90,10,9,H,2.5,
2026-07-20,2026-07-20T13:57:30,台灣運彩,824328,3478745.1,137,2026-07-21T08:40:00+08:00,華盛頓國民,科羅拉多洛磯,華盛頓國民 @ 科羅拉多洛磯,51464731.1,389,[第1局] 不讓分,252900916.1,科羅拉多落磯,H,,2.80,5,9,H,,1
2026-07-20,2026-07-20T13:57:30,台灣運彩,824328,3478745.1,137,2026-07-21T08:40:00+08:00,華盛頓國民,科羅拉多洛磯,華盛頓國民 @ 科羅拉多洛磯,51464731.1,389,[第1局] 不讓分,252900918.1,華盛頓國民,A,,2.65,20,33,A,,2
2026-07-20,2026-07-20T13:57:30,台灣運彩,824328,3478745.1,137,2026-07-21T08:40:00+08:00,華盛頓國民,科羅拉多洛磯,華盛頓國民 @ 科羅拉多洛磯,51464731.1,389,[第1局] 不讓分,252900917.1,和局,D,,1.75,4,3,D,,
2026-07-20,2026-07-20T13:57:30,台灣運彩,824328,3478745.1,137,2026-07-21T08:40:00+08:00,華盛頓國民,科羅拉多洛磯,華盛頓國民 @ 科羅拉多洛磯,51464733.1,398,[第1局] 大小 0.5,252900922.1,大 0.5,A,0.5,1.46,50,23,A,0.5,
2026-07-20,2026-07-20T13:57:30,台灣運彩,824328,3478745.1,137,2026-07-21T08:40:00+08:00,華盛頓國民,科羅拉多洛磯,華盛頓國民 @ 科羅拉多洛磯,51464733.1,398,[第1局] 大小 0.5,252900921.1,小 0.5,H,0.5,1.93,100,93,H,0.5,
2026-07-20,2026-07-20T13:57:30,台灣運彩,823112,3478750.1,138,2026-07-21T09:40:00+08:00,辛辛那提紅人,西雅圖水手,辛辛那提紅人 @ 西雅圖水手,51464851.1,354,不讓分,252901269.1,西雅圖水手,H,,1.50,2,1,H,,1
2026-07-20,2026-07-20T13:57:30,台灣運彩,823112,3478750.1,138,2026-07-21T09:40:00+08:00,辛辛那提紅人,西雅圖水手,辛辛那提紅人 @ 西雅圖水手,51464851.1,354,不讓分,252901270.1,辛辛那堤紅人,A,,2.00,1,1,A,,2
2026-07-20,2026-07-20T13:57:30,台灣運彩,823112,3478750.1,138,2026-07-21T09:40:00+08:00,辛辛那提紅人,西雅圖水手,辛辛那提紅人 @ 西雅圖水手,51464861.1,357,勝分差,252901291.1,西雅圖水手 1 分,H,,3.80,5,14,H,,
2026-07-20,2026-07-20T13:57:30,台灣運彩,823112,3478750.1,138,2026-07-21T09:40:00+08:00,辛辛那提紅人,西雅圖水手,辛辛那提紅人 @ 西雅圖水手,51464861.1,357,勝分差,252901292.1,西雅圖水手 2 分,H,,6.50,2,11,H,,
2026-07-20,2026-07-20T13:57:30,台灣運彩,823112,3478750.1,138,2026-07-21T09:40:00+08:00,辛辛那提紅人,西雅圖水手,辛辛那提紅人 @ 西雅圖水手,51464861.1,357,勝分差,252901293.1,西雅圖水手 > 2分,H,,2.40,5,7,H,,
2026-07-20,2026-07-20T13:57:30,台灣運彩,823112,3478750.1,138,2026-07-21T09:40:00+08:00,辛辛那提紅人,西雅圖水手,辛辛那提紅人 @ 西雅圖水手,51464861.1,357,勝分差,252901294.1,辛辛那堤紅人 1 分,A,,5.60,5,23,A,,
2026-07-20,2026-07-20T13:57:30,台灣運彩,823112,3478750.1,138,2026-07-21T09:40:00+08:00,辛辛那提紅人,西雅圖水手,辛辛那提紅人 @ 西雅圖水手,51464861.1,357,勝分差,252901295.1,辛辛那堤紅人 2 分,A,,7.50,2,13,A,,
2026-07-20,2026-07-20T13:57:30,台灣運彩,823112,3478750.1,138,2026-07-21T09:40:00+08:00,辛辛那提紅人,西雅圖水手,辛辛那提紅人 @ 西雅圖水手,51464861.1,357,勝分差,252901296.1,辛辛那堤紅人 > 2分,A,,3.35,20,47,A,,
2026-07-20,2026-07-20T13:57:30,台灣運彩,823112,3478750.1,138,2026-07-21T09:40:00+08:00,辛辛那提紅人,西雅圖水手,辛辛那提紅人 @ 西雅圖水手,51464852.1,358,讓分 -1.5,252901271.1,西雅圖水手 -1.5,H,-1.5,1.97,100,97,H,-1.5,1
2026-07-20,2026-07-20T13:57:30,台灣運彩,823112,3478750.1,138,2026-07-21T09:40:00+08:00,辛辛那提紅人,西雅圖水手,辛辛那提紅人 @ 西雅圖水手,51464852.1,358,讓分 -1.5,252901272.1,辛辛那堤紅人 +1.5,A,-1.5,1.53,100,53,A,-1.5,2
2026-07-20,2026-07-20T13:57:30,台灣運彩,823112,3478750.1,138,2026-07-21T09:40:00+08:00,辛辛那提紅人,西雅圖水手,辛辛那提紅人 @ 西雅圖水手,51464858.1,360,[總分]大小 7.5,252901286.1,大 7.5,A,7.5,1.71,100,71,A,7.5,
2026-07-20,2026-07-20T13:57:30,台灣運彩,823112,3478750.1,138,2026-07-21T09:40:00+08:00,辛辛那提紅人,西雅圖水手,辛辛那提紅人 @ 西雅圖水手,51464858.1,360,[總分]大小 7.5,252901285.1,小 7.5,H,7.5,1.79,100,79,H,7.5,
2026-07-20,2026-07-20T13:57:30,台灣運彩,823112,3478750.1,138,2026-07-21T09:40:00+08:00,辛辛那提紅人,西雅圖水手,辛辛那提紅人 @ 西雅圖水手,51464859.1,362,西雅圖水手 大小 4.5,252901288.1,大 4.5,A,4.5,2.00,1,1,A,4.5,
2026-07-20,2026-07-20T13:57:30,台灣運彩,823112,3478750.1,138,2026-07-21T09:40:00+08:00,辛辛那提紅人,西雅圖水手,辛辛那提紅人 @ 西雅圖水手,51464859.1,362,西雅圖水手 大小 4.5,252901287.1,小 4.5,H,4.5,1.48,25,12,H,4.5,
2026-07-20,2026-07-20T13:57:30,台灣運彩,823112,3478750.1,138,2026-07-21T09:40:00+08:00,辛辛那提紅人,西雅圖水手,辛辛那提紅人 @ 西雅圖水手,51465087.1,362,西雅圖水手 大小 3.5,252902081.1,大 3.5,A,3.5,1.53,100,53,A,3.5,
2026-07-20,2026-07-20T13:57:30,台灣運彩,823112,3478750.1,138,2026-07-21T09:40:00+08:00,辛辛那提紅人,西雅圖水手,辛辛那提紅人 @ 西雅圖水手,51465087.1,362,西雅圖水手 大小 3.5,252902080.1,小 3.5,H,3.5,1.93,100,93,H,3.5,
2026-07-20,2026-07-20T13:57:30,台灣運彩,823112,3478750.1,138,2026-07-21T09:40:00+08:00,辛辛那提紅人,西雅圖水手,辛辛那提紅人 @ 西雅圖水手,51464853.1,363,辛辛那堤紅人 大小 3.5,252901274.1,大 3.5,A,3.5,1.78,50,39,A,3.5,
2026-07-20,2026-07-20T13:57:30,台灣運彩,823112,3478750.1,138,2026-07-21T09:40:00+08:00,辛辛那提紅人,西雅圖水手,辛辛那提紅人 @ 西雅圖水手,51464853.1,363,辛辛那堤紅人 大小 3.5,252901273.1,小 3.5,H,3.5,1.65,20,13,H,3.5,
2026-07-20,2026-07-20T13:57:30,台灣運彩,823112,3478750.1,138,2026-07-21T09:40:00+08:00,辛辛那提紅人,西雅圖水手,辛辛那提紅人 @ 西雅圖水手,51464850.1,366,[總分]單雙,252901268.1,單,,,1.45,20,9,,,
2026-07-20,2026-07-20T13:57:30,台灣運彩,823112,3478750.1,138,2026-07-21T09:40:00+08:00,辛辛那提紅人,西雅圖水手,辛辛那提紅人 @ 西雅圖水手,51464850.1,366,[總分]單雙,252901267.1,雙,,,1.95,20,19,,,
2026-07-20,2026-07-20T13:57:30,台灣運彩,823112,3478750.1,138,2026-07-21T09:40:00+08:00,辛辛那提紅人,西雅圖水手,辛辛那提紅人 @ 西雅圖水手,51464862.1,374,得分最高單局(不含延長賽),252901306.1,一樣多,,,2.30,10,13,,,
2026-07-20,2026-07-20T13:57:30,台灣運彩,823112,3478750.1,138,2026-07-21T09:40:00+08:00,辛辛那提紅人,西雅圖水手,辛辛那提紅人 @ 西雅圖水手,51464862.1,374,得分最高單局(不含延長賽),252901297.1,第1局,,,5.60,5,23,,,
2026-07-20,2026-07-20T13:57:30,台灣運彩,823112,3478750.1,138,2026-07-21T09:40:00+08:00,辛辛那提紅人,西雅圖水手,辛辛那提紅人 @ 西雅圖水手,51464862.1,374,得分最高單局(不含延長賽),252901298.1,第2局,,,6.50,2,11,,,
2026-07-20,2026-07-20T13:57:30,台灣運彩,823112,3478750.1,138,2026-07-21T09:40:00+08:00,辛辛那提紅人,西雅圖水手,辛辛那提紅人 @ 西雅圖水手,51464862.1,374,得分最高單局(不含延長賽),252901299.1,第3局,,,5.95,20,99,,,
2026-07-20,2026-07-20T13:57:30,台灣運彩,823112,3478750.1,138,2026-07-21T09:40:00+08:00,辛辛那提紅人,西雅圖水手,辛辛那提紅人 @ 西雅圖水手,51464862.1,374,得分最高單局(不含延長賽),252901300.1,第4局,,,6.50,2,11,,,
2026-07-20,2026-07-20T13:57:30,台灣運彩,823112,3478750.1,138,2026-07-21T09:40:00+08:00,辛辛那提紅人,西雅圖水手,辛辛那提紅人 @ 西雅圖水手,51464862.1,374,得分最高單局(不含延長賽),252901301.1,第5局,,,4.00,1,3,,,
2026-07-20,2026-07-20T13:57:30,台灣運彩,823112,3478750.1,138,2026-07-21T09:40:00+08:00,辛辛那提紅人,西雅圖水手,辛辛那提紅人 @ 西雅圖水手,51464862.1,374,得分最高單局(不含延長賽),252901302.1,第6局,,,6.25,4,21,,,
2026-07-20,2026-07-20T13:57:30,台灣運彩,823112,3478750.1,138,2026-07-21T09:40:00+08:00,辛辛那提紅人,西雅圖水手,辛辛那提紅人 @ 西雅圖水手,51464862.1,374,得分最高單局(不含延長賽),252901303.1,第7局,,,6.75,4,23,,,
2026-07-20,2026-07-20T13:57:30,台灣運彩,823112,3478750.1,138,2026-07-21T09:40:00+08:00,辛辛那提紅人,西雅圖水手,辛辛那提紅人 @ 西雅圖水手,51464862.1,374,得分最高單局(不含延長賽),252901304.1,第8局,,,6.25,4,21,,,
2026-07-20,2026-07-20T13:57:30,台灣運彩,823112,3478750.1,138,2026-07-21T09:40:00+08:00,辛辛那提紅人,西雅圖水手,辛辛那提紅人 @ 西雅圖水手,51464862.1,374,得分最高單局(不含延長賽),252901305.1,第9局,,,8.00,1,7,,,
2026-07-20,2026-07-20T13:57:30,台灣運彩,823112,3478750.1,138,2026-07-21T09:40:00+08:00,辛辛那提紅人,西雅圖水手,辛辛那提紅人 @ 西雅圖水手,51464854.1,376,[1-5局] 不讓分,252901275.1,西雅圖水手,H,,1.60,5,3,H,,1
2026-07-20,2026-07-20T13:57:30,台灣運彩,823112,3478750.1,138,2026-07-21T09:40:00+08:00,辛辛那提紅人,西雅圖水手,辛辛那提紅人 @ 西雅圖水手,51464854.1,376,[1-5局] 不讓分,252901277.1,辛辛那堤紅人,A,,2.20,5,6,A,,2
2026-07-20,2026-07-20T13:57:30,台灣運彩,823112,3478750.1,138,2026-07-21T09:40:00+08:00,辛辛那提紅人,西雅圖水手,辛辛那提紅人 @ 西雅圖水手,51464854.1,376,[1-5局] 不讓分,252901276.1,和局,D,,4.40,5,17,D,,
2026-07-20,2026-07-20T13:57:30,台灣運彩,823112,3478750.1,138,2026-07-21T09:40:00+08:00,辛辛那提紅人,西雅圖水手,辛辛那提紅人 @ 西雅圖水手,51464855.1,378,[1-5局] 大小 4.5,252901279.1,大 4.5,A,4.5,1.78,50,39,A,4.5,
2026-07-20,2026-07-20T13:57:30,台灣運彩,823112,3478750.1,138,2026-07-21T09:40:00+08:00,辛辛那提紅人,西雅圖水手,辛辛那提紅人 @ 西雅圖水手,51464855.1,378,[1-5局] 大小 4.5,252901278.1,小 4.5,H,4.5,1.56,25,14,H,4.5,
2026-07-20,2026-07-20T13:57:30,台灣運彩,823112,3478750.1,138,2026-07-21T09:40:00+08:00,辛辛那提紅人,西雅圖水手,辛辛那提紅人 @ 西雅圖水手,51464863.1,379,[1-5局] 西雅圖水手 大小 2.5,252901308.1,大 2.5,A,2.5,1.90,10,9,A,2.5,
2026-07-20,2026-07-20T13:57:30,台灣運彩,823112,3478750.1,138,2026-07-21T09:40:00+08:00,辛辛那提紅人,西雅圖水手,辛辛那提紅人 @ 西雅圖水手,51464863.1,379,[1-5局] 西雅圖水手 大小 2.5,252901307.1,小 2.5,H,2.5,1.55,20,11,H,2.5,
2026-07-20,2026-07-20T13:57:30,台灣運彩,823112,3478750.1,138,2026-07-21T09:40:00+08:00,辛辛那提紅人,西雅圖水手,辛辛那提紅人 @ 西雅圖水手,51464856.1,380,[1-5局] 辛辛那堤紅人 大小 1.5,252901281.1,大 1.5,A,1.5,1.73,100,73,A,1.5,
2026-07-20,2026-07-20T13:57:30,台灣運彩,823112,3478750.1,138,2026-07-21T09:40:00+08:00,辛辛那提紅人,西雅圖水手,辛辛那提紅人 @ 西雅圖水手,51464856.1,380,[1-5局] 辛辛那堤紅人 大小 1.5,252901280.1,小 1.5,H,1.5,1.70,10,7,H,1.5,
2026-07-20,2026-07-20T13:57:30,台灣運彩,823112,3478750.1,138,2026-07-21T09:40:00+08:00,辛辛那提紅人,西雅圖水手,辛辛那提紅人 @ 西雅圖水手,51464857.1,389,[第1局] 不讓分,252901282.1,西雅圖水手,H,,2.75,4,7,H,,1
2026-07-20,2026-07-20T13:57:30,台灣運彩,823112,3478750.1,138,2026-07-21T09:40:00+08:00,辛辛那提紅人,西雅圖水手,辛辛那提紅人 @ 西雅圖水手,51464857.1,389,[第1局] 不讓分,252901284.1,辛辛那堤紅人,A,,3.70,10,27,A,,2
2026-07-20,2026-07-20T13:57:30,台灣運彩,823112,3478750.1,138,2026-07-21T09:40:00+08:00,辛辛那提紅人,西雅圖水手,辛辛那提紅人 @ 西雅圖水手,51464857.1,389,[第1局] 不讓分,252901283.1,和局,D,,1.50,2,1,D,,
2026-07-20,2026-07-20T13:57:30,台灣運彩,823112,3478750.1,138,2026-07-21T09:40:00+08:00,辛辛那提紅人,西雅圖水手,辛辛那提紅人 @ 西雅圖水手,51464860.1,398,[第1局] 大小 0.5,252901290.1,大 0.5,A,0.5,1.73,100,73,A,0.5,
2026-07-20,2026-07-20T13:57:30,台灣運彩,823112,3478750.1,138,2026-07-21T09:40:00+08:00,辛辛那提紅人,西雅圖水手,辛辛那提紅人 @ 西雅圖水手,51464860.1,398,[第1局] 大小 0.5,252901289.1,小 0.5,H,0.5,1.60,5,3,H,0.5,
2026-07-20,2026-07-20T13:57:30,台灣運彩,825058,3478751.1,139,2026-07-21T09:40:00+08:00,運動家,亞利桑那響尾蛇,運動家 @ 亞利桑那響尾蛇,51464867.1,354,不讓分,252901316.1,亞歷桑那響尾蛇,H,,1.45,20,9,H,,1
2026-07-20,2026-07-20T13:57:30,台灣運彩,825058,3478751.1,139,2026-07-21T09:40:00+08:00,運動家,亞利桑那響尾蛇,運動家 @ 亞利桑那響尾蛇,51464867.1,354,不讓分,252901317.1,運動家,A,,2.10,10,11,A,,2
2026-07-20,2026-07-20T13:57:30,台灣運彩,825058,3478751.1,139,2026-07-21T09:40:00+08:00,運動家,亞利桑那響尾蛇,運動家 @ 亞利桑那響尾蛇,51464879.1,357,勝分差,252901341.1,亞歷桑那響尾蛇 1 分,H,,4.10,10,31,H,,
2026-07-20,2026-07-20T13:57:30,台灣運彩,825058,3478751.1,139,2026-07-21T09:40:00+08:00,運動家,亞利桑那響尾蛇,運動家 @ 亞利桑那響尾蛇,51464879.1,357,勝分差,252901342.1,亞歷桑那響尾蛇 2 分,H,,7.00,1,6,H,,
2026-07-20,2026-07-20T13:57:30,台灣運彩,825058,3478751.1,139,2026-07-21T09:40:00+08:00,運動家,亞利桑那響尾蛇,運動家 @ 亞利桑那響尾蛇,51464879.1,357,勝分差,252901343.1,亞歷桑那響尾蛇 > 2分,H,,2.20,5,6,H,,
2026-07-20,2026-07-20T13:57:30,台灣運彩,825058,3478751.1,139,2026-07-21T09:40:00+08:00,運動家,亞利桑那響尾蛇,運動家 @ 亞利桑那響尾蛇,51464879.1,357,勝分差,252901344.1,運動家 1 分,A,,6.00,1,5,A,,
2026-07-20,2026-07-20T13:57:30,台灣運彩,825058,3478751.1,139,2026-07-21T09:40:00+08:00,運動家,亞利桑那響尾蛇,運動家 @ 亞利桑那響尾蛇,51464879.1,357,勝分差,252901345.1,運動家 2 分,A,,8.25,4,29,A,,
2026-07-20,2026-07-20T13:57:30,台灣運彩,825058,3478751.1,139,2026-07-21T09:40:00+08:00,運動家,亞利桑那響尾蛇,運動家 @ 亞利桑那響尾蛇,51464879.1,357,勝分差,252901346.1,運動家 > 2分,A,,3.05,20,41,A,,
2026-07-20,2026-07-20T13:57:30,台灣運彩,825058,3478751.1,139,2026-07-21T09:40:00+08:00,運動家,亞利桑那響尾蛇,運動家 @ 亞利桑那響尾蛇,51464871.1,358,讓分 -1.5,252901324.1,亞歷桑那響尾蛇 -1.5,H,-1.5,1.92,25,23,H,-1.5,1
2026-07-20,2026-07-20T13:57:30,台灣運彩,825058,3478751.1,139,2026-07-21T09:40:00+08:00,運動家,亞利桑那響尾蛇,運動家 @ 亞利桑那響尾蛇,51464871.1,358,讓分 -1.5,252901325.1,運動家 +1.5,A,-1.5,1.58,50,29,A,-1.5,2
2026-07-20,2026-07-20T13:57:30,台灣運彩,825058,3478751.1,139,2026-07-21T09:40:00+08:00,運動家,亞利桑那響尾蛇,運動家 @ 亞利桑那響尾蛇,51464876.1,358,讓分 -2.5,252901334.1,亞歷桑那響尾蛇 -2.5,H,-2.5,2.33,100,133,H,-2.5,1
2026-07-20,2026-07-20T13:57:30,台灣運彩,825058,3478751.1,139,2026-07-21T09:40:00+08:00,運動家,亞利桑那響尾蛇,運動家 @ 亞利桑那響尾蛇,51464876.1,358,讓分 -2.5,252901335.1,運動家 +2.5,A,-2.5,1.38,50,19,A,-2.5,2
2026-07-20,2026-07-20T13:57:30,台灣運彩,825058,3478751.1,139,2026-07-21T09:40:00+08:00,運動家,亞利桑那響尾蛇,運動家 @ 亞利桑那響尾蛇,51464868.1,360,[總分]大小 8.5,252901319.1,大 8.5,A,8.5,1.53,100,53,A,8.5,
2026-07-20,2026-07-20T13:57:30,台灣運彩,825058,3478751.1,139,2026-07-21T09:40:00+08:00,運動家,亞利桑那響尾蛇,運動家 @ 亞利桑那響尾蛇,51464868.1,360,[總分]大小 8.5,252901318.1,小 8.5,H,8.5,1.97,100,97,H,8.5,
2026-07-20,2026-07-20T13:57:30,台灣運彩,825058,3478751.1,139,2026-07-21T09:40:00+08:00,運動家,亞利桑那響尾蛇,運動家 @ 亞利桑那響尾蛇,51464869.1,360,[總分]大小 10.5,252901321.1,大 10.5,A,10.5,2.07,100,107,A,10.5,
2026-07-20,2026-07-20T13:57:30,台灣運彩,825058,3478751.1,139,2026-07-21T09:40:00+08:00,運動家,亞利桑那響尾蛇,運動家 @ 亞利桑那響尾蛇,51464869.1,360,[總分]大小 10.5,252901320.1,小 10.5,H,10.5,1.46,50,23,H,10.5,
2026-07-20,2026-07-20T13:57:30,台灣運彩,825058,3478751.1,139,2026-07-21T09:40:00+08:00,運動家,亞利桑那響尾蛇,運動家 @ 亞利桑那響尾蛇,51464874.1,360,[總分]大小 9.5,252901331.1,大 9.5,A,9.5,1.84,25,21,A,9.5,
2026-07-20,2026-07-20T13:57:30,台灣運彩,825058,3478751.1,139,2026-07-21T09:40:00+08:00,運動家,亞利桑那響尾蛇,運動家 @ 亞利桑那響尾蛇,51464874.1,360,[總分]大小 9.5,252901330.1,小 9.5,H,9.5,1.66,50,33,H,9.5,
2026-07-20,2026-07-20T13:57:30,台灣運彩,825058,3478751.1,139,2026-07-21T09:40:00+08:00,運動家,亞利桑那響尾蛇,運動家 @ 亞利桑那響尾蛇,51464881.1,362,亞歷桑那響尾蛇 大小 4.5,252901358.1,大 4.5,A,4.5,1.62,50,31,A,4.5,
2026-07-20,2026-07-20T13:57:30,台灣運彩,825058,3478751.1,139,2026-07-21T09:40:00+08:00,運動家,亞利桑那響尾蛇,運動家 @ 亞利桑那響尾蛇,51464881.1,362,亞歷桑那響尾蛇 大小 4.5,252901357.1,小 4.5,H,4.5,1.82,50,41,H,4.5,
2026-07-20,2026-07-20T13:57:30,台灣運彩,825058,3478751.1,139,2026-07-21T09:40:00+08:00,運動家,亞利桑那響尾蛇,運動家 @ 亞利桑那響尾蛇,51464864.1,363,運動家 大小 3.5,252901310.1,大 3.5,A,3.5,1.56,25,14,A,3.5,
2026-07-20,2026-07-20T13:57:30,台灣運彩,825058,3478751.1,139,2026-07-21T09:40:00+08:00,運動家,亞利桑那響尾蛇,運動家 @ 亞利桑那響尾蛇,51464864.1,363,運動家 大小 3.5,252901309.1,小 3.5,H,3.5,1.88,25,22,H,3.5,
2026-07-20,2026-07-20T13:57:30,台灣運彩,825058,3478751.1,139,2026-07-21T09:40:00+08:00,運動家,亞利桑那響尾蛇,運動家 @ 亞利桑那響尾蛇,51464870.1,366,[總分]單雙,252901323.1,單,,,1.48,25,12,,,
2026-07-20,2026-07-20T13:57:30,台灣運彩,825058,3478751.1,139,2026-07-21T09:40:00+08:00,運動家,亞利桑那響尾蛇,運動家 @ 亞利桑那響尾蛇,51464870.1,366,[總分]單雙,252901322.1,雙,,,2.00,1,1,,,
2026-07-20,2026-07-20T13:57:30,台灣運彩,825058,3478751.1,139,2026-07-21T09:40:00+08:00,運動家,亞利桑那響尾蛇,運動家 @ 亞利桑那響尾蛇,51464880.1,374,得分最高單局(不含延長賽),252901356.1,一樣多,,,2.30,10,13,,,
2026-07-20,2026-07-20T13:57:30,台灣運彩,825058,3478751.1,139,2026-07-21T09:40:00+08:00,運動家,亞利桑那響尾蛇,運動家 @ 亞利桑那響尾蛇,51464880.1,374,得分最高單局(不含延長賽),252901347.1,第1局,,,5.15,20,83,,,
2026-07-20,2026-07-20T13:57:30,台灣運彩,825058,3478751.1,139,2026-07-21T09:40:00+08:00,運動家,亞利桑那響尾蛇,運動家 @ 亞利桑那響尾蛇,51464880.1,374,得分最高單局(不含延長賽),252901348.1,第2局,,,6.25,4,21,,,
2026-07-20,2026-07-20T13:57:30,台灣運彩,825058,3478751.1,139,2026-07-21T09:40:00+08:00,運動家,亞利桑那響尾蛇,運動家 @ 亞利桑那響尾蛇,51464880.1,374,得分最高單局(不含延長賽),252901349.1,第3局,,,5.50,2,9,,,
2026-07-20,2026-07-20T13:57:30,台灣運彩,825058,3478751.1,139,2026-07-21T09:40:00+08:00,運動家,亞利桑那響尾蛇,運動家 @ 亞利桑那響尾蛇,51464880.1,374,得分最高單局(不含延長賽),252901350.1,第4局,,,5.95,20,99,,,
2026-07-20,2026-07-20T13:57:30,台灣運彩,825058,3478751.1,139,2026-07-21T09:40:00+08:00,運動家,亞利桑那響尾蛇,運動家 @ 亞利桑那響尾蛇,51464880.1,374,得分最高單局(不含延長賽),252901351.1,第5局,,,5.75,4,19,,,
2026-07-20,2026-07-20T13:57:30,台灣運彩,825058,3478751.1,139,2026-07-21T09:40:00+08:00,運動家,亞利桑那響尾蛇,運動家 @ 亞利桑那響尾蛇,51464880.1,374,得分最高單局(不含延長賽),252901352.1,第6局,,,6.25,4,21,,,
2026-07-20,2026-07-20T13:57:30,台灣運彩,825058,3478751.1,139,2026-07-21T09:40:00+08:00,運動家,亞利桑那響尾蛇,運動家 @ 亞利桑那響尾蛇,51464880.1,374,得分最高單局(不含延長賽),252901353.1,第7局,,,6.25,4,21,,,
2026-07-20,2026-07-20T13:57:30,台灣運彩,825058,3478751.1,139,2026-07-21T09:40:00+08:00,運動家,亞利桑那響尾蛇,運動家 @ 亞利桑那響尾蛇,51464880.1,374,得分最高單局(不含延長賽),252901354.1,第8局,,,6.00,1,5,,,
2026-07-20,2026-07-20T13:57:30,台灣運彩,825058,3478751.1,139,2026-07-21T09:40:00+08:00,運動家,亞利桑那響尾蛇,運動家 @ 亞利桑那響尾蛇,51464880.1,374,得分最高單局(不含延長賽),252901355.1,第9局,,,8.00,1,7,,,
2026-07-20,2026-07-20T13:57:30,台灣運彩,825058,3478751.1,139,2026-07-21T09:40:00+08:00,運動家,亞利桑那響尾蛇,運動家 @ 亞利桑那響尾蛇,51464866.1,376,[1-5局] 不讓分,252901313.1,亞歷桑那響尾蛇,H,,1.60,5,3,H,,1
2026-07-20,2026-07-20T13:57:30,台灣運彩,825058,3478751.1,139,2026-07-21T09:40:00+08:00,運動家,亞利桑那響尾蛇,運動家 @ 亞利桑那響尾蛇,51464866.1,376,[1-5局] 不讓分,252901315.1,運動家,A,,2.10,10,11,A,,2
2026-07-20,2026-07-20T13:57:30,台灣運彩,825058,3478751.1,139,2026-07-21T09:40:00+08:00,運動家,亞利桑那響尾蛇,運動家 @ 亞利桑那響尾蛇,51464866.1,376,[1-5局] 不讓分,252901314.1,和局,D,,5.05,20,81,D,,
2026-07-20,2026-07-20T13:57:30,台灣運彩,825058,3478751.1,139,2026-07-21T09:40:00+08:00,運動家,亞利桑那響尾蛇,運動家 @ 亞利桑那響尾蛇,51464875.1,378,[1-5局] 大小 5.5,252901333.1,大 5.5,A,5.5,1.78,50,39,A,5.5,
2026-07-20,2026-07-20T13:57:30,台灣運彩,825058,3478751.1,139,2026-07-21T09:40:00+08:00,運動家,亞利桑那響尾蛇,運動家 @ 亞利桑那響尾蛇,51464875.1,378,[1-5局] 大小 5.5,252901332.1,小 5.5,H,5.5,1.56,25,14,H,5.5,
2026-07-20,2026-07-20T13:57:30,台灣運彩,825058,3478751.1,139,2026-07-21T09:40:00+08:00,運動家,亞利桑那響尾蛇,運動家 @ 亞利桑那響尾蛇,51464873.1,379,[1-5局] 亞歷桑那響尾蛇 大小 2.5,252901329.1,大 2.5,A,2.5,1.68,25,17,A,2.5,
2026-07-20,2026-07-20T13:57:30,台灣運彩,825058,3478751.1,139,2026-07-21T09:40:00+08:00,運動家,亞利桑那響尾蛇,運動家 @ 亞利桑那響尾蛇,51464873.1,379,[1-5局] 亞歷桑那響尾蛇 大小 2.5,252901328.1,小 2.5,H,2.5,1.75,4,3,H,2.5,
2026-07-20,2026-07-20T13:57:30,台灣運彩,825058,3478751.1,139,2026-07-21T09:40:00+08:00,運動家,亞利桑那響尾蛇,運動家 @ 亞利桑那響尾蛇,51464865.1,380,[1-5局] 運動家 大小 1.5,252901312.1,大 1.5,A,1.5,1.48,25,12,A,1.5,
2026-07-20,2026-07-20T13:57:30,台灣運彩,825058,3478751.1,139,2026-07-21T09:40:00+08:00,運動家,亞利桑那響尾蛇,運動家 @ 亞利桑那響尾蛇,51464865.1,380,[1-5局] 運動家 大小 1.5,252901311.1,小 1.5,H,1.5,2.00,1,1,H,1.5,
2026-07-20,2026-07-20T13:57:30,台灣運彩,825058,3478751.1,139,2026-07-21T09:40:00+08:00,運動家,亞利桑那響尾蛇,運動家 @ 亞利桑那響尾蛇,51464877.1,389,[第1局] 不讓分,252901336.1,亞歷桑那響尾蛇,H,,2.55,20,31,H,,1
2026-07-20,2026-07-20T13:57:30,台灣運彩,825058,3478751.1,139,2026-07-21T09:40:00+08:00,運動家,亞利桑那響尾蛇,運動家 @ 亞利桑那響尾蛇,51464877.1,389,[第1局] 不讓分,252901338.1,運動家,A,,3.35,20,47,A,,2
2026-07-20,2026-07-20T13:57:30,台灣運彩,825058,3478751.1,139,2026-07-21T09:40:00+08:00,運動家,亞利桑那響尾蛇,運動家 @ 亞利桑那響尾蛇,51464877.1,389,[第1局] 不讓分,252901337.1,和局,D,,1.65,20,13,D,,
2026-07-20,2026-07-20T13:57:30,台灣運彩,825058,3478751.1,139,2026-07-21T09:40:00+08:00,運動家,亞利桑那響尾蛇,運動家 @ 亞利桑那響尾蛇,51464872.1,398,[第1局] 大小 0.5,252901327.1,大 0.5,A,0.5,1.58,50,29,A,0.5,
2026-07-20,2026-07-20T13:57:30,台灣運彩,825058,3478751.1,139,2026-07-21T09:40:00+08:00,運動家,亞利桑那響尾蛇,運動家 @ 亞利桑那響尾蛇,51464872.1,398,[第1局] 大小 0.5,252901326.1,小 0.5,H,0.5,1.75,4,3,H,0.5,
2026-07-20,2026-07-20T13:57:30,台灣運彩,824006,3478760.1,141,2026-07-21T10:10:00+08:00,聖路易紅雀,洛杉磯天使,聖路易紅雀 @ 洛杉磯天使,51464917.1,354,不讓分,252901452.1,洛杉磯天使,H,,1.63,100,63,H,,1
2026-07-20,2026-07-20T13:57:30,台灣運彩,824006,3478760.1,141,2026-07-21T10:10:00+08:00,聖路易紅雀,洛杉磯天使,聖路易紅雀 @ 洛杉磯天使,51464917.1,354,不讓分,252901453.1,聖路易紅雀,A,,1.87,100,87,A,,2
2026-07-20,2026-07-20T13:57:30,台灣運彩,824006,3478760.1,141,2026-07-21T10:10:00+08:00,聖路易紅雀,洛杉磯天使,聖路易紅雀 @ 洛杉磯天使,51464918.1,357,勝分差,252901454.1,洛杉磯天使 1 分,H,,4.05,20,61,H,,
2026-07-20,2026-07-20T13:57:30,台灣運彩,824006,3478760.1,141,2026-07-21T10:10:00+08:00,聖路易紅雀,洛杉磯天使,聖路易紅雀 @ 洛杉磯天使,51464918.1,357,勝分差,252901455.1,洛杉磯天使 2 分,H,,7.00,1,6,H,,
2026-07-20,2026-07-20T13:57:30,台灣運彩,824006,3478760.1,141,2026-07-21T10:10:00+08:00,聖路易紅雀,洛杉磯天使,聖路易紅雀 @ 洛杉磯天使,51464918.1,357,勝分差,252901456.1,洛杉磯天使 > 2分,H,,2.65,20,33,H,,
2026-07-20,2026-07-20T13:57:30,台灣運彩,824006,3478760.1,141,2026-07-21T10:10:00+08:00,聖路易紅雀,洛杉磯天使,聖路易紅雀 @ 洛杉磯天使,51464918.1,357,勝分差,252901457.1,聖路易紅雀 1 分,A,,5.75,4,19,A,,
2026-07-20,2026-07-20T13:57:30,台灣運彩,824006,3478760.1,141,2026-07-21T10:10:00+08:00,聖路易紅雀,洛杉磯天使,聖路易紅雀 @ 洛杉磯天使,51464918.1,357,勝分差,252901458.1,聖路易紅雀 2 分,A,,7.25,4,25,A,,
2026-07-20,2026-07-20T13:57:30,台灣運彩,824006,3478760.1,141,2026-07-21T10:10:00+08:00,聖路易紅雀,洛杉磯天使,聖路易紅雀 @ 洛杉磯天使,51464918.1,357,勝分差,252901459.1,聖路易紅雀 > 2分,A,,2.70,10,17,A,,
2026-07-20,2026-07-20T13:57:30,台灣運彩,824006,3478760.1,141,2026-07-21T10:10:00+08:00,聖路易紅雀,洛杉磯天使,聖路易紅雀 @ 洛杉磯天使,51464906.1,358,讓分 -2.5,252901421.1,洛杉磯天使 -2.5,H,-2.5,2.70,10,17,H,-2.5,1
2026-07-20,2026-07-20T13:57:30,台灣運彩,824006,3478760.1,141,2026-07-21T10:10:00+08:00,聖路易紅雀,洛杉磯天使,聖路易紅雀 @ 洛杉磯天使,51464906.1,358,讓分 -2.5,252901422.1,聖路易紅雀 +2.5,A,-2.5,1.28,25,7,A,-2.5,2
2026-07-20,2026-07-20T13:57:30,台灣運彩,824006,3478760.1,141,2026-07-21T10:10:00+08:00,聖路易紅雀,洛杉磯天使,聖路易紅雀 @ 洛杉磯天使,51464910.1,358,讓分 1.5,252901429.1,洛杉磯天使 +1.5,H,1.5,1.36,25,9,H,1.5,1
2026-07-20,2026-07-20T13:57:30,台灣運彩,824006,3478760.1,141,2026-07-21T10:10:00+08:00,聖路易紅雀,洛杉磯天使,聖路易紅雀 @ 洛杉磯天使,51464910.1,358,讓分 1.5,252901430.1,聖路易紅雀 -1.5,A,1.5,2.40,5,7,A,1.5,2
2026-07-20,2026-07-20T13:57:30,台灣運彩,824006,3478760.1,141,2026-07-21T10:10:00+08:00,聖路易紅雀,洛杉磯天使,聖路易紅雀 @ 洛杉磯天使,51464919.1,358,讓分 -1.5,252901460.1,洛杉磯天使 -1.5,H,-1.5,2.20,5,6,H,-1.5,1
2026-07-20,2026-07-20T13:57:30,台灣運彩,824006,3478760.1,141,2026-07-21T10:10:00+08:00,聖路易紅雀,洛杉磯天使,聖路易紅雀 @ 洛杉磯天使,51464919.1,358,讓分 -1.5,252901461.1,聖路易紅雀 +1.5,A,-1.5,1.42,50,21,A,-1.5,2
2026-07-20,2026-07-20T13:57:30,台灣運彩,824006,3478760.1,141,2026-07-21T10:10:00+08:00,聖路易紅雀,洛杉磯天使,聖路易紅雀 @ 洛杉磯天使,51464911.1,360,[總分]大小 9.5,252901432.1,大 9.5,A,9.5,2.00,1,1,A,9.5,
2026-07-20,2026-07-20T13:57:30,台灣運彩,824006,3478760.1,141,2026-07-21T10:10:00+08:00,聖路易紅雀,洛杉磯天使,聖路易紅雀 @ 洛杉磯天使,51464911.1,360,[總分]大小 9.5,252901431.1,小 9.5,H,9.5,1.50,2,1,H,9.5,
2026-07-20,2026-07-20T13:57:30,台灣運彩,824006,3478760.1,141,2026-07-21T10:10:00+08:00,聖路易紅雀,洛杉磯天使,聖路易紅雀 @ 洛杉磯天使,51464914.1,360,[總分]大小 7.5,252901439.1,大 7.5,A,7.5,1.48,25,12,A,7.5,
2026-07-20,2026-07-20T13:57:30,台灣運彩,824006,3478760.1,141,2026-07-21T10:10:00+08:00,聖路易紅雀,洛杉磯天使,聖路易紅雀 @ 洛杉磯天使,51464914.1,360,[總分]大小 7.5,252901438.1,小 7.5,H,7.5,2.05,20,21,H,7.5,
2026-07-20,2026-07-20T13:57:30,台灣運彩,824006,3478760.1,141,2026-07-21T10:10:00+08:00,聖路易紅雀,洛杉磯天使,聖路易紅雀 @ 洛杉磯天使,51464915.1,360,[總分]大小 8.5,252901441.1,大 8.5,A,8.5,1.70,10,7,A,8.5,
2026-07-20,2026-07-20T13:57:30,台灣運彩,824006,3478760.1,141,2026-07-21T10:10:00+08:00,聖路易紅雀,洛杉磯天使,聖路易紅雀 @ 洛杉磯天使,51464915.1,360,[總分]大小 8.5,252901440.1,小 8.5,H,8.5,1.80,5,4,H,8.5,
2026-07-20,2026-07-20T13:57:30,台灣運彩,824006,3478760.1,141,2026-07-21T10:10:00+08:00,聖路易紅雀,洛杉磯天使,聖路易紅雀 @ 洛杉磯天使,51464905.1,362,洛杉磯天使 大小 4.5,252901420.1,大 4.5,A,4.5,1.86,50,43,A,4.5,
2026-07-20,2026-07-20T13:57:30,台灣運彩,824006,3478760.1,141,2026-07-21T10:10:00+08:00,聖路易紅雀,洛杉磯天使,聖路易紅雀 @ 洛杉磯天使,51464905.1,362,洛杉磯天使 大小 4.5,252901419.1,小 4.5,H,4.5,1.58,50,29,H,4.5,
2026-07-20,2026-07-20T13:57:30,台灣運彩,824006,3478760.1,141,2026-07-21T10:10:00+08:00,聖路易紅雀,洛杉磯天使,聖路易紅雀 @ 洛杉磯天使,51464907.1,363,聖路易紅雀 大小 4.5,252901424.1,大 4.5,A,4.5,1.90,10,9,A,4.5,
2026-07-20,2026-07-20T13:57:30,台灣運彩,824006,3478760.1,141,2026-07-21T10:10:00+08:00,聖路易紅雀,洛杉磯天使,聖路易紅雀 @ 洛杉磯天使,51464907.1,363,聖路易紅雀 大小 4.5,252901423.1,小 4.5,H,4.5,1.55,20,11,H,4.5,
2026-07-20,2026-07-20T13:57:30,台灣運彩,824006,3478760.1,141,2026-07-21T10:10:00+08:00,聖路易紅雀,洛杉磯天使,聖路易紅雀 @ 洛杉磯天使,51464903.1,366,[總分]單雙,252901416.1,單,,,1.48,25,12,,,
2026-07-20,2026-07-20T13:57:30,台灣運彩,824006,3478760.1,141,2026-07-21T10:10:00+08:00,聖路易紅雀,洛杉磯天使,聖路易紅雀 @ 洛杉磯天使,51464903.1,366,[總分]單雙,252901415.1,雙,,,2.00,1,1,,,
2026-07-20,2026-07-20T13:57:30,台灣運彩,824006,3478760.1,141,2026-07-21T10:10:00+08:00,聖路易紅雀,洛杉磯天使,聖路易紅雀 @ 洛杉磯天使,51464916.1,374,得分最高單局(不含延長賽),252901451.1,一樣多,,,2.25,4,5,,,
2026-07-20,2026-07-20T13:57:30,台灣運彩,824006,3478760.1,141,2026-07-21T10:10:00+08:00,聖路易紅雀,洛杉磯天使,聖路易紅雀 @ 洛杉磯天使,51464916.1,374,得分最高單局(不含延長賽),252901442.1,第1局,,,5.65,20,93,,,
2026-07-20,2026-07-20T13:57:30,台灣運彩,824006,3478760.1,141,2026-07-21T10:10:00+08:00,聖路易紅雀,洛杉磯天使,聖路易紅雀 @ 洛杉磯天使,51464916.1,374,得分最高單局(不含延長賽),252901443.1,第2局,,,6.50,2,11,,,
2026-07-20,2026-07-20T13:57:30,台灣運彩,824006,3478760.1,141,2026-07-21T10:10:00+08:00,聖路易紅雀,洛杉磯天使,聖路易紅雀 @ 洛杉磯天使,51464916.1,374,得分最高單局(不含延長賽),252901444.1,第3局,,,5.65,20,93,,,
2026-07-20,2026-07-20T13:57:30,台灣運彩,824006,3478760.1,141,2026-07-21T10:10:00+08:00,聖路易紅雀,洛杉磯天使,聖路易紅雀 @ 洛杉磯天使,51464916.1,374,得分最高單局(不含延長賽),252901445.1,第4局,,,6.25,4,21,,,
2026-07-20,2026-07-20T13:57:30,台灣運彩,824006,3478760.1,141,2026-07-21T10:10:00+08:00,聖路易紅雀,洛杉磯天使,聖路易紅雀 @ 洛杉磯天使,51464916.1,374,得分最高單局(不含延長賽),252901446.1,第5局,,,6.00,1,5,,,
2026-07-20,2026-07-20T13:57:30,台灣運彩,824006,3478760.1,141,2026-07-21T10:10:00+08:00,聖路易紅雀,洛杉磯天使,聖路易紅雀 @ 洛杉磯天使,51464916.1,374,得分最高單局(不含延長賽),252901447.1,第6局,,,6.00,1,5,,,
2026-07-20,2026-07-20T13:57:30,台灣運彩,824006,3478760.1,141,2026-07-21T10:10:00+08:00,聖路易紅雀,洛杉磯天使,聖路易紅雀 @ 洛杉磯天使,51464916.1,374,得分最高單局(不含延長賽),252901448.1,第7局,,,6.00,1,5,,,
2026-07-20,2026-07-20T13:57:30,台灣運彩,824006,3478760.1,141,2026-07-21T10:10:00+08:00,聖路易紅雀,洛杉磯天使,聖路易紅雀 @ 洛杉磯天使,51464916.1,374,得分最高單局(不含延長賽),252901449.1,第8局,,,5.75,4,19,,,
2026-07-20,2026-07-20T13:57:30,台灣運彩,824006,3478760.1,141,2026-07-21T10:10:00+08:00,聖路易紅雀,洛杉磯天使,聖路易紅雀 @ 洛杉磯天使,51464916.1,374,得分最高單局(不含延長賽),252901450.1,第9局,,,8.00,1,7,,,
2026-07-20,2026-07-20T13:57:30,台灣運彩,824006,3478760.1,141,2026-07-21T10:10:00+08:00,聖路易紅雀,洛杉磯天使,聖路易紅雀 @ 洛杉磯天使,51464912.1,376,[1-5局] 不讓分,252901433.1,洛杉磯天使,H,,1.75,4,3,H,,1
2026-07-20,2026-07-20T13:57:30,台灣運彩,824006,3478760.1,141,2026-07-21T10:10:00+08:00,聖路易紅雀,洛杉磯天使,聖路易紅雀 @ 洛杉磯天使,51464912.1,376,[1-5局] 不讓分,252901435.1,聖路易紅雀,A,,1.90,10,9,A,,2
2026-07-20,2026-07-20T13:57:30,台灣運彩,824006,3478760.1,141,2026-07-21T10:10:00+08:00,聖路易紅雀,洛杉磯天使,聖路易紅雀 @ 洛杉磯天使,51464912.1,376,[1-5局] 不讓分,252901434.1,和局,D,,4.70,10,37,D,,
2026-07-20,2026-07-20T13:57:30,台灣運彩,824006,3478760.1,141,2026-07-21T10:10:00+08:00,聖路易紅雀,洛杉磯天使,聖路易紅雀 @ 洛杉磯天使,51464913.1,378,[1-5局] 大小 4.5,252901437.1,大 4.5,A,4.5,1.63,100,63,A,4.5,
2026-07-20,2026-07-20T13:57:30,台灣運彩,824006,3478760.1,141,2026-07-21T10:10:00+08:00,聖路易紅雀,洛杉磯天使,聖路易紅雀 @ 洛杉磯天使,51464913.1,378,[1-5局] 大小 4.5,252901436.1,小 4.5,H,4.5,1.70,10,7,H,4.5,
2026-07-20,2026-07-20T13:57:30,台灣運彩,824006,3478760.1,141,2026-07-21T10:10:00+08:00,聖路易紅雀,洛杉磯天使,聖路易紅雀 @ 洛杉磯天使,51464904.1,379,[1-5局] 洛杉磯天使 大小 2.5,252901418.1,大 2.5,A,2.5,1.90,10,9,A,2.5,
2026-07-20,2026-07-20T13:57:30,台灣運彩,824006,3478760.1,141,2026-07-21T10:10:00+08:00,聖路易紅雀,洛杉磯天使,聖路易紅雀 @ 洛杉磯天使,51464904.1,379,[1-5局] 洛杉磯天使 大小 2.5,252901417.1,小 2.5,H,2.5,1.55,20,11,H,2.5,
2026-07-20,2026-07-20T13:57:30,台灣運彩,824006,3478760.1,141,2026-07-21T10:10:00+08:00,聖路易紅雀,洛杉磯天使,聖路易紅雀 @ 洛杉磯天使,51464908.1,380,[1-5局] 聖路易紅雀 大小 1.5,252901426.1,大 1.5,A,1.5,1.50,2,1,A,1.5,
2026-07-20,2026-07-20T13:57:30,台灣運彩,824006,3478760.1,141,2026-07-21T10:10:00+08:00,聖路易紅雀,洛杉磯天使,聖路易紅雀 @ 洛杉磯天使,51464908.1,380,[1-5局] 聖路易紅雀 大小 1.5,252901425.1,小 1.5,H,1.5,1.96,25,24,H,1.5,
2026-07-20,2026-07-20T13:57:30,台灣運彩,824006,3478760.1,141,2026-07-21T10:10:00+08:00,聖路易紅雀,洛杉磯天使,聖路易紅雀 @ 洛杉磯天使,51464920.1,389,[第1局] 不讓分,252901462.1,洛杉磯天使,H,,2.90,10,19,H,,1
2026-07-20,2026-07-20T13:57:30,台灣運彩,824006,3478760.1,141,2026-07-21T10:10:00+08:00,聖路易紅雀,洛杉磯天使,聖路易紅雀 @ 洛杉磯天使,51464920.1,389,[第1局] 不讓分,252901464.1,聖路易紅雀,A,,3.25,4,9,A,,2
2026-07-20,2026-07-20T13:57:30,台灣運彩,824006,3478760.1,141,2026-07-21T10:10:00+08:00,聖路易紅雀,洛杉磯天使,聖路易紅雀 @ 洛杉磯天使,51464920.1,389,[第1局] 不讓分,252901463.1,和局,D,,1.55,20,11,D,,
2026-07-20,2026-07-20T13:57:30,台灣運彩,824006,3478760.1,141,2026-07-21T10:10:00+08:00,聖路易紅雀,洛杉磯天使,聖路易紅雀 @ 洛杉磯天使,51464909.1,398,[第1局] 大小 0.5,252901428.1,大 0.5,A,0.5,1.68,25,17,A,0.5,
2026-07-20,2026-07-20T13:57:30,台灣運彩,824006,3478760.1,141,2026-07-21T10:10:00+08:00,聖路易紅雀,洛杉磯天使,聖路易紅雀 @ 洛杉磯天使,51464909.1,398,[第1局] 大小 0.5,252901427.1,小 0.5,H,0.5,1.65,20,13,H,0.5,
