date,captured_at_tw,sportsbook,game_pk,official_event_id,event_no,kickoff_tw,away_zh,home_zh,matchup_zh,market_id,market_ti,market_name,selection_id,selection_name,selection_side,selection_line,odds_decimal,pd,pu,raw_v,raw_hv,raw_cn
2026-07-08,2026-07-08T13:51:01,台灣運彩,,3477255.1,105,2026-07-08T17:00:00+08:00,日本火腿鬥士,羅德海洋,日本火腿鬥士 @ 羅德海洋,51435704.1,354,不讓分,252813967.1,羅德海洋,H,,2.20,5,6,H,,1
2026-07-08,2026-07-08T13:51:01,台灣運彩,,3477255.1,105,2026-07-08T17:00:00+08:00,日本火腿鬥士,羅德海洋,日本火腿鬥士 @ 羅德海洋,51435704.1,354,不讓分,252813968.1,日本火腿鬥士,A,,1.40,5,2,A,,2
2026-07-08,2026-07-08T13:51:01,台灣運彩,,3477255.1,105,2026-07-08T17:00:00+08:00,日本火腿鬥士,羅德海洋,日本火腿鬥士 @ 羅德海洋,51435709.1,358,讓分 1.5,252813978.1,羅德海洋 +1.5,H,1.5,1.65,20,13,H,1.5,1
2026-07-08,2026-07-08T13:51:01,台灣運彩,,3477255.1,105,2026-07-08T17:00:00+08:00,日本火腿鬥士,羅德海洋,日本火腿鬥士 @ 羅德海洋,51435709.1,358,讓分 1.5,252813979.1,日本火腿鬥士 -1.5,A,1.5,1.78,50,39,A,1.5,2
2026-07-08,2026-07-08T13:51:01,台灣運彩,,3477255.1,105,2026-07-08T17:00:00+08:00,日本火腿鬥士,羅德海洋,日本火腿鬥士 @ 羅德海洋,51435711.1,360,[總分]大小 7.5,252813984.1,大 7.5,A,7.5,1.86,50,43,A,7.5,
2026-07-08,2026-07-08T13:51:01,台灣運彩,,3477255.1,105,2026-07-08T17:00:00+08:00,日本火腿鬥士,羅德海洋,日本火腿鬥士 @ 羅德海洋,51435711.1,360,[總分]大小 7.5,252813983.1,小 7.5,H,7.5,1.58,50,29,H,7.5,
2026-07-08,2026-07-08T13:51:01,台灣運彩,,3477255.1,105,2026-07-08T17:00:00+08:00,日本火腿鬥士,羅德海洋,日本火腿鬥士 @ 羅德海洋,51435712.1,362,羅德海洋 大小 2.5,252813986.1,大 2.5,A,2.5,1.66,50,33,A,2.5,
2026-07-08,2026-07-08T13:51:01,台灣運彩,,3477255.1,105,2026-07-08T17:00:00+08:00,日本火腿鬥士,羅德海洋,日本火腿鬥士 @ 羅德海洋,51435712.1,362,羅德海洋 大小 2.5,252813985.1,小 2.5,H,2.5,1.66,50,33,H,2.5,
2026-07-08,2026-07-08T13:51:01,台灣運彩,,3477255.1,105,2026-07-08T17:00:00+08:00,日本火腿鬥士,羅德海洋,日本火腿鬥士 @ 羅德海洋,51435706.1,363,日本火腿鬥士 大小 3.5,252813972.1,大 3.5,A,3.5,1.52,25,13,A,3.5,
2026-07-08,2026-07-08T13:51:01,台灣運彩,,3477255.1,105,2026-07-08T17:00:00+08:00,日本火腿鬥士,羅德海洋,日本火腿鬥士 @ 羅德海洋,51435706.1,363,日本火腿鬥士 大小 3.5,252813971.1,小 3.5,H,3.5,1.83,100,83,H,3.5,
2026-07-08,2026-07-08T13:51:01,台灣運彩,,3477255.1,105,2026-07-08T17:00:00+08:00,日本火腿鬥士,羅德海洋,日本火腿鬥士 @ 羅德海洋,51435705.1,366,[總分]單雙,252813970.1,單,,,1.52,25,13,,,
2026-07-08,2026-07-08T13:51:01,台灣運彩,,3477255.1,105,2026-07-08T17:00:00+08:00,日本火腿鬥士,羅德海洋,日本火腿鬥士 @ 羅德海洋,51435705.1,366,[總分]單雙,252813969.1,雙,,,1.94,50,47,,,
2026-07-08,2026-07-08T13:51:01,台灣運彩,,3477255.1,105,2026-07-08T17:00:00+08:00,日本火腿鬥士,羅德海洋,日本火腿鬥士 @ 羅德海洋,51435708.1,376,[1-5局] 不讓分,252813974.1,羅德海洋,H,,2.40,5,7,H,,1
2026-07-08,2026-07-08T13:51:01,台灣運彩,,3477255.1,105,2026-07-08T17:00:00+08:00,日本火腿鬥士,羅德海洋,日本火腿鬥士 @ 羅德海洋,51435708.1,376,[1-5局] 不讓分,252813977.1,日本火腿鬥士,A,,1.55,20,11,A,,2
2026-07-08,2026-07-08T13:51:01,台灣運彩,,3477255.1,105,2026-07-08T17:00:00+08:00,日本火腿鬥士,羅德海洋,日本火腿鬥士 @ 羅德海洋,51435708.1,376,[1-5局] 不讓分,252813976.1,和局,D,,4.10,10,31,D,,
2026-07-08,2026-07-08T13:51:01,台灣運彩,,3477255.1,105,2026-07-08T17:00:00+08:00,日本火腿鬥士,羅德海洋,日本火腿鬥士 @ 羅德海洋,51436067.1,378,[1-5局] 大小 3.5,252814965.1,大 3.5,A,3.5,1.60,5,3,A,3.5,
2026-07-08,2026-07-08T13:51:01,台灣運彩,,3477255.1,105,2026-07-08T17:00:00+08:00,日本火腿鬥士,羅德海洋,日本火腿鬥士 @ 羅德海洋,51436067.1,378,[1-5局] 大小 3.5,252814964.1,小 3.5,H,3.5,1.73,100,73,H,3.5,
2026-07-08,2026-07-08T13:51:01,台灣運彩,,3477255.1,105,2026-07-08T17:00:00+08:00,日本火腿鬥士,羅德海洋,日本火腿鬥士 @ 羅德海洋,51435710.1,389,[第1局] 不讓分,252813980.1,羅德海洋,H,,4.05,20,61,H,,1
2026-07-08,2026-07-08T13:51:01,台灣運彩,,3477255.1,105,2026-07-08T17:00:00+08:00,日本火腿鬥士,羅德海洋,日本火腿鬥士 @ 羅德海洋,51435710.1,389,[第1局] 不讓分,252813982.1,日本火腿鬥士,A,,2.85,20,37,A,,2
2026-07-08,2026-07-08T13:51:01,台灣運彩,,3477255.1,105,2026-07-08T17:00:00+08:00,日本火腿鬥士,羅德海洋,日本火腿鬥士 @ 羅德海洋,51435710.1,389,[第1局] 不讓分,252813981.1,和局,D,,1.45,20,9,D,,
2026-07-08,2026-07-08T13:51:01,台灣運彩,,3477256.1,106,2026-07-08T17:00:00+08:00,福岡軟銀鷹,歐力士猛牛,福岡軟銀鷹 @ 歐力士猛牛,51435713.1,354,不讓分,252813987.1,歐力士猛牛,H,,1.96,25,24,H,,1
2026-07-08,2026-07-08T13:51:01,台灣運彩,,3477256.1,106,2026-07-08T17:00:00+08:00,福岡軟銀鷹,歐力士猛牛,福岡軟銀鷹 @ 歐力士猛牛,51435713.1,354,不讓分,252813988.1,福岡軟銀鷹,A,,1.50,2,1,A,,2
2026-07-08,2026-07-08T13:51:01,台灣運彩,,3477256.1,106,2026-07-08T17:00:00+08:00,福岡軟銀鷹,歐力士猛牛,福岡軟銀鷹 @ 歐力士猛牛,51435717.1,358,讓分 1.5,252813995.1,歐力士猛牛 +1.5,H,1.5,1.52,25,13,H,1.5,1
2026-07-08,2026-07-08T13:51:01,台灣運彩,,3477256.1,106,2026-07-08T17:00:00+08:00,福岡軟銀鷹,歐力士猛牛,福岡軟銀鷹 @ 歐力士猛牛,51435717.1,358,讓分 1.5,252813996.1,福岡軟銀鷹 -1.5,A,1.5,1.94,50,47,A,1.5,2
2026-07-08,2026-07-08T13:51:01,台灣運彩,,3477256.1,106,2026-07-08T17:00:00+08:00,福岡軟銀鷹,歐力士猛牛,福岡軟銀鷹 @ 歐力士猛牛,51435719.1,360,[總分]大小 6.5,252814001.1,大 6.5,A,6.5,1.73,100,73,A,6.5,
2026-07-08,2026-07-08T13:51:01,台灣運彩,,3477256.1,106,2026-07-08T17:00:00+08:00,福岡軟銀鷹,歐力士猛牛,福岡軟銀鷹 @ 歐力士猛牛,51435719.1,360,[總分]大小 6.5,252814000.1,小 6.5,H,6.5,1.70,10,7,H,6.5,
2026-07-08,2026-07-08T13:51:01,台灣運彩,,3477256.1,106,2026-07-08T17:00:00+08:00,福岡軟銀鷹,歐力士猛牛,福岡軟銀鷹 @ 歐力士猛牛,51435715.1,362,歐力士猛牛 大小 2.5,252813992.1,大 2.5,A,2.5,1.66,50,33,A,2.5,
2026-07-08,2026-07-08T13:51:01,台灣運彩,,3477256.1,106,2026-07-08T17:00:00+08:00,福岡軟銀鷹,歐力士猛牛,福岡軟銀鷹 @ 歐力士猛牛,51435715.1,362,歐力士猛牛 大小 2.5,252813991.1,小 2.5,H,2.5,1.66,50,33,H,2.5,
2026-07-08,2026-07-08T13:51:01,台灣運彩,,3477256.1,106,2026-07-08T17:00:00+08:00,福岡軟銀鷹,歐力士猛牛,福岡軟銀鷹 @ 歐力士猛牛,51435716.1,363,福岡軟銀鷹 大小 3.5,252813994.1,大 3.5,A,3.5,1.71,100,71,A,3.5,
2026-07-08,2026-07-08T13:51:01,台灣運彩,,3477256.1,106,2026-07-08T17:00:00+08:00,福岡軟銀鷹,歐力士猛牛,福岡軟銀鷹 @ 歐力士猛牛,51435716.1,363,福岡軟銀鷹 大小 3.5,252813993.1,小 3.5,H,3.5,1.62,50,31,H,3.5,
2026-07-08,2026-07-08T13:51:01,台灣運彩,,3477256.1,106,2026-07-08T17:00:00+08:00,福岡軟銀鷹,歐力士猛牛,福岡軟銀鷹 @ 歐力士猛牛,51435714.1,366,[總分]單雙,252813990.1,單,,,1.53,100,53,,,
2026-07-08,2026-07-08T13:51:01,台灣運彩,,3477256.1,106,2026-07-08T17:00:00+08:00,福岡軟銀鷹,歐力士猛牛,福岡軟銀鷹 @ 歐力士猛牛,51435714.1,366,[總分]單雙,252813989.1,雙,,,1.93,100,93,,,
2026-07-08,2026-07-08T13:51:01,台灣運彩,,3477256.1,106,2026-07-08T17:00:00+08:00,福岡軟銀鷹,歐力士猛牛,福岡軟銀鷹 @ 歐力士猛牛,51435718.1,376,[1-5局] 不讓分,252813997.1,歐力士猛牛,H,,2.20,5,6,H,,1
2026-07-08,2026-07-08T13:51:01,台灣運彩,,3477256.1,106,2026-07-08T17:00:00+08:00,福岡軟銀鷹,歐力士猛牛,福岡軟銀鷹 @ 歐力士猛牛,51435718.1,376,[1-5局] 不讓分,252813999.1,福岡軟銀鷹,A,,1.70,10,7,A,,2
2026-07-08,2026-07-08T13:51:01,台灣運彩,,3477256.1,106,2026-07-08T17:00:00+08:00,福岡軟銀鷹,歐力士猛牛,福岡軟銀鷹 @ 歐力士猛牛,51435718.1,376,[1-5局] 不讓分,252813998.1,和局,D,,3.90,10,29,D,,
2026-07-08,2026-07-08T13:51:01,台灣運彩,,3477256.1,106,2026-07-08T17:00:00+08:00,福岡軟銀鷹,歐力士猛牛,福岡軟銀鷹 @ 歐力士猛牛,51436068.1,378,[1-5局] 大小 3.5,252814967.1,大 3.5,A,3.5,1.68,25,17,A,3.5,
2026-07-08,2026-07-08T13:51:01,台灣運彩,,3477256.1,106,2026-07-08T17:00:00+08:00,福岡軟銀鷹,歐力士猛牛,福岡軟銀鷹 @ 歐力士猛牛,51436068.1,378,[1-5局] 大小 3.5,252814966.1,小 3.5,H,3.5,1.65,20,13,H,3.5,
2026-07-08,2026-07-08T13:51:01,台灣運彩,,3477256.1,106,2026-07-08T17:00:00+08:00,福岡軟銀鷹,歐力士猛牛,福岡軟銀鷹 @ 歐力士猛牛,51435720.1,389,[第1局] 不讓分,252814002.1,歐力士猛牛,H,,3.85,20,57,H,,1
2026-07-08,2026-07-08T13:51:01,台灣運彩,,3477256.1,106,2026-07-08T17:00:00+08:00,福岡軟銀鷹,歐力士猛牛,福岡軟銀鷹 @ 歐力士猛牛,51435720.1,389,[第1局] 不讓分,252814004.1,福岡軟銀鷹,A,,3.10,10,21,A,,2
2026-07-08,2026-07-08T13:51:01,台灣運彩,,3477256.1,106,2026-07-08T17:00:00+08:00,福岡軟銀鷹,歐力士猛牛,福岡軟銀鷹 @ 歐力士猛牛,51435720.1,389,[第1局] 不讓分,252814003.1,和局,D,,1.40,5,2,D,,
2026-07-08,2026-07-08T13:51:01,台灣運彩,,3477257.1,107,2026-07-08T17:00:00+08:00,阪神虎,讀賣巨人,阪神虎 @ 讀賣巨人,51435722.1,354,不讓分,252814007.1,讀賣巨人,H,,1.94,50,47,H,,1
2026-07-08,2026-07-08T13:51:01,台灣運彩,,3477257.1,107,2026-07-08T17:00:00+08:00,阪神虎,讀賣巨人,阪神虎 @ 讀賣巨人,51435722.1,354,不讓分,252814008.1,阪神虎,A,,1.52,25,13,A,,2
2026-07-08,2026-07-08T13:51:01,台灣運彩,,3477257.1,107,2026-07-08T17:00:00+08:00,阪神虎,讀賣巨人,阪神虎 @ 讀賣巨人,51435727.1,358,讓分 1.5,252814018.1,讀賣巨人 +1.5,H,1.5,1.46,50,23,H,1.5,1
2026-07-08,2026-07-08T13:51:01,台灣運彩,,3477257.1,107,2026-07-08T17:00:00+08:00,阪神虎,讀賣巨人,阪神虎 @ 讀賣巨人,51435727.1,358,讓分 1.5,252814019.1,阪神虎 -1.5,A,1.5,2.05,20,21,A,1.5,2
2026-07-08,2026-07-08T13:51:01,台灣運彩,,3477257.1,107,2026-07-08T17:00:00+08:00,阪神虎,讀賣巨人,阪神虎 @ 讀賣巨人,51435726.1,360,[總分]大小 5.5,252814017.1,大 5.5,A,5.5,1.73,100,73,A,5.5,
2026-07-08,2026-07-08T13:51:01,台灣運彩,,3477257.1,107,2026-07-08T17:00:00+08:00,阪神虎,讀賣巨人,阪神虎 @ 讀賣巨人,51435726.1,360,[總分]大小 5.5,252814016.1,小 5.5,H,5.5,1.70,10,7,H,5.5,
2026-07-08,2026-07-08T13:51:01,台灣運彩,,3477257.1,107,2026-07-08T17:00:00+08:00,阪神虎,讀賣巨人,阪神虎 @ 讀賣巨人,51435725.1,362,讀賣巨人 大小 2.5,252814015.1,大 2.5,A,2.5,1.68,25,17,A,2.5,
2026-07-08,2026-07-08T13:51:01,台灣運彩,,3477257.1,107,2026-07-08T17:00:00+08:00,阪神虎,讀賣巨人,阪神虎 @ 讀賣巨人,51435725.1,362,讀賣巨人 大小 2.5,252814014.1,小 2.5,H,2.5,1.65,20,13,H,2.5,
2026-07-08,2026-07-08T13:51:01,台灣運彩,,3477257.1,107,2026-07-08T17:00:00+08:00,阪神虎,讀賣巨人,阪神虎 @ 讀賣巨人,51435723.1,363,阪神虎 大小 3.5,252814010.1,大 3.5,A,3.5,1.68,25,17,A,3.5,
2026-07-08,2026-07-08T13:51:01,台灣運彩,,3477257.1,107,2026-07-08T17:00:00+08:00,阪神虎,讀賣巨人,阪神虎 @ 讀賣巨人,51435723.1,363,阪神虎 大小 3.5,252814009.1,小 3.5,H,3.5,1.65,20,13,H,3.5,
2026-07-08,2026-07-08T13:51:01,台灣運彩,,3477257.1,107,2026-07-08T17:00:00+08:00,阪神虎,讀賣巨人,阪神虎 @ 讀賣巨人,51435721.1,366,[總分]單雙,252814006.1,單,,,1.50,2,1,,,
2026-07-08,2026-07-08T13:51:01,台灣運彩,,3477257.1,107,2026-07-08T17:00:00+08:00,阪神虎,讀賣巨人,阪神虎 @ 讀賣巨人,51435721.1,366,[總分]單雙,252814005.1,雙,,,1.96,25,24,,,
2026-07-08,2026-07-08T13:51:01,台灣運彩,,3477257.1,107,2026-07-08T17:00:00+08:00,阪神虎,讀賣巨人,阪神虎 @ 讀賣巨人,51435728.1,376,[1-5局] 不讓分,252814020.1,讀賣巨人,H,,2.25,4,5,H,,1
2026-07-08,2026-07-08T13:51:01,台灣運彩,,3477257.1,107,2026-07-08T17:00:00+08:00,阪神虎,讀賣巨人,阪神虎 @ 讀賣巨人,51435728.1,376,[1-5局] 不讓分,252814022.1,阪神虎,A,,1.75,4,3,A,,2
2026-07-08,2026-07-08T13:51:01,台灣運彩,,3477257.1,107,2026-07-08T17:00:00+08:00,阪神虎,讀賣巨人,阪神虎 @ 讀賣巨人,51435728.1,376,[1-5局] 不讓分,252814021.1,和局,D,,3.45,20,49,D,,
2026-07-08,2026-07-08T13:51:01,台灣運彩,,3477257.1,107,2026-07-08T17:00:00+08:00,阪神虎,讀賣巨人,阪神虎 @ 讀賣巨人,51436033.1,378,[1-5局] 大小 2.5,252814863.1,大 2.5,A,2.5,1.50,2,1,A,2.5,
2026-07-08,2026-07-08T13:51:01,台灣運彩,,3477257.1,107,2026-07-08T17:00:00+08:00,阪神虎,讀賣巨人,阪神虎 @ 讀賣巨人,51436033.1,378,[1-5局] 大小 2.5,252814862.1,小 2.5,H,2.5,1.85,20,17,H,2.5,
2026-07-08,2026-07-08T13:51:01,台灣運彩,,3477257.1,107,2026-07-08T17:00:00+08:00,阪神虎,讀賣巨人,阪神虎 @ 讀賣巨人,51435724.1,389,[第1局] 不讓分,252814011.1,讀賣巨人,H,,4.00,1,3,H,,1
2026-07-08,2026-07-08T13:51:01,台灣運彩,,3477257.1,107,2026-07-08T17:00:00+08:00,阪神虎,讀賣巨人,阪神虎 @ 讀賣巨人,51435724.1,389,[第1局] 不讓分,252814013.1,阪神虎,A,,3.30,10,23,A,,2
2026-07-08,2026-07-08T13:51:01,台灣運彩,,3477257.1,107,2026-07-08T17:00:00+08:00,阪神虎,讀賣巨人,阪神虎 @ 讀賣巨人,51435724.1,389,[第1局] 不讓分,252814012.1,和局,D,,1.35,20,7,D,,
2026-07-08,2026-07-08T13:51:01,台灣運彩,,3477258.1,108,2026-07-08T17:00:00+08:00,養樂多燕子,廣島東洋鯉魚,養樂多燕子 @ 廣島東洋鯉魚,51435730.1,354,不讓分,252814025.1,廣島東洋鯉魚,H,,1.52,25,13,H,,1
2026-07-08,2026-07-08T13:51:01,台灣運彩,,3477258.1,108,2026-07-08T17:00:00+08:00,養樂多燕子,廣島東洋鯉魚,養樂多燕子 @ 廣島東洋鯉魚,51435730.1,354,不讓分,252814026.1,養樂多燕子,A,,1.94,50,47,A,,2
2026-07-08,2026-07-08T13:51:01,台灣運彩,,3477258.1,108,2026-07-08T17:00:00+08:00,養樂多燕子,廣島東洋鯉魚,養樂多燕子 @ 廣島東洋鯉魚,51435734.1,358,讓分 -1.5,252814034.1,廣島東洋鯉魚 -1.5,H,-1.5,2.20,5,6,H,-1.5,1
2026-07-08,2026-07-08T13:51:01,台灣運彩,,3477258.1,108,2026-07-08T17:00:00+08:00,養樂多燕子,廣島東洋鯉魚,養樂多燕子 @ 廣島東洋鯉魚,51435734.1,358,讓分 -1.5,252814035.1,養樂多燕子 +1.5,A,-1.5,1.40,5,2,A,-1.5,2
2026-07-08,2026-07-08T13:51:01,台灣運彩,,3477258.1,108,2026-07-08T17:00:00+08:00,養樂多燕子,廣島東洋鯉魚,養樂多燕子 @ 廣島東洋鯉魚,51435735.1,360,[總分]大小 6.5,252814037.1,大 6.5,A,6.5,1.85,20,17,A,6.5,
2026-07-08,2026-07-08T13:51:01,台灣運彩,,3477258.1,108,2026-07-08T17:00:00+08:00,養樂多燕子,廣島東洋鯉魚,養樂多燕子 @ 廣島東洋鯉魚,51435735.1,360,[總分]大小 6.5,252814036.1,小 6.5,H,6.5,1.60,5,3,H,6.5,
2026-07-08,2026-07-08T13:51:01,台灣運彩,,3477258.1,108,2026-07-08T17:00:00+08:00,養樂多燕子,廣島東洋鯉魚,養樂多燕子 @ 廣島東洋鯉魚,51435733.1,362,廣島東洋鯉魚 大小 2.5,252814033.1,大 2.5,A,2.5,1.48,25,12,A,2.5,
2026-07-08,2026-07-08T13:51:01,台灣運彩,,3477258.1,108,2026-07-08T17:00:00+08:00,養樂多燕子,廣島東洋鯉魚,養樂多燕子 @ 廣島東洋鯉魚,51435733.1,362,廣島東洋鯉魚 大小 2.5,252814032.1,小 2.5,H,2.5,1.90,10,9,H,2.5,
2026-07-08,2026-07-08T13:51:01,台灣運彩,,3477258.1,108,2026-07-08T17:00:00+08:00,養樂多燕子,廣島東洋鯉魚,養樂多燕子 @ 廣島東洋鯉魚,51435732.1,363,養樂多燕子 大小 2.5,252814031.1,大 2.5,A,2.5,1.70,10,7,A,2.5,
2026-07-08,2026-07-08T13:51:01,台灣運彩,,3477258.1,108,2026-07-08T17:00:00+08:00,養樂多燕子,廣島東洋鯉魚,養樂多燕子 @ 廣島東洋鯉魚,51435732.1,363,養樂多燕子 大小 2.5,252814030.1,小 2.5,H,2.5,1.63,100,63,H,2.5,
2026-07-08,2026-07-08T13:51:01,台灣運彩,,3477258.1,108,2026-07-08T17:00:00+08:00,養樂多燕子,廣島東洋鯉魚,養樂多燕子 @ 廣島東洋鯉魚,51435729.1,366,[總分]單雙,252814024.1,單,,,1.48,25,12,,,
2026-07-08,2026-07-08T13:51:01,台灣運彩,,3477258.1,108,2026-07-08T17:00:00+08:00,養樂多燕子,廣島東洋鯉魚,養樂多燕子 @ 廣島東洋鯉魚,51435729.1,366,[總分]單雙,252814023.1,雙,,,2.00,1,1,,,
2026-07-08,2026-07-08T13:51:01,台灣運彩,,3477258.1,108,2026-07-08T17:00:00+08:00,養樂多燕子,廣島東洋鯉魚,養樂多燕子 @ 廣島東洋鯉魚,51435731.1,376,[1-5局] 不讓分,252814027.1,廣島東洋鯉魚,H,,1.75,4,3,H,,1
2026-07-08,2026-07-08T13:51:01,台灣運彩,,3477258.1,108,2026-07-08T17:00:00+08:00,養樂多燕子,廣島東洋鯉魚,養樂多燕子 @ 廣島東洋鯉魚,51435731.1,376,[1-5局] 不讓分,252814029.1,養樂多燕子,A,,2.20,5,6,A,,2
2026-07-08,2026-07-08T13:51:01,台灣運彩,,3477258.1,108,2026-07-08T17:00:00+08:00,養樂多燕子,廣島東洋鯉魚,養樂多燕子 @ 廣島東洋鯉魚,51435731.1,376,[1-5局] 不讓分,252814028.1,和局,D,,3.60,5,13,D,,
2026-07-08,2026-07-08T13:51:01,台灣運彩,,3477258.1,108,2026-07-08T17:00:00+08:00,養樂多燕子,廣島東洋鯉魚,養樂多燕子 @ 廣島東洋鯉魚,51436032.1,378,[1-5局] 大小 3.5,252814861.1,大 3.5,A,3.5,1.82,50,41,A,3.5,
2026-07-08,2026-07-08T13:51:01,台灣運彩,,3477258.1,108,2026-07-08T17:00:00+08:00,養樂多燕子,廣島東洋鯉魚,養樂多燕子 @ 廣島東洋鯉魚,51436032.1,378,[1-5局] 大小 3.5,252814860.1,小 3.5,H,3.5,1.53,100,53,H,3.5,
2026-07-08,2026-07-08T13:51:01,台灣運彩,,3477258.1,108,2026-07-08T17:00:00+08:00,養樂多燕子,廣島東洋鯉魚,養樂多燕子 @ 廣島東洋鯉魚,51435736.1,389,[第1局] 不讓分,252814038.1,廣島東洋鯉魚,H,,3.15,20,43,H,,1
2026-07-08,2026-07-08T13:51:01,台灣運彩,,3477258.1,108,2026-07-08T17:00:00+08:00,養樂多燕子,廣島東洋鯉魚,養樂多燕子 @ 廣島東洋鯉魚,51435736.1,389,[第1局] 不讓分,252814040.1,養樂多燕子,A,,4.10,10,31,A,,2
2026-07-08,2026-07-08T13:51:01,台灣運彩,,3477258.1,108,2026-07-08T17:00:00+08:00,養樂多燕子,廣島東洋鯉魚,養樂多燕子 @ 廣島東洋鯉魚,51435736.1,389,[第1局] 不讓分,252814039.1,和局,D,,1.35,20,7,D,,
2026-07-08,2026-07-08T13:51:01,台灣運彩,,3477259.1,109,2026-07-08T17:15:00+08:00,中日龍,橫濱海灣之星,中日龍 @ 橫濱海灣之星,51435746.1,354,不讓分,252814084.1,橫濱海灣之星,H,,1.46,50,23,H,,1
2026-07-08,2026-07-08T13:51:01,台灣運彩,,3477259.1,109,2026-07-08T17:15:00+08:00,中日龍,橫濱海灣之星,中日龍 @ 橫濱海灣之星,51435746.1,354,不讓分,252814085.1,中日龍,A,,2.05,20,21,A,,2
2026-07-08,2026-07-08T13:51:01,台灣運彩,,3477259.1,109,2026-07-08T17:15:00+08:00,中日龍,橫濱海灣之星,中日龍 @ 橫濱海灣之星,51435747.1,358,讓分 -1.5,252814086.1,橫濱海灣之星 -1.5,H,-1.5,2.05,20,21,H,-1.5,1
2026-07-08,2026-07-08T13:51:01,台灣運彩,,3477259.1,109,2026-07-08T17:15:00+08:00,中日龍,橫濱海灣之星,中日龍 @ 橫濱海灣之星,51435747.1,358,讓分 -1.5,252814087.1,中日龍 +1.5,A,-1.5,1.46,50,23,A,-1.5,2
2026-07-08,2026-07-08T13:51:01,台灣運彩,,3477259.1,109,2026-07-08T17:15:00+08:00,中日龍,橫濱海灣之星,中日龍 @ 橫濱海灣之星,51435745.1,360,[總分]大小 6.5,252814083.1,大 6.5,A,6.5,1.58,50,29,A,6.5,
2026-07-08,2026-07-08T13:51:01,台灣運彩,,3477259.1,109,2026-07-08T17:15:00+08:00,中日龍,橫濱海灣之星,中日龍 @ 橫濱海灣之星,51435745.1,360,[總分]大小 6.5,252814082.1,小 6.5,H,6.5,1.86,50,43,H,6.5,
2026-07-08,2026-07-08T13:51:01,台灣運彩,,3477259.1,109,2026-07-08T17:15:00+08:00,中日龍,橫濱海灣之星,中日龍 @ 橫濱海灣之星,51435748.1,362,橫濱海灣之星 大小 3.5,252814089.1,大 3.5,A,3.5,1.66,50,33,A,3.5,
2026-07-08,2026-07-08T13:51:01,台灣運彩,,3477259.1,109,2026-07-08T17:15:00+08:00,中日龍,橫濱海灣之星,中日龍 @ 橫濱海灣之星,51435748.1,362,橫濱海灣之星 大小 3.5,252814088.1,小 3.5,H,3.5,1.66,50,33,H,3.5,
2026-07-08,2026-07-08T13:51:01,台灣運彩,,3477259.1,109,2026-07-08T17:15:00+08:00,中日龍,橫濱海灣之星,中日龍 @ 橫濱海灣之星,51435744.1,363,中日龍 大小 2.5,252814081.1,大 2.5,A,2.5,1.56,25,14,A,2.5,
2026-07-08,2026-07-08T13:51:01,台灣運彩,,3477259.1,109,2026-07-08T17:15:00+08:00,中日龍,橫濱海灣之星,中日龍 @ 橫濱海灣之星,51435744.1,363,中日龍 大小 2.5,252814080.1,小 2.5,H,2.5,1.78,50,39,H,2.5,
2026-07-08,2026-07-08T13:51:01,台灣運彩,,3477259.1,109,2026-07-08T17:15:00+08:00,中日龍,橫濱海灣之星,中日龍 @ 橫濱海灣之星,51435742.1,366,[總分]單雙,252814076.1,單,,,1.50,2,1,,,
2026-07-08,2026-07-08T13:51:01,台灣運彩,,3477259.1,109,2026-07-08T17:15:00+08:00,中日龍,橫濱海灣之星,中日龍 @ 橫濱海灣之星,51435742.1,366,[總分]單雙,252814075.1,雙,,,1.96,25,24,,,
2026-07-08,2026-07-08T13:51:01,台灣運彩,,3477259.1,109,2026-07-08T17:15:00+08:00,中日龍,橫濱海灣之星,中日龍 @ 橫濱海灣之星,51435743.1,376,[1-5局] 不讓分,252814077.1,橫濱海灣之星,H,,1.65,20,13,H,,1
2026-07-08,2026-07-08T13:51:01,台灣運彩,,3477259.1,109,2026-07-08T17:15:00+08:00,中日龍,橫濱海灣之星,中日龍 @ 橫濱海灣之星,51435743.1,376,[1-5局] 不讓分,252814079.1,中日龍,A,,2.25,4,5,A,,2
2026-07-08,2026-07-08T13:51:01,台灣運彩,,3477259.1,109,2026-07-08T17:15:00+08:00,中日龍,橫濱海灣之星,中日龍 @ 橫濱海灣之星,51435743.1,376,[1-5局] 不讓分,252814078.1,和局,D,,4.05,20,61,D,,
2026-07-08,2026-07-08T13:51:01,台灣運彩,,3477259.1,109,2026-07-08T17:15:00+08:00,中日龍,橫濱海灣之星,中日龍 @ 橫濱海灣之星,51436034.1,378,[1-5局] 大小 3.5,252814865.1,大 3.5,A,3.5,1.60,5,3,A,3.5,
2026-07-08,2026-07-08T13:51:01,台灣運彩,,3477259.1,109,2026-07-08T17:15:00+08:00,中日龍,橫濱海灣之星,中日龍 @ 橫濱海灣之星,51436034.1,378,[1-5局] 大小 3.5,252814864.1,小 3.5,H,3.5,1.73,100,73,H,3.5,
2026-07-08,2026-07-08T13:51:01,台灣運彩,,3477259.1,109,2026-07-08T17:15:00+08:00,中日龍,橫濱海灣之星,中日龍 @ 橫濱海灣之星,51435749.1,389,[第1局] 不讓分,252814090.1,橫濱海灣之星,H,,2.90,10,19,H,,1
2026-07-08,2026-07-08T13:51:01,台灣運彩,,3477259.1,109,2026-07-08T17:15:00+08:00,中日龍,橫濱海灣之星,中日龍 @ 橫濱海灣之星,51435749.1,389,[第1局] 不讓分,252814092.1,中日龍,A,,3.95,20,59,A,,2
2026-07-08,2026-07-08T13:51:01,台灣運彩,,3477259.1,109,2026-07-08T17:15:00+08:00,中日龍,橫濱海灣之星,中日龍 @ 橫濱海灣之星,51435749.1,389,[第1局] 不讓分,252814091.1,和局,D,,1.45,20,9,D,,
2026-07-08,2026-07-08T13:51:01,台灣運彩,,3477262.1,110,2026-07-08T17:30:00+08:00,樂天金鷲,西武獅,樂天金鷲 @ 西武獅,51435775.1,354,不讓分,252814166.1,西武獅,H,,1.65,20,13,H,,1
2026-07-08,2026-07-08T13:51:01,台灣運彩,,3477262.1,110,2026-07-08T17:30:00+08:00,樂天金鷲,西武獅,樂天金鷲 @ 西武獅,51435775.1,354,不讓分,252814167.1,樂天金鷲,A,,1.78,50,39,A,,2
2026-07-08,2026-07-08T13:51:01,台灣運彩,,3477262.1,110,2026-07-08T17:30:00+08:00,樂天金鷲,西武獅,樂天金鷲 @ 西武獅,51436098.1,358,讓分 -1.5,252815054.1,西武獅 -1.5,H,-1.5,2.30,10,13,H,-1.5,1
2026-07-08,2026-07-08T13:51:01,台灣運彩,,3477262.1,110,2026-07-08T17:30:00+08:00,樂天金鷲,西武獅,樂天金鷲 @ 西武獅,51436098.1,358,讓分 -1.5,252815055.1,樂天金鷲 +1.5,A,-1.5,1.35,20,7,A,-1.5,2
2026-07-08,2026-07-08T13:51:01,台灣運彩,,3477262.1,110,2026-07-08T17:30:00+08:00,樂天金鷲,西武獅,樂天金鷲 @ 西武獅,51435778.1,360,[總分]大小 7.5,252814173.1,大 7.5,A,7.5,1.88,25,22,A,7.5,
2026-07-08,2026-07-08T13:51:01,台灣運彩,,3477262.1,110,2026-07-08T17:30:00+08:00,樂天金鷲,西武獅,樂天金鷲 @ 西武獅,51435778.1,360,[總分]大小 7.5,252814172.1,小 7.5,H,7.5,1.56,25,14,H,7.5,
2026-07-08,2026-07-08T13:51:01,台灣運彩,,3477262.1,110,2026-07-08T17:30:00+08:00,樂天金鷲,西武獅,樂天金鷲 @ 西武獅,51435779.1,362,西武獅 大小 3.5,252814175.1,大 3.5,A,3.5,1.75,4,3,A,3.5,
2026-07-08,2026-07-08T13:51:01,台灣運彩,,3477262.1,110,2026-07-08T17:30:00+08:00,樂天金鷲,西武獅,樂天金鷲 @ 西武獅,51435779.1,362,西武獅 大小 3.5,252814174.1,小 3.5,H,3.5,1.58,50,29,H,3.5,
2026-07-08,2026-07-08T13:51:01,台灣運彩,,3477262.1,110,2026-07-08T17:30:00+08:00,樂天金鷲,西武獅,樂天金鷲 @ 西武獅,51435777.1,363,樂天金鷲 大小 3.5,252814171.1,大 3.5,A,3.5,1.82,50,41,A,3.5,
2026-07-08,2026-07-08T13:51:01,台灣運彩,,3477262.1,110,2026-07-08T17:30:00+08:00,樂天金鷲,西武獅,樂天金鷲 @ 西武獅,51435777.1,363,樂天金鷲 大小 3.5,252814170.1,小 3.5,H,3.5,1.53,100,53,H,3.5,
2026-07-08,2026-07-08T13:51:01,台灣運彩,,3477262.1,110,2026-07-08T17:30:00+08:00,樂天金鷲,西武獅,樂天金鷲 @ 西武獅,51435776.1,366,[總分]單雙,252814169.1,單,,,1.50,2,1,,,
2026-07-08,2026-07-08T13:51:01,台灣運彩,,3477262.1,110,2026-07-08T17:30:00+08:00,樂天金鷲,西武獅,樂天金鷲 @ 西武獅,51435776.1,366,[總分]單雙,252814168.1,雙,,,1.96,25,24,,,
2026-07-08,2026-07-08T13:51:01,台灣運彩,,3477262.1,110,2026-07-08T17:30:00+08:00,樂天金鷲,西武獅,樂天金鷲 @ 西武獅,51435781.1,376,[1-5局] 不讓分,252814178.1,西武獅,H,,1.80,5,4,H,,1
2026-07-08,2026-07-08T13:51:01,台灣運彩,,3477262.1,110,2026-07-08T17:30:00+08:00,樂天金鷲,西武獅,樂天金鷲 @ 西武獅,51435781.1,376,[1-5局] 不讓分,252814180.1,樂天金鷲,A,,1.95,20,19,A,,2
2026-07-08,2026-07-08T13:51:01,台灣運彩,,3477262.1,110,2026-07-08T17:30:00+08:00,樂天金鷲,西武獅,樂天金鷲 @ 西武獅,51435781.1,376,[1-5局] 不讓分,252814179.1,和局,D,,4.10,10,31,D,,
2026-07-08,2026-07-08T13:51:01,台灣運彩,,3477262.1,110,2026-07-08T17:30:00+08:00,樂天金鷲,西武獅,樂天金鷲 @ 西武獅,51436069.1,378,[1-5局] 大小 3.5,252814969.1,大 3.5,A,3.5,1.60,5,3,A,3.5,
2026-07-08,2026-07-08T13:51:01,台灣運彩,,3477262.1,110,2026-07-08T17:30:00+08:00,樂天金鷲,西武獅,樂天金鷲 @ 西武獅,51436069.1,378,[1-5局] 大小 3.5,252814968.1,小 3.5,H,3.5,1.73,100,73,H,3.5,
2026-07-08,2026-07-08T13:51:01,台灣運彩,,3477262.1,110,2026-07-08T17:30:00+08:00,樂天金鷲,西武獅,樂天金鷲 @ 西武獅,51435782.1,389,[第1局] 不讓分,252814181.1,西武獅,H,,3.15,20,43,H,,1
2026-07-08,2026-07-08T13:51:01,台灣運彩,,3477262.1,110,2026-07-08T17:30:00+08:00,樂天金鷲,西武獅,樂天金鷲 @ 西武獅,51435782.1,389,[第1局] 不讓分,252814183.1,樂天金鷲,A,,3.55,20,51,A,,2
2026-07-08,2026-07-08T13:51:01,台灣運彩,,3477262.1,110,2026-07-08T17:30:00+08:00,樂天金鷲,西武獅,樂天金鷲 @ 西武獅,51435782.1,389,[第1局] 不讓分,252814182.1,和局,D,,1.45,20,9,D,,
2026-07-08,2026-07-08T13:51:01,台灣運彩,,3477296.1,143,2026-07-08T17:30:00+08:00,NC恐龍,韓華老鷹,NC恐龍 @ 韓華老鷹,51436346.1,354,不讓分,252817959.1,韓華老鷹,H,,1.66,50,33,H,,1
2026-07-08,2026-07-08T13:51:01,台灣運彩,,3477296.1,143,2026-07-08T17:30:00+08:00,NC恐龍,韓華老鷹,NC恐龍 @ 韓華老鷹,51436346.1,354,不讓分,252817960.1,NC恐龍,A,,1.76,25,19,A,,2
2026-07-08,2026-07-08T13:51:01,台灣運彩,,3477296.1,143,2026-07-08T17:30:00+08:00,NC恐龍,韓華老鷹,NC恐龍 @ 韓華老鷹,51436355.1,358,讓分 1.5,252817978.1,韓華老鷹 +1.5,H,1.5,1.42,50,21,H,1.5,1
2026-07-08,2026-07-08T13:51:01,台灣運彩,,3477296.1,143,2026-07-08T17:30:00+08:00,NC恐龍,韓華老鷹,NC恐龍 @ 韓華老鷹,51436355.1,358,讓分 1.5,252817979.1,NC恐龍 -1.5,A,1.5,2.15,20,23,A,1.5,2
2026-07-08,2026-07-08T13:51:01,台灣運彩,,3477296.1,143,2026-07-08T17:30:00+08:00,NC恐龍,韓華老鷹,NC恐龍 @ 韓華老鷹,51436345.1,360,[總分]大小 10.5,252817958.1,大 10.5,A,10.5,1.62,50,31,A,10.5,
2026-07-08,2026-07-08T13:51:01,台灣運彩,,3477296.1,143,2026-07-08T17:30:00+08:00,NC恐龍,韓華老鷹,NC恐龍 @ 韓華老鷹,51436345.1,360,[總分]大小 10.5,252817957.1,小 10.5,H,10.5,1.82,50,41,H,10.5,
2026-07-08,2026-07-08T13:51:01,台灣運彩,,3477296.1,143,2026-07-08T17:30:00+08:00,NC恐龍,韓華老鷹,NC恐龍 @ 韓華老鷹,51436351.1,362,韓華老鷹 大小 5.5,252817971.1,大 5.5,A,5.5,1.88,25,22,A,5.5,
2026-07-08,2026-07-08T13:51:01,台灣運彩,,3477296.1,143,2026-07-08T17:30:00+08:00,NC恐龍,韓華老鷹,NC恐龍 @ 韓華老鷹,51436351.1,362,韓華老鷹 大小 5.5,252817970.1,小 5.5,H,5.5,1.56,25,14,H,5.5,
2026-07-08,2026-07-08T13:51:01,台灣運彩,,3477296.1,143,2026-07-08T17:30:00+08:00,NC恐龍,韓華老鷹,NC恐龍 @ 韓華老鷹,51436354.1,363,NC恐龍 大小 5.5,252817977.1,大 5.5,A,5.5,1.86,50,43,A,5.5,
2026-07-08,2026-07-08T13:51:01,台灣運彩,,3477296.1,143,2026-07-08T17:30:00+08:00,NC恐龍,韓華老鷹,NC恐龍 @ 韓華老鷹,51436354.1,363,NC恐龍 大小 5.5,252817976.1,小 5.5,H,5.5,1.58,50,29,H,5.5,
2026-07-08,2026-07-08T13:51:01,台灣運彩,,3477296.1,143,2026-07-08T17:30:00+08:00,NC恐龍,韓華老鷹,NC恐龍 @ 韓華老鷹,51436347.1,366,[總分]單雙,252817962.1,單,,,1.55,20,11,,,
2026-07-08,2026-07-08T13:51:01,台灣運彩,,3477296.1,143,2026-07-08T17:30:00+08:00,NC恐龍,韓華老鷹,NC恐龍 @ 韓華老鷹,51436347.1,366,[總分]單雙,252817961.1,雙,,,1.90,10,9,,,
2026-07-08,2026-07-08T13:51:01,台灣運彩,,3477296.1,143,2026-07-08T17:30:00+08:00,NC恐龍,韓華老鷹,NC恐龍 @ 韓華老鷹,51436356.1,376,[1-5局] 不讓分,252817980.1,韓華老鷹,H,,1.80,5,4,H,,1
2026-07-08,2026-07-08T13:51:01,台灣運彩,,3477296.1,143,2026-07-08T17:30:00+08:00,NC恐龍,韓華老鷹,NC恐龍 @ 韓華老鷹,51436356.1,376,[1-5局] 不讓分,252817982.1,NC恐龍,A,,1.90,10,9,A,,2
2026-07-08,2026-07-08T13:51:01,台灣運彩,,3477296.1,143,2026-07-08T17:30:00+08:00,NC恐龍,韓華老鷹,NC恐龍 @ 韓華老鷹,51436356.1,376,[1-5局] 不讓分,252817981.1,和局,D,,5.90,10,49,D,,
2026-07-08,2026-07-08T13:51:01,台灣運彩,,3477296.1,143,2026-07-08T17:30:00+08:00,NC恐龍,韓華老鷹,NC恐龍 @ 韓華老鷹,51436353.1,377,[1-5局] 讓分 -0.5,252817974.1,韓華老鷹 -0.5,H,-0.5,1.85,20,17,H,-0.5,1
2026-07-08,2026-07-08T13:51:01,台灣運彩,,3477296.1,143,2026-07-08T17:30:00+08:00,NC恐龍,韓華老鷹,NC恐龍 @ 韓華老鷹,51436353.1,377,[1-5局] 讓分 -0.5,252817975.1,NC恐龍 +0.5,A,-0.5,1.60,5,3,A,-0.5,2
2026-07-08,2026-07-08T13:51:01,台灣運彩,,3477296.1,143,2026-07-08T17:30:00+08:00,NC恐龍,韓華老鷹,NC恐龍 @ 韓華老鷹,51436348.1,378,[1-5局] 大小 5.5,252817964.1,大 5.5,A,5.5,1.63,100,63,A,5.5,
2026-07-08,2026-07-08T13:51:01,台灣運彩,,3477296.1,143,2026-07-08T17:30:00+08:00,NC恐龍,韓華老鷹,NC恐龍 @ 韓華老鷹,51436348.1,378,[1-5局] 大小 5.5,252817963.1,小 5.5,H,5.5,1.80,5,4,H,5.5,
2026-07-08,2026-07-08T13:51:01,台灣運彩,,3477296.1,143,2026-07-08T17:30:00+08:00,NC恐龍,韓華老鷹,NC恐龍 @ 韓華老鷹,51436352.1,379,[1-5局] 韓華老鷹 大小 2.5,252817973.1,大 2.5,A,2.5,1.63,100,63,A,2.5,
2026-07-08,2026-07-08T13:51:01,台灣運彩,,3477296.1,143,2026-07-08T17:30:00+08:00,NC恐龍,韓華老鷹,NC恐龍 @ 韓華老鷹,51436352.1,379,[1-5局] 韓華老鷹 大小 2.5,252817972.1,小 2.5,H,2.5,1.80,5,4,H,2.5,
2026-07-08,2026-07-08T13:51:01,台灣運彩,,3477296.1,143,2026-07-08T17:30:00+08:00,NC恐龍,韓華老鷹,NC恐龍 @ 韓華老鷹,51436350.1,380,[1-5局] NC恐龍 大小 2.5,252817969.1,大 2.5,A,2.5,1.72,25,18,A,2.5,
2026-07-08,2026-07-08T13:51:01,台灣運彩,,3477296.1,143,2026-07-08T17:30:00+08:00,NC恐龍,韓華老鷹,NC恐龍 @ 韓華老鷹,51436350.1,380,[1-5局] NC恐龍 大小 2.5,252817968.1,小 2.5,H,2.5,1.72,25,18,H,2.5,
2026-07-08,2026-07-08T13:51:01,台灣運彩,,3477296.1,143,2026-07-08T17:30:00+08:00,NC恐龍,韓華老鷹,NC恐龍 @ 韓華老鷹,51436349.1,389,[第1局] 不讓分,252817965.1,韓華老鷹,H,,2.75,4,7,H,,1
2026-07-08,2026-07-08T13:51:01,台灣運彩,,3477296.1,143,2026-07-08T17:30:00+08:00,NC恐龍,韓華老鷹,NC恐龍 @ 韓華老鷹,51436349.1,389,[第1局] 不讓分,252817967.1,NC恐龍,A,,3.05,20,41,A,,2
2026-07-08,2026-07-08T13:51:01,台灣運彩,,3477296.1,143,2026-07-08T17:30:00+08:00,NC恐龍,韓華老鷹,NC恐龍 @ 韓華老鷹,51436349.1,389,[第1局] 不讓分,252817966.1,和局,D,,1.80,5,4,D,,
2026-07-08,2026-07-08T13:51:01,台灣運彩,,3477297.1,144,2026-07-08T17:30:00+08:00,SSG登陸者,斗山熊,SSG登陸者 @ 斗山熊,51436363.1,354,不讓分,252817996.1,斗山熊,H,,1.36,25,9,H,,1
2026-07-08,2026-07-08T13:51:01,台灣運彩,,3477297.1,144,2026-07-08T17:30:00+08:00,SSG登陸者,斗山熊,SSG登陸者 @ 斗山熊,51436363.1,354,不讓分,252817998.1,SSG登陸者,A,,2.28,25,32,A,,2
2026-07-08,2026-07-08T13:51:01,台灣運彩,,3477297.1,144,2026-07-08T17:30:00+08:00,SSG登陸者,斗山熊,SSG登陸者 @ 斗山熊,51436376.1,358,讓分 -1.5,252818025.1,斗山熊 -1.5,H,-1.5,1.78,50,39,H,-1.5,1
2026-07-08,2026-07-08T13:51:01,台灣運彩,,3477297.1,144,2026-07-08T17:30:00+08:00,SSG登陸者,斗山熊,SSG登陸者 @ 斗山熊,51436376.1,358,讓分 -1.5,252818026.1,SSG登陸者 +1.5,A,-1.5,1.65,20,13,A,-1.5,2
2026-07-08,2026-07-08T13:51:01,台灣運彩,,3477297.1,144,2026-07-08T17:30:00+08:00,SSG登陸者,斗山熊,SSG登陸者 @ 斗山熊,51436372.1,360,[總分]大小 8.5,252818016.1,大 8.5,A,8.5,1.62,50,31,A,8.5,
2026-07-08,2026-07-08T13:51:01,台灣運彩,,3477297.1,144,2026-07-08T17:30:00+08:00,SSG登陸者,斗山熊,SSG登陸者 @ 斗山熊,51436372.1,360,[總分]大小 8.5,252818015.1,小 8.5,H,8.5,1.82,50,41,H,8.5,
2026-07-08,2026-07-08T13:51:01,台灣運彩,,3477297.1,144,2026-07-08T17:30:00+08:00,SSG登陸者,斗山熊,SSG登陸者 @ 斗山熊,51436357.1,362,斗山熊 大小 4.5,252817986.1,大 4.5,A,4.5,1.63,100,63,A,4.5,
2026-07-08,2026-07-08T13:51:01,台灣運彩,,3477297.1,144,2026-07-08T17:30:00+08:00,SSG登陸者,斗山熊,SSG登陸者 @ 斗山熊,51436357.1,362,斗山熊 大小 4.5,252817983.1,小 4.5,H,4.5,1.80,5,4,H,4.5,
2026-07-08,2026-07-08T13:51:01,台灣運彩,,3477297.1,144,2026-07-08T17:30:00+08:00,SSG登陸者,斗山熊,SSG登陸者 @ 斗山熊,51436361.1,363,SSG登陸者 大小 3.5,252817993.1,大 3.5,A,3.5,1.82,50,41,A,3.5,
2026-07-08,2026-07-08T13:51:01,台灣運彩,,3477297.1,144,2026-07-08T17:30:00+08:00,SSG登陸者,斗山熊,SSG登陸者 @ 斗山熊,51436361.1,363,SSG登陸者 大小 3.5,252817991.1,小 3.5,H,3.5,1.62,50,31,H,3.5,
2026-07-08,2026-07-08T13:51:01,台灣運彩,,3477297.1,144,2026-07-08T17:30:00+08:00,SSG登陸者,斗山熊,SSG登陸者 @ 斗山熊,51436378.1,366,[總分]單雙,252818030.1,單,,,1.56,25,14,,,
2026-07-08,2026-07-08T13:51:01,台灣運彩,,3477297.1,144,2026-07-08T17:30:00+08:00,SSG登陸者,斗山熊,SSG登陸者 @ 斗山熊,51436378.1,366,[總分]單雙,252818029.1,雙,,,1.88,25,22,,,
2026-07-08,2026-07-08T13:51:01,台灣運彩,,3477297.1,144,2026-07-08T17:30:00+08:00,SSG登陸者,斗山熊,SSG登陸者 @ 斗山熊,51436374.1,376,[1-5局] 不讓分,252818019.1,斗山熊,H,,1.50,2,1,H,,1
2026-07-08,2026-07-08T13:51:01,台灣運彩,,3477297.1,144,2026-07-08T17:30:00+08:00,SSG登陸者,斗山熊,SSG登陸者 @ 斗山熊,51436374.1,376,[1-5局] 不讓分,252818022.1,SSG登陸者,A,,2.55,20,31,A,,2
2026-07-08,2026-07-08T13:51:01,台灣運彩,,3477297.1,144,2026-07-08T17:30:00+08:00,SSG登陸者,斗山熊,SSG登陸者 @ 斗山熊,51436374.1,376,[1-5局] 不讓分,252818021.1,和局,D,,5.25,4,17,D,,
2026-07-08,2026-07-08T13:51:01,台灣運彩,,3477297.1,144,2026-07-08T17:30:00+08:00,SSG登陸者,斗山熊,SSG登陸者 @ 斗山熊,51436505.1,377,[1-5局] 讓分 -1.5,252818397.1,斗山熊 -1.5,H,-1.5,1.93,100,93,H,-1.5,1
2026-07-08,2026-07-08T13:51:01,台灣運彩,,3477297.1,144,2026-07-08T17:30:00+08:00,SSG登陸者,斗山熊,SSG登陸者 @ 斗山熊,51436505.1,377,[1-5局] 讓分 -1.5,252818398.1,SSG登陸者 +1.5,A,-1.5,1.53,100,53,A,-1.5,2
2026-07-08,2026-07-08T13:51:01,台灣運彩,,3477297.1,144,2026-07-08T17:30:00+08:00,SSG登陸者,斗山熊,SSG登陸者 @ 斗山熊,51436368.1,378,[1-5局] 大小 4.5,252818007.1,大 4.5,A,4.5,1.62,50,31,A,4.5,
2026-07-08,2026-07-08T13:51:01,台灣運彩,,3477297.1,144,2026-07-08T17:30:00+08:00,SSG登陸者,斗山熊,SSG登陸者 @ 斗山熊,51436368.1,378,[1-5局] 大小 4.5,252818006.1,小 4.5,H,4.5,1.82,50,41,H,4.5,
2026-07-08,2026-07-08T13:51:01,台灣運彩,,3477297.1,144,2026-07-08T17:30:00+08:00,SSG登陸者,斗山熊,SSG登陸者 @ 斗山熊,51436379.1,379,[1-5局] 斗山熊 大小 2.5,252818034.1,大 2.5,A,2.5,1.65,20,13,A,2.5,
2026-07-08,2026-07-08T13:51:01,台灣運彩,,3477297.1,144,2026-07-08T17:30:00+08:00,SSG登陸者,斗山熊,SSG登陸者 @ 斗山熊,51436379.1,379,[1-5局] 斗山熊 大小 2.5,252818031.1,小 2.5,H,2.5,1.78,50,39,H,2.5,
2026-07-08,2026-07-08T13:51:01,台灣運彩,,3477297.1,144,2026-07-08T17:30:00+08:00,SSG登陸者,斗山熊,SSG登陸者 @ 斗山熊,51436360.1,380,[1-5局] SSG登陸者 大小 1.5,252817988.1,大 1.5,A,1.5,1.72,25,18,A,1.5,
2026-07-08,2026-07-08T13:51:01,台灣運彩,,3477297.1,144,2026-07-08T17:30:00+08:00,SSG登陸者,斗山熊,SSG登陸者 @ 斗山熊,51436360.1,380,[1-5局] SSG登陸者 大小 1.5,252817987.1,小 1.5,H,1.5,1.72,25,18,H,1.5,
2026-07-08,2026-07-08T13:51:01,台灣運彩,,3477297.1,144,2026-07-08T17:30:00+08:00,SSG登陸者,斗山熊,SSG登陸者 @ 斗山熊,51436370.1,389,[第1局] 不讓分,252818010.1,斗山熊,H,,2.55,20,31,H,,1
2026-07-08,2026-07-08T13:51:01,台灣運彩,,3477297.1,144,2026-07-08T17:30:00+08:00,SSG登陸者,斗山熊,SSG登陸者 @ 斗山熊,51436370.1,389,[第1局] 不讓分,252818012.1,SSG登陸者,A,,4.15,20,63,A,,2
2026-07-08,2026-07-08T13:51:01,台灣運彩,,3477297.1,144,2026-07-08T17:30:00+08:00,SSG登陸者,斗山熊,SSG登陸者 @ 斗山熊,51436370.1,389,[第1局] 不讓分,252818011.1,和局,D,,1.60,5,3,D,,
2026-07-08,2026-07-08T13:51:01,台灣運彩,,3477298.1,145,2026-07-08T17:30:00+08:00,培證英雄,KT巫師,培證英雄 @ KT巫師,51436358.1,354,不讓分,252817984.1,KT巫師,H,,1.32,25,8,H,,1
2026-07-08,2026-07-08T13:51:01,台灣運彩,,3477298.1,145,2026-07-08T17:30:00+08:00,培證英雄,KT巫師,培證英雄 @ KT巫師,51436358.1,354,不讓分,252817985.1,培證英雄,A,,2.40,5,7,A,,2
2026-07-08,2026-07-08T13:51:01,台灣運彩,,3477298.1,145,2026-07-08T17:30:00+08:00,培證英雄,KT巫師,培證英雄 @ KT巫師,51436371.1,358,讓分 -1.5,252818013.1,KT巫師 -1.5,H,-1.5,1.66,50,33,H,-1.5,1
2026-07-08,2026-07-08T13:51:01,台灣運彩,,3477298.1,145,2026-07-08T17:30:00+08:00,培證英雄,KT巫師,培證英雄 @ KT巫師,51436371.1,358,讓分 -1.5,252818014.1,培證英雄 +1.5,A,-1.5,1.76,25,19,A,-1.5,2
2026-07-08,2026-07-08T13:51:01,台灣運彩,,3477298.1,145,2026-07-08T17:30:00+08:00,培證英雄,KT巫師,培證英雄 @ KT巫師,51436375.1,360,[總分]大小 10.5,252818024.1,大 10.5,A,10.5,1.78,50,39,A,10.5,
2026-07-08,2026-07-08T13:51:01,台灣運彩,,3477298.1,145,2026-07-08T17:30:00+08:00,培證英雄,KT巫師,培證英雄 @ KT巫師,51436375.1,360,[總分]大小 10.5,252818023.1,小 10.5,H,10.5,1.65,20,13,H,10.5,
2026-07-08,2026-07-08T13:51:01,台灣運彩,,3477298.1,145,2026-07-08T17:30:00+08:00,培證英雄,KT巫師,培證英雄 @ KT巫師,51436364.1,362,KT巫師 大小 5.5,252817997.1,大 5.5,A,5.5,1.66,50,33,A,5.5,
2026-07-08,2026-07-08T13:51:01,台灣運彩,,3477298.1,145,2026-07-08T17:30:00+08:00,培證英雄,KT巫師,培證英雄 @ KT巫師,51436364.1,362,KT巫師 大小 5.5,252817995.1,小 5.5,H,5.5,1.76,25,19,H,5.5,
2026-07-08,2026-07-08T13:51:01,台灣運彩,,3477298.1,145,2026-07-08T17:30:00+08:00,培證英雄,KT巫師,培證英雄 @ KT巫師,51436359.1,363,培證英雄 大小 3.5,252817990.1,大 3.5,A,3.5,1.63,100,63,A,3.5,
2026-07-08,2026-07-08T13:51:01,台灣運彩,,3477298.1,145,2026-07-08T17:30:00+08:00,培證英雄,KT巫師,培證英雄 @ KT巫師,51436359.1,363,培證英雄 大小 3.5,252817989.1,小 3.5,H,3.5,1.80,5,4,H,3.5,
2026-07-08,2026-07-08T13:51:01,台灣運彩,,3477298.1,145,2026-07-08T17:30:00+08:00,培證英雄,KT巫師,培證英雄 @ KT巫師,51436380.1,366,[總分]單雙,252818033.1,單,,,1.55,20,11,,,
2026-07-08,2026-07-08T13:51:01,台灣運彩,,3477298.1,145,2026-07-08T17:30:00+08:00,培證英雄,KT巫師,培證英雄 @ KT巫師,51436380.1,366,[總分]單雙,252818032.1,雙,,,1.90,10,9,,,
2026-07-08,2026-07-08T13:51:01,台灣運彩,,3477298.1,145,2026-07-08T17:30:00+08:00,培證英雄,KT巫師,培證英雄 @ KT巫師,51436365.1,376,[1-5局] 不讓分,252817999.1,KT巫師,H,,1.45,20,9,H,,1
2026-07-08,2026-07-08T13:51:01,台灣運彩,,3477298.1,145,2026-07-08T17:30:00+08:00,培證英雄,KT巫師,培證英雄 @ KT巫師,51436365.1,376,[1-5局] 不讓分,252818002.1,培證英雄,A,,2.65,20,33,A,,2
2026-07-08,2026-07-08T13:51:01,台灣運彩,,3477298.1,145,2026-07-08T17:30:00+08:00,培證英雄,KT巫師,培證英雄 @ KT巫師,51436365.1,376,[1-5局] 不讓分,252818000.1,和局,D,,5.85,20,97,D,,
2026-07-08,2026-07-08T13:51:01,台灣運彩,,3477298.1,145,2026-07-08T17:30:00+08:00,培證英雄,KT巫師,培證英雄 @ KT巫師,51436369.1,377,[1-5局] 讓分 -1.5,252818008.1,KT巫師 -1.5,H,-1.5,1.76,25,19,H,-1.5,1
2026-07-08,2026-07-08T13:51:01,台灣運彩,,3477298.1,145,2026-07-08T17:30:00+08:00,培證英雄,KT巫師,培證英雄 @ KT巫師,51436369.1,377,[1-5局] 讓分 -1.5,252818009.1,培證英雄 +1.5,A,-1.5,1.66,50,33,A,-1.5,2
2026-07-08,2026-07-08T13:51:01,台灣運彩,,3477298.1,145,2026-07-08T17:30:00+08:00,培證英雄,KT巫師,培證英雄 @ KT巫師,51436377.1,378,[1-5局] 大小 5.5,252818028.1,大 5.5,A,5.5,1.72,25,18,A,5.5,
2026-07-08,2026-07-08T13:51:01,台灣運彩,,3477298.1,145,2026-07-08T17:30:00+08:00,培證英雄,KT巫師,培證英雄 @ KT巫師,51436377.1,378,[1-5局] 大小 5.5,252818027.1,小 5.5,H,5.5,1.72,25,18,H,5.5,
2026-07-08,2026-07-08T13:51:01,台灣運彩,,3477298.1,145,2026-07-08T17:30:00+08:00,培證英雄,KT巫師,培證英雄 @ KT巫師,51436362.1,379,[1-5局] KT巫師 大小 3.5,252817994.1,大 3.5,A,3.5,1.85,20,17,A,3.5,
2026-07-08,2026-07-08T13:51:01,台灣運彩,,3477298.1,145,2026-07-08T17:30:00+08:00,培證英雄,KT巫師,培證英雄 @ KT巫師,51436362.1,379,[1-5局] KT巫師 大小 3.5,252817992.1,小 3.5,H,3.5,1.60,5,3,H,3.5,
2026-07-08,2026-07-08T13:51:01,台灣運彩,,3477298.1,145,2026-07-08T17:30:00+08:00,培證英雄,KT巫師,培證英雄 @ KT巫師,51436367.1,380,[1-5局] 培證英雄 大小 1.5,252818005.1,大 1.5,A,1.5,1.60,5,3,A,1.5,
2026-07-08,2026-07-08T13:51:01,台灣運彩,,3477298.1,145,2026-07-08T17:30:00+08:00,培證英雄,KT巫師,培證英雄 @ KT巫師,51436367.1,380,[1-5局] 培證英雄 大小 1.5,252818004.1,小 1.5,H,1.5,1.85,20,17,H,1.5,
2026-07-08,2026-07-08T13:51:01,台灣運彩,,3477298.1,145,2026-07-08T17:30:00+08:00,培證英雄,KT巫師,培證英雄 @ KT巫師,51436373.1,389,[第1局] 不讓分,252818017.1,KT巫師,H,,2.30,10,13,H,,1
2026-07-08,2026-07-08T13:51:01,台灣運彩,,3477298.1,145,2026-07-08T17:30:00+08:00,培證英雄,KT巫師,培證英雄 @ KT巫師,51436373.1,389,[第1局] 不讓分,252818020.1,培證英雄,A,,4.10,10,31,A,,2
2026-07-08,2026-07-08T13:51:01,台灣運彩,,3477298.1,145,2026-07-08T17:30:00+08:00,培證英雄,KT巫師,培證英雄 @ KT巫師,51436373.1,389,[第1局] 不讓分,252818018.1,和局,D,,1.75,4,3,D,,
2026-07-08,2026-07-08T13:51:01,台灣運彩,,3477299.1,146,2026-07-08T17:30:00+08:00,起亞老虎,樂天巨人,起亞老虎 @ 樂天巨人,51436389.1,354,不讓分,252818053.1,樂天巨人,H,,2.25,4,5,H,,1
2026-07-08,2026-07-08T13:51:01,台灣運彩,,3477299.1,146,2026-07-08T17:30:00+08:00,起亞老虎,樂天巨人,起亞老虎 @ 樂天巨人,51436389.1,354,不讓分,252818054.1,起亞老虎,A,,1.38,50,19,A,,2
2026-07-08,2026-07-08T13:51:01,台灣運彩,,3477299.1,146,2026-07-08T17:30:00+08:00,起亞老虎,樂天巨人,起亞老虎 @ 樂天巨人,51436385.1,358,讓分 1.5,252818044.1,樂天巨人 +1.5,H,1.5,1.80,5,4,H,1.5,1
2026-07-08,2026-07-08T13:51:01,台灣運彩,,3477299.1,146,2026-07-08T17:30:00+08:00,起亞老虎,樂天巨人,起亞老虎 @ 樂天巨人,51436385.1,358,讓分 1.5,252818045.1,起亞老虎 -1.5,A,1.5,1.63,100,63,A,1.5,2
2026-07-08,2026-07-08T13:51:01,台灣運彩,,3477299.1,146,2026-07-08T17:30:00+08:00,起亞老虎,樂天巨人,起亞老虎 @ 樂天巨人,51436382.1,360,[總分]大小 10.5,252818038.1,大 10.5,A,10.5,1.76,25,19,A,10.5,
2026-07-08,2026-07-08T13:51:01,台灣運彩,,3477299.1,146,2026-07-08T17:30:00+08:00,起亞老虎,樂天巨人,起亞老虎 @ 樂天巨人,51436382.1,360,[總分]大小 10.5,252818037.1,小 10.5,H,10.5,1.66,50,33,H,10.5,
2026-07-08,2026-07-08T13:51:01,台灣運彩,,3477299.1,146,2026-07-08T17:30:00+08:00,起亞老虎,樂天巨人,起亞老虎 @ 樂天巨人,51436383.1,362,樂天巨人 大小 3.5,252818040.1,大 3.5,A,3.5,1.62,50,31,A,3.5,
2026-07-08,2026-07-08T13:51:01,台灣運彩,,3477299.1,146,2026-07-08T17:30:00+08:00,起亞老虎,樂天巨人,起亞老虎 @ 樂天巨人,51436383.1,362,樂天巨人 大小 3.5,252818039.1,小 3.5,H,3.5,1.82,50,41,H,3.5,
2026-07-08,2026-07-08T13:51:01,台灣運彩,,3477299.1,146,2026-07-08T17:30:00+08:00,起亞老虎,樂天巨人,起亞老虎 @ 樂天巨人,51436388.1,363,起亞老虎 大小 5.5,252818052.1,大 5.5,A,5.5,1.68,25,17,A,5.5,
2026-07-08,2026-07-08T13:51:01,台灣運彩,,3477299.1,146,2026-07-08T17:30:00+08:00,起亞老虎,樂天巨人,起亞老虎 @ 樂天巨人,51436388.1,363,起亞老虎 大小 5.5,252818051.1,小 5.5,H,5.5,1.75,4,3,H,5.5,
2026-07-08,2026-07-08T13:51:01,台灣運彩,,3477299.1,146,2026-07-08T17:30:00+08:00,起亞老虎,樂天巨人,起亞老虎 @ 樂天巨人,51436381.1,366,[總分]單雙,252818036.1,單,,,1.56,25,14,,,
2026-07-08,2026-07-08T13:51:01,台灣運彩,,3477299.1,146,2026-07-08T17:30:00+08:00,起亞老虎,樂天巨人,起亞老虎 @ 樂天巨人,51436381.1,366,[總分]單雙,252818035.1,雙,,,1.88,25,22,,,
2026-07-08,2026-07-08T13:51:01,台灣運彩,,3477299.1,146,2026-07-08T17:30:00+08:00,起亞老虎,樂天巨人,起亞老虎 @ 樂天巨人,51436384.1,376,[1-5局] 不讓分,252818041.1,樂天巨人,H,,2.45,20,29,H,,1
2026-07-08,2026-07-08T13:51:01,台灣運彩,,3477299.1,146,2026-07-08T17:30:00+08:00,起亞老虎,樂天巨人,起亞老虎 @ 樂天巨人,51436384.1,376,[1-5局] 不讓分,252818043.1,起亞老虎,A,,1.50,2,1,A,,2
2026-07-08,2026-07-08T13:51:01,台灣運彩,,3477299.1,146,2026-07-08T17:30:00+08:00,起亞老虎,樂天巨人,起亞老虎 @ 樂天巨人,51436384.1,376,[1-5局] 不讓分,252818042.1,和局,D,,5.70,10,47,D,,
2026-07-08,2026-07-08T13:51:01,台灣運彩,,3477299.1,146,2026-07-08T17:30:00+08:00,起亞老虎,樂天巨人,起亞老虎 @ 樂天巨人,51436386.1,377,[1-5局] 讓分 1.5,252818046.1,樂天巨人 +1.5,H,1.5,1.58,50,29,H,1.5,1
2026-07-08,2026-07-08T13:51:01,台灣運彩,,3477299.1,146,2026-07-08T17:30:00+08:00,起亞老虎,樂天巨人,起亞老虎 @ 樂天巨人,51436386.1,377,[1-5局] 讓分 1.5,252818047.1,起亞老虎 -1.5,A,1.5,1.86,50,43,A,1.5,2
2026-07-08,2026-07-08T13:51:01,台灣運彩,,3477299.1,146,2026-07-08T17:30:00+08:00,起亞老虎,樂天巨人,起亞老虎 @ 樂天巨人,51436392.1,378,[1-5局] 大小 5.5,252818060.1,大 5.5,A,5.5,1.86,50,43,A,5.5,
2026-07-08,2026-07-08T13:51:01,台灣運彩,,3477299.1,146,2026-07-08T17:30:00+08:00,起亞老虎,樂天巨人,起亞老虎 @ 樂天巨人,51436392.1,378,[1-5局] 大小 5.5,252818059.1,小 5.5,H,5.5,1.58,50,29,H,5.5,
2026-07-08,2026-07-08T13:51:01,台灣運彩,,3477299.1,146,2026-07-08T17:30:00+08:00,起亞老虎,樂天巨人,起亞老虎 @ 樂天巨人,51436391.1,379,[1-5局] 樂天巨人 大小 1.5,252818058.1,大 1.5,A,1.5,1.52,25,13,A,1.5,
2026-07-08,2026-07-08T13:51:01,台灣運彩,,3477299.1,146,2026-07-08T17:30:00+08:00,起亞老虎,樂天巨人,起亞老虎 @ 樂天巨人,51436391.1,379,[1-5局] 樂天巨人 大小 1.5,252818057.1,小 1.5,H,1.5,1.94,50,47,H,1.5,
2026-07-08,2026-07-08T13:51:01,台灣運彩,,3477299.1,146,2026-07-08T17:30:00+08:00,起亞老虎,樂天巨人,起亞老虎 @ 樂天巨人,51436390.1,380,[1-5局] 起亞老虎 大小 3.5,252818056.1,大 3.5,A,3.5,1.90,10,9,A,3.5,
2026-07-08,2026-07-08T13:51:01,台灣運彩,,3477299.1,146,2026-07-08T17:30:00+08:00,起亞老虎,樂天巨人,起亞老虎 @ 樂天巨人,51436390.1,380,[1-5局] 起亞老虎 大小 3.5,252818055.1,小 3.5,H,3.5,1.55,20,11,H,3.5,
2026-07-08,2026-07-08T13:51:01,台灣運彩,,3477299.1,146,2026-07-08T17:30:00+08:00,起亞老虎,樂天巨人,起亞老虎 @ 樂天巨人,51436387.1,389,[第1局] 不讓分,252818048.1,樂天巨人,H,,3.75,4,11,H,,1
2026-07-08,2026-07-08T13:51:01,台灣運彩,,3477299.1,146,2026-07-08T17:30:00+08:00,起亞老虎,樂天巨人,起亞老虎 @ 樂天巨人,51436387.1,389,[第1局] 不讓分,252818050.1,起亞老虎,A,,2.50,2,3,A,,2
2026-07-08,2026-07-08T13:51:01,台灣運彩,,3477299.1,146,2026-07-08T17:30:00+08:00,起亞老虎,樂天巨人,起亞老虎 @ 樂天巨人,51436387.1,389,[第1局] 不讓分,252818049.1,和局,D,,1.70,10,7,D,,
2026-07-08,2026-07-08T13:51:01,台灣運彩,,3477300.1,147,2026-07-08T17:30:00+08:00,LG雙子,三星獅,LG雙子 @ 三星獅,51436393.1,354,不讓分,252818061.1,三星獅,H,,1.73,100,73,H,,1
2026-07-08,2026-07-08T13:51:01,台灣運彩,,3477300.1,147,2026-07-08T17:30:00+08:00,LG雙子,三星獅,LG雙子 @ 三星獅,51436393.1,354,不讓分,252818062.1,LG雙子,A,,1.70,10,7,A,,2
2026-07-08,2026-07-08T13:51:01,台灣運彩,,3477300.1,147,2026-07-08T17:30:00+08:00,LG雙子,三星獅,LG雙子 @ 三星獅,51436401.1,358,讓分 1.5,252818079.1,三星獅 +1.5,H,1.5,1.46,50,23,H,1.5,1
2026-07-08,2026-07-08T13:51:01,台灣運彩,,3477300.1,147,2026-07-08T17:30:00+08:00,LG雙子,三星獅,LG雙子 @ 三星獅,51436401.1,358,讓分 1.5,252818080.1,LG雙子 -1.5,A,1.5,2.05,20,21,A,1.5,2
2026-07-08,2026-07-08T13:51:01,台灣運彩,,3477300.1,147,2026-07-08T17:30:00+08:00,LG雙子,三星獅,LG雙子 @ 三星獅,51436399.1,360,[總分]大小 11.5,252818075.1,大 11.5,A,11.5,1.78,50,39,A,11.5,
2026-07-08,2026-07-08T13:51:01,台灣運彩,,3477300.1,147,2026-07-08T17:30:00+08:00,LG雙子,三星獅,LG雙子 @ 三星獅,51436399.1,360,[總分]大小 11.5,252818074.1,小 11.5,H,11.5,1.65,20,13,H,11.5,
2026-07-08,2026-07-08T13:51:01,台灣運彩,,3477300.1,147,2026-07-08T17:30:00+08:00,LG雙子,三星獅,LG雙子 @ 三星獅,51436395.1,362,三星獅 大小 5.5,252818066.1,大 5.5,A,5.5,1.86,50,43,A,5.5,
2026-07-08,2026-07-08T13:51:01,台灣運彩,,3477300.1,147,2026-07-08T17:30:00+08:00,LG雙子,三星獅,LG雙子 @ 三星獅,51436395.1,362,三星獅 大小 5.5,252818065.1,小 5.5,H,5.5,1.58,50,29,H,5.5,
2026-07-08,2026-07-08T13:51:01,台灣運彩,,3477300.1,147,2026-07-08T17:30:00+08:00,LG雙子,三星獅,LG雙子 @ 三星獅,51436396.1,363,LG雙子 大小 5.5,252818068.1,大 5.5,A,5.5,1.75,4,3,A,5.5,
2026-07-08,2026-07-08T13:51:01,台灣運彩,,3477300.1,147,2026-07-08T17:30:00+08:00,LG雙子,三星獅,LG雙子 @ 三星獅,51436396.1,363,LG雙子 大小 5.5,252818067.1,小 5.5,H,5.5,1.68,25,17,H,5.5,
2026-07-08,2026-07-08T13:51:01,台灣運彩,,3477300.1,147,2026-07-08T17:30:00+08:00,LG雙子,三星獅,LG雙子 @ 三星獅,51436398.1,366,[總分]單雙,252818073.1,單,,,1.55,20,11,,,
2026-07-08,2026-07-08T13:51:01,台灣運彩,,3477300.1,147,2026-07-08T17:30:00+08:00,LG雙子,三星獅,LG雙子 @ 三星獅,51436398.1,366,[總分]單雙,252818072.1,雙,,,1.90,10,9,,,
2026-07-08,2026-07-08T13:51:01,台灣運彩,,3477300.1,147,2026-07-08T17:30:00+08:00,LG雙子,三星獅,LG雙子 @ 三星獅,51436400.1,376,[1-5局] 不讓分,252818076.1,三星獅,H,,1.85,20,17,H,,1
2026-07-08,2026-07-08T13:51:01,台灣運彩,,3477300.1,147,2026-07-08T17:30:00+08:00,LG雙子,三星獅,LG雙子 @ 三星獅,51436400.1,376,[1-5局] 不讓分,252818078.1,LG雙子,A,,1.85,20,17,A,,2
2026-07-08,2026-07-08T13:51:01,台灣運彩,,3477300.1,147,2026-07-08T17:30:00+08:00,LG雙子,三星獅,LG雙子 @ 三星獅,51436400.1,376,[1-5局] 不讓分,252818077.1,和局,D,,6.00,1,5,D,,
2026-07-08,2026-07-08T13:51:01,台灣運彩,,3477300.1,147,2026-07-08T17:30:00+08:00,LG雙子,三星獅,LG雙子 @ 三星獅,51436402.1,377,[1-5局] 讓分 0.5,252818081.1,三星獅 +0.5,H,0.5,1.56,25,14,H,0.5,1
2026-07-08,2026-07-08T13:51:01,台灣運彩,,3477300.1,147,2026-07-08T17:30:00+08:00,LG雙子,三星獅,LG雙子 @ 三星獅,51436402.1,377,[1-5局] 讓分 0.5,252818082.1,LG雙子 -0.5,A,0.5,1.88,25,22,A,0.5,2
2026-07-08,2026-07-08T13:51:01,台灣運彩,,3477300.1,147,2026-07-08T17:30:00+08:00,LG雙子,三星獅,LG雙子 @ 三星獅,51436404.1,378,[1-5局] 大小 6.5,252818086.1,大 6.5,A,6.5,1.86,50,43,A,6.5,
2026-07-08,2026-07-08T13:51:01,台灣運彩,,3477300.1,147,2026-07-08T17:30:00+08:00,LG雙子,三星獅,LG雙子 @ 三星獅,51436404.1,378,[1-5局] 大小 6.5,252818085.1,小 6.5,H,6.5,1.58,50,29,H,6.5,
2026-07-08,2026-07-08T13:51:01,台灣運彩,,3477300.1,147,2026-07-08T17:30:00+08:00,LG雙子,三星獅,LG雙子 @ 三星獅,51436394.1,379,[1-5局] 三星獅 大小 2.5,252818064.1,大 2.5,A,2.5,1.63,100,63,A,2.5,
2026-07-08,2026-07-08T13:51:01,台灣運彩,,3477300.1,147,2026-07-08T17:30:00+08:00,LG雙子,三星獅,LG雙子 @ 三星獅,51436394.1,379,[1-5局] 三星獅 大小 2.5,252818063.1,小 2.5,H,2.5,1.80,5,4,H,2.5,
2026-07-08,2026-07-08T13:51:01,台灣運彩,,3477300.1,147,2026-07-08T17:30:00+08:00,LG雙子,三星獅,LG雙子 @ 三星獅,51436403.1,380,[1-5局] LG雙子 大小 2.5,252818084.1,大 2.5,A,2.5,1.62,50,31,A,2.5,
2026-07-08,2026-07-08T13:51:01,台灣運彩,,3477300.1,147,2026-07-08T17:30:00+08:00,LG雙子,三星獅,LG雙子 @ 三星獅,51436403.1,380,[1-5局] LG雙子 大小 2.5,252818083.1,小 2.5,H,2.5,1.82,50,41,H,2.5,
2026-07-08,2026-07-08T13:51:01,台灣運彩,,3477300.1,147,2026-07-08T17:30:00+08:00,LG雙子,三星獅,LG雙子 @ 三星獅,51436397.1,389,[第1局] 不讓分,252818069.1,三星獅,H,,2.85,20,37,H,,1
2026-07-08,2026-07-08T13:51:01,台灣運彩,,3477300.1,147,2026-07-08T17:30:00+08:00,LG雙子,三星獅,LG雙子 @ 三星獅,51436397.1,389,[第1局] 不讓分,252818071.1,LG雙子,A,,2.90,10,19,A,,2
2026-07-08,2026-07-08T13:51:01,台灣運彩,,3477300.1,147,2026-07-08T17:30:00+08:00,LG雙子,三星獅,LG雙子 @ 三星獅,51436397.1,389,[第1局] 不讓分,252818070.1,和局,D,,1.80,5,4,D,,
2026-07-08,2026-07-08T13:51:01,台灣運彩,,3477303.1,148,2026-07-08T18:35:00+08:00,台鋼雄鷹,味全龍,台鋼雄鷹 @ 味全龍,51436474.1,354,不讓分,252818297.1,味全龍,H,,1.50,2,1,H,,1
2026-07-08,2026-07-08T13:51:01,台灣運彩,,3477303.1,148,2026-07-08T18:35:00+08:00,台鋼雄鷹,味全龍,台鋼雄鷹 @ 味全龍,51436474.1,354,不讓分,252818298.1,台鋼雄鷹,A,,1.96,25,24,A,,2
2026-07-08,2026-07-08T13:51:01,台灣運彩,,3477303.1,148,2026-07-08T18:35:00+08:00,台鋼雄鷹,味全龍,台鋼雄鷹 @ 味全龍,51436476.1,358,讓分 -1.5,252818301.1,味全龍 -1.5,H,-1.5,2.15,20,23,H,-1.5,1
2026-07-08,2026-07-08T13:51:01,台灣運彩,,3477303.1,148,2026-07-08T18:35:00+08:00,台鋼雄鷹,味全龍,台鋼雄鷹 @ 味全龍,51436476.1,358,讓分 -1.5,252818302.1,台鋼雄鷹 +1.5,A,-1.5,1.42,50,21,A,-1.5,2
2026-07-08,2026-07-08T13:51:01,台灣運彩,,3477303.1,148,2026-07-08T18:35:00+08:00,台鋼雄鷹,味全龍,台鋼雄鷹 @ 味全龍,51436475.1,360,[總分]大小 6.5,252818300.1,大 6.5,A,6.5,1.80,5,4,A,6.5,
2026-07-08,2026-07-08T13:51:01,台灣運彩,,3477303.1,148,2026-07-08T18:35:00+08:00,台鋼雄鷹,味全龍,台鋼雄鷹 @ 味全龍,51436475.1,360,[總分]大小 6.5,252818299.1,小 6.5,H,6.5,1.63,100,63,H,6.5,
2026-07-08,2026-07-08T13:51:01,台灣運彩,,3477303.1,148,2026-07-08T18:35:00+08:00,台鋼雄鷹,味全龍,台鋼雄鷹 @ 味全龍,51436473.1,366,[總分]單雙,252818296.1,單,,,1.48,25,12,,,
2026-07-08,2026-07-08T13:51:01,台灣運彩,,3477303.1,148,2026-07-08T18:35:00+08:00,台鋼雄鷹,味全龍,台鋼雄鷹 @ 味全龍,51436473.1,366,[總分]單雙,252818295.1,雙,,,2.00,1,1,,,
2026-07-08,2026-07-08T13:51:01,台灣運彩,,3477305.1,150,2026-07-08T18:35:00+08:00,樂天桃猿,富邦悍將,樂天桃猿 @ 富邦悍將,51436482.1,354,不讓分,252818312.1,富邦悍將,H,,1.55,20,11,H,,1
2026-07-08,2026-07-08T13:51:01,台灣運彩,,3477305.1,150,2026-07-08T18:35:00+08:00,樂天桃猿,富邦悍將,樂天桃猿 @ 富邦悍將,51436482.1,354,不讓分,252818314.1,樂天桃猿,A,,1.90,10,9,A,,2
2026-07-08,2026-07-08T13:51:01,台灣運彩,,3477305.1,150,2026-07-08T18:35:00+08:00,樂天桃猿,富邦悍將,樂天桃猿 @ 富邦悍將,51436479.1,358,讓分 -1.5,252818308.1,富邦悍將 -1.5,H,-1.5,2.10,10,11,H,-1.5,1
2026-07-08,2026-07-08T13:51:01,台灣運彩,,3477305.1,150,2026-07-08T18:35:00+08:00,樂天桃猿,富邦悍將,樂天桃猿 @ 富邦悍將,51436479.1,358,讓分 -1.5,252818310.1,樂天桃猿 +1.5,A,-1.5,1.43,100,43,A,-1.5,2
2026-07-08,2026-07-08T13:51:01,台灣運彩,,3477305.1,150,2026-07-08T18:35:00+08:00,樂天桃猿,富邦悍將,樂天桃猿 @ 富邦悍將,51436483.1,360,[總分]大小 8.5,252818317.1,大 8.5,A,8.5,1.85,20,17,A,8.5,
2026-07-08,2026-07-08T13:51:01,台灣運彩,,3477305.1,150,2026-07-08T18:35:00+08:00,樂天桃猿,富邦悍將,樂天桃猿 @ 富邦悍將,51436483.1,360,[總分]大小 8.5,252818316.1,小 8.5,H,8.5,1.60,5,3,H,8.5,
2026-07-08,2026-07-08T13:51:01,台灣運彩,,3477305.1,150,2026-07-08T18:35:00+08:00,樂天桃猿,富邦悍將,樂天桃猿 @ 富邦悍將,51436477.1,366,[總分]單雙,252818305.1,單,,,1.52,25,13,,,
2026-07-08,2026-07-08T13:51:01,台灣運彩,,3477305.1,150,2026-07-08T18:35:00+08:00,樂天桃猿,富邦悍將,樂天桃猿 @ 富邦悍將,51436477.1,366,[總分]單雙,252818304.1,雙,,,1.94,50,47,,,
2026-07-08,2026-07-08T13:51:01,台灣運彩,,3477304.1,151,2026-07-08T18:35:00+08:00,中信兄弟,統一獅,中信兄弟 @ 統一獅,51436481.1,354,不讓分,252818311.1,統一獅,H,,2.00,1,1,H,,1
2026-07-08,2026-07-08T13:51:01,台灣運彩,,3477304.1,151,2026-07-08T18:35:00+08:00,中信兄弟,統一獅,中信兄弟 @ 統一獅,51436481.1,354,不讓分,252818313.1,中信兄弟,A,,1.48,25,12,A,,2
2026-07-08,2026-07-08T13:51:01,台灣運彩,,3477304.1,151,2026-07-08T18:35:00+08:00,中信兄弟,統一獅,中信兄弟 @ 統一獅,51436484.1,358,讓分 1.5,252818315.1,統一獅 +1.5,H,1.5,1.56,25,14,H,1.5,1
2026-07-08,2026-07-08T13:51:01,台灣運彩,,3477304.1,151,2026-07-08T18:35:00+08:00,中信兄弟,統一獅,中信兄弟 @ 統一獅,51436484.1,358,讓分 1.5,252818318.1,中信兄弟 -1.5,A,1.5,1.88,25,22,A,1.5,2
2026-07-08,2026-07-08T13:51:01,台灣運彩,,3477304.1,151,2026-07-08T18:35:00+08:00,中信兄弟,統一獅,中信兄弟 @ 統一獅,51436480.1,360,[總分]大小 7.5,252818309.1,大 7.5,A,7.5,1.62,50,31,A,7.5,
2026-07-08,2026-07-08T13:51:01,台灣運彩,,3477304.1,151,2026-07-08T18:35:00+08:00,中信兄弟,統一獅,中信兄弟 @ 統一獅,51436480.1,360,[總分]大小 7.5,252818307.1,小 7.5,H,7.5,1.82,50,41,H,7.5,
2026-07-08,2026-07-08T13:51:01,台灣運彩,,3477304.1,151,2026-07-08T18:35:00+08:00,中信兄弟,統一獅,中信兄弟 @ 統一獅,51436478.1,366,[總分]單雙,252818306.1,單,,,1.52,25,13,,,
2026-07-08,2026-07-08T13:51:01,台灣運彩,,3477304.1,151,2026-07-08T18:35:00+08:00,中信兄弟,統一獅,中信兄弟 @ 統一獅,51436478.1,366,[總分]單雙,252818303.1,雙,,,1.94,50,47,,,
2026-07-08,2026-07-08T13:51:01,台灣運彩,823202,3477248.1,103,2026-07-09T03:45:00+08:00,多倫多藍鳥,舊金山巨人,多倫多藍鳥 @ 舊金山巨人,51435573.1,354,不讓分,252813575.1,舊金山巨人,H,,1.82,50,41,H,,1
2026-07-08,2026-07-08T13:51:01,台灣運彩,823202,3477248.1,103,2026-07-09T03:45:00+08:00,多倫多藍鳥,舊金山巨人,多倫多藍鳥 @ 舊金山巨人,51435573.1,354,不讓分,252813576.1,多倫多藍鳥,A,,1.68,25,17,A,,2
2026-07-08,2026-07-08T13:51:01,台灣運彩,823202,3477248.1,103,2026-07-09T03:45:00+08:00,多倫多藍鳥,舊金山巨人,多倫多藍鳥 @ 舊金山巨人,51435582.1,357,勝分差,252813596.1,多倫多藍鳥 1 分,A,,4.80,5,19,A,,
2026-07-08,2026-07-08T13:51:01,台灣運彩,823202,3477248.1,103,2026-07-09T03:45:00+08:00,多倫多藍鳥,舊金山巨人,多倫多藍鳥 @ 舊金山巨人,51435582.1,357,勝分差,252813597.1,多倫多藍鳥 2 分,A,,6.50,2,11,A,,
2026-07-08,2026-07-08T13:51:01,台灣運彩,823202,3477248.1,103,2026-07-09T03:45:00+08:00,多倫多藍鳥,舊金山巨人,多倫多藍鳥 @ 舊金山巨人,51435582.1,357,勝分差,252813598.1,多倫多藍鳥 > 2分,A,,2.75,4,7,A,,
2026-07-08,2026-07-08T13:51:01,台灣運彩,823202,3477248.1,103,2026-07-09T03:45:00+08:00,多倫多藍鳥,舊金山巨人,多倫多藍鳥 @ 舊金山巨人,51435582.1,357,勝分差,252813593.1,舊金山巨人 1 分,H,,3.70,10,27,H,,
2026-07-08,2026-07-08T13:51:01,台灣運彩,823202,3477248.1,103,2026-07-09T03:45:00+08:00,多倫多藍鳥,舊金山巨人,多倫多藍鳥 @ 舊金山巨人,51435582.1,357,勝分差,252813594.1,舊金山巨人 2 分,H,,7.00,1,6,H,,
2026-07-08,2026-07-08T13:51:01,台灣運彩,823202,3477248.1,103,2026-07-09T03:45:00+08:00,多倫多藍鳥,舊金山巨人,多倫多藍鳥 @ 舊金山巨人,51435582.1,357,勝分差,252813595.1,舊金山巨人 > 2分,H,,3.20,5,11,H,,
2026-07-08,2026-07-08T13:51:01,台灣運彩,823202,3477248.1,103,2026-07-09T03:45:00+08:00,多倫多藍鳥,舊金山巨人,多倫多藍鳥 @ 舊金山巨人,51435577.1,358,讓分 2.5,252813583.1,舊金山巨人 +2.5,H,2.5,1.26,50,13,H,2.5,1
2026-07-08,2026-07-08T13:51:01,台灣運彩,823202,3477248.1,103,2026-07-09T03:45:00+08:00,多倫多藍鳥,舊金山巨人,多倫多藍鳥 @ 舊金山巨人,51435577.1,358,讓分 2.5,252813584.1,多倫多藍鳥 -2.5,A,2.5,2.75,4,7,A,2.5,2
2026-07-08,2026-07-08T13:51:01,台灣運彩,823202,3477248.1,103,2026-07-09T03:45:00+08:00,多倫多藍鳥,舊金山巨人,多倫多藍鳥 @ 舊金山巨人,51435579.1,358,讓分 1.5,252813587.1,舊金山巨人 +1.5,H,1.5,1.43,100,43,H,1.5,1
2026-07-08,2026-07-08T13:51:01,台灣運彩,823202,3477248.1,103,2026-07-09T03:45:00+08:00,多倫多藍鳥,舊金山巨人,多倫多藍鳥 @ 舊金山巨人,51435579.1,358,讓分 1.5,252813588.1,多倫多藍鳥 -1.5,A,1.5,2.15,20,23,A,1.5,2
2026-07-08,2026-07-08T13:51:01,台灣運彩,823202,3477248.1,103,2026-07-09T03:45:00+08:00,多倫多藍鳥,舊金山巨人,多倫多藍鳥 @ 舊金山巨人,51435575.1,360,[總分]大小 7.5,252813580.1,大 7.5,A,7.5,2.00,1,1,A,7.5,
2026-07-08,2026-07-08T13:51:01,台灣運彩,823202,3477248.1,103,2026-07-09T03:45:00+08:00,多倫多藍鳥,舊金山巨人,多倫多藍鳥 @ 舊金山巨人,51435575.1,360,[總分]大小 7.5,252813579.1,小 7.5,H,7.5,1.50,2,1,H,7.5,
2026-07-08,2026-07-08T13:51:01,台灣運彩,823202,3477248.1,103,2026-07-09T03:45:00+08:00,多倫多藍鳥,舊金山巨人,多倫多藍鳥 @ 舊金山巨人,51435578.1,360,[總分]大小 6.5,252813586.1,大 6.5,A,6.5,1.63,100,63,A,6.5,
2026-07-08,2026-07-08T13:51:01,台灣運彩,823202,3477248.1,103,2026-07-09T03:45:00+08:00,多倫多藍鳥,舊金山巨人,多倫多藍鳥 @ 舊金山巨人,51435578.1,360,[總分]大小 6.5,252813585.1,小 6.5,H,6.5,1.87,100,87,H,6.5,
2026-07-08,2026-07-08T13:51:01,台灣運彩,823202,3477248.1,103,2026-07-09T03:45:00+08:00,多倫多藍鳥,舊金山巨人,多倫多藍鳥 @ 舊金山巨人,51435581.1,360,[總分]大小 5.5,252813592.1,大 5.5,A,5.5,1.43,100,43,A,5.5,
2026-07-08,2026-07-08T13:51:01,台灣運彩,823202,3477248.1,103,2026-07-09T03:45:00+08:00,多倫多藍鳥,舊金山巨人,多倫多藍鳥 @ 舊金山巨人,51435581.1,360,[總分]大小 5.5,252813591.1,小 5.5,H,5.5,2.15,20,23,H,5.5,
2026-07-08,2026-07-08T13:51:01,台灣運彩,823202,3477248.1,103,2026-07-09T03:45:00+08:00,多倫多藍鳥,舊金山巨人,多倫多藍鳥 @ 舊金山巨人,51435580.1,362,舊金山巨人 大小 3.5,252813590.1,大 3.5,A,3.5,1.93,100,93,A,3.5,
2026-07-08,2026-07-08T13:51:01,台灣運彩,823202,3477248.1,103,2026-07-09T03:45:00+08:00,多倫多藍鳥,舊金山巨人,多倫多藍鳥 @ 舊金山巨人,51435580.1,362,舊金山巨人 大小 3.5,252813589.1,小 3.5,H,3.5,1.53,100,53,H,3.5,
2026-07-08,2026-07-08T13:51:01,台灣運彩,823202,3477248.1,103,2026-07-09T03:45:00+08:00,多倫多藍鳥,舊金山巨人,多倫多藍鳥 @ 舊金山巨人,51435576.1,363,多倫多藍鳥 大小 3.5,252813582.1,大 3.5,A,3.5,1.82,50,41,A,3.5,
2026-07-08,2026-07-08T13:51:01,台灣運彩,823202,3477248.1,103,2026-07-09T03:45:00+08:00,多倫多藍鳥,舊金山巨人,多倫多藍鳥 @ 舊金山巨人,51435576.1,363,多倫多藍鳥 大小 3.5,252813581.1,小 3.5,H,3.5,1.62,50,31,H,3.5,
2026-07-08,2026-07-08T13:51:01,台灣運彩,823202,3477248.1,103,2026-07-09T03:45:00+08:00,多倫多藍鳥,舊金山巨人,多倫多藍鳥 @ 舊金山巨人,51435574.1,366,[總分]單雙,252813578.1,單,,,1.45,20,9,,,
2026-07-08,2026-07-08T13:51:01,台灣運彩,823202,3477248.1,103,2026-07-09T03:45:00+08:00,多倫多藍鳥,舊金山巨人,多倫多藍鳥 @ 舊金山巨人,51435574.1,366,[總分]單雙,252813577.1,雙,,,2.07,100,107,,,
2026-07-08,2026-07-08T13:51:01,台灣運彩,823202,3477248.1,103,2026-07-09T03:45:00+08:00,多倫多藍鳥,舊金山巨人,多倫多藍鳥 @ 舊金山巨人,51436326.1,374,得分最高單局(不含延長賽),252817270.1,一樣多,,,2.15,20,23,,,
2026-07-08,2026-07-08T13:51:01,台灣運彩,823202,3477248.1,103,2026-07-09T03:45:00+08:00,多倫多藍鳥,舊金山巨人,多倫多藍鳥 @ 舊金山巨人,51436326.1,374,得分最高單局(不含延長賽),252817252.1,第1局,,,5.70,10,47,,,
2026-07-08,2026-07-08T13:51:01,台灣運彩,823202,3477248.1,103,2026-07-09T03:45:00+08:00,多倫多藍鳥,舊金山巨人,多倫多藍鳥 @ 舊金山巨人,51436326.1,374,得分最高單局(不含延長賽),252817255.1,第2局,,,6.75,4,23,,,
2026-07-08,2026-07-08T13:51:01,台灣運彩,823202,3477248.1,103,2026-07-09T03:45:00+08:00,多倫多藍鳥,舊金山巨人,多倫多藍鳥 @ 舊金山巨人,51436326.1,374,得分最高單局(不含延長賽),252817256.1,第3局,,,5.75,4,19,,,
2026-07-08,2026-07-08T13:51:01,台灣運彩,823202,3477248.1,103,2026-07-09T03:45:00+08:00,多倫多藍鳥,舊金山巨人,多倫多藍鳥 @ 舊金山巨人,51436326.1,374,得分最高單局(不含延長賽),252817258.1,第4局,,,6.25,4,21,,,
2026-07-08,2026-07-08T13:51:01,台灣運彩,823202,3477248.1,103,2026-07-09T03:45:00+08:00,多倫多藍鳥,舊金山巨人,多倫多藍鳥 @ 舊金山巨人,51436326.1,374,得分最高單局(不含延長賽),252817260.1,第5局,,,6.25,4,21,,,
2026-07-08,2026-07-08T13:51:01,台灣運彩,823202,3477248.1,103,2026-07-09T03:45:00+08:00,多倫多藍鳥,舊金山巨人,多倫多藍鳥 @ 舊金山巨人,51436326.1,374,得分最高單局(不含延長賽),252817262.1,第6局,,,5.85,20,97,,,
2026-07-08,2026-07-08T13:51:01,台灣運彩,823202,3477248.1,103,2026-07-09T03:45:00+08:00,多倫多藍鳥,舊金山巨人,多倫多藍鳥 @ 舊金山巨人,51436326.1,374,得分最高單局(不含延長賽),252817264.1,第7局,,,6.25,4,21,,,
2026-07-08,2026-07-08T13:51:01,台灣運彩,823202,3477248.1,103,2026-07-09T03:45:00+08:00,多倫多藍鳥,舊金山巨人,多倫多藍鳥 @ 舊金山巨人,51436326.1,374,得分最高單局(不含延長賽),252817266.1,第8局,,,5.80,5,24,,,
2026-07-08,2026-07-08T13:51:01,台灣運彩,823202,3477248.1,103,2026-07-09T03:45:00+08:00,多倫多藍鳥,舊金山巨人,多倫多藍鳥 @ 舊金山巨人,51436326.1,374,得分最高單局(不含延長賽),252817268.1,第9局,,,8.00,1,7,,,
2026-07-08,2026-07-08T13:51:01,台灣運彩,823202,3477248.1,103,2026-07-09T03:45:00+08:00,多倫多藍鳥,舊金山巨人,多倫多藍鳥 @ 舊金山巨人,51436319.1,376,[1-5局] 不讓分,252817156.1,舊金山巨人,H,,1.95,20,19,H,,1
2026-07-08,2026-07-08T13:51:01,台灣運彩,823202,3477248.1,103,2026-07-09T03:45:00+08:00,多倫多藍鳥,舊金山巨人,多倫多藍鳥 @ 舊金山巨人,51436319.1,376,[1-5局] 不讓分,252817158.1,多倫多藍鳥,A,,1.90,10,9,A,,2
2026-07-08,2026-07-08T13:51:01,台灣運彩,823202,3477248.1,103,2026-07-09T03:45:00+08:00,多倫多藍鳥,舊金山巨人,多倫多藍鳥 @ 舊金山巨人,51436319.1,376,[1-5局] 不讓分,252817157.1,和局,D,,3.85,20,57,D,,
2026-07-08,2026-07-08T13:51:01,台灣運彩,823202,3477248.1,103,2026-07-09T03:45:00+08:00,多倫多藍鳥,舊金山巨人,多倫多藍鳥 @ 舊金山巨人,51436325.1,378,[1-5局] 大小 3.5,252817217.1,大 3.5,A,3.5,1.68,25,17,A,3.5,
2026-07-08,2026-07-08T13:51:01,台灣運彩,823202,3477248.1,103,2026-07-09T03:45:00+08:00,多倫多藍鳥,舊金山巨人,多倫多藍鳥 @ 舊金山巨人,51436325.1,378,[1-5局] 大小 3.5,252817214.1,小 3.5,H,3.5,1.65,20,13,H,3.5,
2026-07-08,2026-07-08T13:51:01,台灣運彩,823202,3477248.1,103,2026-07-09T03:45:00+08:00,多倫多藍鳥,舊金山巨人,多倫多藍鳥 @ 舊金山巨人,51436323.1,379,[1-5局] 舊金山巨人 大小 1.5,252817187.1,大 1.5,A,1.5,1.76,25,19,A,1.5,
2026-07-08,2026-07-08T13:51:01,台灣運彩,823202,3477248.1,103,2026-07-09T03:45:00+08:00,多倫多藍鳥,舊金山巨人,多倫多藍鳥 @ 舊金山巨人,51436323.1,379,[1-5局] 舊金山巨人 大小 1.5,252817185.1,小 1.5,H,1.5,1.66,50,33,H,1.5,
2026-07-08,2026-07-08T13:51:01,台灣運彩,823202,3477248.1,103,2026-07-09T03:45:00+08:00,多倫多藍鳥,舊金山巨人,多倫多藍鳥 @ 舊金山巨人,51436322.1,380,[1-5局] 多倫多藍鳥 大小 1.5,252817170.1,大 1.5,A,1.5,1.76,25,19,A,1.5,
2026-07-08,2026-07-08T13:51:01,台灣運彩,823202,3477248.1,103,2026-07-09T03:45:00+08:00,多倫多藍鳥,舊金山巨人,多倫多藍鳥 @ 舊金山巨人,51436322.1,380,[1-5局] 多倫多藍鳥 大小 1.5,252817168.1,小 1.5,H,1.5,1.66,50,33,H,1.5,
2026-07-08,2026-07-08T13:51:01,台灣運彩,823202,3477248.1,103,2026-07-09T03:45:00+08:00,多倫多藍鳥,舊金山巨人,多倫多藍鳥 @ 舊金山巨人,51436324.1,389,[第1局] 不讓分,252817197.1,舊金山巨人,H,,3.40,5,12,H,,1
2026-07-08,2026-07-08T13:51:01,台灣運彩,823202,3477248.1,103,2026-07-09T03:45:00+08:00,多倫多藍鳥,舊金山巨人,多倫多藍鳥 @ 舊金山巨人,51436324.1,389,[第1局] 不讓分,252817202.1,多倫多藍鳥,A,,3.45,20,49,A,,2
2026-07-08,2026-07-08T13:51:01,台灣運彩,823202,3477248.1,103,2026-07-09T03:45:00+08:00,多倫多藍鳥,舊金山巨人,多倫多藍鳥 @ 舊金山巨人,51436324.1,389,[第1局] 不讓分,252817200.1,和局,D,,1.40,5,2,D,,
2026-07-08,2026-07-08T13:51:01,台灣運彩,823202,3477248.1,103,2026-07-09T03:45:00+08:00,多倫多藍鳥,舊金山巨人,多倫多藍鳥 @ 舊金山巨人,51436320.1,398,[第1局] 大小 0.5,252817160.1,大 0.5,A,0.5,1.90,10,9,A,0.5,
2026-07-08,2026-07-08T13:51:01,台灣運彩,823202,3477248.1,103,2026-07-09T03:45:00+08:00,多倫多藍鳥,舊金山巨人,多倫多藍鳥 @ 舊金山巨人,51436320.1,398,[第1局] 大小 0.5,252817159.1,小 0.5,H,0.5,1.48,25,12,H,0.5,
2026-07-08,2026-07-08T13:51:01,台灣運彩,824815,3477263.1,111,2026-07-09T06:35:00+08:00,芝加哥小熊,巴爾的摩金鶯,芝加哥小熊 @ 巴爾的摩金鶯,51435812.1,354,不讓分,252814258.1,巴爾的摩金鶯,H,,1.58,50,29,H,,1
2026-07-08,2026-07-08T13:51:01,台灣運彩,824815,3477263.1,111,2026-07-09T06:35:00+08:00,芝加哥小熊,巴爾的摩金鶯,芝加哥小熊 @ 巴爾的摩金鶯,51435812.1,354,不讓分,252814259.1,芝加哥小熊,A,,1.92,25,23,A,,2
2026-07-08,2026-07-08T13:51:01,台灣運彩,824815,3477263.1,111,2026-07-09T06:35:00+08:00,芝加哥小熊,巴爾的摩金鶯,芝加哥小熊 @ 巴爾的摩金鶯,51435820.1,357,勝分差,252814274.1,巴爾的摩金鶯 1 分,H,,4.15,20,63,H,,
2026-07-08,2026-07-08T13:51:01,台灣運彩,824815,3477263.1,111,2026-07-09T06:35:00+08:00,芝加哥小熊,巴爾的摩金鶯,芝加哥小熊 @ 巴爾的摩金鶯,51435820.1,357,勝分差,252814275.1,巴爾的摩金鶯 2 分,H,,7.25,4,25,H,,
2026-07-08,2026-07-08T13:51:01,台灣運彩,824815,3477263.1,111,2026-07-09T06:35:00+08:00,芝加哥小熊,巴爾的摩金鶯,芝加哥小熊 @ 巴爾的摩金鶯,51435820.1,357,勝分差,252814276.1,巴爾的摩金鶯 > 2分,H,,2.50,2,3,H,,
2026-07-08,2026-07-08T13:51:01,台灣運彩,824815,3477263.1,111,2026-07-09T06:35:00+08:00,芝加哥小熊,巴爾的摩金鶯,芝加哥小熊 @ 巴爾的摩金鶯,51435820.1,357,勝分差,252814277.1,芝加哥小熊 1 分,A,,6.00,1,5,A,,
2026-07-08,2026-07-08T13:51:01,台灣運彩,824815,3477263.1,111,2026-07-09T06:35:00+08:00,芝加哥小熊,巴爾的摩金鶯,芝加哥小熊 @ 巴爾的摩金鶯,51435820.1,357,勝分差,252814278.1,芝加哥小熊 2 分,A,,7.75,4,27,A,,
2026-07-08,2026-07-08T13:51:01,台灣運彩,824815,3477263.1,111,2026-07-09T06:35:00+08:00,芝加哥小熊,巴爾的摩金鶯,芝加哥小熊 @ 巴爾的摩金鶯,51435820.1,357,勝分差,252814279.1,芝加哥小熊 > 2分,A,,2.70,10,17,A,,
2026-07-08,2026-07-08T13:51:01,台灣運彩,824815,3477263.1,111,2026-07-09T06:35:00+08:00,芝加哥小熊,巴爾的摩金鶯,芝加哥小熊 @ 巴爾的摩金鶯,51435811.1,358,讓分 -1.5,252814256.1,巴爾的摩金鶯 -1.5,H,-1.5,2.07,100,107,H,-1.5,1
2026-07-08,2026-07-08T13:51:01,台灣運彩,824815,3477263.1,111,2026-07-09T06:35:00+08:00,芝加哥小熊,巴爾的摩金鶯,芝加哥小熊 @ 巴爾的摩金鶯,51435811.1,358,讓分 -1.5,252814257.1,芝加哥小熊 +1.5,A,-1.5,1.46,50,23,A,-1.5,2
2026-07-08,2026-07-08T13:51:01,台灣運彩,824815,3477263.1,111,2026-07-09T06:35:00+08:00,芝加哥小熊,巴爾的摩金鶯,芝加哥小熊 @ 巴爾的摩金鶯,51435818.1,358,讓分 -2.5,252814270.1,巴爾的摩金鶯 -2.5,H,-2.5,2.60,5,8,H,-2.5,1
2026-07-08,2026-07-08T13:51:01,台灣運彩,824815,3477263.1,111,2026-07-09T06:35:00+08:00,芝加哥小熊,巴爾的摩金鶯,芝加哥小熊 @ 巴爾的摩金鶯,51435818.1,358,讓分 -2.5,252814271.1,芝加哥小熊 +2.5,A,-2.5,1.30,10,3,A,-2.5,2
2026-07-08,2026-07-08T13:51:01,台灣運彩,824815,3477263.1,111,2026-07-09T06:35:00+08:00,芝加哥小熊,巴爾的摩金鶯,芝加哥小熊 @ 巴爾的摩金鶯,51436422.1,358,讓分 -3.5,252818121.1,巴爾的摩金鶯 -3.5,H,-3.5,3.10,10,21,H,-3.5,1
2026-07-08,2026-07-08T13:51:01,台灣運彩,824815,3477263.1,111,2026-07-09T06:35:00+08:00,芝加哥小熊,巴爾的摩金鶯,芝加哥小熊 @ 巴爾的摩金鶯,51436422.1,358,讓分 -3.5,252818122.1,芝加哥小熊 +3.5,A,-3.5,1.20,5,1,A,-3.5,2
2026-07-08,2026-07-08T13:51:01,台灣運彩,824815,3477263.1,111,2026-07-09T06:35:00+08:00,芝加哥小熊,巴爾的摩金鶯,芝加哥小熊 @ 巴爾的摩金鶯,51435817.1,360,[總分]大小 10.5,252814269.1,大 10.5,A,10.5,2.05,20,21,A,10.5,
2026-07-08,2026-07-08T13:51:01,台灣運彩,824815,3477263.1,111,2026-07-09T06:35:00+08:00,芝加哥小熊,巴爾的摩金鶯,芝加哥小熊 @ 巴爾的摩金鶯,51435817.1,360,[總分]大小 10.5,252814268.1,小 10.5,H,10.5,1.48,25,12,H,10.5,
2026-07-08,2026-07-08T13:51:01,台灣運彩,824815,3477263.1,111,2026-07-09T06:35:00+08:00,芝加哥小熊,巴爾的摩金鶯,芝加哥小熊 @ 巴爾的摩金鶯,51435819.1,360,[總分]大小 8.5,252814273.1,大 8.5,A,8.5,1.53,100,53,A,8.5,
2026-07-08,2026-07-08T13:51:01,台灣運彩,824815,3477263.1,111,2026-07-09T06:35:00+08:00,芝加哥小熊,巴爾的摩金鶯,芝加哥小熊 @ 巴爾的摩金鶯,51435819.1,360,[總分]大小 8.5,252814272.1,小 8.5,H,8.5,1.97,100,97,H,8.5,
2026-07-08,2026-07-08T13:51:01,台灣運彩,824815,3477263.1,111,2026-07-09T06:35:00+08:00,芝加哥小熊,巴爾的摩金鶯,芝加哥小熊 @ 巴爾的摩金鶯,51435821.1,360,[總分]大小 9.5,252814281.1,大 9.5,A,9.5,1.82,50,41,A,9.5,
2026-07-08,2026-07-08T13:51:01,台灣運彩,824815,3477263.1,111,2026-07-09T06:35:00+08:00,芝加哥小熊,巴爾的摩金鶯,芝加哥小熊 @ 巴爾的摩金鶯,51435821.1,360,[總分]大小 9.5,252814280.1,小 9.5,H,9.5,1.68,25,17,H,9.5,
2026-07-08,2026-07-08T13:51:01,台灣運彩,824815,3477263.1,111,2026-07-09T06:35:00+08:00,芝加哥小熊,巴爾的摩金鶯,芝加哥小熊 @ 巴爾的摩金鶯,51435814.1,362,巴爾的摩金鶯 大小 4.5,252814263.1,大 4.5,A,4.5,1.70,10,7,A,4.5,
2026-07-08,2026-07-08T13:51:01,台灣運彩,824815,3477263.1,111,2026-07-09T06:35:00+08:00,芝加哥小熊,巴爾的摩金鶯,芝加哥小熊 @ 巴爾的摩金鶯,51435814.1,362,巴爾的摩金鶯 大小 4.5,252814262.1,小 4.5,H,4.5,1.73,100,73,H,4.5,
2026-07-08,2026-07-08T13:51:01,台灣運彩,824815,3477263.1,111,2026-07-09T06:35:00+08:00,芝加哥小熊,巴爾的摩金鶯,芝加哥小熊 @ 巴爾的摩金鶯,51435816.1,363,芝加哥小熊 大小 4.5,252814267.1,大 4.5,A,4.5,1.80,5,4,A,4.5,
2026-07-08,2026-07-08T13:51:01,台灣運彩,824815,3477263.1,111,2026-07-09T06:35:00+08:00,芝加哥小熊,巴爾的摩金鶯,芝加哥小熊 @ 巴爾的摩金鶯,51435816.1,363,芝加哥小熊 大小 4.5,252814266.1,小 4.5,H,4.5,1.63,100,63,H,4.5,
2026-07-08,2026-07-08T13:51:01,台灣運彩,824815,3477263.1,111,2026-07-09T06:35:00+08:00,芝加哥小熊,巴爾的摩金鶯,芝加哥小熊 @ 巴爾的摩金鶯,51435813.1,366,[總分]單雙,252814261.1,單,,,1.50,2,1,,,
2026-07-08,2026-07-08T13:51:01,台灣運彩,824815,3477263.1,111,2026-07-09T06:35:00+08:00,芝加哥小熊,巴爾的摩金鶯,芝加哥小熊 @ 巴爾的摩金鶯,51435813.1,366,[總分]單雙,252814260.1,雙,,,1.96,25,24,,,
2026-07-08,2026-07-08T13:51:01,台灣運彩,824815,3477263.1,111,2026-07-09T06:35:00+08:00,芝加哥小熊,巴爾的摩金鶯,芝加哥小熊 @ 巴爾的摩金鶯,51436336.1,374,得分最高單局(不含延長賽),252817677.1,一樣多,,,2.30,10,13,,,
2026-07-08,2026-07-08T13:51:01,台灣運彩,824815,3477263.1,111,2026-07-09T06:35:00+08:00,芝加哥小熊,巴爾的摩金鶯,芝加哥小熊 @ 巴爾的摩金鶯,51436336.1,374,得分最高單局(不含延長賽),252817668.1,第1局,,,5.55,20,91,,,
2026-07-08,2026-07-08T13:51:01,台灣運彩,824815,3477263.1,111,2026-07-09T06:35:00+08:00,芝加哥小熊,巴爾的摩金鶯,芝加哥小熊 @ 巴爾的摩金鶯,51436336.1,374,得分最高單局(不含延長賽),252817669.1,第2局,,,6.50,2,11,,,
2026-07-08,2026-07-08T13:51:01,台灣運彩,824815,3477263.1,111,2026-07-09T06:35:00+08:00,芝加哥小熊,巴爾的摩金鶯,芝加哥小熊 @ 巴爾的摩金鶯,51436336.1,374,得分最高單局(不含延長賽),252817670.1,第3局,,,5.60,5,23,,,
2026-07-08,2026-07-08T13:51:01,台灣運彩,824815,3477263.1,111,2026-07-09T06:35:00+08:00,芝加哥小熊,巴爾的摩金鶯,芝加哥小熊 @ 巴爾的摩金鶯,51436336.1,374,得分最高單局(不含延長賽),252817671.1,第4局,,,6.25,4,21,,,
2026-07-08,2026-07-08T13:51:01,台灣運彩,824815,3477263.1,111,2026-07-09T06:35:00+08:00,芝加哥小熊,巴爾的摩金鶯,芝加哥小熊 @ 巴爾的摩金鶯,51436336.1,374,得分最高單局(不含延長賽),252817672.1,第5局,,,6.00,1,5,,,
2026-07-08,2026-07-08T13:51:01,台灣運彩,824815,3477263.1,111,2026-07-09T06:35:00+08:00,芝加哥小熊,巴爾的摩金鶯,芝加哥小熊 @ 巴爾的摩金鶯,51436336.1,374,得分最高單局(不含延長賽),252817673.1,第6局,,,5.90,10,49,,,
2026-07-08,2026-07-08T13:51:01,台灣運彩,824815,3477263.1,111,2026-07-09T06:35:00+08:00,芝加哥小熊,巴爾的摩金鶯,芝加哥小熊 @ 巴爾的摩金鶯,51436336.1,374,得分最高單局(不含延長賽),252817674.1,第7局,,,6.00,1,5,,,
2026-07-08,2026-07-08T13:51:01,台灣運彩,824815,3477263.1,111,2026-07-09T06:35:00+08:00,芝加哥小熊,巴爾的摩金鶯,芝加哥小熊 @ 巴爾的摩金鶯,51436336.1,374,得分最高單局(不含延長賽),252817675.1,第8局,,,5.60,5,23,,,
2026-07-08,2026-07-08T13:51:01,台灣運彩,824815,3477263.1,111,2026-07-09T06:35:00+08:00,芝加哥小熊,巴爾的摩金鶯,芝加哥小熊 @ 巴爾的摩金鶯,51436336.1,374,得分最高單局(不含延長賽),252817676.1,第9局,,,8.00,1,7,,,
2026-07-08,2026-07-08T13:51:01,台灣運彩,824815,3477263.1,111,2026-07-09T06:35:00+08:00,芝加哥小熊,巴爾的摩金鶯,芝加哥小熊 @ 巴爾的摩金鶯,51436331.1,376,[1-5局] 不讓分,252817656.1,巴爾的摩金鶯,H,,1.70,10,7,H,,1
2026-07-08,2026-07-08T13:51:01,台灣運彩,824815,3477263.1,111,2026-07-09T06:35:00+08:00,芝加哥小熊,巴爾的摩金鶯,芝加哥小熊 @ 巴爾的摩金鶯,51436331.1,376,[1-5局] 不讓分,252817658.1,芝加哥小熊,A,,2.00,1,1,A,,2
2026-07-08,2026-07-08T13:51:01,台灣運彩,824815,3477263.1,111,2026-07-09T06:35:00+08:00,芝加哥小熊,巴爾的摩金鶯,芝加哥小熊 @ 巴爾的摩金鶯,51436331.1,376,[1-5局] 不讓分,252817657.1,和局,D,,4.95,20,79,D,,
2026-07-08,2026-07-08T13:51:01,台灣運彩,824815,3477263.1,111,2026-07-09T06:35:00+08:00,芝加哥小熊,巴爾的摩金鶯,芝加哥小熊 @ 巴爾的摩金鶯,51436334.1,378,[1-5局] 大小 4.5,252817664.1,大 4.5,A,4.5,1.53,100,53,A,4.5,
2026-07-08,2026-07-08T13:51:01,台灣運彩,824815,3477263.1,111,2026-07-09T06:35:00+08:00,芝加哥小熊,巴爾的摩金鶯,芝加哥小熊 @ 巴爾的摩金鶯,51436334.1,378,[1-5局] 大小 4.5,252817663.1,小 4.5,H,4.5,1.82,50,41,H,4.5,
2026-07-08,2026-07-08T13:51:01,台灣運彩,824815,3477263.1,111,2026-07-09T06:35:00+08:00,芝加哥小熊,巴爾的摩金鶯,芝加哥小熊 @ 巴爾的摩金鶯,51436332.1,379,[1-5局] 巴爾的摩金鶯 大小 2.5,252817660.1,大 2.5,A,2.5,1.78,50,39,A,2.5,
2026-07-08,2026-07-08T13:51:01,台灣運彩,824815,3477263.1,111,2026-07-09T06:35:00+08:00,芝加哥小熊,巴爾的摩金鶯,芝加哥小熊 @ 巴爾的摩金鶯,51436332.1,379,[1-5局] 巴爾的摩金鶯 大小 2.5,252817659.1,小 2.5,H,2.5,1.65,20,13,H,2.5,
2026-07-08,2026-07-08T13:51:01,台灣運彩,824815,3477263.1,111,2026-07-09T06:35:00+08:00,芝加哥小熊,巴爾的摩金鶯,芝加哥小熊 @ 巴爾的摩金鶯,51436330.1,380,[1-5局] 芝加哥小熊 大小 2.5,252817655.1,大 2.5,A,2.5,2.00,1,1,A,2.5,
2026-07-08,2026-07-08T13:51:01,台灣運彩,824815,3477263.1,111,2026-07-09T06:35:00+08:00,芝加哥小熊,巴爾的摩金鶯,芝加哥小熊 @ 巴爾的摩金鶯,51436330.1,380,[1-5局] 芝加哥小熊 大小 2.5,252817654.1,小 2.5,H,2.5,1.48,25,12,H,2.5,
2026-07-08,2026-07-08T13:51:01,台灣運彩,824815,3477263.1,111,2026-07-09T06:35:00+08:00,芝加哥小熊,巴爾的摩金鶯,芝加哥小熊 @ 巴爾的摩金鶯,51436335.1,389,[第1局] 不讓分,252817665.1,巴爾的摩金鶯,H,,2.75,4,7,H,,1
2026-07-08,2026-07-08T13:51:01,台灣運彩,824815,3477263.1,111,2026-07-09T06:35:00+08:00,芝加哥小熊,巴爾的摩金鶯,芝加哥小熊 @ 巴爾的摩金鶯,51436335.1,389,[第1局] 不讓分,252817667.1,芝加哥小熊,A,,3.25,4,9,A,,2
2026-07-08,2026-07-08T13:51:01,台灣運彩,824815,3477263.1,111,2026-07-09T06:35:00+08:00,芝加哥小熊,巴爾的摩金鶯,芝加哥小熊 @ 巴爾的摩金鶯,51436335.1,389,[第1局] 不讓分,252817666.1,和局,D,,1.60,5,3,D,,
2026-07-08,2026-07-08T13:51:01,台灣運彩,824815,3477263.1,111,2026-07-09T06:35:00+08:00,芝加哥小熊,巴爾的摩金鶯,芝加哥小熊 @ 巴爾的摩金鶯,51436333.1,398,[第1局] 大小 0.5,252817662.1,大 0.5,A,0.5,1.62,50,31,A,0.5,
2026-07-08,2026-07-08T13:51:01,台灣運彩,824815,3477263.1,111,2026-07-09T06:35:00+08:00,芝加哥小熊,巴爾的摩金鶯,芝加哥小熊 @ 巴爾的摩金鶯,51436333.1,398,[第1局] 大小 0.5,252817661.1,小 0.5,H,0.5,1.71,100,71,H,0.5,
2026-07-08,2026-07-08T13:51:01,台灣運彩,824253,3477264.1,113,2026-07-09T06:40:00+08:00,運動家,底特律老虎,運動家 @ 底特律老虎,51435835.1,354,不讓分,252814317.1,底特律老虎,H,,1.45,20,9,H,,1
2026-07-08,2026-07-08T13:51:01,台灣運彩,824253,3477264.1,113,2026-07-09T06:40:00+08:00,運動家,底特律老虎,運動家 @ 底特律老虎,51435835.1,354,不讓分,252814318.1,運動家,A,,2.10,10,11,A,,2
2026-07-08,2026-07-08T13:51:01,台灣運彩,824253,3477264.1,113,2026-07-09T06:40:00+08:00,運動家,底特律老虎,運動家 @ 底特律老虎,51435843.1,357,勝分差,252814333.1,底特律老虎 1 分,H,,4.00,1,3,H,,
2026-07-08,2026-07-08T13:51:01,台灣運彩,824253,3477264.1,113,2026-07-09T06:40:00+08:00,運動家,底特律老虎,運動家 @ 底特律老虎,51435843.1,357,勝分差,252814334.1,底特律老虎 2 分,H,,6.50,2,11,H,,
2026-07-08,2026-07-08T13:51:01,台灣運彩,824253,3477264.1,113,2026-07-09T06:40:00+08:00,運動家,底特律老虎,運動家 @ 底特律老虎,51435843.1,357,勝分差,252814335.1,底特律老虎 > 2分,H,,2.25,4,5,H,,
2026-07-08,2026-07-08T13:51:01,台灣運彩,824253,3477264.1,113,2026-07-09T06:40:00+08:00,運動家,底特律老虎,運動家 @ 底特律老虎,51435843.1,357,勝分差,252814336.1,運動家 1 分,A,,6.25,4,21,A,,
2026-07-08,2026-07-08T13:51:01,台灣運彩,824253,3477264.1,113,2026-07-09T06:40:00+08:00,運動家,底特律老虎,運動家 @ 底特律老虎,51435843.1,357,勝分差,252814337.1,運動家 2 分,A,,8.00,1,7,A,,
2026-07-08,2026-07-08T13:51:01,台灣運彩,824253,3477264.1,113,2026-07-09T06:40:00+08:00,運動家,底特律老虎,運動家 @ 底特律老虎,51435843.1,357,勝分差,252814338.1,運動家 > 2分,A,,3.20,5,11,A,,
2026-07-08,2026-07-08T13:51:01,台灣運彩,824253,3477264.1,113,2026-07-09T06:40:00+08:00,運動家,底特律老虎,運動家 @ 底特律老虎,51435838.1,358,讓分 -1.5,252814323.1,底特律老虎 -1.5,H,-1.5,1.92,25,23,H,-1.5,1
2026-07-08,2026-07-08T13:51:01,台灣運彩,824253,3477264.1,113,2026-07-09T06:40:00+08:00,運動家,底特律老虎,運動家 @ 底特律老虎,51435838.1,358,讓分 -1.5,252814324.1,運動家 +1.5,A,-1.5,1.58,50,29,A,-1.5,2
2026-07-08,2026-07-08T13:51:01,台灣運彩,824253,3477264.1,113,2026-07-09T06:40:00+08:00,運動家,底特律老虎,運動家 @ 底特律老虎,51435841.1,358,讓分 -2.5,252814329.1,底特律老虎 -2.5,H,-2.5,2.33,100,133,H,-2.5,1
2026-07-08,2026-07-08T13:51:01,台灣運彩,824253,3477264.1,113,2026-07-09T06:40:00+08:00,運動家,底特律老虎,運動家 @ 底特律老虎,51435841.1,358,讓分 -2.5,252814330.1,運動家 +2.5,A,-2.5,1.38,50,19,A,-2.5,2
2026-07-08,2026-07-08T13:51:01,台灣運彩,824253,3477264.1,113,2026-07-09T06:40:00+08:00,運動家,底特律老虎,運動家 @ 底特律老虎,51435837.1,360,[總分]大小 7.5,252814322.1,大 7.5,A,7.5,1.45,20,9,A,7.5,
2026-07-08,2026-07-08T13:51:01,台灣運彩,824253,3477264.1,113,2026-07-09T06:40:00+08:00,運動家,底特律老虎,運動家 @ 底特律老虎,51435837.1,360,[總分]大小 7.5,252814321.1,小 7.5,H,7.5,2.10,10,11,H,7.5,
2026-07-08,2026-07-08T13:51:01,台灣運彩,824253,3477264.1,113,2026-07-09T06:40:00+08:00,運動家,底特律老虎,運動家 @ 底特律老虎,51435840.1,360,[總分]大小 8.5,252814328.1,大 8.5,A,8.5,1.65,20,13,A,8.5,
2026-07-08,2026-07-08T13:51:01,台灣運彩,824253,3477264.1,113,2026-07-09T06:40:00+08:00,運動家,底特律老虎,運動家 @ 底特律老虎,51435840.1,360,[總分]大小 8.5,252814327.1,小 8.5,H,8.5,1.85,20,17,H,8.5,
2026-07-08,2026-07-08T13:51:01,台灣運彩,824253,3477264.1,113,2026-07-09T06:40:00+08:00,運動家,底特律老虎,運動家 @ 底特律老虎,51435842.1,360,[總分]大小 9.5,252814332.1,大 9.5,A,9.5,1.95,20,19,A,9.5,
2026-07-08,2026-07-08T13:51:01,台灣運彩,824253,3477264.1,113,2026-07-09T06:40:00+08:00,運動家,底特律老虎,運動家 @ 底特律老虎,51435842.1,360,[總分]大小 9.5,252814331.1,小 9.5,H,9.5,1.55,20,11,H,9.5,
2026-07-08,2026-07-08T13:51:01,台灣運彩,824253,3477264.1,113,2026-07-09T06:40:00+08:00,運動家,底特律老虎,運動家 @ 底特律老虎,51435833.1,362,底特律老虎 大小 4.5,252814314.1,大 4.5,A,4.5,1.68,25,17,A,4.5,
2026-07-08,2026-07-08T13:51:01,台灣運彩,824253,3477264.1,113,2026-07-09T06:40:00+08:00,運動家,底特律老虎,運動家 @ 底特律老虎,51435833.1,362,底特律老虎 大小 4.5,252814313.1,小 4.5,H,4.5,1.75,4,3,H,4.5,
2026-07-08,2026-07-08T13:51:01,台灣運彩,824253,3477264.1,113,2026-07-09T06:40:00+08:00,運動家,底特律老虎,運動家 @ 底特律老虎,51435836.1,363,運動家 大小 3.5,252814320.1,大 3.5,A,3.5,1.63,100,63,A,3.5,
2026-07-08,2026-07-08T13:51:01,台灣運彩,824253,3477264.1,113,2026-07-09T06:40:00+08:00,運動家,底特律老虎,運動家 @ 底特律老虎,51435836.1,363,運動家 大小 3.5,252814319.1,小 3.5,H,3.5,1.80,5,4,H,3.5,
2026-07-08,2026-07-08T13:51:01,台灣運彩,824253,3477264.1,113,2026-07-09T06:40:00+08:00,運動家,底特律老虎,運動家 @ 底特律老虎,51435834.1,366,[總分]單雙,252814316.1,單,,,1.48,25,12,,,
2026-07-08,2026-07-08T13:51:01,台灣運彩,824253,3477264.1,113,2026-07-09T06:40:00+08:00,運動家,底特律老虎,運動家 @ 底特律老虎,51435834.1,366,[總分]單雙,252814315.1,雙,,,2.00,1,1,,,
2026-07-08,2026-07-08T13:51:01,台灣運彩,824253,3477264.1,113,2026-07-09T06:40:00+08:00,運動家,底特律老虎,運動家 @ 底特律老虎,51436066.1,374,得分最高單局(不含延長賽),252814963.1,一樣多,,,2.30,10,13,,,
2026-07-08,2026-07-08T13:51:01,台灣運彩,824253,3477264.1,113,2026-07-09T06:40:00+08:00,運動家,底特律老虎,運動家 @ 底特律老虎,51436066.1,374,得分最高單局(不含延長賽),252814954.1,第1局,,,5.20,5,21,,,
2026-07-08,2026-07-08T13:51:01,台灣運彩,824253,3477264.1,113,2026-07-09T06:40:00+08:00,運動家,底特律老虎,運動家 @ 底特律老虎,51436066.1,374,得分最高單局(不含延長賽),252814955.1,第2局,,,6.00,1,5,,,
2026-07-08,2026-07-08T13:51:01,台灣運彩,824253,3477264.1,113,2026-07-09T06:40:00+08:00,運動家,底特律老虎,運動家 @ 底特律老虎,51436066.1,374,得分最高單局(不含延長賽),252814956.1,第3局,,,5.65,20,93,,,
2026-07-08,2026-07-08T13:51:01,台灣運彩,824253,3477264.1,113,2026-07-09T06:40:00+08:00,運動家,底特律老虎,運動家 @ 底特律老虎,51436066.1,374,得分最高單局(不含延長賽),252814957.1,第4局,,,6.00,1,5,,,
2026-07-08,2026-07-08T13:51:01,台灣運彩,824253,3477264.1,113,2026-07-09T06:40:00+08:00,運動家,底特律老虎,運動家 @ 底特律老虎,51436066.1,374,得分最高單局(不含延長賽),252814958.1,第5局,,,5.60,5,23,,,
2026-07-08,2026-07-08T13:51:01,台灣運彩,824253,3477264.1,113,2026-07-09T06:40:00+08:00,運動家,底特律老虎,運動家 @ 底特律老虎,51436066.1,374,得分最高單局(不含延長賽),252814959.1,第6局,,,6.25,4,21,,,
2026-07-08,2026-07-08T13:51:01,台灣運彩,824253,3477264.1,113,2026-07-09T06:40:00+08:00,運動家,底特律老虎,運動家 @ 底特律老虎,51436066.1,374,得分最高單局(不含延長賽),252814960.1,第7局,,,6.25,4,21,,,
2026-07-08,2026-07-08T13:51:01,台灣運彩,824253,3477264.1,113,2026-07-09T06:40:00+08:00,運動家,底特律老虎,運動家 @ 底特律老虎,51436066.1,374,得分最高單局(不含延長賽),252814961.1,第8局,,,6.00,1,5,,,
2026-07-08,2026-07-08T13:51:01,台灣運彩,824253,3477264.1,113,2026-07-09T06:40:00+08:00,運動家,底特律老虎,運動家 @ 底特律老虎,51436066.1,374,得分最高單局(不含延長賽),252814962.1,第9局,,,8.00,1,7,,,
2026-07-08,2026-07-08T13:51:01,台灣運彩,824253,3477264.1,113,2026-07-09T06:40:00+08:00,運動家,底特律老虎,運動家 @ 底特律老虎,51436065.1,376,[1-5局] 不讓分,252814951.1,底特律老虎,H,,1.55,20,11,H,,1
2026-07-08,2026-07-08T13:51:01,台灣運彩,824253,3477264.1,113,2026-07-09T06:40:00+08:00,運動家,底特律老虎,運動家 @ 底特律老虎,51436065.1,376,[1-5局] 不讓分,252814953.1,運動家,A,,2.15,20,23,A,,2
2026-07-08,2026-07-08T13:51:01,台灣運彩,824253,3477264.1,113,2026-07-09T06:40:00+08:00,運動家,底特律老虎,運動家 @ 底特律老虎,51436065.1,376,[1-5局] 不讓分,252814952.1,和局,D,,5.00,1,4,D,,
2026-07-08,2026-07-08T13:51:01,台灣運彩,824253,3477264.1,113,2026-07-09T06:40:00+08:00,運動家,底特律老虎,運動家 @ 底特律老虎,51436060.1,378,[1-5局] 大小 4.5,252814941.1,大 4.5,A,4.5,1.56,25,14,A,4.5,
2026-07-08,2026-07-08T13:51:01,台灣運彩,824253,3477264.1,113,2026-07-09T06:40:00+08:00,運動家,底特律老虎,運動家 @ 底特律老虎,51436060.1,378,[1-5局] 大小 4.5,252814940.1,小 4.5,H,4.5,1.78,50,39,H,4.5,
2026-07-08,2026-07-08T13:51:01,台灣運彩,824253,3477264.1,113,2026-07-09T06:40:00+08:00,運動家,底特律老虎,運動家 @ 底特律老虎,51436061.1,379,[1-5局] 底特律老虎 大小 2.5,252814943.1,大 2.5,A,2.5,1.70,10,7,A,2.5,
2026-07-08,2026-07-08T13:51:01,台灣運彩,824253,3477264.1,113,2026-07-09T06:40:00+08:00,運動家,底特律老虎,運動家 @ 底特律老虎,51436061.1,379,[1-5局] 底特律老虎 大小 2.5,252814942.1,小 2.5,H,2.5,1.73,100,73,H,2.5,
2026-07-08,2026-07-08T13:51:01,台灣運彩,824253,3477264.1,113,2026-07-09T06:40:00+08:00,運動家,底特律老虎,運動家 @ 底特律老虎,51436062.1,380,[1-5局] 運動家 大小 1.5,252814945.1,大 1.5,A,1.5,1.56,25,14,A,1.5,
2026-07-08,2026-07-08T13:51:01,台灣運彩,824253,3477264.1,113,2026-07-09T06:40:00+08:00,運動家,底特律老虎,運動家 @ 底特律老虎,51436062.1,380,[1-5局] 運動家 大小 1.5,252814944.1,小 1.5,H,1.5,1.88,25,22,H,1.5,
2026-07-08,2026-07-08T13:51:01,台灣運彩,824253,3477264.1,113,2026-07-09T06:40:00+08:00,運動家,底特律老虎,運動家 @ 底特律老虎,51436063.1,389,[第1局] 不讓分,252814946.1,底特律老虎,H,,2.55,20,31,H,,1
2026-07-08,2026-07-08T13:51:01,台灣運彩,824253,3477264.1,113,2026-07-09T06:40:00+08:00,運動家,底特律老虎,運動家 @ 底特律老虎,51436063.1,389,[第1局] 不讓分,252814948.1,運動家,A,,3.55,20,51,A,,2
2026-07-08,2026-07-08T13:51:01,台灣運彩,824253,3477264.1,113,2026-07-09T06:40:00+08:00,運動家,底特律老虎,運動家 @ 底特律老虎,51436063.1,389,[第1局] 不讓分,252814947.1,和局,D,,1.60,5,3,D,,
2026-07-08,2026-07-08T13:51:01,台灣運彩,824253,3477264.1,113,2026-07-09T06:40:00+08:00,運動家,底特律老虎,運動家 @ 底特律老虎,51436064.1,398,[第1局] 大小 0.5,252814950.1,大 0.5,A,0.5,1.62,50,31,A,0.5,
2026-07-08,2026-07-08T13:51:01,台灣運彩,824253,3477264.1,113,2026-07-09T06:40:00+08:00,運動家,底特律老虎,運動家 @ 底特律老虎,51436064.1,398,[第1局] 大小 0.5,252814949.1,小 0.5,H,0.5,1.71,100,71,H,0.5,
2026-07-08,2026-07-08T13:51:01,台灣運彩,823360,3477265.1,115,2026-07-09T06:40:00+08:00,亞特蘭大勇士,匹茲堡海盜,亞特蘭大勇士 @ 匹茲堡海盜,51435852.1,354,不讓分,252814355.1,匹茲堡海盜,H,,1.63,100,63,H,,1
2026-07-08,2026-07-08T13:51:01,台灣運彩,823360,3477265.1,115,2026-07-09T06:40:00+08:00,亞特蘭大勇士,匹茲堡海盜,亞特蘭大勇士 @ 匹茲堡海盜,51435852.1,354,不讓分,252814356.1,亞特蘭大勇士,A,,1.87,100,87,A,,2
2026-07-08,2026-07-08T13:51:01,台灣運彩,823360,3477265.1,115,2026-07-09T06:40:00+08:00,亞特蘭大勇士,匹茲堡海盜,亞特蘭大勇士 @ 匹茲堡海盜,51435854.1,357,勝分差,252814362.1,亞特蘭大勇士 1 分,A,,5.70,10,47,A,,
2026-07-08,2026-07-08T13:51:01,台灣運彩,823360,3477265.1,115,2026-07-09T06:40:00+08:00,亞特蘭大勇士,匹茲堡海盜,亞特蘭大勇士 @ 匹茲堡海盜,51435854.1,357,勝分差,252814363.1,亞特蘭大勇士 2 分,A,,7.25,4,25,A,,
2026-07-08,2026-07-08T13:51:01,台灣運彩,823360,3477265.1,115,2026-07-09T06:40:00+08:00,亞特蘭大勇士,匹茲堡海盜,亞特蘭大勇士 @ 匹茲堡海盜,51435854.1,357,勝分差,252814364.1,亞特蘭大勇士 > 2分,A,,2.65,20,33,A,,
2026-07-08,2026-07-08T13:51:01,台灣運彩,823360,3477265.1,115,2026-07-09T06:40:00+08:00,亞特蘭大勇士,匹茲堡海盜,亞特蘭大勇士 @ 匹茲堡海盜,51435854.1,357,勝分差,252814359.1,匹茲堡海盜 1 分,H,,4.15,20,63,H,,
2026-07-08,2026-07-08T13:51:01,台灣運彩,823360,3477265.1,115,2026-07-09T06:40:00+08:00,亞特蘭大勇士,匹茲堡海盜,亞特蘭大勇士 @ 匹茲堡海盜,51435854.1,357,勝分差,252814360.1,匹茲堡海盜 2 分,H,,7.25,4,25,H,,
2026-07-08,2026-07-08T13:51:01,台灣運彩,823360,3477265.1,115,2026-07-09T06:40:00+08:00,亞特蘭大勇士,匹茲堡海盜,亞特蘭大勇士 @ 匹茲堡海盜,51435854.1,357,勝分差,252814361.1,匹茲堡海盜 > 2分,H,,2.65,20,33,H,,
2026-07-08,2026-07-08T13:51:01,台灣運彩,823360,3477265.1,115,2026-07-09T06:40:00+08:00,亞特蘭大勇士,匹茲堡海盜,亞特蘭大勇士 @ 匹茲堡海盜,51435847.1,358,讓分 -2.5,252814345.1,匹茲堡海盜 -2.5,H,-2.5,2.70,10,17,H,-2.5,1
2026-07-08,2026-07-08T13:51:01,台灣運彩,823360,3477265.1,115,2026-07-09T06:40:00+08:00,亞特蘭大勇士,匹茲堡海盜,亞特蘭大勇士 @ 匹茲堡海盜,51435847.1,358,讓分 -2.5,252814346.1,亞特蘭大勇士 +2.5,A,-2.5,1.28,25,7,A,-2.5,2
2026-07-08,2026-07-08T13:51:01,台灣運彩,823360,3477265.1,115,2026-07-09T06:40:00+08:00,亞特蘭大勇士,匹茲堡海盜,亞特蘭大勇士 @ 匹茲堡海盜,51435851.1,358,讓分 -1.5,252814353.1,匹茲堡海盜 -1.5,H,-1.5,2.20,5,6,H,-1.5,1
2026-07-08,2026-07-08T13:51:01,台灣運彩,823360,3477265.1,115,2026-07-09T06:40:00+08:00,亞特蘭大勇士,匹茲堡海盜,亞特蘭大勇士 @ 匹茲堡海盜,51435851.1,358,讓分 -1.5,252814354.1,亞特蘭大勇士 +1.5,A,-1.5,1.42,50,21,A,-1.5,2
2026-07-08,2026-07-08T13:51:01,台灣運彩,823360,3477265.1,115,2026-07-09T06:40:00+08:00,亞特蘭大勇士,匹茲堡海盜,亞特蘭大勇士 @ 匹茲堡海盜,51435844.1,360,[總分]大小 8.5,252814340.1,大 8.5,A,8.5,1.68,25,17,A,8.5,
2026-07-08,2026-07-08T13:51:01,台灣運彩,823360,3477265.1,115,2026-07-09T06:40:00+08:00,亞特蘭大勇士,匹茲堡海盜,亞特蘭大勇士 @ 匹茲堡海盜,51435844.1,360,[總分]大小 8.5,252814339.1,小 8.5,H,8.5,1.82,50,41,H,8.5,
2026-07-08,2026-07-08T13:51:01,台灣運彩,823360,3477265.1,115,2026-07-09T06:40:00+08:00,亞特蘭大勇士,匹茲堡海盜,亞特蘭大勇士 @ 匹茲堡海盜,51435848.1,360,[總分]大小 9.5,252814348.1,大 9.5,A,9.5,1.98,50,49,A,9.5,
2026-07-08,2026-07-08T13:51:01,台灣運彩,823360,3477265.1,115,2026-07-09T06:40:00+08:00,亞特蘭大勇士,匹茲堡海盜,亞特蘭大勇士 @ 匹茲堡海盜,51435848.1,360,[總分]大小 9.5,252814347.1,小 9.5,H,9.5,1.52,25,13,H,9.5,
2026-07-08,2026-07-08T13:51:01,台灣運彩,823360,3477265.1,115,2026-07-09T06:40:00+08:00,亞特蘭大勇士,匹茲堡海盜,亞特蘭大勇士 @ 匹茲堡海盜,51435849.1,360,[總分]大小 7.5,252814350.1,大 7.5,A,7.5,1.46,50,23,A,7.5,
2026-07-08,2026-07-08T13:51:01,台灣運彩,823360,3477265.1,115,2026-07-09T06:40:00+08:00,亞特蘭大勇士,匹茲堡海盜,亞特蘭大勇士 @ 匹茲堡海盜,51435849.1,360,[總分]大小 7.5,252814349.1,小 7.5,H,7.5,2.07,100,107,H,7.5,
2026-07-08,2026-07-08T13:51:01,台灣運彩,823360,3477265.1,115,2026-07-09T06:40:00+08:00,亞特蘭大勇士,匹茲堡海盜,亞特蘭大勇士 @ 匹茲堡海盜,51435853.1,362,匹茲堡海盜 大小 4.5,252814358.1,大 4.5,A,4.5,1.86,50,43,A,4.5,
2026-07-08,2026-07-08T13:51:01,台灣運彩,823360,3477265.1,115,2026-07-09T06:40:00+08:00,亞特蘭大勇士,匹茲堡海盜,亞特蘭大勇士 @ 匹茲堡海盜,51435853.1,362,匹茲堡海盜 大小 4.5,252814357.1,小 4.5,H,4.5,1.58,50,29,H,4.5,
2026-07-08,2026-07-08T13:51:01,台灣運彩,823360,3477265.1,115,2026-07-09T06:40:00+08:00,亞特蘭大勇士,匹茲堡海盜,亞特蘭大勇士 @ 匹茲堡海盜,51435850.1,363,亞特蘭大勇士 大小 4.5,252814352.1,大 4.5,A,4.5,1.86,50,43,A,4.5,
2026-07-08,2026-07-08T13:51:01,台灣運彩,823360,3477265.1,115,2026-07-09T06:40:00+08:00,亞特蘭大勇士,匹茲堡海盜,亞特蘭大勇士 @ 匹茲堡海盜,51435850.1,363,亞特蘭大勇士 大小 4.5,252814351.1,小 4.5,H,4.5,1.58,50,29,H,4.5,
2026-07-08,2026-07-08T13:51:01,台灣運彩,823360,3477265.1,115,2026-07-09T06:40:00+08:00,亞特蘭大勇士,匹茲堡海盜,亞特蘭大勇士 @ 匹茲堡海盜,51435845.1,366,[總分]單雙,252814342.1,單,,,1.48,25,12,,,
2026-07-08,2026-07-08T13:51:01,台灣運彩,823360,3477265.1,115,2026-07-09T06:40:00+08:00,亞特蘭大勇士,匹茲堡海盜,亞特蘭大勇士 @ 匹茲堡海盜,51435845.1,366,[總分]單雙,252814341.1,雙,,,2.00,1,1,,,
2026-07-08,2026-07-08T13:51:01,台灣運彩,823360,3477265.1,115,2026-07-09T06:40:00+08:00,亞特蘭大勇士,匹茲堡海盜,亞特蘭大勇士 @ 匹茲堡海盜,51436059.1,374,得分最高單局(不含延長賽),252814939.1,一樣多,,,2.25,4,5,,,
2026-07-08,2026-07-08T13:51:01,台灣運彩,823360,3477265.1,115,2026-07-09T06:40:00+08:00,亞特蘭大勇士,匹茲堡海盜,亞特蘭大勇士 @ 匹茲堡海盜,51436059.1,374,得分最高單局(不含延長賽),252814930.1,第1局,,,5.10,10,41,,,
2026-07-08,2026-07-08T13:51:01,台灣運彩,823360,3477265.1,115,2026-07-09T06:40:00+08:00,亞特蘭大勇士,匹茲堡海盜,亞特蘭大勇士 @ 匹茲堡海盜,51436059.1,374,得分最高單局(不含延長賽),252814931.1,第2局,,,6.25,4,21,,,
2026-07-08,2026-07-08T13:51:01,台灣運彩,823360,3477265.1,115,2026-07-09T06:40:00+08:00,亞特蘭大勇士,匹茲堡海盜,亞特蘭大勇士 @ 匹茲堡海盜,51436059.1,374,得分最高單局(不含延長賽),252814932.1,第3局,,,5.20,5,21,,,
2026-07-08,2026-07-08T13:51:01,台灣運彩,823360,3477265.1,115,2026-07-09T06:40:00+08:00,亞特蘭大勇士,匹茲堡海盜,亞特蘭大勇士 @ 匹茲堡海盜,51436059.1,374,得分最高單局(不含延長賽),252814933.1,第4局,,,5.95,20,99,,,
2026-07-08,2026-07-08T13:51:01,台灣運彩,823360,3477265.1,115,2026-07-09T06:40:00+08:00,亞特蘭大勇士,匹茲堡海盜,亞特蘭大勇士 @ 匹茲堡海盜,51436059.1,374,得分最高單局(不含延長賽),252814934.1,第5局,,,5.55,20,91,,,
2026-07-08,2026-07-08T13:51:01,台灣運彩,823360,3477265.1,115,2026-07-09T06:40:00+08:00,亞特蘭大勇士,匹茲堡海盜,亞特蘭大勇士 @ 匹茲堡海盜,51436059.1,374,得分最高單局(不含延長賽),252814935.1,第6局,,,6.50,2,11,,,
2026-07-08,2026-07-08T13:51:01,台灣運彩,823360,3477265.1,115,2026-07-09T06:40:00+08:00,亞特蘭大勇士,匹茲堡海盜,亞特蘭大勇士 @ 匹茲堡海盜,51436059.1,374,得分最高單局(不含延長賽),252814936.1,第7局,,,6.50,2,11,,,
2026-07-08,2026-07-08T13:51:01,台灣運彩,823360,3477265.1,115,2026-07-09T06:40:00+08:00,亞特蘭大勇士,匹茲堡海盜,亞特蘭大勇士 @ 匹茲堡海盜,51436059.1,374,得分最高單局(不含延長賽),252814937.1,第8局,,,6.50,2,11,,,
2026-07-08,2026-07-08T13:51:01,台灣運彩,823360,3477265.1,115,2026-07-09T06:40:00+08:00,亞特蘭大勇士,匹茲堡海盜,亞特蘭大勇士 @ 匹茲堡海盜,51436059.1,374,得分最高單局(不含延長賽),252814938.1,第9局,,,8.00,1,7,,,
2026-07-08,2026-07-08T13:51:01,台灣運彩,823360,3477265.1,115,2026-07-09T06:40:00+08:00,亞特蘭大勇士,匹茲堡海盜,亞特蘭大勇士 @ 匹茲堡海盜,51436054.1,376,[1-5局] 不讓分,252814918.1,匹茲堡海盜,H,,1.75,4,3,H,,1
2026-07-08,2026-07-08T13:51:01,台灣運彩,823360,3477265.1,115,2026-07-09T06:40:00+08:00,亞特蘭大勇士,匹茲堡海盜,亞特蘭大勇士 @ 匹茲堡海盜,51436054.1,376,[1-5局] 不讓分,252814920.1,亞特蘭大勇士,A,,1.90,10,9,A,,2
2026-07-08,2026-07-08T13:51:01,台灣運彩,823360,3477265.1,115,2026-07-09T06:40:00+08:00,亞特蘭大勇士,匹茲堡海盜,亞特蘭大勇士 @ 匹茲堡海盜,51436054.1,376,[1-5局] 不讓分,252814919.1,和局,D,,4.95,20,79,D,,
2026-07-08,2026-07-08T13:51:01,台灣運彩,823360,3477265.1,115,2026-07-09T06:40:00+08:00,亞特蘭大勇士,匹茲堡海盜,亞特蘭大勇士 @ 匹茲堡海盜,51436053.1,378,[1-5局] 大小 4.5,252814917.1,大 4.5,A,4.5,1.55,20,11,A,4.5,
2026-07-08,2026-07-08T13:51:01,台灣運彩,823360,3477265.1,115,2026-07-09T06:40:00+08:00,亞特蘭大勇士,匹茲堡海盜,亞特蘭大勇士 @ 匹茲堡海盜,51436053.1,378,[1-5局] 大小 4.5,252814916.1,小 4.5,H,4.5,1.80,5,4,H,4.5,
2026-07-08,2026-07-08T13:51:01,台灣運彩,823360,3477265.1,115,2026-07-09T06:40:00+08:00,亞特蘭大勇士,匹茲堡海盜,亞特蘭大勇士 @ 匹茲堡海盜,51436056.1,379,[1-5局] 匹茲堡海盜 大小 2.5,252814925.1,大 2.5,A,2.5,1.85,20,17,A,2.5,
2026-07-08,2026-07-08T13:51:01,台灣運彩,823360,3477265.1,115,2026-07-09T06:40:00+08:00,亞特蘭大勇士,匹茲堡海盜,亞特蘭大勇士 @ 匹茲堡海盜,51436056.1,379,[1-5局] 匹茲堡海盜 大小 2.5,252814924.1,小 2.5,H,2.5,1.60,5,3,H,2.5,
2026-07-08,2026-07-08T13:51:01,台灣運彩,823360,3477265.1,115,2026-07-09T06:40:00+08:00,亞特蘭大勇士,匹茲堡海盜,亞特蘭大勇士 @ 匹茲堡海盜,51436057.1,380,[1-5局] 亞特蘭大勇士 大小 2.5,252814927.1,大 2.5,A,2.5,1.93,100,93,A,2.5,
2026-07-08,2026-07-08T13:51:01,台灣運彩,823360,3477265.1,115,2026-07-09T06:40:00+08:00,亞特蘭大勇士,匹茲堡海盜,亞特蘭大勇士 @ 匹茲堡海盜,51436057.1,380,[1-5局] 亞特蘭大勇士 大小 2.5,252814926.1,小 2.5,H,2.5,1.53,100,53,H,2.5,
2026-07-08,2026-07-08T13:51:01,台灣運彩,823360,3477265.1,115,2026-07-09T06:40:00+08:00,亞特蘭大勇士,匹茲堡海盜,亞特蘭大勇士 @ 匹茲堡海盜,51436055.1,389,[第1局] 不讓分,252814921.1,匹茲堡海盜,H,,2.85,20,37,H,,1
2026-07-08,2026-07-08T13:51:01,台灣運彩,823360,3477265.1,115,2026-07-09T06:40:00+08:00,亞特蘭大勇士,匹茲堡海盜,亞特蘭大勇士 @ 匹茲堡海盜,51436055.1,389,[第1局] 不讓分,252814923.1,亞特蘭大勇士,A,,3.10,10,21,A,,2
2026-07-08,2026-07-08T13:51:01,台灣運彩,823360,3477265.1,115,2026-07-09T06:40:00+08:00,亞特蘭大勇士,匹茲堡海盜,亞特蘭大勇士 @ 匹茲堡海盜,51436055.1,389,[第1局] 不讓分,252814922.1,和局,D,,1.60,5,3,D,,
2026-07-08,2026-07-08T13:51:01,台灣運彩,823360,3477265.1,115,2026-07-09T06:40:00+08:00,亞特蘭大勇士,匹茲堡海盜,亞特蘭大勇士 @ 匹茲堡海盜,51436058.1,398,[第1局] 大小 0.5,252814929.1,大 0.5,A,0.5,1.62,50,31,A,0.5,
2026-07-08,2026-07-08T13:51:01,台灣運彩,823360,3477265.1,115,2026-07-09T06:40:00+08:00,亞特蘭大勇士,匹茲堡海盜,亞特蘭大勇士 @ 匹茲堡海盜,51436058.1,398,[第1局] 大小 0.5,252814928.1,小 0.5,H,0.5,1.71,100,71,H,0.5,
2026-07-08,2026-07-08T13:51:01,台灣運彩,822957,3477266.1,116,2026-07-09T06:40:00+08:00,紐約洋基,坦帕灣光芒,紐約洋基 @ 坦帕灣光芒,51435855.1,354,不讓分,252814365.1,坦帕灣光芒,H,,1.62,50,31,H,,1
2026-07-08,2026-07-08T13:51:01,台灣運彩,822957,3477266.1,116,2026-07-09T06:40:00+08:00,紐約洋基,坦帕灣光芒,紐約洋基 @ 坦帕灣光芒,51435855.1,354,不讓分,252814366.1,紐約洋基,A,,1.88,25,22,A,,2
2026-07-08,2026-07-08T13:51:01,台灣運彩,822957,3477266.1,116,2026-07-09T06:40:00+08:00,紐約洋基,坦帕灣光芒,紐約洋基 @ 坦帕灣光芒,51435872.1,357,勝分差,252814399.1,坦帕灣光芒 1 分,H,,3.75,4,11,H,,
2026-07-08,2026-07-08T13:51:01,台灣運彩,822957,3477266.1,116,2026-07-09T06:40:00+08:00,紐約洋基,坦帕灣光芒,紐約洋基 @ 坦帕灣光芒,51435872.1,357,勝分差,252814400.1,坦帕灣光芒 2 分,H,,6.75,4,23,H,,
2026-07-08,2026-07-08T13:51:01,台灣運彩,822957,3477266.1,116,2026-07-09T06:40:00+08:00,紐約洋基,坦帕灣光芒,紐約洋基 @ 坦帕灣光芒,51435872.1,357,勝分差,252814401.1,坦帕灣光芒 > 2分,H,,2.75,4,7,H,,
2026-07-08,2026-07-08T13:51:01,台灣運彩,822957,3477266.1,116,2026-07-09T06:40:00+08:00,紐約洋基,坦帕灣光芒,紐約洋基 @ 坦帕灣光芒,51435872.1,357,勝分差,252814403.1,紐約洋基 1 分,A,,5.30,10,43,A,,
2026-07-08,2026-07-08T13:51:01,台灣運彩,822957,3477266.1,116,2026-07-09T06:40:00+08:00,紐約洋基,坦帕灣光芒,紐約洋基 @ 坦帕灣光芒,51435872.1,357,勝分差,252814404.1,紐約洋基 2 分,A,,7.00,1,6,A,,
2026-07-08,2026-07-08T13:51:01,台灣運彩,822957,3477266.1,116,2026-07-09T06:40:00+08:00,紐約洋基,坦帕灣光芒,紐約洋基 @ 坦帕灣光芒,51435872.1,357,勝分差,252814405.1,紐約洋基 > 2分,A,,2.90,10,19,A,,
2026-07-08,2026-07-08T13:51:01,台灣運彩,822957,3477266.1,116,2026-07-09T06:40:00+08:00,紐約洋基,坦帕灣光芒,紐約洋基 @ 坦帕灣光芒,51435866.1,358,讓分 -1.5,252814387.1,坦帕灣光芒 -1.5,H,-1.5,2.20,5,6,H,-1.5,1
2026-07-08,2026-07-08T13:51:01,台灣運彩,822957,3477266.1,116,2026-07-09T06:40:00+08:00,紐約洋基,坦帕灣光芒,紐約洋基 @ 坦帕灣光芒,51435866.1,358,讓分 -1.5,252814389.1,紐約洋基 +1.5,A,-1.5,1.42,50,21,A,-1.5,2
2026-07-08,2026-07-08T13:51:01,台灣運彩,822957,3477266.1,116,2026-07-09T06:40:00+08:00,紐約洋基,坦帕灣光芒,紐約洋基 @ 坦帕灣光芒,51435868.1,358,讓分 -2.5,252814391.1,坦帕灣光芒 -2.5,H,-2.5,2.75,4,7,H,-2.5,1
2026-07-08,2026-07-08T13:51:01,台灣運彩,822957,3477266.1,116,2026-07-09T06:40:00+08:00,紐約洋基,坦帕灣光芒,紐約洋基 @ 坦帕灣光芒,51435868.1,358,讓分 -2.5,252814393.1,紐約洋基 +2.5,A,-2.5,1.26,50,13,A,-2.5,2
2026-07-08,2026-07-08T13:51:01,台灣運彩,822957,3477266.1,116,2026-07-09T06:40:00+08:00,紐約洋基,坦帕灣光芒,紐約洋基 @ 坦帕灣光芒,51435856.1,360,[總分]大小 7.5,252814368.1,大 7.5,A,7.5,1.78,50,39,A,7.5,
2026-07-08,2026-07-08T13:51:01,台灣運彩,822957,3477266.1,116,2026-07-09T06:40:00+08:00,紐約洋基,坦帕灣光芒,紐約洋基 @ 坦帕灣光芒,51435856.1,360,[總分]大小 7.5,252814367.1,小 7.5,H,7.5,1.72,25,18,H,7.5,
2026-07-08,2026-07-08T13:51:01,台灣運彩,822957,3477266.1,116,2026-07-09T06:40:00+08:00,紐約洋基,坦帕灣光芒,紐約洋基 @ 坦帕灣光芒,51435857.1,360,[總分]大小 8.5,252814370.1,大 8.5,A,8.5,2.00,1,1,A,8.5,
2026-07-08,2026-07-08T13:51:01,台灣運彩,822957,3477266.1,116,2026-07-09T06:40:00+08:00,紐約洋基,坦帕灣光芒,紐約洋基 @ 坦帕灣光芒,51435857.1,360,[總分]大小 8.5,252814369.1,小 8.5,H,8.5,1.50,2,1,H,8.5,
2026-07-08,2026-07-08T13:51:01,台灣運彩,822957,3477266.1,116,2026-07-09T06:40:00+08:00,紐約洋基,坦帕灣光芒,紐約洋基 @ 坦帕灣光芒,51435865.1,360,[總分]大小 6.5,252814385.1,大 6.5,A,6.5,1.45,20,9,A,6.5,
2026-07-08,2026-07-08T13:51:01,台灣運彩,822957,3477266.1,116,2026-07-09T06:40:00+08:00,紐約洋基,坦帕灣光芒,紐約洋基 @ 坦帕灣光芒,51435865.1,360,[總分]大小 6.5,252814384.1,小 6.5,H,6.5,2.10,10,11,H,6.5,
2026-07-08,2026-07-08T13:51:01,台灣運彩,822957,3477266.1,116,2026-07-09T06:40:00+08:00,紐約洋基,坦帕灣光芒,紐約洋基 @ 坦帕灣光芒,51435860.1,362,坦帕灣光芒 大小 3.5,252814376.1,大 3.5,A,3.5,1.66,50,33,A,3.5,
2026-07-08,2026-07-08T13:51:01,台灣運彩,822957,3477266.1,116,2026-07-09T06:40:00+08:00,紐約洋基,坦帕灣光芒,紐約洋基 @ 坦帕灣光芒,51435860.1,362,坦帕灣光芒 大小 3.5,252814375.1,小 3.5,H,3.5,1.76,25,19,H,3.5,
2026-07-08,2026-07-08T13:51:01,台灣運彩,822957,3477266.1,116,2026-07-09T06:40:00+08:00,紐約洋基,坦帕灣光芒,紐約洋基 @ 坦帕灣光芒,51435862.1,363,紐約洋基 大小 3.5,252814381.1,大 3.5,A,3.5,1.75,4,3,A,3.5,
2026-07-08,2026-07-08T13:51:01,台灣運彩,822957,3477266.1,116,2026-07-09T06:40:00+08:00,紐約洋基,坦帕灣光芒,紐約洋基 @ 坦帕灣光芒,51435862.1,363,紐約洋基 大小 3.5,252814379.1,小 3.5,H,3.5,1.68,25,17,H,3.5,
2026-07-08,2026-07-08T13:51:01,台灣運彩,822957,3477266.1,116,2026-07-09T06:40:00+08:00,紐約洋基,坦帕灣光芒,紐約洋基 @ 坦帕灣光芒,51435859.1,366,[總分]單雙,252814372.1,單,,,1.46,50,23,,,
2026-07-08,2026-07-08T13:51:01,台灣運彩,822957,3477266.1,116,2026-07-09T06:40:00+08:00,紐約洋基,坦帕灣光芒,紐約洋基 @ 坦帕灣光芒,51435859.1,366,[總分]單雙,252814371.1,雙,,,2.05,20,21,,,
2026-07-08,2026-07-08T13:51:01,台灣運彩,822957,3477266.1,116,2026-07-09T06:40:00+08:00,紐約洋基,坦帕灣光芒,紐約洋基 @ 坦帕灣光芒,51436090.1,374,得分最高單局(不含延長賽),252815033.1,一樣多,,,2.20,5,6,,,
2026-07-08,2026-07-08T13:51:01,台灣運彩,822957,3477266.1,116,2026-07-09T06:40:00+08:00,紐約洋基,坦帕灣光芒,紐約洋基 @ 坦帕灣光芒,51436090.1,374,得分最高單局(不含延長賽),252815024.1,第1局,,,5.45,20,89,,,
2026-07-08,2026-07-08T13:51:01,台灣運彩,822957,3477266.1,116,2026-07-09T06:40:00+08:00,紐約洋基,坦帕灣光芒,紐約洋基 @ 坦帕灣光芒,51436090.1,374,得分最高單局(不含延長賽),252815025.1,第2局,,,6.50,2,11,,,
2026-07-08,2026-07-08T13:51:01,台灣運彩,822957,3477266.1,116,2026-07-09T06:40:00+08:00,紐約洋基,坦帕灣光芒,紐約洋基 @ 坦帕灣光芒,51436090.1,374,得分最高單局(不含延長賽),252815026.1,第3局,,,5.85,20,97,,,
2026-07-08,2026-07-08T13:51:01,台灣運彩,822957,3477266.1,116,2026-07-09T06:40:00+08:00,紐約洋基,坦帕灣光芒,紐約洋基 @ 坦帕灣光芒,51436090.1,374,得分最高單局(不含延長賽),252815027.1,第4局,,,6.50,2,11,,,
2026-07-08,2026-07-08T13:51:01,台灣運彩,822957,3477266.1,116,2026-07-09T06:40:00+08:00,紐約洋基,坦帕灣光芒,紐約洋基 @ 坦帕灣光芒,51436090.1,374,得分最高單局(不含延長賽),252815028.1,第5局,,,6.00,1,5,,,
2026-07-08,2026-07-08T13:51:01,台灣運彩,822957,3477266.1,116,2026-07-09T06:40:00+08:00,紐約洋基,坦帕灣光芒,紐約洋基 @ 坦帕灣光芒,51436090.1,374,得分最高單局(不含延長賽),252815029.1,第6局,,,5.90,10,49,,,
2026-07-08,2026-07-08T13:51:01,台灣運彩,822957,3477266.1,116,2026-07-09T06:40:00+08:00,紐約洋基,坦帕灣光芒,紐約洋基 @ 坦帕灣光芒,51436090.1,374,得分最高單局(不含延長賽),252815030.1,第7局,,,6.00,1,5,,,
2026-07-08,2026-07-08T13:51:01,台灣運彩,822957,3477266.1,116,2026-07-09T06:40:00+08:00,紐約洋基,坦帕灣光芒,紐約洋基 @ 坦帕灣光芒,51436090.1,374,得分最高單局(不含延長賽),252815031.1,第8局,,,5.75,4,19,,,
2026-07-08,2026-07-08T13:51:01,台灣運彩,822957,3477266.1,116,2026-07-09T06:40:00+08:00,紐約洋基,坦帕灣光芒,紐約洋基 @ 坦帕灣光芒,51436090.1,374,得分最高單局(不含延長賽),252815032.1,第9局,,,8.00,1,7,,,
2026-07-08,2026-07-08T13:51:01,台灣運彩,822957,3477266.1,116,2026-07-09T06:40:00+08:00,紐約洋基,坦帕灣光芒,紐約洋基 @ 坦帕灣光芒,51436089.1,376,[1-5局] 不讓分,252815021.1,坦帕灣光芒,H,,1.80,5,4,H,,1
2026-07-08,2026-07-08T13:51:01,台灣運彩,822957,3477266.1,116,2026-07-09T06:40:00+08:00,紐約洋基,坦帕灣光芒,紐約洋基 @ 坦帕灣光芒,51436089.1,376,[1-5局] 不讓分,252815023.1,紐約洋基,A,,2.00,1,1,A,,2
2026-07-08,2026-07-08T13:51:01,台灣運彩,822957,3477266.1,116,2026-07-09T06:40:00+08:00,紐約洋基,坦帕灣光芒,紐約洋基 @ 坦帕灣光芒,51436089.1,376,[1-5局] 不讓分,252815022.1,和局,D,,4.25,4,13,D,,
2026-07-08,2026-07-08T13:51:01,台灣運彩,822957,3477266.1,116,2026-07-09T06:40:00+08:00,紐約洋基,坦帕灣光芒,紐約洋基 @ 坦帕灣光芒,51436078.1,378,[1-5局] 大小 3.5,252814989.1,大 3.5,A,3.5,1.52,25,13,A,3.5,
2026-07-08,2026-07-08T13:51:01,台灣運彩,822957,3477266.1,116,2026-07-09T06:40:00+08:00,紐約洋基,坦帕灣光芒,紐約洋基 @ 坦帕灣光芒,51436078.1,378,[1-5局] 大小 3.5,252814988.1,小 3.5,H,3.5,1.83,100,83,H,3.5,
2026-07-08,2026-07-08T13:51:01,台灣運彩,822957,3477266.1,116,2026-07-09T06:40:00+08:00,紐約洋基,坦帕灣光芒,紐約洋基 @ 坦帕灣光芒,51436085.1,379,[1-5局] 坦帕灣光芒 大小 1.5,252815013.1,大 1.5,A,1.5,1.58,50,29,A,1.5,
2026-07-08,2026-07-08T13:51:01,台灣運彩,822957,3477266.1,116,2026-07-09T06:40:00+08:00,紐約洋基,坦帕灣光芒,紐約洋基 @ 坦帕灣光芒,51436085.1,379,[1-5局] 坦帕灣光芒 大小 1.5,252815012.1,小 1.5,H,1.5,1.86,50,43,H,1.5,
2026-07-08,2026-07-08T13:51:01,台灣運彩,822957,3477266.1,116,2026-07-09T06:40:00+08:00,紐約洋基,坦帕灣光芒,紐約洋基 @ 坦帕灣光芒,51436088.1,380,[1-5局] 紐約洋基 大小 1.5,252815020.1,大 1.5,A,1.5,1.68,25,17,A,1.5,
2026-07-08,2026-07-08T13:51:01,台灣運彩,822957,3477266.1,116,2026-07-09T06:40:00+08:00,紐約洋基,坦帕灣光芒,紐約洋基 @ 坦帕灣光芒,51436088.1,380,[1-5局] 紐約洋基 大小 1.5,252815019.1,小 1.5,H,1.5,1.75,4,3,H,1.5,
2026-07-08,2026-07-08T13:51:01,台灣運彩,822957,3477266.1,116,2026-07-09T06:40:00+08:00,紐約洋基,坦帕灣光芒,紐約洋基 @ 坦帕灣光芒,51436087.1,389,[第1局] 不讓分,252815016.1,坦帕灣光芒,H,,3.05,20,41,H,,1
2026-07-08,2026-07-08T13:51:01,台灣運彩,822957,3477266.1,116,2026-07-09T06:40:00+08:00,紐約洋基,坦帕灣光芒,紐約洋基 @ 坦帕灣光芒,51436087.1,389,[第1局] 不讓分,252815018.1,紐約洋基,A,,3.50,2,5,A,,2
2026-07-08,2026-07-08T13:51:01,台灣運彩,822957,3477266.1,116,2026-07-09T06:40:00+08:00,紐約洋基,坦帕灣光芒,紐約洋基 @ 坦帕灣光芒,51436087.1,389,[第1局] 不讓分,252815017.1,和局,D,,1.45,20,9,D,,
2026-07-08,2026-07-08T13:51:01,台灣運彩,822957,3477266.1,116,2026-07-09T06:40:00+08:00,紐約洋基,坦帕灣光芒,紐約洋基 @ 坦帕灣光芒,51436086.1,398,[第1局] 大小 0.5,252815015.1,大 0.5,A,0.5,1.80,5,4,A,0.5,
2026-07-08,2026-07-08T13:51:01,台灣運彩,822957,3477266.1,116,2026-07-09T06:40:00+08:00,紐約洋基,坦帕灣光芒,紐約洋基 @ 坦帕灣光芒,51436086.1,398,[第1局] 大小 0.5,252815014.1,小 0.5,H,0.5,1.55,20,11,H,0.5,
2026-07-08,2026-07-08T13:51:01,台灣運彩,823848,3477267.1,117,2026-07-09T06:40:00+08:00,西雅圖水手,邁阿密馬林魚,西雅圖水手 @ 邁阿密馬林魚,51435863.1,354,不讓分,252814380.1,邁阿密馬林魚,H,,1.97,100,97,H,,1
2026-07-08,2026-07-08T13:51:01,台灣運彩,823848,3477267.1,117,2026-07-09T06:40:00+08:00,西雅圖水手,邁阿密馬林魚,西雅圖水手 @ 邁阿密馬林魚,51435863.1,354,不讓分,252814382.1,西雅圖水手,A,,1.53,100,53,A,,2
2026-07-08,2026-07-08T13:51:01,台灣運彩,823848,3477267.1,117,2026-07-09T06:40:00+08:00,西雅圖水手,邁阿密馬林魚,西雅圖水手 @ 邁阿密馬林魚,51435875.1,357,勝分差,252814412.1,西雅圖水手 1 分,A,,5.35,20,87,A,,
2026-07-08,2026-07-08T13:51:01,台灣運彩,823848,3477267.1,117,2026-07-09T06:40:00+08:00,西雅圖水手,邁阿密馬林魚,西雅圖水手 @ 邁阿密馬林魚,51435875.1,357,勝分差,252814413.1,西雅圖水手 2 分,A,,6.75,4,23,A,,
2026-07-08,2026-07-08T13:51:01,台灣運彩,823848,3477267.1,117,2026-07-09T06:40:00+08:00,西雅圖水手,邁阿密馬林魚,西雅圖水手 @ 邁阿密馬林魚,51435875.1,357,勝分差,252814414.1,西雅圖水手 > 2分,A,,2.20,5,6,A,,
2026-07-08,2026-07-08T13:51:01,台灣運彩,823848,3477267.1,117,2026-07-09T06:40:00+08:00,西雅圖水手,邁阿密馬林魚,西雅圖水手 @ 邁阿密馬林魚,51435875.1,357,勝分差,252814409.1,邁阿密馬林魚 1 分,H,,4.25,4,13,H,,
2026-07-08,2026-07-08T13:51:01,台灣運彩,823848,3477267.1,117,2026-07-09T06:40:00+08:00,西雅圖水手,邁阿密馬林魚,西雅圖水手 @ 邁阿密馬林魚,51435875.1,357,勝分差,252814410.1,邁阿密馬林魚 2 分,H,,8.00,1,7,H,,
2026-07-08,2026-07-08T13:51:01,台灣運彩,823848,3477267.1,117,2026-07-09T06:40:00+08:00,西雅圖水手,邁阿密馬林魚,西雅圖水手 @ 邁阿密馬林魚,51435875.1,357,勝分差,252814411.1,邁阿密馬林魚 > 2分,H,,3.40,5,12,H,,
2026-07-08,2026-07-08T13:51:01,台灣運彩,823848,3477267.1,117,2026-07-09T06:40:00+08:00,西雅圖水手,邁阿密馬林魚,西雅圖水手 @ 邁阿密馬林魚,51435867.1,358,讓分 1.5,252814388.1,邁阿密馬林魚 +1.5,H,1.5,1.60,5,3,H,1.5,1
2026-07-08,2026-07-08T13:51:01,台灣運彩,823848,3477267.1,117,2026-07-09T06:40:00+08:00,西雅圖水手,邁阿密馬林魚,西雅圖水手 @ 邁阿密馬林魚,51435867.1,358,讓分 1.5,252814390.1,西雅圖水手 -1.5,A,1.5,1.90,10,9,A,1.5,2
2026-07-08,2026-07-08T13:51:01,台灣運彩,823848,3477267.1,117,2026-07-09T06:40:00+08:00,西雅圖水手,邁阿密馬林魚,西雅圖水手 @ 邁阿密馬林魚,51435873.1,358,讓分 2.5,252814402.1,邁阿密馬林魚 +2.5,H,2.5,1.38,50,19,H,2.5,1
2026-07-08,2026-07-08T13:51:01,台灣運彩,823848,3477267.1,117,2026-07-09T06:40:00+08:00,西雅圖水手,邁阿密馬林魚,西雅圖水手 @ 邁阿密馬林魚,51435873.1,358,讓分 2.5,252814406.1,西雅圖水手 -2.5,A,2.5,2.33,100,133,A,2.5,2
2026-07-08,2026-07-08T13:51:01,台灣運彩,823848,3477267.1,117,2026-07-09T06:40:00+08:00,西雅圖水手,邁阿密馬林魚,西雅圖水手 @ 邁阿密馬林魚,51435861.1,360,[總分]大小 7.5,252814378.1,大 7.5,A,7.5,1.52,25,13,A,7.5,
2026-07-08,2026-07-08T13:51:01,台灣運彩,823848,3477267.1,117,2026-07-09T06:40:00+08:00,西雅圖水手,邁阿密馬林魚,西雅圖水手 @ 邁阿密馬林魚,51435861.1,360,[總分]大小 7.5,252814377.1,小 7.5,H,7.5,1.98,50,49,H,7.5,
2026-07-08,2026-07-08T13:51:01,台灣運彩,823848,3477267.1,117,2026-07-09T06:40:00+08:00,西雅圖水手,邁阿密馬林魚,西雅圖水手 @ 邁阿密馬林魚,51435864.1,360,[總分]大小 8.5,252814386.1,大 8.5,A,8.5,1.75,4,3,A,8.5,
2026-07-08,2026-07-08T13:51:01,台灣運彩,823848,3477267.1,117,2026-07-09T06:40:00+08:00,西雅圖水手,邁阿密馬林魚,西雅圖水手 @ 邁阿密馬林魚,51435864.1,360,[總分]大小 8.5,252814383.1,小 8.5,H,8.5,1.75,4,3,H,8.5,
2026-07-08,2026-07-08T13:51:01,台灣運彩,823848,3477267.1,117,2026-07-09T06:40:00+08:00,西雅圖水手,邁阿密馬林魚,西雅圖水手 @ 邁阿密馬林魚,51435870.1,360,[總分]大小 9.5,252814396.1,大 9.5,A,9.5,2.07,100,107,A,9.5,
2026-07-08,2026-07-08T13:51:01,台灣運彩,823848,3477267.1,117,2026-07-09T06:40:00+08:00,西雅圖水手,邁阿密馬林魚,西雅圖水手 @ 邁阿密馬林魚,51435870.1,360,[總分]大小 9.5,252814395.1,小 9.5,H,9.5,1.46,50,23,H,9.5,
2026-07-08,2026-07-08T13:51:01,台灣運彩,823848,3477267.1,117,2026-07-09T06:40:00+08:00,西雅圖水手,邁阿密馬林魚,西雅圖水手 @ 邁阿密馬林魚,51435871.1,362,邁阿密馬林魚 大小 3.5,252814398.1,大 3.5,A,3.5,1.70,10,7,A,3.5,
2026-07-08,2026-07-08T13:51:01,台灣運彩,823848,3477267.1,117,2026-07-09T06:40:00+08:00,西雅圖水手,邁阿密馬林魚,西雅圖水手 @ 邁阿密馬林魚,51435871.1,362,邁阿密馬林魚 大小 3.5,252814397.1,小 3.5,H,3.5,1.73,100,73,H,3.5,
2026-07-08,2026-07-08T13:51:01,台灣運彩,823848,3477267.1,117,2026-07-09T06:40:00+08:00,西雅圖水手,邁阿密馬林魚,西雅圖水手 @ 邁阿密馬林魚,51435869.1,363,西雅圖水手 大小 4.5,252814394.1,大 4.5,A,4.5,1.75,4,3,A,4.5,
2026-07-08,2026-07-08T13:51:01,台灣運彩,823848,3477267.1,117,2026-07-09T06:40:00+08:00,西雅圖水手,邁阿密馬林魚,西雅圖水手 @ 邁阿密馬林魚,51435869.1,363,西雅圖水手 大小 4.5,252814392.1,小 4.5,H,4.5,1.68,25,17,H,4.5,
2026-07-08,2026-07-08T13:51:01,台灣運彩,823848,3477267.1,117,2026-07-09T06:40:00+08:00,西雅圖水手,邁阿密馬林魚,西雅圖水手 @ 邁阿密馬林魚,51435858.1,366,[總分]單雙,252814374.1,單,,,1.48,25,12,,,
2026-07-08,2026-07-08T13:51:01,台灣運彩,823848,3477267.1,117,2026-07-09T06:40:00+08:00,西雅圖水手,邁阿密馬林魚,西雅圖水手 @ 邁阿密馬林魚,51435858.1,366,[總分]單雙,252814373.1,雙,,,2.00,1,1,,,
2026-07-08,2026-07-08T13:51:01,台灣運彩,823848,3477267.1,117,2026-07-09T06:40:00+08:00,西雅圖水手,邁阿密馬林魚,西雅圖水手 @ 邁阿密馬林魚,51436031.1,374,得分最高單局(不含延長賽),252814859.1,一樣多,,,2.25,4,5,,,
2026-07-08,2026-07-08T13:51:01,台灣運彩,823848,3477267.1,117,2026-07-09T06:40:00+08:00,西雅圖水手,邁阿密馬林魚,西雅圖水手 @ 邁阿密馬林魚,51436031.1,374,得分最高單局(不含延長賽),252814850.1,第1局,,,5.55,20,91,,,
2026-07-08,2026-07-08T13:51:01,台灣運彩,823848,3477267.1,117,2026-07-09T06:40:00+08:00,西雅圖水手,邁阿密馬林魚,西雅圖水手 @ 邁阿密馬林魚,51436031.1,374,得分最高單局(不含延長賽),252814851.1,第2局,,,6.50,2,11,,,
2026-07-08,2026-07-08T13:51:01,台灣運彩,823848,3477267.1,117,2026-07-09T06:40:00+08:00,西雅圖水手,邁阿密馬林魚,西雅圖水手 @ 邁阿密馬林魚,51436031.1,374,得分最高單局(不含延長賽),252814852.1,第3局,,,5.60,5,23,,,
2026-07-08,2026-07-08T13:51:01,台灣運彩,823848,3477267.1,117,2026-07-09T06:40:00+08:00,西雅圖水手,邁阿密馬林魚,西雅圖水手 @ 邁阿密馬林魚,51436031.1,374,得分最高單局(不含延長賽),252814853.1,第4局,,,6.25,4,21,,,
2026-07-08,2026-07-08T13:51:01,台灣運彩,823848,3477267.1,117,2026-07-09T06:40:00+08:00,西雅圖水手,邁阿密馬林魚,西雅圖水手 @ 邁阿密馬林魚,51436031.1,374,得分最高單局(不含延長賽),252814854.1,第5局,,,6.00,1,5,,,
2026-07-08,2026-07-08T13:51:01,台灣運彩,823848,3477267.1,117,2026-07-09T06:40:00+08:00,西雅圖水手,邁阿密馬林魚,西雅圖水手 @ 邁阿密馬林魚,51436031.1,374,得分最高單局(不含延長賽),252814855.1,第6局,,,5.95,20,99,,,
2026-07-08,2026-07-08T13:51:01,台灣運彩,823848,3477267.1,117,2026-07-09T06:40:00+08:00,西雅圖水手,邁阿密馬林魚,西雅圖水手 @ 邁阿密馬林魚,51436031.1,374,得分最高單局(不含延長賽),252814856.1,第7局,,,6.25,4,21,,,
2026-07-08,2026-07-08T13:51:01,台灣運彩,823848,3477267.1,117,2026-07-09T06:40:00+08:00,西雅圖水手,邁阿密馬林魚,西雅圖水手 @ 邁阿密馬林魚,51436031.1,374,得分最高單局(不含延長賽),252814857.1,第8局,,,6.00,1,5,,,
2026-07-08,2026-07-08T13:51:01,台灣運彩,823848,3477267.1,117,2026-07-09T06:40:00+08:00,西雅圖水手,邁阿密馬林魚,西雅圖水手 @ 邁阿密馬林魚,51436031.1,374,得分最高單局(不含延長賽),252814858.1,第9局,,,8.00,1,7,,,
2026-07-08,2026-07-08T13:51:01,台灣運彩,823848,3477267.1,117,2026-07-09T06:40:00+08:00,西雅圖水手,邁阿密馬林魚,西雅圖水手 @ 邁阿密馬林魚,51436030.1,376,[1-5局] 不讓分,252814847.1,邁阿密馬林魚,H,,2.05,20,21,H,,1
2026-07-08,2026-07-08T13:51:01,台灣運彩,823848,3477267.1,117,2026-07-09T06:40:00+08:00,西雅圖水手,邁阿密馬林魚,西雅圖水手 @ 邁阿密馬林魚,51436030.1,376,[1-5局] 不讓分,252814849.1,西雅圖水手,A,,1.70,10,7,A,,2
2026-07-08,2026-07-08T13:51:01,台灣運彩,823848,3477267.1,117,2026-07-09T06:40:00+08:00,西雅圖水手,邁阿密馬林魚,西雅圖水手 @ 邁阿密馬林魚,51436030.1,376,[1-5局] 不讓分,252814848.1,和局,D,,4.65,20,73,D,,
2026-07-08,2026-07-08T13:51:01,台灣運彩,823848,3477267.1,117,2026-07-09T06:40:00+08:00,西雅圖水手,邁阿密馬林魚,西雅圖水手 @ 邁阿密馬林魚,51436025.1,378,[1-5局] 大小 4.5,252814837.1,大 4.5,A,4.5,1.68,25,17,A,4.5,
2026-07-08,2026-07-08T13:51:01,台灣運彩,823848,3477267.1,117,2026-07-09T06:40:00+08:00,西雅圖水手,邁阿密馬林魚,西雅圖水手 @ 邁阿密馬林魚,51436025.1,378,[1-5局] 大小 4.5,252814836.1,小 4.5,H,4.5,1.65,20,13,H,4.5,
2026-07-08,2026-07-08T13:51:01,台灣運彩,823848,3477267.1,117,2026-07-09T06:40:00+08:00,西雅圖水手,邁阿密馬林魚,西雅圖水手 @ 邁阿密馬林魚,51436029.1,379,[1-5局] 邁阿密馬林魚 大小 1.5,252814846.1,大 1.5,A,1.5,1.60,5,3,A,1.5,
2026-07-08,2026-07-08T13:51:01,台灣運彩,823848,3477267.1,117,2026-07-09T06:40:00+08:00,西雅圖水手,邁阿密馬林魚,西雅圖水手 @ 邁阿密馬林魚,51436029.1,379,[1-5局] 邁阿密馬林魚 大小 1.5,252814845.1,小 1.5,H,1.5,1.85,20,17,H,1.5,
2026-07-08,2026-07-08T13:51:01,台灣運彩,823848,3477267.1,117,2026-07-09T06:40:00+08:00,西雅圖水手,邁阿密馬林魚,西雅圖水手 @ 邁阿密馬林魚,51436026.1,380,[1-5局] 西雅圖水手 大小 2.5,252814839.1,大 2.5,A,2.5,1.88,25,22,A,2.5,
2026-07-08,2026-07-08T13:51:01,台灣運彩,823848,3477267.1,117,2026-07-09T06:40:00+08:00,西雅圖水手,邁阿密馬林魚,西雅圖水手 @ 邁阿密馬林魚,51436026.1,380,[1-5局] 西雅圖水手 大小 2.5,252814838.1,小 2.5,H,2.5,1.56,25,14,H,2.5,
2026-07-08,2026-07-08T13:51:01,台灣運彩,823848,3477267.1,117,2026-07-09T06:40:00+08:00,西雅圖水手,邁阿密馬林魚,西雅圖水手 @ 邁阿密馬林魚,51436028.1,389,[第1局] 不讓分,252814842.1,邁阿密馬林魚,H,,3.30,10,23,H,,1
2026-07-08,2026-07-08T13:51:01,台灣運彩,823848,3477267.1,117,2026-07-09T06:40:00+08:00,西雅圖水手,邁阿密馬林魚,西雅圖水手 @ 邁阿密馬林魚,51436028.1,389,[第1局] 不讓分,252814844.1,西雅圖水手,A,,2.90,10,19,A,,2
2026-07-08,2026-07-08T13:51:01,台灣運彩,823848,3477267.1,117,2026-07-09T06:40:00+08:00,西雅圖水手,邁阿密馬林魚,西雅圖水手 @ 邁阿密馬林魚,51436028.1,389,[第1局] 不讓分,252814843.1,和局,D,,1.55,20,11,D,,
2026-07-08,2026-07-08T13:51:01,台灣運彩,823848,3477267.1,117,2026-07-09T06:40:00+08:00,西雅圖水手,邁阿密馬林魚,西雅圖水手 @ 邁阿密馬林魚,51436027.1,398,[第1局] 大小 0.5,252814841.1,大 0.5,A,0.5,1.70,10,7,A,0.5,
2026-07-08,2026-07-08T13:51:01,台灣運彩,823848,3477267.1,117,2026-07-09T06:40:00+08:00,西雅圖水手,邁阿密馬林魚,西雅圖水手 @ 邁阿密馬林魚,51436027.1,398,[第1局] 大小 0.5,252814840.1,小 0.5,H,0.5,1.63,100,63,H,0.5,
2026-07-08,2026-07-08T13:51:01,台灣運彩,822710,3477268.1,130,2026-07-09T06:45:00+08:00,休士頓太空人,華盛頓國民,休士頓太空人 @ 華盛頓國民,51435876.1,354,不讓分,252814415.1,華盛頓國民,H,,1.55,20,11,H,,1
2026-07-08,2026-07-08T13:51:01,台灣運彩,822710,3477268.1,130,2026-07-09T06:45:00+08:00,休士頓太空人,華盛頓國民,休士頓太空人 @ 華盛頓國民,51435876.1,354,不讓分,252814416.1,休士頓太空人,A,,1.95,20,19,A,,2
2026-07-08,2026-07-08T13:51:01,台灣運彩,822710,3477268.1,130,2026-07-09T06:45:00+08:00,休士頓太空人,華盛頓國民,休士頓太空人 @ 華盛頓國民,51435886.1,357,勝分差,252814438.1,休士頓太空人 1 分,A,,6.00,1,5,A,,
2026-07-08,2026-07-08T13:51:01,台灣運彩,822710,3477268.1,130,2026-07-09T06:45:00+08:00,休士頓太空人,華盛頓國民,休士頓太空人 @ 華盛頓國民,51435886.1,357,勝分差,252814439.1,休士頓太空人 2 分,A,,7.75,4,27,A,,
2026-07-08,2026-07-08T13:51:01,台灣運彩,822710,3477268.1,130,2026-07-09T06:45:00+08:00,休士頓太空人,華盛頓國民,休士頓太空人 @ 華盛頓國民,51435886.1,357,勝分差,252814440.1,休士頓太空人 > 2分,A,,2.80,5,9,A,,
2026-07-08,2026-07-08T13:51:01,台灣運彩,822710,3477268.1,130,2026-07-09T06:45:00+08:00,休士頓太空人,華盛頓國民,休士頓太空人 @ 華盛頓國民,51435886.1,357,勝分差,252814435.1,華盛頓國民 1 分,H,,4.15,20,63,H,,
2026-07-08,2026-07-08T13:51:01,台灣運彩,822710,3477268.1,130,2026-07-09T06:45:00+08:00,休士頓太空人,華盛頓國民,休士頓太空人 @ 華盛頓國民,51435886.1,357,勝分差,252814436.1,華盛頓國民 2 分,H,,7.00,1,6,H,,
2026-07-08,2026-07-08T13:51:01,台灣運彩,822710,3477268.1,130,2026-07-09T06:45:00+08:00,休士頓太空人,華盛頓國民,休士頓太空人 @ 華盛頓國民,51435886.1,357,勝分差,252814437.1,華盛頓國民 > 2分,H,,2.40,5,7,H,,
2026-07-08,2026-07-08T13:51:01,台灣運彩,822710,3477268.1,130,2026-07-09T06:45:00+08:00,休士頓太空人,華盛頓國民,休士頓太空人 @ 華盛頓國民,51435884.1,358,讓分 -2.5,252814431.1,華盛頓國民 -2.5,H,-2.5,2.50,2,3,H,-2.5,1
2026-07-08,2026-07-08T13:51:01,台灣運彩,822710,3477268.1,130,2026-07-09T06:45:00+08:00,休士頓太空人,華盛頓國民,休士頓太空人 @ 華盛頓國民,51435884.1,358,讓分 -2.5,252814432.1,休士頓太空人 +2.5,A,-2.5,1.32,25,8,A,-2.5,2
2026-07-08,2026-07-08T13:51:01,台灣運彩,822710,3477268.1,130,2026-07-09T06:45:00+08:00,休士頓太空人,華盛頓國民,休士頓太空人 @ 華盛頓國民,51435885.1,358,讓分 -1.5,252814433.1,華盛頓國民 -1.5,H,-1.5,2.05,20,21,H,-1.5,1
2026-07-08,2026-07-08T13:51:01,台灣運彩,822710,3477268.1,130,2026-07-09T06:45:00+08:00,休士頓太空人,華盛頓國民,休士頓太空人 @ 華盛頓國民,51435885.1,358,讓分 -1.5,252814434.1,休士頓太空人 +1.5,A,-1.5,1.48,25,12,A,-1.5,2
2026-07-08,2026-07-08T13:51:01,台灣運彩,822710,3477268.1,130,2026-07-09T06:45:00+08:00,休士頓太空人,華盛頓國民,休士頓太空人 @ 華盛頓國民,51435879.1,360,[總分]大小 8.5,252814422.1,大 8.5,A,8.5,1.58,50,29,A,8.5,
2026-07-08,2026-07-08T13:51:01,台灣運彩,822710,3477268.1,130,2026-07-09T06:45:00+08:00,休士頓太空人,華盛頓國民,休士頓太空人 @ 華盛頓國民,51435879.1,360,[總分]大小 8.5,252814421.1,小 8.5,H,8.5,1.92,25,23,H,8.5,
2026-07-08,2026-07-08T13:51:01,台灣運彩,822710,3477268.1,130,2026-07-09T06:45:00+08:00,休士頓太空人,華盛頓國民,休士頓太空人 @ 華盛頓國民,51435882.1,360,[總分]大小 9.5,252814428.1,大 9.5,A,9.5,1.90,10,9,A,9.5,
2026-07-08,2026-07-08T13:51:01,台灣運彩,822710,3477268.1,130,2026-07-09T06:45:00+08:00,休士頓太空人,華盛頓國民,休士頓太空人 @ 華盛頓國民,51435882.1,360,[總分]大小 9.5,252814427.1,小 9.5,H,9.5,1.60,5,3,H,9.5,
2026-07-08,2026-07-08T13:51:01,台灣運彩,822710,3477268.1,130,2026-07-09T06:45:00+08:00,休士頓太空人,華盛頓國民,休士頓太空人 @ 華盛頓國民,51435883.1,360,[總分]大小 10.5,252814430.1,大 10.5,A,10.5,2.15,20,23,A,10.5,
2026-07-08,2026-07-08T13:51:01,台灣運彩,822710,3477268.1,130,2026-07-09T06:45:00+08:00,休士頓太空人,華盛頓國民,休士頓太空人 @ 華盛頓國民,51435883.1,360,[總分]大小 10.5,252814429.1,小 10.5,H,10.5,1.43,100,43,H,10.5,
2026-07-08,2026-07-08T13:51:01,台灣運彩,822710,3477268.1,130,2026-07-09T06:45:00+08:00,休士頓太空人,華盛頓國民,休士頓太空人 @ 華盛頓國民,51435877.1,362,華盛頓國民 大小 4.5,252814418.1,大 4.5,A,4.5,1.72,25,18,A,4.5,
2026-07-08,2026-07-08T13:51:01,台灣運彩,822710,3477268.1,130,2026-07-09T06:45:00+08:00,休士頓太空人,華盛頓國民,休士頓太空人 @ 華盛頓國民,51435877.1,362,華盛頓國民 大小 4.5,252814417.1,小 4.5,H,4.5,1.72,25,18,H,4.5,
2026-07-08,2026-07-08T13:51:01,台灣運彩,822710,3477268.1,130,2026-07-09T06:45:00+08:00,休士頓太空人,華盛頓國民,休士頓太空人 @ 華盛頓國民,51435881.1,363,休士頓太空人 大小 4.5,252814426.1,大 4.5,A,4.5,1.88,25,22,A,4.5,
2026-07-08,2026-07-08T13:51:01,台灣運彩,822710,3477268.1,130,2026-07-09T06:45:00+08:00,休士頓太空人,華盛頓國民,休士頓太空人 @ 華盛頓國民,51435881.1,363,休士頓太空人 大小 4.5,252814425.1,小 4.5,H,4.5,1.56,25,14,H,4.5,
2026-07-08,2026-07-08T13:51:01,台灣運彩,822710,3477268.1,130,2026-07-09T06:45:00+08:00,休士頓太空人,華盛頓國民,休士頓太空人 @ 華盛頓國民,51435878.1,366,[總分]單雙,252814420.1,單,,,1.48,25,12,,,
2026-07-08,2026-07-08T13:51:01,台灣運彩,822710,3477268.1,130,2026-07-09T06:45:00+08:00,休士頓太空人,華盛頓國民,休士頓太空人 @ 華盛頓國民,51435878.1,366,[總分]單雙,252814419.1,雙,,,2.00,1,1,,,
2026-07-08,2026-07-08T13:51:01,台灣運彩,822710,3477268.1,130,2026-07-09T06:45:00+08:00,休士頓太空人,華盛頓國民,休士頓太空人 @ 華盛頓國民,51436084.1,374,得分最高單局(不含延長賽),252815011.1,一樣多,,,2.25,4,5,,,
2026-07-08,2026-07-08T13:51:01,台灣運彩,822710,3477268.1,130,2026-07-09T06:45:00+08:00,休士頓太空人,華盛頓國民,休士頓太空人 @ 華盛頓國民,51436084.1,374,得分最高單局(不含延長賽),252815002.1,第1局,,,5.50,2,9,,,
2026-07-08,2026-07-08T13:51:01,台灣運彩,822710,3477268.1,130,2026-07-09T06:45:00+08:00,休士頓太空人,華盛頓國民,休士頓太空人 @ 華盛頓國民,51436084.1,374,得分最高單局(不含延長賽),252815003.1,第2局,,,6.75,4,23,,,
2026-07-08,2026-07-08T13:51:01,台灣運彩,822710,3477268.1,130,2026-07-09T06:45:00+08:00,休士頓太空人,華盛頓國民,休士頓太空人 @ 華盛頓國民,51436084.1,374,得分最高單局(不含延長賽),252815004.1,第3局,,,5.85,20,97,,,
2026-07-08,2026-07-08T13:51:01,台灣運彩,822710,3477268.1,130,2026-07-09T06:45:00+08:00,休士頓太空人,華盛頓國民,休士頓太空人 @ 華盛頓國民,51436084.1,374,得分最高單局(不含延長賽),252815005.1,第4局,,,6.50,2,11,,,
2026-07-08,2026-07-08T13:51:01,台灣運彩,822710,3477268.1,130,2026-07-09T06:45:00+08:00,休士頓太空人,華盛頓國民,休士頓太空人 @ 華盛頓國民,51436084.1,374,得分最高單局(不含延長賽),252815006.1,第5局,,,5.95,20,99,,,
2026-07-08,2026-07-08T13:51:01,台灣運彩,822710,3477268.1,130,2026-07-09T06:45:00+08:00,休士頓太空人,華盛頓國民,休士頓太空人 @ 華盛頓國民,51436084.1,374,得分最高單局(不含延長賽),252815007.1,第6局,,,5.85,20,97,,,
2026-07-08,2026-07-08T13:51:01,台灣運彩,822710,3477268.1,130,2026-07-09T06:45:00+08:00,休士頓太空人,華盛頓國民,休士頓太空人 @ 華盛頓國民,51436084.1,374,得分最高單局(不含延長賽),252815008.1,第7局,,,5.75,4,19,,,
2026-07-08,2026-07-08T13:51:01,台灣運彩,822710,3477268.1,130,2026-07-09T06:45:00+08:00,休士頓太空人,華盛頓國民,休士頓太空人 @ 華盛頓國民,51436084.1,374,得分最高單局(不含延長賽),252815009.1,第8局,,,5.70,10,47,,,
2026-07-08,2026-07-08T13:51:01,台灣運彩,822710,3477268.1,130,2026-07-09T06:45:00+08:00,休士頓太空人,華盛頓國民,休士頓太空人 @ 華盛頓國民,51436084.1,374,得分最高單局(不含延長賽),252815010.1,第9局,,,8.00,1,7,,,
2026-07-08,2026-07-08T13:51:01,台灣運彩,822710,3477268.1,130,2026-07-09T06:45:00+08:00,休士頓太空人,華盛頓國民,休士頓太空人 @ 華盛頓國民,51436082.1,376,[1-5局] 不讓分,252814997.1,華盛頓國民,H,,1.65,20,13,H,,1
2026-07-08,2026-07-08T13:51:01,台灣運彩,822710,3477268.1,130,2026-07-09T06:45:00+08:00,休士頓太空人,華盛頓國民,休士頓太空人 @ 華盛頓國民,51436082.1,376,[1-5局] 不讓分,252814999.1,休士頓太空人,A,,2.00,1,1,A,,2
2026-07-08,2026-07-08T13:51:01,台灣運彩,822710,3477268.1,130,2026-07-09T06:45:00+08:00,休士頓太空人,華盛頓國民,休士頓太空人 @ 華盛頓國民,51436082.1,376,[1-5局] 不讓分,252814998.1,和局,D,,4.85,20,77,D,,
2026-07-08,2026-07-08T13:51:01,台灣運彩,822710,3477268.1,130,2026-07-09T06:45:00+08:00,休士頓太空人,華盛頓國民,休士頓太空人 @ 華盛頓國民,51436077.1,378,[1-5局] 大小 4.5,252814987.1,大 4.5,A,4.5,1.58,50,29,A,4.5,
2026-07-08,2026-07-08T13:51:01,台灣運彩,822710,3477268.1,130,2026-07-09T06:45:00+08:00,休士頓太空人,華盛頓國民,休士頓太空人 @ 華盛頓國民,51436077.1,378,[1-5局] 大小 4.5,252814986.1,小 4.5,H,4.5,1.75,4,3,H,4.5,
2026-07-08,2026-07-08T13:51:01,台灣運彩,822710,3477268.1,130,2026-07-09T06:45:00+08:00,休士頓太空人,華盛頓國民,休士頓太空人 @ 華盛頓國民,51436079.1,379,[1-5局] 華盛頓國民 大小 2.5,252814991.1,大 2.5,A,2.5,1.78,50,39,A,2.5,
2026-07-08,2026-07-08T13:51:01,台灣運彩,822710,3477268.1,130,2026-07-09T06:45:00+08:00,休士頓太空人,華盛頓國民,休士頓太空人 @ 華盛頓國民,51436079.1,379,[1-5局] 華盛頓國民 大小 2.5,252814990.1,小 2.5,H,2.5,1.65,20,13,H,2.5,
2026-07-08,2026-07-08T13:51:01,台灣運彩,822710,3477268.1,130,2026-07-09T06:45:00+08:00,休士頓太空人,華盛頓國民,休士頓太空人 @ 華盛頓國民,51436080.1,380,[1-5局] 休士頓太空人 大小 1.5,252814993.1,大 1.5,A,1.5,1.52,25,13,A,1.5,
2026-07-08,2026-07-08T13:51:01,台灣運彩,822710,3477268.1,130,2026-07-09T06:45:00+08:00,休士頓太空人,華盛頓國民,休士頓太空人 @ 華盛頓國民,51436080.1,380,[1-5局] 休士頓太空人 大小 1.5,252814992.1,小 1.5,H,1.5,1.94,50,47,H,1.5,
2026-07-08,2026-07-08T13:51:01,台灣運彩,822710,3477268.1,130,2026-07-09T06:45:00+08:00,休士頓太空人,華盛頓國民,休士頓太空人 @ 華盛頓國民,51436081.1,389,[第1局] 不讓分,252814994.1,華盛頓國民,H,,2.75,4,7,H,,1
2026-07-08,2026-07-08T13:51:01,台灣運彩,822710,3477268.1,130,2026-07-09T06:45:00+08:00,休士頓太空人,華盛頓國民,休士頓太空人 @ 華盛頓國民,51436081.1,389,[第1局] 不讓分,252814996.1,休士頓太空人,A,,3.30,10,23,A,,2
2026-07-08,2026-07-08T13:51:01,台灣運彩,822710,3477268.1,130,2026-07-09T06:45:00+08:00,休士頓太空人,華盛頓國民,休士頓太空人 @ 華盛頓國民,51436081.1,389,[第1局] 不讓分,252814995.1,和局,D,,1.60,5,3,D,,
2026-07-08,2026-07-08T13:51:01,台灣運彩,822710,3477268.1,130,2026-07-09T06:45:00+08:00,休士頓太空人,華盛頓國民,休士頓太空人 @ 華盛頓國民,51436083.1,398,[第1局] 大小 0.5,252815001.1,大 0.5,A,0.5,1.63,100,63,A,0.5,
2026-07-08,2026-07-08T13:51:01,台灣運彩,822710,3477268.1,130,2026-07-09T06:45:00+08:00,休士頓太空人,華盛頓國民,休士頓太空人 @ 華盛頓國民,51436083.1,398,[第1局] 大小 0.5,252815000.1,小 0.5,H,0.5,1.70,10,7,H,0.5,
2026-07-08,2026-07-08T13:51:01,台灣運彩,823684,3477272.1,131,2026-07-09T07:40:00+08:00,克里夫蘭守護者,明尼蘇達雙城,克里夫蘭守護者 @ 明尼蘇達雙城,51435963.1,354,不讓分,252814673.1,明尼蘇達雙城,H,,1.60,5,3,H,,1
2026-07-08,2026-07-08T13:51:01,台灣運彩,823684,3477272.1,131,2026-07-09T07:40:00+08:00,克里夫蘭守護者,明尼蘇達雙城,克里夫蘭守護者 @ 明尼蘇達雙城,51435963.1,354,不讓分,252814674.1,克里夫蘭守護者,A,,1.90,10,9,A,,2
2026-07-08,2026-07-08T13:51:01,台灣運彩,823684,3477272.1,131,2026-07-09T07:40:00+08:00,克里夫蘭守護者,明尼蘇達雙城,克里夫蘭守護者 @ 明尼蘇達雙城,51435968.1,357,勝分差,252814686.1,克里夫蘭守護者 1 分,A,,5.60,5,23,A,,
2026-07-08,2026-07-08T13:51:01,台灣運彩,823684,3477272.1,131,2026-07-09T07:40:00+08:00,克里夫蘭守護者,明尼蘇達雙城,克里夫蘭守護者 @ 明尼蘇達雙城,51435968.1,357,勝分差,252814687.1,克里夫蘭守護者 2 分,A,,7.50,2,13,A,,
2026-07-08,2026-07-08T13:51:01,台灣運彩,823684,3477272.1,131,2026-07-09T07:40:00+08:00,克里夫蘭守護者,明尼蘇達雙城,克里夫蘭守護者 @ 明尼蘇達雙城,51435968.1,357,勝分差,252814688.1,克里夫蘭守護者 > 2分,A,,2.90,10,19,A,,
2026-07-08,2026-07-08T13:51:01,台灣運彩,823684,3477272.1,131,2026-07-09T07:40:00+08:00,克里夫蘭守護者,明尼蘇達雙城,克里夫蘭守護者 @ 明尼蘇達雙城,51435968.1,357,勝分差,252814683.1,明尼蘇達雙城 1 分,H,,4.05,20,61,H,,
2026-07-08,2026-07-08T13:51:01,台灣運彩,823684,3477272.1,131,2026-07-09T07:40:00+08:00,克里夫蘭守護者,明尼蘇達雙城,克里夫蘭守護者 @ 明尼蘇達雙城,51435968.1,357,勝分差,252814684.1,明尼蘇達雙城 2 分,H,,6.75,4,23,H,,
2026-07-08,2026-07-08T13:51:01,台灣運彩,823684,3477272.1,131,2026-07-09T07:40:00+08:00,克里夫蘭守護者,明尼蘇達雙城,克里夫蘭守護者 @ 明尼蘇達雙城,51435968.1,357,勝分差,252814685.1,明尼蘇達雙城 > 2分,H,,2.50,2,3,H,,
2026-07-08,2026-07-08T13:51:01,台灣運彩,823684,3477272.1,131,2026-07-09T07:40:00+08:00,克里夫蘭守護者,明尼蘇達雙城,克里夫蘭守護者 @ 明尼蘇達雙城,51435967.1,358,讓分 -1.5,252814681.1,明尼蘇達雙城 -1.5,H,-1.5,2.07,100,107,H,-1.5,1
2026-07-08,2026-07-08T13:51:01,台灣運彩,823684,3477272.1,131,2026-07-09T07:40:00+08:00,克里夫蘭守護者,明尼蘇達雙城,克里夫蘭守護者 @ 明尼蘇達雙城,51435967.1,358,讓分 -1.5,252814682.1,克里夫蘭守護者 +1.5,A,-1.5,1.46,50,23,A,-1.5,2
2026-07-08,2026-07-08T13:51:01,台灣運彩,823684,3477272.1,131,2026-07-09T07:40:00+08:00,克里夫蘭守護者,明尼蘇達雙城,克里夫蘭守護者 @ 明尼蘇達雙城,51435965.1,360,[總分]大小 8.5,252814678.1,大 8.5,A,8.5,1.78,50,39,A,8.5,
2026-07-08,2026-07-08T13:51:01,台灣運彩,823684,3477272.1,131,2026-07-09T07:40:00+08:00,克里夫蘭守護者,明尼蘇達雙城,克里夫蘭守護者 @ 明尼蘇達雙城,51435965.1,360,[總分]大小 8.5,252814677.1,小 8.5,H,8.5,1.72,25,18,H,8.5,
2026-07-08,2026-07-08T13:51:01,台灣運彩,823684,3477272.1,131,2026-07-09T07:40:00+08:00,克里夫蘭守護者,明尼蘇達雙城,克里夫蘭守護者 @ 明尼蘇達雙城,51435966.1,362,明尼蘇達雙城 大小 4.5,252814680.1,大 4.5,A,4.5,1.88,25,22,A,4.5,
2026-07-08,2026-07-08T13:51:01,台灣運彩,823684,3477272.1,131,2026-07-09T07:40:00+08:00,克里夫蘭守護者,明尼蘇達雙城,克里夫蘭守護者 @ 明尼蘇達雙城,51435966.1,362,明尼蘇達雙城 大小 4.5,252814679.1,小 4.5,H,4.5,1.56,25,14,H,4.5,
2026-07-08,2026-07-08T13:51:01,台灣運彩,823684,3477272.1,131,2026-07-09T07:40:00+08:00,克里夫蘭守護者,明尼蘇達雙城,克里夫蘭守護者 @ 明尼蘇達雙城,51435964.1,363,克里夫蘭守護者 大小 3.5,252814676.1,大 3.5,A,3.5,1.65,20,13,A,3.5,
2026-07-08,2026-07-08T13:51:01,台灣運彩,823684,3477272.1,131,2026-07-09T07:40:00+08:00,克里夫蘭守護者,明尼蘇達雙城,克里夫蘭守護者 @ 明尼蘇達雙城,51435964.1,363,克里夫蘭守護者 大小 3.5,252814675.1,小 3.5,H,3.5,1.78,50,39,H,3.5,
2026-07-08,2026-07-08T13:51:01,台灣運彩,823684,3477272.1,131,2026-07-09T07:40:00+08:00,克里夫蘭守護者,明尼蘇達雙城,克里夫蘭守護者 @ 明尼蘇達雙城,51435969.1,366,[總分]單雙,252814690.1,單,,,1.45,20,9,,,
2026-07-08,2026-07-08T13:51:01,台灣運彩,823684,3477272.1,131,2026-07-09T07:40:00+08:00,克里夫蘭守護者,明尼蘇達雙城,克里夫蘭守護者 @ 明尼蘇達雙城,51435969.1,366,[總分]單雙,252814689.1,雙,,,1.95,20,19,,,
2026-07-08,2026-07-08T13:51:01,台灣運彩,823684,3477272.1,131,2026-07-09T07:40:00+08:00,克里夫蘭守護者,明尼蘇達雙城,克里夫蘭守護者 @ 明尼蘇達雙城,51436019.1,374,得分最高單局(不含延長賽),252814823.1,一樣多,,,2.25,4,5,,,
2026-07-08,2026-07-08T13:51:01,台灣運彩,823684,3477272.1,131,2026-07-09T07:40:00+08:00,克里夫蘭守護者,明尼蘇達雙城,克里夫蘭守護者 @ 明尼蘇達雙城,51436019.1,374,得分最高單局(不含延長賽),252814814.1,第1局,,,5.35,20,87,,,
2026-07-08,2026-07-08T13:51:01,台灣運彩,823684,3477272.1,131,2026-07-09T07:40:00+08:00,克里夫蘭守護者,明尼蘇達雙城,克里夫蘭守護者 @ 明尼蘇達雙城,51436019.1,374,得分最高單局(不含延長賽),252814815.1,第2局,,,6.25,4,21,,,
2026-07-08,2026-07-08T13:51:01,台灣運彩,823684,3477272.1,131,2026-07-09T07:40:00+08:00,克里夫蘭守護者,明尼蘇達雙城,克里夫蘭守護者 @ 明尼蘇達雙城,51436019.1,374,得分最高單局(不含延長賽),252814816.1,第3局,,,5.75,4,19,,,
2026-07-08,2026-07-08T13:51:01,台灣運彩,823684,3477272.1,131,2026-07-09T07:40:00+08:00,克里夫蘭守護者,明尼蘇達雙城,克里夫蘭守護者 @ 明尼蘇達雙城,51436019.1,374,得分最高單局(不含延長賽),252814817.1,第4局,,,6.25,4,21,,,
2026-07-08,2026-07-08T13:51:01,台灣運彩,823684,3477272.1,131,2026-07-09T07:40:00+08:00,克里夫蘭守護者,明尼蘇達雙城,克里夫蘭守護者 @ 明尼蘇達雙城,51436019.1,374,得分最高單局(不含延長賽),252814818.1,第5局,,,5.75,4,19,,,
2026-07-08,2026-07-08T13:51:01,台灣運彩,823684,3477272.1,131,2026-07-09T07:40:00+08:00,克里夫蘭守護者,明尼蘇達雙城,克里夫蘭守護者 @ 明尼蘇達雙城,51436019.1,374,得分最高單局(不含延長賽),252814819.1,第6局,,,5.95,20,99,,,
2026-07-08,2026-07-08T13:51:01,台灣運彩,823684,3477272.1,131,2026-07-09T07:40:00+08:00,克里夫蘭守護者,明尼蘇達雙城,克里夫蘭守護者 @ 明尼蘇達雙城,51436019.1,374,得分最高單局(不含延長賽),252814820.1,第7局,,,6.25,4,21,,,
2026-07-08,2026-07-08T13:51:01,台灣運彩,823684,3477272.1,131,2026-07-09T07:40:00+08:00,克里夫蘭守護者,明尼蘇達雙城,克里夫蘭守護者 @ 明尼蘇達雙城,51436019.1,374,得分最高單局(不含延長賽),252814821.1,第8局,,,5.95,20,99,,,
2026-07-08,2026-07-08T13:51:01,台灣運彩,823684,3477272.1,131,2026-07-09T07:40:00+08:00,克里夫蘭守護者,明尼蘇達雙城,克里夫蘭守護者 @ 明尼蘇達雙城,51436019.1,374,得分最高單局(不含延長賽),252814822.1,第9局,,,8.00,1,7,,,
2026-07-08,2026-07-08T13:51:01,台灣運彩,823684,3477272.1,131,2026-07-09T07:40:00+08:00,克里夫蘭守護者,明尼蘇達雙城,克里夫蘭守護者 @ 明尼蘇達雙城,51436017.1,376,[1-5局] 不讓分,252814809.1,明尼蘇達雙城,H,,1.70,10,7,H,,1
2026-07-08,2026-07-08T13:51:01,台灣運彩,823684,3477272.1,131,2026-07-09T07:40:00+08:00,克里夫蘭守護者,明尼蘇達雙城,克里夫蘭守護者 @ 明尼蘇達雙城,51436017.1,376,[1-5局] 不讓分,252814811.1,克里夫蘭守護者,A,,2.00,1,1,A,,2
2026-07-08,2026-07-08T13:51:01,台灣運彩,823684,3477272.1,131,2026-07-09T07:40:00+08:00,克里夫蘭守護者,明尼蘇達雙城,克里夫蘭守護者 @ 明尼蘇達雙城,51436017.1,376,[1-5局] 不讓分,252814810.1,和局,D,,4.65,20,73,D,,
2026-07-08,2026-07-08T13:51:01,台灣運彩,823684,3477272.1,131,2026-07-09T07:40:00+08:00,克里夫蘭守護者,明尼蘇達雙城,克里夫蘭守護者 @ 明尼蘇達雙城,51436005.1,378,[1-5局] 大小 4.5,252814775.1,大 4.5,A,4.5,1.66,50,33,A,4.5,
2026-07-08,2026-07-08T13:51:01,台灣運彩,823684,3477272.1,131,2026-07-09T07:40:00+08:00,克里夫蘭守護者,明尼蘇達雙城,克里夫蘭守護者 @ 明尼蘇達雙城,51436005.1,378,[1-5局] 大小 4.5,252814774.1,小 4.5,H,4.5,1.66,50,33,H,4.5,
2026-07-08,2026-07-08T13:51:01,台灣運彩,823684,3477272.1,131,2026-07-09T07:40:00+08:00,克里夫蘭守護者,明尼蘇達雙城,克里夫蘭守護者 @ 明尼蘇達雙城,51436016.1,379,[1-5局] 明尼蘇達雙城 大小 2.5,252814808.1,大 2.5,A,2.5,1.88,25,22,A,2.5,
2026-07-08,2026-07-08T13:51:01,台灣運彩,823684,3477272.1,131,2026-07-09T07:40:00+08:00,克里夫蘭守護者,明尼蘇達雙城,克里夫蘭守護者 @ 明尼蘇達雙城,51436016.1,379,[1-5局] 明尼蘇達雙城 大小 2.5,252814807.1,小 2.5,H,2.5,1.56,25,14,H,2.5,
2026-07-08,2026-07-08T13:51:01,台灣運彩,823684,3477272.1,131,2026-07-09T07:40:00+08:00,克里夫蘭守護者,明尼蘇達雙城,克里夫蘭守護者 @ 明尼蘇達雙城,51436015.1,380,[1-5局] 克里夫蘭守護者 大小 1.5,252814806.1,大 1.5,A,1.5,1.58,50,29,A,1.5,
2026-07-08,2026-07-08T13:51:01,台灣運彩,823684,3477272.1,131,2026-07-09T07:40:00+08:00,克里夫蘭守護者,明尼蘇達雙城,克里夫蘭守護者 @ 明尼蘇達雙城,51436015.1,380,[1-5局] 克里夫蘭守護者 大小 1.5,252814805.1,小 1.5,H,1.5,1.86,50,43,H,1.5,
2026-07-08,2026-07-08T13:51:01,台灣運彩,823684,3477272.1,131,2026-07-09T07:40:00+08:00,克里夫蘭守護者,明尼蘇達雙城,克里夫蘭守護者 @ 明尼蘇達雙城,51436014.1,389,[第1局] 不讓分,252814802.1,明尼蘇達雙城,H,,2.80,5,9,H,,1
2026-07-08,2026-07-08T13:51:01,台灣運彩,823684,3477272.1,131,2026-07-09T07:40:00+08:00,克里夫蘭守護者,明尼蘇達雙城,克里夫蘭守護者 @ 明尼蘇達雙城,51436014.1,389,[第1局] 不讓分,252814804.1,克里夫蘭守護者,A,,3.40,5,12,A,,2
2026-07-08,2026-07-08T13:51:01,台灣運彩,823684,3477272.1,131,2026-07-09T07:40:00+08:00,克里夫蘭守護者,明尼蘇達雙城,克里夫蘭守護者 @ 明尼蘇達雙城,51436014.1,389,[第1局] 不讓分,252814803.1,和局,D,,1.55,20,11,D,,
2026-07-08,2026-07-08T13:51:01,台灣運彩,823684,3477272.1,131,2026-07-09T07:40:00+08:00,克里夫蘭守護者,明尼蘇達雙城,克里夫蘭守護者 @ 明尼蘇達雙城,51436018.1,398,[第1局] 大小 0.5,252814813.1,大 0.5,A,0.5,1.70,10,7,A,0.5,
2026-07-08,2026-07-08T13:51:01,台灣運彩,823684,3477272.1,131,2026-07-09T07:40:00+08:00,克里夫蘭守護者,明尼蘇達雙城,克里夫蘭守護者 @ 明尼蘇達雙城,51436018.1,398,[第1局] 大小 0.5,252814812.1,小 0.5,H,0.5,1.63,100,63,H,0.5,
2026-07-08,2026-07-08T13:51:01,台灣運彩,824578,3477273.1,136,2026-07-09T07:40:00+08:00,波士頓紅襪,芝加哥白襪,波士頓紅襪 @ 芝加哥白襪,51435972.1,354,不讓分,252814695.1,芝加哥白襪,H,,1.60,5,3,H,,1
2026-07-08,2026-07-08T13:51:01,台灣運彩,824578,3477273.1,136,2026-07-09T07:40:00+08:00,波士頓紅襪,芝加哥白襪,波士頓紅襪 @ 芝加哥白襪,51435972.1,354,不讓分,252814696.1,波士頓紅襪,A,,1.90,10,9,A,,2
2026-07-08,2026-07-08T13:51:01,台灣運彩,824578,3477273.1,136,2026-07-09T07:40:00+08:00,波士頓紅襪,芝加哥白襪,波士頓紅襪 @ 芝加哥白襪,51435979.1,357,勝分差,252814712.1,波士頓紅襪 1 分,A,,5.45,20,89,A,,
2026-07-08,2026-07-08T13:51:01,台灣運彩,824578,3477273.1,136,2026-07-09T07:40:00+08:00,波士頓紅襪,芝加哥白襪,波士頓紅襪 @ 芝加哥白襪,51435979.1,357,勝分差,252814713.1,波士頓紅襪 2 分,A,,7.25,4,25,A,,
2026-07-08,2026-07-08T13:51:01,台灣運彩,824578,3477273.1,136,2026-07-09T07:40:00+08:00,波士頓紅襪,芝加哥白襪,波士頓紅襪 @ 芝加哥白襪,51435979.1,357,勝分差,252814714.1,波士頓紅襪 > 2分,A,,2.85,20,37,A,,
2026-07-08,2026-07-08T13:51:01,台灣運彩,824578,3477273.1,136,2026-07-09T07:40:00+08:00,波士頓紅襪,芝加哥白襪,波士頓紅襪 @ 芝加哥白襪,51435979.1,357,勝分差,252814709.1,芝加哥白襪 1 分,H,,3.95,20,59,H,,
2026-07-08,2026-07-08T13:51:01,台灣運彩,824578,3477273.1,136,2026-07-09T07:40:00+08:00,波士頓紅襪,芝加哥白襪,波士頓紅襪 @ 芝加哥白襪,51435979.1,357,勝分差,252814710.1,芝加哥白襪 2 分,H,,7.00,1,6,H,,
2026-07-08,2026-07-08T13:51:01,台灣運彩,824578,3477273.1,136,2026-07-09T07:40:00+08:00,波士頓紅襪,芝加哥白襪,波士頓紅襪 @ 芝加哥白襪,51435979.1,357,勝分差,252814711.1,芝加哥白襪 > 2分,H,,2.65,20,33,H,,
2026-07-08,2026-07-08T13:51:01,台灣運彩,824578,3477273.1,136,2026-07-09T07:40:00+08:00,波士頓紅襪,芝加哥白襪,波士頓紅襪 @ 芝加哥白襪,51435976.1,358,讓分 -2.5,252814703.1,芝加哥白襪 -2.5,H,-2.5,2.70,10,17,H,-2.5,1
2026-07-08,2026-07-08T13:51:01,台灣運彩,824578,3477273.1,136,2026-07-09T07:40:00+08:00,波士頓紅襪,芝加哥白襪,波士頓紅襪 @ 芝加哥白襪,51435976.1,358,讓分 -2.5,252814704.1,波士頓紅襪 +2.5,A,-2.5,1.28,25,7,A,-2.5,2
2026-07-08,2026-07-08T13:51:01,台灣運彩,824578,3477273.1,136,2026-07-09T07:40:00+08:00,波士頓紅襪,芝加哥白襪,波士頓紅襪 @ 芝加哥白襪,51435977.1,358,讓分 -1.5,252814705.1,芝加哥白襪 -1.5,H,-1.5,2.15,20,23,H,-1.5,1
2026-07-08,2026-07-08T13:51:01,台灣運彩,824578,3477273.1,136,2026-07-09T07:40:00+08:00,波士頓紅襪,芝加哥白襪,波士頓紅襪 @ 芝加哥白襪,51435977.1,358,讓分 -1.5,252814706.1,波士頓紅襪 +1.5,A,-1.5,1.43,100,43,A,-1.5,2
2026-07-08,2026-07-08T13:51:01,台灣運彩,824578,3477273.1,136,2026-07-09T07:40:00+08:00,波士頓紅襪,芝加哥白襪,波士頓紅襪 @ 芝加哥白襪,51435971.1,360,[總分]大小 9.5,252814694.1,大 9.5,A,9.5,2.30,10,13,A,9.5,
2026-07-08,2026-07-08T13:51:01,台灣運彩,824578,3477273.1,136,2026-07-09T07:40:00+08:00,波士頓紅襪,芝加哥白襪,波士頓紅襪 @ 芝加哥白襪,51435971.1,360,[總分]大小 9.5,252814693.1,小 9.5,H,9.5,1.40,5,2,H,9.5,
2026-07-08,2026-07-08T13:51:01,台灣運彩,824578,3477273.1,136,2026-07-09T07:40:00+08:00,波士頓紅襪,芝加哥白襪,波士頓紅襪 @ 芝加哥白襪,51435973.1,360,[總分]大小 8.5,252814698.1,大 8.5,A,8.5,1.85,20,17,A,8.5,
2026-07-08,2026-07-08T13:51:01,台灣運彩,824578,3477273.1,136,2026-07-09T07:40:00+08:00,波士頓紅襪,芝加哥白襪,波士頓紅襪 @ 芝加哥白襪,51435973.1,360,[總分]大小 8.5,252814697.1,小 8.5,H,8.5,1.65,20,13,H,8.5,
2026-07-08,2026-07-08T13:51:01,台灣運彩,824578,3477273.1,136,2026-07-09T07:40:00+08:00,波士頓紅襪,芝加哥白襪,波士頓紅襪 @ 芝加哥白襪,51435974.1,360,[總分]大小 7.5,252814700.1,大 7.5,A,7.5,1.63,100,63,A,7.5,
2026-07-08,2026-07-08T13:51:01,台灣運彩,824578,3477273.1,136,2026-07-09T07:40:00+08:00,波士頓紅襪,芝加哥白襪,波士頓紅襪 @ 芝加哥白襪,51435974.1,360,[總分]大小 7.5,252814699.1,小 7.5,H,7.5,1.87,100,87,H,7.5,
2026-07-08,2026-07-08T13:51:01,台灣運彩,824578,3477273.1,136,2026-07-09T07:40:00+08:00,波士頓紅襪,芝加哥白襪,波士頓紅襪 @ 芝加哥白襪,51435975.1,362,芝加哥白襪 大小 3.5,252814702.1,大 3.5,A,3.5,1.56,25,14,A,3.5,
2026-07-08,2026-07-08T13:51:01,台灣運彩,824578,3477273.1,136,2026-07-09T07:40:00+08:00,波士頓紅襪,芝加哥白襪,波士頓紅襪 @ 芝加哥白襪,51435975.1,362,芝加哥白襪 大小 3.5,252814701.1,小 3.5,H,3.5,1.88,25,22,H,3.5,
2026-07-08,2026-07-08T13:51:01,台灣運彩,824578,3477273.1,136,2026-07-09T07:40:00+08:00,波士頓紅襪,芝加哥白襪,波士頓紅襪 @ 芝加哥白襪,51435978.1,363,波士頓紅襪 大小 3.5,252814708.1,大 3.5,A,3.5,1.65,20,13,A,3.5,
2026-07-08,2026-07-08T13:51:01,台灣運彩,824578,3477273.1,136,2026-07-09T07:40:00+08:00,波士頓紅襪,芝加哥白襪,波士頓紅襪 @ 芝加哥白襪,51435978.1,363,波士頓紅襪 大小 3.5,252814707.1,小 3.5,H,3.5,1.78,50,39,H,3.5,
2026-07-08,2026-07-08T13:51:01,台灣運彩,824578,3477273.1,136,2026-07-09T07:40:00+08:00,波士頓紅襪,芝加哥白襪,波士頓紅襪 @ 芝加哥白襪,51435970.1,366,[總分]單雙,252814692.1,單,,,1.48,25,12,,,
2026-07-08,2026-07-08T13:51:01,台灣運彩,824578,3477273.1,136,2026-07-09T07:40:00+08:00,波士頓紅襪,芝加哥白襪,波士頓紅襪 @ 芝加哥白襪,51435970.1,366,[總分]單雙,252814691.1,雙,,,2.00,1,1,,,
2026-07-08,2026-07-08T13:51:01,台灣運彩,823032,3477274.1,137,2026-07-09T07:45:00+08:00,密爾瓦基釀酒人,聖路易紅雀,密爾瓦基釀酒人 @ 聖路易紅雀,51435983.1,354,不讓分,252814721.1,聖路易紅雀,H,,1.95,20,19,H,,1
2026-07-08,2026-07-08T13:51:01,台灣運彩,823032,3477274.1,137,2026-07-09T07:45:00+08:00,密爾瓦基釀酒人,聖路易紅雀,密爾瓦基釀酒人 @ 聖路易紅雀,51435983.1,354,不讓分,252814722.1,密爾瓦基釀酒人,A,,1.55,20,11,A,,2
2026-07-08,2026-07-08T13:51:01,台灣運彩,823032,3477274.1,137,2026-07-09T07:45:00+08:00,密爾瓦基釀酒人,聖路易紅雀,密爾瓦基釀酒人 @ 聖路易紅雀,51435988.1,357,勝分差,252814734.1,密爾瓦基釀酒人 1 分,A,,5.30,10,43,A,,
2026-07-08,2026-07-08T13:51:01,台灣運彩,823032,3477274.1,137,2026-07-09T07:45:00+08:00,密爾瓦基釀酒人,聖路易紅雀,密爾瓦基釀酒人 @ 聖路易紅雀,51435988.1,357,勝分差,252814735.1,密爾瓦基釀酒人 2 分,A,,6.50,2,11,A,,
2026-07-08,2026-07-08T13:51:01,台灣運彩,823032,3477274.1,137,2026-07-09T07:45:00+08:00,密爾瓦基釀酒人,聖路易紅雀,密爾瓦基釀酒人 @ 聖路易紅雀,51435988.1,357,勝分差,252814736.1,密爾瓦基釀酒人 > 2分,A,,2.30,10,13,A,,
2026-07-08,2026-07-08T13:51:01,台灣運彩,823032,3477274.1,137,2026-07-09T07:45:00+08:00,密爾瓦基釀酒人,聖路易紅雀,密爾瓦基釀酒人 @ 聖路易紅雀,51435988.1,357,勝分差,252814731.1,聖路易紅雀 1 分,H,,4.15,20,63,H,,
2026-07-08,2026-07-08T13:51:01,台灣運彩,823032,3477274.1,137,2026-07-09T07:45:00+08:00,密爾瓦基釀酒人,聖路易紅雀,密爾瓦基釀酒人 @ 聖路易紅雀,51435988.1,357,勝分差,252814732.1,聖路易紅雀 2 分,H,,7.75,4,27,H,,
2026-07-08,2026-07-08T13:51:01,台灣運彩,823032,3477274.1,137,2026-07-09T07:45:00+08:00,密爾瓦基釀酒人,聖路易紅雀,密爾瓦基釀酒人 @ 聖路易紅雀,51435988.1,357,勝分差,252814733.1,聖路易紅雀 > 2分,H,,3.35,20,47,H,,
2026-07-08,2026-07-08T13:51:01,台灣運彩,823032,3477274.1,137,2026-07-09T07:45:00+08:00,密爾瓦基釀酒人,聖路易紅雀,密爾瓦基釀酒人 @ 聖路易紅雀,51435986.1,358,讓分 2.5,252814727.1,聖路易紅雀 +2.5,H,2.5,1.36,25,9,H,2.5,1
2026-07-08,2026-07-08T13:51:01,台灣運彩,823032,3477274.1,137,2026-07-09T07:45:00+08:00,密爾瓦基釀酒人,聖路易紅雀,密爾瓦基釀酒人 @ 聖路易紅雀,51435986.1,358,讓分 2.5,252814728.1,密爾瓦基釀酒人 -2.5,A,2.5,2.40,5,7,A,2.5,2
2026-07-08,2026-07-08T13:51:01,台灣運彩,823032,3477274.1,137,2026-07-09T07:45:00+08:00,密爾瓦基釀酒人,聖路易紅雀,密爾瓦基釀酒人 @ 聖路易紅雀,51435987.1,358,讓分 1.5,252814729.1,聖路易紅雀 +1.5,H,1.5,1.56,25,14,H,1.5,1
2026-07-08,2026-07-08T13:51:01,台灣運彩,823032,3477274.1,137,2026-07-09T07:45:00+08:00,密爾瓦基釀酒人,聖路易紅雀,密爾瓦基釀酒人 @ 聖路易紅雀,51435987.1,358,讓分 1.5,252814730.1,密爾瓦基釀酒人 -1.5,A,1.5,1.94,50,47,A,1.5,2
2026-07-08,2026-07-08T13:51:01,台灣運彩,823032,3477274.1,137,2026-07-09T07:45:00+08:00,密爾瓦基釀酒人,聖路易紅雀,密爾瓦基釀酒人 @ 聖路易紅雀,51435989.1,360,[總分]大小 7.5,252814738.1,大 7.5,A,7.5,1.63,100,63,A,7.5,
2026-07-08,2026-07-08T13:51:01,台灣運彩,823032,3477274.1,137,2026-07-09T07:45:00+08:00,密爾瓦基釀酒人,聖路易紅雀,密爾瓦基釀酒人 @ 聖路易紅雀,51435989.1,360,[總分]大小 7.5,252814737.1,小 7.5,H,7.5,1.87,100,87,H,7.5,
2026-07-08,2026-07-08T13:51:01,台灣運彩,823032,3477274.1,137,2026-07-09T07:45:00+08:00,密爾瓦基釀酒人,聖路易紅雀,密爾瓦基釀酒人 @ 聖路易紅雀,51435993.1,360,[總分]大小 8.5,252814746.1,大 8.5,A,8.5,1.87,100,87,A,8.5,
2026-07-08,2026-07-08T13:51:01,台灣運彩,823032,3477274.1,137,2026-07-09T07:45:00+08:00,密爾瓦基釀酒人,聖路易紅雀,密爾瓦基釀酒人 @ 聖路易紅雀,51435993.1,360,[總分]大小 8.5,252814745.1,小 8.5,H,8.5,1.63,100,63,H,8.5,
2026-07-08,2026-07-08T13:51:01,台灣運彩,823032,3477274.1,137,2026-07-09T07:45:00+08:00,密爾瓦基釀酒人,聖路易紅雀,密爾瓦基釀酒人 @ 聖路易紅雀,51436099.1,360,[總分]大小 9.5,252815057.1,大 9.5,A,9.5,2.30,10,13,A,9.5,
2026-07-08,2026-07-08T13:51:01,台灣運彩,823032,3477274.1,137,2026-07-09T07:45:00+08:00,密爾瓦基釀酒人,聖路易紅雀,密爾瓦基釀酒人 @ 聖路易紅雀,51436099.1,360,[總分]大小 9.5,252815056.1,小 9.5,H,9.5,1.40,5,2,H,9.5,
2026-07-08,2026-07-08T13:51:01,台灣運彩,823032,3477274.1,137,2026-07-09T07:45:00+08:00,密爾瓦基釀酒人,聖路易紅雀,密爾瓦基釀酒人 @ 聖路易紅雀,51435984.1,362,聖路易紅雀 大小 3.5,252814724.1,大 3.5,A,3.5,1.73,100,73,A,3.5,
2026-07-08,2026-07-08T13:51:01,台灣運彩,823032,3477274.1,137,2026-07-09T07:45:00+08:00,密爾瓦基釀酒人,聖路易紅雀,密爾瓦基釀酒人 @ 聖路易紅雀,51435984.1,362,聖路易紅雀 大小 3.5,252814723.1,小 3.5,H,3.5,1.70,10,7,H,3.5,
2026-07-08,2026-07-08T13:51:01,台灣運彩,823032,3477274.1,137,2026-07-09T07:45:00+08:00,密爾瓦基釀酒人,聖路易紅雀,密爾瓦基釀酒人 @ 聖路易紅雀,51435985.1,363,密爾瓦基釀酒人 大小 4.5,252814726.1,大 4.5,A,4.5,1.86,50,43,A,4.5,
2026-07-08,2026-07-08T13:51:01,台灣運彩,823032,3477274.1,137,2026-07-09T07:45:00+08:00,密爾瓦基釀酒人,聖路易紅雀,密爾瓦基釀酒人 @ 聖路易紅雀,51435985.1,363,密爾瓦基釀酒人 大小 4.5,252814725.1,小 4.5,H,4.5,1.58,50,29,H,4.5,
2026-07-08,2026-07-08T13:51:01,台灣運彩,823032,3477274.1,137,2026-07-09T07:45:00+08:00,密爾瓦基釀酒人,聖路易紅雀,密爾瓦基釀酒人 @ 聖路易紅雀,51435992.1,366,[總分]單雙,252814744.1,單,,,1.48,25,12,,,
2026-07-08,2026-07-08T13:51:01,台灣運彩,823032,3477274.1,137,2026-07-09T07:45:00+08:00,密爾瓦基釀酒人,聖路易紅雀,密爾瓦基釀酒人 @ 聖路易紅雀,51435992.1,366,[總分]單雙,252814743.1,雙,,,2.00,1,1,,,
2026-07-08,2026-07-08T13:51:01,台灣運彩,823032,3477274.1,137,2026-07-09T07:45:00+08:00,密爾瓦基釀酒人,聖路易紅雀,密爾瓦基釀酒人 @ 聖路易紅雀,51436012.1,374,得分最高單局(不含延長賽),252814799.1,一樣多,,,2.25,4,5,,,
2026-07-08,2026-07-08T13:51:01,台灣運彩,823032,3477274.1,137,2026-07-09T07:45:00+08:00,密爾瓦基釀酒人,聖路易紅雀,密爾瓦基釀酒人 @ 聖路易紅雀,51436012.1,374,得分最高單局(不含延長賽),252814790.1,第1局,,,5.20,5,21,,,
2026-07-08,2026-07-08T13:51:01,台灣運彩,823032,3477274.1,137,2026-07-09T07:45:00+08:00,密爾瓦基釀酒人,聖路易紅雀,密爾瓦基釀酒人 @ 聖路易紅雀,51436012.1,374,得分最高單局(不含延長賽),252814791.1,第2局,,,6.25,4,21,,,
2026-07-08,2026-07-08T13:51:01,台灣運彩,823032,3477274.1,137,2026-07-09T07:45:00+08:00,密爾瓦基釀酒人,聖路易紅雀,密爾瓦基釀酒人 @ 聖路易紅雀,51436012.1,374,得分最高單局(不含延長賽),252814792.1,第3局,,,5.45,20,89,,,
2026-07-08,2026-07-08T13:51:01,台灣運彩,823032,3477274.1,137,2026-07-09T07:45:00+08:00,密爾瓦基釀酒人,聖路易紅雀,密爾瓦基釀酒人 @ 聖路易紅雀,51436012.1,374,得分最高單局(不含延長賽),252814793.1,第4局,,,6.25,4,21,,,
2026-07-08,2026-07-08T13:51:01,台灣運彩,823032,3477274.1,137,2026-07-09T07:45:00+08:00,密爾瓦基釀酒人,聖路易紅雀,密爾瓦基釀酒人 @ 聖路易紅雀,51436012.1,374,得分最高單局(不含延長賽),252814794.1,第5局,,,5.75,4,19,,,
2026-07-08,2026-07-08T13:51:01,台灣運彩,823032,3477274.1,137,2026-07-09T07:45:00+08:00,密爾瓦基釀酒人,聖路易紅雀,密爾瓦基釀酒人 @ 聖路易紅雀,51436012.1,374,得分最高單局(不含延長賽),252814795.1,第6局,,,6.25,4,21,,,
2026-07-08,2026-07-08T13:51:01,台灣運彩,823032,3477274.1,137,2026-07-09T07:45:00+08:00,密爾瓦基釀酒人,聖路易紅雀,密爾瓦基釀酒人 @ 聖路易紅雀,51436012.1,374,得分最高單局(不含延長賽),252814796.1,第7局,,,6.50,2,11,,,
2026-07-08,2026-07-08T13:51:01,台灣運彩,823032,3477274.1,137,2026-07-09T07:45:00+08:00,密爾瓦基釀酒人,聖路易紅雀,密爾瓦基釀酒人 @ 聖路易紅雀,51436012.1,374,得分最高單局(不含延長賽),252814797.1,第8局,,,6.25,4,21,,,
2026-07-08,2026-07-08T13:51:01,台灣運彩,823032,3477274.1,137,2026-07-09T07:45:00+08:00,密爾瓦基釀酒人,聖路易紅雀,密爾瓦基釀酒人 @ 聖路易紅雀,51436012.1,374,得分最高單局(不含延長賽),252814798.1,第9局,,,8.00,1,7,,,
2026-07-08,2026-07-08T13:51:01,台灣運彩,823032,3477274.1,137,2026-07-09T07:45:00+08:00,密爾瓦基釀酒人,聖路易紅雀,密爾瓦基釀酒人 @ 聖路易紅雀,51436006.1,376,[1-5局] 不讓分,252814776.1,聖路易紅雀,H,,2.00,1,1,H,,1
2026-07-08,2026-07-08T13:51:01,台灣運彩,823032,3477274.1,137,2026-07-09T07:45:00+08:00,密爾瓦基釀酒人,聖路易紅雀,密爾瓦基釀酒人 @ 聖路易紅雀,51436006.1,376,[1-5局] 不讓分,252814778.1,密爾瓦基釀酒人,A,,1.70,10,7,A,,2
2026-07-08,2026-07-08T13:51:01,台灣運彩,823032,3477274.1,137,2026-07-09T07:45:00+08:00,密爾瓦基釀酒人,聖路易紅雀,密爾瓦基釀酒人 @ 聖路易紅雀,51436006.1,376,[1-5局] 不讓分,252814777.1,和局,D,,4.55,20,71,D,,
2026-07-08,2026-07-08T13:51:01,台灣運彩,823032,3477274.1,137,2026-07-09T07:45:00+08:00,密爾瓦基釀酒人,聖路易紅雀,密爾瓦基釀酒人 @ 聖路易紅雀,51436008.1,378,[1-5局] 大小 4.5,252814782.1,大 4.5,A,4.5,1.71,100,71,A,4.5,
2026-07-08,2026-07-08T13:51:01,台灣運彩,823032,3477274.1,137,2026-07-09T07:45:00+08:00,密爾瓦基釀酒人,聖路易紅雀,密爾瓦基釀酒人 @ 聖路易紅雀,51436008.1,378,[1-5局] 大小 4.5,252814781.1,小 4.5,H,4.5,1.62,50,31,H,4.5,
2026-07-08,2026-07-08T13:51:01,台灣運彩,823032,3477274.1,137,2026-07-09T07:45:00+08:00,密爾瓦基釀酒人,聖路易紅雀,密爾瓦基釀酒人 @ 聖路易紅雀,51436007.1,379,[1-5局] 聖路易紅雀 大小 1.5,252814780.1,大 1.5,A,1.5,1.60,5,3,A,1.5,
2026-07-08,2026-07-08T13:51:01,台灣運彩,823032,3477274.1,137,2026-07-09T07:45:00+08:00,密爾瓦基釀酒人,聖路易紅雀,密爾瓦基釀酒人 @ 聖路易紅雀,51436007.1,379,[1-5局] 聖路易紅雀 大小 1.5,252814779.1,小 1.5,H,1.5,1.85,20,17,H,1.5,
2026-07-08,2026-07-08T13:51:01,台灣運彩,823032,3477274.1,137,2026-07-09T07:45:00+08:00,密爾瓦基釀酒人,聖路易紅雀,密爾瓦基釀酒人 @ 聖路易紅雀,51436010.1,380,[1-5局] 密爾瓦基釀酒人 大小 2.5,252814787.1,大 2.5,A,2.5,1.94,50,47,A,2.5,
2026-07-08,2026-07-08T13:51:01,台灣運彩,823032,3477274.1,137,2026-07-09T07:45:00+08:00,密爾瓦基釀酒人,聖路易紅雀,密爾瓦基釀酒人 @ 聖路易紅雀,51436010.1,380,[1-5局] 密爾瓦基釀酒人 大小 2.5,252814786.1,小 2.5,H,2.5,1.52,25,13,H,2.5,
2026-07-08,2026-07-08T13:51:01,台灣運彩,823032,3477274.1,137,2026-07-09T07:45:00+08:00,密爾瓦基釀酒人,聖路易紅雀,密爾瓦基釀酒人 @ 聖路易紅雀,51436009.1,389,[第1局] 不讓分,252814783.1,聖路易紅雀,H,,3.30,10,23,H,,1
2026-07-08,2026-07-08T13:51:01,台灣運彩,823032,3477274.1,137,2026-07-09T07:45:00+08:00,密爾瓦基釀酒人,聖路易紅雀,密爾瓦基釀酒人 @ 聖路易紅雀,51436009.1,389,[第1局] 不讓分,252814785.1,密爾瓦基釀酒人,A,,3.00,1,2,A,,2
2026-07-08,2026-07-08T13:51:01,台灣運彩,823032,3477274.1,137,2026-07-09T07:45:00+08:00,密爾瓦基釀酒人,聖路易紅雀,密爾瓦基釀酒人 @ 聖路易紅雀,51436009.1,389,[第1局] 不讓分,252814784.1,和局,D,,1.50,2,1,D,,
2026-07-08,2026-07-08T13:51:01,台灣運彩,823032,3477274.1,137,2026-07-09T07:45:00+08:00,密爾瓦基釀酒人,聖路易紅雀,密爾瓦基釀酒人 @ 聖路易紅雀,51436011.1,398,[第1局] 大小 0.5,252814789.1,大 0.5,A,0.5,1.73,100,73,A,0.5,
2026-07-08,2026-07-08T13:51:01,台灣運彩,823032,3477274.1,137,2026-07-09T07:45:00+08:00,密爾瓦基釀酒人,聖路易紅雀,密爾瓦基釀酒人 @ 聖路易紅雀,51436011.1,398,[第1局] 大小 0.5,252814788.1,小 0.5,H,0.5,1.60,5,3,H,0.5,
2026-07-08,2026-07-08T13:51:01,台灣運彩,822880,3477275.1,138,2026-07-09T08:05:00+08:00,洛杉磯天使,德州遊騎兵,洛杉磯天使 @ 德州遊騎兵,51436036.1,354,不讓分,252814868.1,德州遊騎兵,H,,1.45,20,9,H,,1
2026-07-08,2026-07-08T13:51:01,台灣運彩,822880,3477275.1,138,2026-07-09T08:05:00+08:00,洛杉磯天使,德州遊騎兵,洛杉磯天使 @ 德州遊騎兵,51436036.1,354,不讓分,252814869.1,洛杉磯天使,A,,2.10,10,11,A,,2
2026-07-08,2026-07-08T13:51:01,台灣運彩,822880,3477275.1,138,2026-07-09T08:05:00+08:00,洛杉磯天使,德州遊騎兵,洛杉磯天使 @ 德州遊騎兵,51436051.1,357,勝分差,252814900.1,德州遊騎兵 1 分,H,,3.75,4,11,H,,
2026-07-08,2026-07-08T13:51:01,台灣運彩,822880,3477275.1,138,2026-07-09T08:05:00+08:00,洛杉磯天使,德州遊騎兵,洛杉磯天使 @ 德州遊騎兵,51436051.1,357,勝分差,252814901.1,德州遊騎兵 2 分,H,,6.50,2,11,H,,
2026-07-08,2026-07-08T13:51:01,台灣運彩,822880,3477275.1,138,2026-07-09T08:05:00+08:00,洛杉磯天使,德州遊騎兵,洛杉磯天使 @ 德州遊騎兵,51436051.1,357,勝分差,252814902.1,德州遊騎兵 > 2分,H,,2.35,20,27,H,,
2026-07-08,2026-07-08T13:51:01,台灣運彩,822880,3477275.1,138,2026-07-09T08:05:00+08:00,洛杉磯天使,德州遊騎兵,洛杉磯天使 @ 德州遊騎兵,51436051.1,357,勝分差,252814903.1,洛杉磯天使 1 分,A,,5.50,2,9,A,,
2026-07-08,2026-07-08T13:51:01,台灣運彩,822880,3477275.1,138,2026-07-09T08:05:00+08:00,洛杉磯天使,德州遊騎兵,洛杉磯天使 @ 德州遊騎兵,51436051.1,357,勝分差,252814904.1,洛杉磯天使 2 分,A,,8.00,1,7,A,,
2026-07-08,2026-07-08T13:51:01,台灣運彩,822880,3477275.1,138,2026-07-09T08:05:00+08:00,洛杉磯天使,德州遊騎兵,洛杉磯天使 @ 德州遊騎兵,51436051.1,357,勝分差,252814905.1,洛杉磯天使 > 2分,A,,3.40,5,12,A,,
2026-07-08,2026-07-08T13:51:01,台灣運彩,822880,3477275.1,138,2026-07-09T08:05:00+08:00,洛杉磯天使,德州遊騎兵,洛杉磯天使 @ 德州遊騎兵,51436043.1,358,讓分 -2.5,252814882.1,德州遊騎兵 -2.5,H,-2.5,2.47,100,147,H,-2.5,1
2026-07-08,2026-07-08T13:51:01,台灣運彩,822880,3477275.1,138,2026-07-09T08:05:00+08:00,洛杉磯天使,德州遊騎兵,洛杉磯天使 @ 德州遊騎兵,51436043.1,358,讓分 -2.5,252814883.1,洛杉磯天使 +2.5,A,-2.5,1.33,100,33,A,-2.5,2
2026-07-08,2026-07-08T13:51:01,台灣運彩,822880,3477275.1,138,2026-07-09T08:05:00+08:00,洛杉磯天使,德州遊騎兵,洛杉磯天使 @ 德州遊騎兵,51436048.1,358,讓分 -1.5,252814894.1,德州遊騎兵 -1.5,H,-1.5,1.97,100,97,H,-1.5,1
2026-07-08,2026-07-08T13:51:01,台灣運彩,822880,3477275.1,138,2026-07-09T08:05:00+08:00,洛杉磯天使,德州遊騎兵,洛杉磯天使 @ 德州遊騎兵,51436048.1,358,讓分 -1.5,252814895.1,洛杉磯天使 +1.5,A,-1.5,1.53,100,53,A,-1.5,2
2026-07-08,2026-07-08T13:51:01,台灣運彩,822880,3477275.1,138,2026-07-09T08:05:00+08:00,洛杉磯天使,德州遊騎兵,洛杉磯天使 @ 德州遊騎兵,51436037.1,360,[總分]大小 6.5,252814871.1,大 6.5,A,6.5,1.42,50,21,A,6.5,
2026-07-08,2026-07-08T13:51:01,台灣運彩,822880,3477275.1,138,2026-07-09T08:05:00+08:00,洛杉磯天使,德州遊騎兵,洛杉磯天使 @ 德州遊騎兵,51436037.1,360,[總分]大小 6.5,252814870.1,小 6.5,H,6.5,2.20,5,6,H,6.5,
2026-07-08,2026-07-08T13:51:01,台灣運彩,822880,3477275.1,138,2026-07-09T08:05:00+08:00,洛杉磯天使,德州遊騎兵,洛杉磯天使 @ 德州遊騎兵,51436040.1,360,[總分]大小 7.5,252814877.1,大 7.5,A,7.5,1.74,50,37,A,7.5,
2026-07-08,2026-07-08T13:51:01,台灣運彩,822880,3477275.1,138,2026-07-09T08:05:00+08:00,洛杉磯天使,德州遊騎兵,洛杉磯天使 @ 德州遊騎兵,51436040.1,360,[總分]大小 7.5,252814876.1,小 7.5,H,7.5,1.76,25,19,H,7.5,
2026-07-08,2026-07-08T13:51:01,台灣運彩,822880,3477275.1,138,2026-07-09T08:05:00+08:00,洛杉磯天使,德州遊騎兵,洛杉磯天使 @ 德州遊騎兵,51436049.1,360,[總分]大小 8.5,252814897.1,大 8.5,A,8.5,1.97,100,97,A,8.5,
2026-07-08,2026-07-08T13:51:01,台灣運彩,822880,3477275.1,138,2026-07-09T08:05:00+08:00,洛杉磯天使,德州遊騎兵,洛杉磯天使 @ 德州遊騎兵,51436049.1,360,[總分]大小 8.5,252814896.1,小 8.5,H,8.5,1.53,100,53,H,8.5,
2026-07-08,2026-07-08T13:51:01,台灣運彩,822880,3477275.1,138,2026-07-09T08:05:00+08:00,洛杉磯天使,德州遊騎兵,洛杉磯天使 @ 德州遊騎兵,51436101.1,362,德州遊騎兵 大小 3.5,252815061.1,大 3.5,A,3.5,1.53,100,53,A,3.5,
2026-07-08,2026-07-08T13:51:01,台灣運彩,822880,3477275.1,138,2026-07-09T08:05:00+08:00,洛杉磯天使,德州遊騎兵,洛杉磯天使 @ 德州遊騎兵,51436101.1,362,德州遊騎兵 大小 3.5,252815060.1,小 3.5,H,3.5,1.93,100,93,H,3.5,
2026-07-08,2026-07-08T13:51:01,台灣運彩,822880,3477275.1,138,2026-07-09T08:05:00+08:00,洛杉磯天使,德州遊騎兵,洛杉磯天使 @ 德州遊騎兵,51436041.1,363,洛杉磯天使 大小 3.5,252814879.1,大 3.5,A,3.5,1.85,20,17,A,3.5,
2026-07-08,2026-07-08T13:51:01,台灣運彩,822880,3477275.1,138,2026-07-09T08:05:00+08:00,洛杉磯天使,德州遊騎兵,洛杉磯天使 @ 德州遊騎兵,51436041.1,363,洛杉磯天使 大小 3.5,252814878.1,小 3.5,H,3.5,1.60,5,3,H,3.5,
2026-07-08,2026-07-08T13:51:01,台灣運彩,822880,3477275.1,138,2026-07-09T08:05:00+08:00,洛杉磯天使,德州遊騎兵,洛杉磯天使 @ 德州遊騎兵,51436035.1,366,[總分]單雙,252814867.1,單,,,1.46,50,23,,,
2026-07-08,2026-07-08T13:51:01,台灣運彩,822880,3477275.1,138,2026-07-09T08:05:00+08:00,洛杉磯天使,德州遊騎兵,洛杉磯天使 @ 德州遊騎兵,51436035.1,366,[總分]單雙,252814866.1,雙,,,2.05,20,21,,,
2026-07-08,2026-07-08T13:51:01,台灣運彩,822880,3477275.1,138,2026-07-09T08:05:00+08:00,洛杉磯天使,德州遊騎兵,洛杉磯天使 @ 德州遊騎兵,51436052.1,374,得分最高單局(不含延長賽),252814915.1,一樣多,,,2.20,5,6,,,
2026-07-08,2026-07-08T13:51:01,台灣運彩,822880,3477275.1,138,2026-07-09T08:05:00+08:00,洛杉磯天使,德州遊騎兵,洛杉磯天使 @ 德州遊騎兵,51436052.1,374,得分最高單局(不含延長賽),252814906.1,第1局,,,5.65,20,93,,,
2026-07-08,2026-07-08T13:51:01,台灣運彩,822880,3477275.1,138,2026-07-09T08:05:00+08:00,洛杉磯天使,德州遊騎兵,洛杉磯天使 @ 德州遊騎兵,51436052.1,374,得分最高單局(不含延長賽),252814907.1,第2局,,,6.50,2,11,,,
2026-07-08,2026-07-08T13:51:01,台灣運彩,822880,3477275.1,138,2026-07-09T08:05:00+08:00,洛杉磯天使,德州遊騎兵,洛杉磯天使 @ 德州遊騎兵,51436052.1,374,得分最高單局(不含延長賽),252814908.1,第3局,,,5.95,20,99,,,
2026-07-08,2026-07-08T13:51:01,台灣運彩,822880,3477275.1,138,2026-07-09T08:05:00+08:00,洛杉磯天使,德州遊騎兵,洛杉磯天使 @ 德州遊騎兵,51436052.1,374,得分最高單局(不含延長賽),252814909.1,第4局,,,6.50,2,11,,,
2026-07-08,2026-07-08T13:51:01,台灣運彩,822880,3477275.1,138,2026-07-09T08:05:00+08:00,洛杉磯天使,德州遊騎兵,洛杉磯天使 @ 德州遊騎兵,51436052.1,374,得分最高單局(不含延長賽),252814910.1,第5局,,,6.25,4,21,,,
2026-07-08,2026-07-08T13:51:01,台灣運彩,822880,3477275.1,138,2026-07-09T08:05:00+08:00,洛杉磯天使,德州遊騎兵,洛杉磯天使 @ 德州遊騎兵,51436052.1,374,得分最高單局(不含延長賽),252814911.1,第6局,,,5.70,10,47,,,
2026-07-08,2026-07-08T13:51:01,台灣運彩,822880,3477275.1,138,2026-07-09T08:05:00+08:00,洛杉磯天使,德州遊騎兵,洛杉磯天使 @ 德州遊騎兵,51436052.1,374,得分最高單局(不含延長賽),252814912.1,第7局,,,5.90,10,49,,,
2026-07-08,2026-07-08T13:51:01,台灣運彩,822880,3477275.1,138,2026-07-09T08:05:00+08:00,洛杉磯天使,德州遊騎兵,洛杉磯天使 @ 德州遊騎兵,51436052.1,374,得分最高單局(不含延長賽),252814913.1,第8局,,,5.50,2,9,,,
2026-07-08,2026-07-08T13:51:01,台灣運彩,822880,3477275.1,138,2026-07-09T08:05:00+08:00,洛杉磯天使,德州遊騎兵,洛杉磯天使 @ 德州遊騎兵,51436052.1,374,得分最高單局(不含延長賽),252814914.1,第9局,,,8.00,1,7,,,
2026-07-08,2026-07-08T13:51:01,台灣運彩,822880,3477275.1,138,2026-07-09T08:05:00+08:00,洛杉磯天使,德州遊騎兵,洛杉磯天使 @ 德州遊騎兵,51436044.1,376,[1-5局] 不讓分,252814884.1,德州遊騎兵,H,,1.60,5,3,H,,1
2026-07-08,2026-07-08T13:51:01,台灣運彩,822880,3477275.1,138,2026-07-09T08:05:00+08:00,洛杉磯天使,德州遊騎兵,洛杉磯天使 @ 德州遊騎兵,51436044.1,376,[1-5局] 不讓分,252814886.1,洛杉磯天使,A,,2.20,5,6,A,,2
2026-07-08,2026-07-08T13:51:01,台灣運彩,822880,3477275.1,138,2026-07-09T08:05:00+08:00,洛杉磯天使,德州遊騎兵,洛杉磯天使 @ 德州遊騎兵,51436044.1,376,[1-5局] 不讓分,252814885.1,和局,D,,4.25,4,13,D,,
2026-07-08,2026-07-08T13:51:01,台灣運彩,822880,3477275.1,138,2026-07-09T08:05:00+08:00,洛杉磯天使,德州遊騎兵,洛杉磯天使 @ 德州遊騎兵,51436042.1,378,[1-5局] 大小 3.5,252814881.1,大 3.5,A,3.5,1.52,25,13,A,3.5,
2026-07-08,2026-07-08T13:51:01,台灣運彩,822880,3477275.1,138,2026-07-09T08:05:00+08:00,洛杉磯天使,德州遊騎兵,洛杉磯天使 @ 德州遊騎兵,51436042.1,378,[1-5局] 大小 3.5,252814880.1,小 3.5,H,3.5,1.83,100,83,H,3.5,
2026-07-08,2026-07-08T13:51:01,台灣運彩,822880,3477275.1,138,2026-07-09T08:05:00+08:00,洛杉磯天使,德州遊騎兵,洛杉磯天使 @ 德州遊騎兵,51436045.1,379,[1-5局] 德州遊騎兵 大小 2.5,252814888.1,大 2.5,A,2.5,1.96,25,24,A,2.5,
2026-07-08,2026-07-08T13:51:01,台灣運彩,822880,3477275.1,138,2026-07-09T08:05:00+08:00,洛杉磯天使,德州遊騎兵,洛杉磯天使 @ 德州遊騎兵,51436045.1,379,[1-5局] 德州遊騎兵 大小 2.5,252814887.1,小 2.5,H,2.5,1.50,2,1,H,2.5,
2026-07-08,2026-07-08T13:51:01,台灣運彩,822880,3477275.1,138,2026-07-09T08:05:00+08:00,洛杉磯天使,德州遊騎兵,洛杉磯天使 @ 德州遊騎兵,51436050.1,380,[1-5局] 洛杉磯天使 大小 1.5,252814899.1,大 1.5,A,1.5,1.82,50,41,A,1.5,
2026-07-08,2026-07-08T13:51:01,台灣運彩,822880,3477275.1,138,2026-07-09T08:05:00+08:00,洛杉磯天使,德州遊騎兵,洛杉磯天使 @ 德州遊騎兵,51436050.1,380,[1-5局] 洛杉磯天使 大小 1.5,252814898.1,小 1.5,H,1.5,1.62,50,31,H,1.5,
2026-07-08,2026-07-08T13:51:01,台灣運彩,822880,3477275.1,138,2026-07-09T08:05:00+08:00,洛杉磯天使,德州遊騎兵,洛杉磯天使 @ 德州遊騎兵,51436047.1,389,[第1局] 不讓分,252814891.1,德州遊騎兵,H,,2.85,20,37,H,,1
2026-07-08,2026-07-08T13:51:01,台灣運彩,822880,3477275.1,138,2026-07-09T08:05:00+08:00,洛杉磯天使,德州遊騎兵,洛杉磯天使 @ 德州遊騎兵,51436047.1,389,[第1局] 不讓分,252814893.1,洛杉磯天使,A,,3.75,4,11,A,,2
2026-07-08,2026-07-08T13:51:01,台灣運彩,822880,3477275.1,138,2026-07-09T08:05:00+08:00,洛杉磯天使,德州遊騎兵,洛杉磯天使 @ 德州遊騎兵,51436047.1,389,[第1局] 不讓分,252814892.1,和局,D,,1.45,20,9,D,,
2026-07-08,2026-07-08T13:51:01,台灣運彩,822880,3477275.1,138,2026-07-09T08:05:00+08:00,洛杉磯天使,德州遊騎兵,洛杉磯天使 @ 德州遊騎兵,51436046.1,398,[第1局] 大小 0.5,252814890.1,大 0.5,A,0.5,1.78,50,39,A,0.5,
2026-07-08,2026-07-08T13:51:01,台灣運彩,822880,3477275.1,138,2026-07-09T08:05:00+08:00,洛杉磯天使,德州遊騎兵,洛杉磯天使 @ 德州遊騎兵,51436046.1,398,[第1局] 大小 0.5,252814889.1,小 0.5,H,0.5,1.56,25,14,H,0.5,
2026-07-08,2026-07-08T13:51:01,台灣運彩,823279,3477279.1,140,2026-07-09T10:10:00+08:00,亞利桑那響尾蛇,聖地牙哥教士,亞利桑那響尾蛇 @ 聖地牙哥教士,51436137.1,354,不讓分,252815145.1,聖地牙哥教士,H,,1.53,100,53,H,,1
2026-07-08,2026-07-08T13:51:01,台灣運彩,823279,3477279.1,140,2026-07-09T10:10:00+08:00,亞利桑那響尾蛇,聖地牙哥教士,亞利桑那響尾蛇 @ 聖地牙哥教士,51436137.1,354,不讓分,252815146.1,亞歷桑那響尾蛇,A,,1.97,100,97,A,,2
2026-07-08,2026-07-08T13:51:01,台灣運彩,823279,3477279.1,140,2026-07-09T10:10:00+08:00,亞利桑那響尾蛇,聖地牙哥教士,亞利桑那響尾蛇 @ 聖地牙哥教士,51436148.1,357,勝分差,252815172.1,亞歷桑那響尾蛇 1 分,A,,5.70,10,47,A,,
2026-07-08,2026-07-08T13:51:01,台灣運彩,823279,3477279.1,140,2026-07-09T10:10:00+08:00,亞利桑那響尾蛇,聖地牙哥教士,亞利桑那響尾蛇 @ 聖地牙哥教士,51436148.1,357,勝分差,252815173.1,亞歷桑那響尾蛇 2 分,A,,7.50,2,13,A,,
2026-07-08,2026-07-08T13:51:01,台灣運彩,823279,3477279.1,140,2026-07-09T10:10:00+08:00,亞利桑那響尾蛇,聖地牙哥教士,亞利桑那響尾蛇 @ 聖地牙哥教士,51436148.1,357,勝分差,252815174.1,亞歷桑那響尾蛇 > 2分,A,,3.15,20,43,A,,
2026-07-08,2026-07-08T13:51:01,台灣運彩,823279,3477279.1,140,2026-07-09T10:10:00+08:00,亞利桑那響尾蛇,聖地牙哥教士,亞利桑那響尾蛇 @ 聖地牙哥教士,51436148.1,357,勝分差,252815169.1,聖地牙哥教士 1 分,H,,3.95,20,59,H,,
2026-07-08,2026-07-08T13:51:01,台灣運彩,823279,3477279.1,140,2026-07-09T10:10:00+08:00,亞利桑那響尾蛇,聖地牙哥教士,亞利桑那響尾蛇 @ 聖地牙哥教士,51436148.1,357,勝分差,252815170.1,聖地牙哥教士 2 分,H,,6.50,2,11,H,,
2026-07-08,2026-07-08T13:51:01,台灣運彩,823279,3477279.1,140,2026-07-09T10:10:00+08:00,亞利桑那響尾蛇,聖地牙哥教士,亞利桑那響尾蛇 @ 聖地牙哥教士,51436148.1,357,勝分差,252815171.1,聖地牙哥教士 > 2分,H,,2.40,5,7,H,,
2026-07-08,2026-07-08T13:51:01,台灣運彩,823279,3477279.1,140,2026-07-09T10:10:00+08:00,亞利桑那響尾蛇,聖地牙哥教士,亞利桑那響尾蛇 @ 聖地牙哥教士,51436142.1,358,讓分 -1.5,252815156.1,聖地牙哥教士 -1.5,H,-1.5,1.98,50,49,H,-1.5,1
2026-07-08,2026-07-08T13:51:01,台灣運彩,823279,3477279.1,140,2026-07-09T10:10:00+08:00,亞利桑那響尾蛇,聖地牙哥教士,亞利桑那響尾蛇 @ 聖地牙哥教士,51436142.1,358,讓分 -1.5,252815157.1,亞歷桑那響尾蛇 +1.5,A,-1.5,1.52,25,13,A,-1.5,2
2026-07-08,2026-07-08T13:51:01,台灣運彩,823279,3477279.1,140,2026-07-09T10:10:00+08:00,亞利桑那響尾蛇,聖地牙哥教士,亞利桑那響尾蛇 @ 聖地牙哥教士,51436140.1,360,[總分]大小 7.5,252815153.1,大 7.5,A,7.5,1.65,20,13,A,7.5,
2026-07-08,2026-07-08T13:51:01,台灣運彩,823279,3477279.1,140,2026-07-09T10:10:00+08:00,亞利桑那響尾蛇,聖地牙哥教士,亞利桑那響尾蛇 @ 聖地牙哥教士,51436140.1,360,[總分]大小 7.5,252815152.1,小 7.5,H,7.5,1.85,20,17,H,7.5,
2026-07-08,2026-07-08T13:51:01,台灣運彩,823279,3477279.1,140,2026-07-09T10:10:00+08:00,亞利桑那響尾蛇,聖地牙哥教士,亞利桑那響尾蛇 @ 聖地牙哥教士,51436144.1,362,聖地牙哥教士 大小 4.5,252815161.1,大 4.5,A,4.5,1.88,25,22,A,4.5,
2026-07-08,2026-07-08T13:51:01,台灣運彩,823279,3477279.1,140,2026-07-09T10:10:00+08:00,亞利桑那響尾蛇,聖地牙哥教士,亞利桑那響尾蛇 @ 聖地牙哥教士,51436144.1,362,聖地牙哥教士 大小 4.5,252815160.1,小 4.5,H,4.5,1.56,25,14,H,4.5,
2026-07-08,2026-07-08T13:51:01,台灣運彩,823279,3477279.1,140,2026-07-09T10:10:00+08:00,亞利桑那響尾蛇,聖地牙哥教士,亞利桑那響尾蛇 @ 聖地牙哥教士,51436141.1,363,亞歷桑那響尾蛇 大小 3.5,252815155.1,大 3.5,A,3.5,1.75,4,3,A,3.5,
2026-07-08,2026-07-08T13:51:01,台灣運彩,823279,3477279.1,140,2026-07-09T10:10:00+08:00,亞利桑那響尾蛇,聖地牙哥教士,亞利桑那響尾蛇 @ 聖地牙哥教士,51436141.1,363,亞歷桑那響尾蛇 大小 3.5,252815154.1,小 3.5,H,3.5,1.68,25,17,H,3.5,
2026-07-08,2026-07-08T13:51:01,台灣運彩,823279,3477279.1,140,2026-07-09T10:10:00+08:00,亞利桑那響尾蛇,聖地牙哥教士,亞利桑那響尾蛇 @ 聖地牙哥教士,51436136.1,366,[總分]單雙,252815144.1,單,,,1.45,20,9,,,
2026-07-08,2026-07-08T13:51:01,台灣運彩,823279,3477279.1,140,2026-07-09T10:10:00+08:00,亞利桑那響尾蛇,聖地牙哥教士,亞利桑那響尾蛇 @ 聖地牙哥教士,51436136.1,366,[總分]單雙,252815143.1,雙,,,1.95,20,19,,,
2026-07-08,2026-07-08T13:51:01,台灣運彩,823279,3477279.1,140,2026-07-09T10:10:00+08:00,亞利桑那響尾蛇,聖地牙哥教士,亞利桑那響尾蛇 @ 聖地牙哥教士,51436149.1,374,得分最高單局(不含延長賽),252815184.1,一樣多,,,2.25,4,5,,,
2026-07-08,2026-07-08T13:51:01,台灣運彩,823279,3477279.1,140,2026-07-09T10:10:00+08:00,亞利桑那響尾蛇,聖地牙哥教士,亞利桑那響尾蛇 @ 聖地牙哥教士,51436149.1,374,得分最高單局(不含延長賽),252815175.1,第1局,,,5.20,5,21,,,
2026-07-08,2026-07-08T13:51:01,台灣運彩,823279,3477279.1,140,2026-07-09T10:10:00+08:00,亞利桑那響尾蛇,聖地牙哥教士,亞利桑那響尾蛇 @ 聖地牙哥教士,51436149.1,374,得分最高單局(不含延長賽),252815176.1,第2局,,,6.00,1,5,,,
2026-07-08,2026-07-08T13:51:01,台灣運彩,823279,3477279.1,140,2026-07-09T10:10:00+08:00,亞利桑那響尾蛇,聖地牙哥教士,亞利桑那響尾蛇 @ 聖地牙哥教士,51436149.1,374,得分最高單局(不含延長賽),252815177.1,第3局,,,5.40,5,22,,,
2026-07-08,2026-07-08T13:51:01,台灣運彩,823279,3477279.1,140,2026-07-09T10:10:00+08:00,亞利桑那響尾蛇,聖地牙哥教士,亞利桑那響尾蛇 @ 聖地牙哥教士,51436149.1,374,得分最高單局(不含延長賽),252815178.1,第4局,,,5.85,20,97,,,
2026-07-08,2026-07-08T13:51:01,台灣運彩,823279,3477279.1,140,2026-07-09T10:10:00+08:00,亞利桑那響尾蛇,聖地牙哥教士,亞利桑那響尾蛇 @ 聖地牙哥教士,51436149.1,374,得分最高單局(不含延長賽),252815179.1,第5局,,,5.50,2,9,,,
2026-07-08,2026-07-08T13:51:01,台灣運彩,823279,3477279.1,140,2026-07-09T10:10:00+08:00,亞利桑那響尾蛇,聖地牙哥教士,亞利桑那響尾蛇 @ 聖地牙哥教士,51436149.1,374,得分最高單局(不含延長賽),252815180.1,第6局,,,6.50,2,11,,,
2026-07-08,2026-07-08T13:51:01,台灣運彩,823279,3477279.1,140,2026-07-09T10:10:00+08:00,亞利桑那響尾蛇,聖地牙哥教士,亞利桑那響尾蛇 @ 聖地牙哥教士,51436149.1,374,得分最高單局(不含延長賽),252815181.1,第7局,,,6.75,4,23,,,
2026-07-08,2026-07-08T13:51:01,台灣運彩,823279,3477279.1,140,2026-07-09T10:10:00+08:00,亞利桑那響尾蛇,聖地牙哥教士,亞利桑那響尾蛇 @ 聖地牙哥教士,51436149.1,374,得分最高單局(不含延長賽),252815182.1,第8局,,,6.25,4,21,,,
2026-07-08,2026-07-08T13:51:01,台灣運彩,823279,3477279.1,140,2026-07-09T10:10:00+08:00,亞利桑那響尾蛇,聖地牙哥教士,亞利桑那響尾蛇 @ 聖地牙哥教士,51436149.1,374,得分最高單局(不含延長賽),252815183.1,第9局,,,8.00,1,7,,,
2026-07-08,2026-07-08T13:51:01,台灣運彩,823279,3477279.1,140,2026-07-09T10:10:00+08:00,亞利桑那響尾蛇,聖地牙哥教士,亞利桑那響尾蛇 @ 聖地牙哥教士,51436138.1,376,[1-5局] 不讓分,252815147.1,聖地牙哥教士,H,,1.65,20,13,H,,1
2026-07-08,2026-07-08T13:51:01,台灣運彩,823279,3477279.1,140,2026-07-09T10:10:00+08:00,亞利桑那響尾蛇,聖地牙哥教士,亞利桑那響尾蛇 @ 聖地牙哥教士,51436138.1,376,[1-5局] 不讓分,252815149.1,亞歷桑那響尾蛇,A,,2.10,10,11,A,,2
2026-07-08,2026-07-08T13:51:01,台灣運彩,823279,3477279.1,140,2026-07-09T10:10:00+08:00,亞利桑那響尾蛇,聖地牙哥教士,亞利桑那響尾蛇 @ 聖地牙哥教士,51436138.1,376,[1-5局] 不讓分,252815148.1,和局,D,,4.65,20,73,D,,
2026-07-08,2026-07-08T13:51:01,台灣運彩,823279,3477279.1,140,2026-07-09T10:10:00+08:00,亞利桑那響尾蛇,聖地牙哥教士,亞利桑那響尾蛇 @ 聖地牙哥教士,51436146.1,378,[1-5局] 大小 4.5,252815166.1,大 4.5,A,4.5,1.68,25,17,A,4.5,
2026-07-08,2026-07-08T13:51:01,台灣運彩,823279,3477279.1,140,2026-07-09T10:10:00+08:00,亞利桑那響尾蛇,聖地牙哥教士,亞利桑那響尾蛇 @ 聖地牙哥教士,51436146.1,378,[1-5局] 大小 4.5,252815165.1,小 4.5,H,4.5,1.65,20,13,H,4.5,
2026-07-08,2026-07-08T13:51:01,台灣運彩,823279,3477279.1,140,2026-07-09T10:10:00+08:00,亞利桑那響尾蛇,聖地牙哥教士,亞利桑那響尾蛇 @ 聖地牙哥教士,51436139.1,379,[1-5局] 聖地牙哥教士 大小 2.5,252815151.1,大 2.5,A,2.5,1.85,20,17,A,2.5,
2026-07-08,2026-07-08T13:51:01,台灣運彩,823279,3477279.1,140,2026-07-09T10:10:00+08:00,亞利桑那響尾蛇,聖地牙哥教士,亞利桑那響尾蛇 @ 聖地牙哥教士,51436139.1,379,[1-5局] 聖地牙哥教士 大小 2.5,252815150.1,小 2.5,H,2.5,1.60,5,3,H,2.5,
2026-07-08,2026-07-08T13:51:01,台灣運彩,823279,3477279.1,140,2026-07-09T10:10:00+08:00,亞利桑那響尾蛇,聖地牙哥教士,亞利桑那響尾蛇 @ 聖地牙哥教士,51436143.1,380,[1-5局] 亞歷桑那響尾蛇 大小 1.5,252815159.1,大 1.5,A,1.5,1.63,100,63,A,1.5,
2026-07-08,2026-07-08T13:51:01,台灣運彩,823279,3477279.1,140,2026-07-09T10:10:00+08:00,亞利桑那響尾蛇,聖地牙哥教士,亞利桑那響尾蛇 @ 聖地牙哥教士,51436143.1,380,[1-5局] 亞歷桑那響尾蛇 大小 1.5,252815158.1,小 1.5,H,1.5,1.80,5,4,H,1.5,
2026-07-08,2026-07-08T13:51:01,台灣運彩,823279,3477279.1,140,2026-07-09T10:10:00+08:00,亞利桑那響尾蛇,聖地牙哥教士,亞利桑那響尾蛇 @ 聖地牙哥教士,51436145.1,389,[第1局] 不讓分,252815162.1,聖地牙哥教士,H,,2.75,4,7,H,,1
2026-07-08,2026-07-08T13:51:01,台灣運彩,823279,3477279.1,140,2026-07-09T10:10:00+08:00,亞利桑那響尾蛇,聖地牙哥教士,亞利桑那響尾蛇 @ 聖地牙哥教士,51436145.1,389,[第1局] 不讓分,252815164.1,亞歷桑那響尾蛇,A,,3.55,20,51,A,,2
2026-07-08,2026-07-08T13:51:01,台灣運彩,823279,3477279.1,140,2026-07-09T10:10:00+08:00,亞利桑那響尾蛇,聖地牙哥教士,亞利桑那響尾蛇 @ 聖地牙哥教士,51436145.1,389,[第1局] 不讓分,252815163.1,和局,D,,1.55,20,11,D,,
2026-07-08,2026-07-08T13:51:01,台灣運彩,823279,3477279.1,140,2026-07-09T10:10:00+08:00,亞利桑那響尾蛇,聖地牙哥教士,亞利桑那響尾蛇 @ 聖地牙哥教士,51436147.1,398,[第1局] 大小 0.5,252815168.1,大 0.5,A,0.5,1.70,10,7,A,0.5,
2026-07-08,2026-07-08T13:51:01,台灣運彩,823279,3477279.1,140,2026-07-09T10:10:00+08:00,亞利桑那響尾蛇,聖地牙哥教士,亞利桑那響尾蛇 @ 聖地牙哥教士,51436147.1,398,[第1局] 大小 0.5,252815167.1,小 0.5,H,0.5,1.63,100,63,H,0.5,
2026-07-08,2026-07-08T13:51:01,台灣運彩,823928,3477280.1,141,2026-07-09T10:10:00+08:00,科羅拉多洛磯,洛杉磯道奇,科羅拉多洛磯 @ 洛杉磯道奇,51436154.1,354,不讓分,252815193.1,洛杉磯道奇,H,,1.32,25,8,H,,1
2026-07-08,2026-07-08T13:51:01,台灣運彩,823928,3477280.1,141,2026-07-09T10:10:00+08:00,科羅拉多洛磯,洛杉磯道奇,科羅拉多洛磯 @ 洛杉磯道奇,51436154.1,354,不讓分,252815194.1,科羅拉多落磯,A,,2.50,2,3,A,,2
2026-07-08,2026-07-08T13:51:01,台灣運彩,823928,3477280.1,141,2026-07-09T10:10:00+08:00,科羅拉多洛磯,洛杉磯道奇,科羅拉多洛磯 @ 洛杉磯道奇,51436166.1,357,勝分差,252815219.1,洛杉磯道奇 1 分,H,,4.30,10,33,H,,
2026-07-08,2026-07-08T13:51:01,台灣運彩,823928,3477280.1,141,2026-07-09T10:10:00+08:00,科羅拉多洛磯,洛杉磯道奇,科羅拉多洛磯 @ 洛杉磯道奇,51436166.1,357,勝分差,252815220.1,洛杉磯道奇 2 分,H,,7.00,1,6,H,,
2026-07-08,2026-07-08T13:51:01,台灣運彩,823928,3477280.1,141,2026-07-09T10:10:00+08:00,科羅拉多洛磯,洛杉磯道奇,科羅拉多洛磯 @ 洛杉磯道奇,51436166.1,357,勝分差,252815221.1,洛杉磯道奇 > 2分,H,,1.80,5,4,H,,
2026-07-08,2026-07-08T13:51:01,台灣運彩,823928,3477280.1,141,2026-07-09T10:10:00+08:00,科羅拉多洛磯,洛杉磯道奇,科羅拉多洛磯 @ 洛杉磯道奇,51436166.1,357,勝分差,252815222.1,科羅拉多落磯 1 分,A,,7.00,1,6,A,,
2026-07-08,2026-07-08T13:51:01,台灣運彩,823928,3477280.1,141,2026-07-09T10:10:00+08:00,科羅拉多洛磯,洛杉磯道奇,科羅拉多洛磯 @ 洛杉磯道奇,51436166.1,357,勝分差,252815223.1,科羅拉多落磯 2 分,A,,9.50,2,17,A,,
2026-07-08,2026-07-08T13:51:01,台灣運彩,823928,3477280.1,141,2026-07-09T10:10:00+08:00,科羅拉多洛磯,洛杉磯道奇,科羅拉多洛磯 @ 洛杉磯道奇,51436166.1,357,勝分差,252815224.1,科羅拉多落磯 > 2分,A,,3.75,4,11,A,,
2026-07-08,2026-07-08T13:51:01,台灣運彩,823928,3477280.1,141,2026-07-09T10:10:00+08:00,科羅拉多洛磯,洛杉磯道奇,科羅拉多洛磯 @ 洛杉磯道奇,51436153.1,358,讓分 -1.5,252815191.1,洛杉磯道奇 -1.5,H,-1.5,1.66,50,33,H,-1.5,1
2026-07-08,2026-07-08T13:51:01,台灣運彩,823928,3477280.1,141,2026-07-09T10:10:00+08:00,科羅拉多洛磯,洛杉磯道奇,科羅拉多洛磯 @ 洛杉磯道奇,51436153.1,358,讓分 -1.5,252815192.1,科羅拉多落磯 +1.5,A,-1.5,1.84,25,21,A,-1.5,2
2026-07-08,2026-07-08T13:51:01,台灣運彩,823928,3477280.1,141,2026-07-09T10:10:00+08:00,科羅拉多洛磯,洛杉磯道奇,科羅拉多洛磯 @ 洛杉磯道奇,51436155.1,358,讓分 -2.5,252815195.1,洛杉磯道奇 -2.5,H,-2.5,1.92,25,23,H,-2.5,1
2026-07-08,2026-07-08T13:51:01,台灣運彩,823928,3477280.1,141,2026-07-09T10:10:00+08:00,科羅拉多洛磯,洛杉磯道奇,科羅拉多洛磯 @ 洛杉磯道奇,51436155.1,358,讓分 -2.5,252815196.1,科羅拉多落磯 +2.5,A,-2.5,1.58,50,29,A,-2.5,2
2026-07-08,2026-07-08T13:51:01,台灣運彩,823928,3477280.1,141,2026-07-09T10:10:00+08:00,科羅拉多洛磯,洛杉磯道奇,科羅拉多洛磯 @ 洛杉磯道奇,51436157.1,358,讓分 -3.5,252815200.1,洛杉磯道奇 -3.5,H,-3.5,2.30,10,13,H,-3.5,1
2026-07-08,2026-07-08T13:51:01,台灣運彩,823928,3477280.1,141,2026-07-09T10:10:00+08:00,科羅拉多洛磯,洛杉磯道奇,科羅拉多洛磯 @ 洛杉磯道奇,51436157.1,358,讓分 -3.5,252815201.1,科羅拉多落磯 +3.5,A,-3.5,1.40,5,2,A,-3.5,2
2026-07-08,2026-07-08T13:51:01,台灣運彩,823928,3477280.1,141,2026-07-09T10:10:00+08:00,科羅拉多洛磯,洛杉磯道奇,科羅拉多洛磯 @ 洛杉磯道奇,51436151.1,360,[總分]大小 10.5,252815188.1,大 10.5,A,10.5,1.84,25,21,A,10.5,
2026-07-08,2026-07-08T13:51:01,台灣運彩,823928,3477280.1,141,2026-07-09T10:10:00+08:00,科羅拉多洛磯,洛杉磯道奇,科羅拉多洛磯 @ 洛杉磯道奇,51436151.1,360,[總分]大小 10.5,252815187.1,小 10.5,H,10.5,1.66,50,33,H,10.5,
2026-07-08,2026-07-08T13:51:01,台灣運彩,823928,3477280.1,141,2026-07-09T10:10:00+08:00,科羅拉多洛磯,洛杉磯道奇,科羅拉多洛磯 @ 洛杉磯道奇,51436158.1,360,[總分]大小 11.5,252815203.1,大 11.5,A,11.5,2.15,20,23,A,11.5,
2026-07-08,2026-07-08T13:51:01,台灣運彩,823928,3477280.1,141,2026-07-09T10:10:00+08:00,科羅拉多洛磯,洛杉磯道奇,科羅拉多洛磯 @ 洛杉磯道奇,51436158.1,360,[總分]大小 11.5,252815202.1,小 11.5,H,11.5,1.43,100,43,H,11.5,
2026-07-08,2026-07-08T13:51:01,台灣運彩,823928,3477280.1,141,2026-07-09T10:10:00+08:00,科羅拉多洛磯,洛杉磯道奇,科羅拉多洛磯 @ 洛杉磯道奇,51436159.1,360,[總分]大小 9.5,252815205.1,大 9.5,A,9.5,1.62,50,31,A,9.5,
2026-07-08,2026-07-08T13:51:01,台灣運彩,823928,3477280.1,141,2026-07-09T10:10:00+08:00,科羅拉多洛磯,洛杉磯道奇,科羅拉多洛磯 @ 洛杉磯道奇,51436159.1,360,[總分]大小 9.5,252815204.1,小 9.5,H,9.5,1.88,25,22,H,9.5,
2026-07-08,2026-07-08T13:51:01,台灣運彩,823928,3477280.1,141,2026-07-09T10:10:00+08:00,科羅拉多洛磯,洛杉磯道奇,科羅拉多洛磯 @ 洛杉磯道奇,51436162.1,362,洛杉磯道奇 大小 5.5,252815212.1,大 5.5,A,5.5,1.65,20,13,A,5.5,
2026-07-08,2026-07-08T13:51:01,台灣運彩,823928,3477280.1,141,2026-07-09T10:10:00+08:00,科羅拉多洛磯,洛杉磯道奇,科羅拉多洛磯 @ 洛杉磯道奇,51436162.1,362,洛杉磯道奇 大小 5.5,252815211.1,小 5.5,H,5.5,1.78,50,39,H,5.5,
2026-07-08,2026-07-08T13:51:01,台灣運彩,823928,3477280.1,141,2026-07-09T10:10:00+08:00,科羅拉多洛磯,洛杉磯道奇,科羅拉多洛磯 @ 洛杉磯道奇,51436164.1,363,科羅拉多落磯 大小 3.5,252815216.1,大 3.5,A,3.5,1.60,5,3,A,3.5,
2026-07-08,2026-07-08T13:51:01,台灣運彩,823928,3477280.1,141,2026-07-09T10:10:00+08:00,科羅拉多洛磯,洛杉磯道奇,科羅拉多洛磯 @ 洛杉磯道奇,51436164.1,363,科羅拉多落磯 大小 3.5,252815215.1,小 3.5,H,3.5,1.85,20,17,H,3.5,
2026-07-08,2026-07-08T13:51:01,台灣運彩,823928,3477280.1,141,2026-07-09T10:10:00+08:00,科羅拉多洛磯,洛杉磯道奇,科羅拉多洛磯 @ 洛杉磯道奇,51436150.1,366,[總分]單雙,252815186.1,單,,,1.50,2,1,,,
2026-07-08,2026-07-08T13:51:01,台灣運彩,823928,3477280.1,141,2026-07-09T10:10:00+08:00,科羅拉多洛磯,洛杉磯道奇,科羅拉多洛磯 @ 洛杉磯道奇,51436150.1,366,[總分]單雙,252815185.1,雙,,,1.96,25,24,,,
2026-07-08,2026-07-08T13:51:01,台灣運彩,823928,3477280.1,141,2026-07-09T10:10:00+08:00,科羅拉多洛磯,洛杉磯道奇,科羅拉多洛磯 @ 洛杉磯道奇,51436167.1,374,得分最高單局(不含延長賽),252815234.1,一樣多,,,2.30,10,13,,,
2026-07-08,2026-07-08T13:51:01,台灣運彩,823928,3477280.1,141,2026-07-09T10:10:00+08:00,科羅拉多洛磯,洛杉磯道奇,科羅拉多洛磯 @ 洛杉磯道奇,51436167.1,374,得分最高單局(不含延長賽),252815225.1,第1局,,,5.00,1,4,,,
2026-07-08,2026-07-08T13:51:01,台灣運彩,823928,3477280.1,141,2026-07-09T10:10:00+08:00,科羅拉多洛磯,洛杉磯道奇,科羅拉多洛磯 @ 洛杉磯道奇,51436167.1,374,得分最高單局(不含延長賽),252815226.1,第2局,,,6.25,4,21,,,
2026-07-08,2026-07-08T13:51:01,台灣運彩,823928,3477280.1,141,2026-07-09T10:10:00+08:00,科羅拉多洛磯,洛杉磯道奇,科羅拉多洛磯 @ 洛杉磯道奇,51436167.1,374,得分最高單局(不含延長賽),252815227.1,第3局,,,5.75,4,19,,,
2026-07-08,2026-07-08T13:51:01,台灣運彩,823928,3477280.1,141,2026-07-09T10:10:00+08:00,科羅拉多洛磯,洛杉磯道奇,科羅拉多洛磯 @ 洛杉磯道奇,51436167.1,374,得分最高單局(不含延長賽),252815228.1,第4局,,,5.95,20,99,,,
2026-07-08,2026-07-08T13:51:01,台灣運彩,823928,3477280.1,141,2026-07-09T10:10:00+08:00,科羅拉多洛磯,洛杉磯道奇,科羅拉多洛磯 @ 洛杉磯道奇,51436167.1,374,得分最高單局(不含延長賽),252815229.1,第5局,,,5.70,10,47,,,
2026-07-08,2026-07-08T13:51:01,台灣運彩,823928,3477280.1,141,2026-07-09T10:10:00+08:00,科羅拉多洛磯,洛杉磯道奇,科羅拉多洛磯 @ 洛杉磯道奇,51436167.1,374,得分最高單局(不含延長賽),252815230.1,第6局,,,5.95,20,99,,,
2026-07-08,2026-07-08T13:51:01,台灣運彩,823928,3477280.1,141,2026-07-09T10:10:00+08:00,科羅拉多洛磯,洛杉磯道奇,科羅拉多洛磯 @ 洛杉磯道奇,51436167.1,374,得分最高單局(不含延長賽),252815231.1,第7局,,,6.00,1,5,,,
2026-07-08,2026-07-08T13:51:01,台灣運彩,823928,3477280.1,141,2026-07-09T10:10:00+08:00,科羅拉多洛磯,洛杉磯道奇,科羅拉多洛磯 @ 洛杉磯道奇,51436167.1,374,得分最高單局(不含延長賽),252815232.1,第8局,,,6.00,1,5,,,
2026-07-08,2026-07-08T13:51:01,台灣運彩,823928,3477280.1,141,2026-07-09T10:10:00+08:00,科羅拉多洛磯,洛杉磯道奇,科羅拉多洛磯 @ 洛杉磯道奇,51436167.1,374,得分最高單局(不含延長賽),252815233.1,第9局,,,8.00,1,7,,,
2026-07-08,2026-07-08T13:51:01,台灣運彩,823928,3477280.1,141,2026-07-09T10:10:00+08:00,科羅拉多洛磯,洛杉磯道奇,科羅拉多洛磯 @ 洛杉磯道奇,51436156.1,376,[1-5局] 不讓分,252815197.1,洛杉磯道奇,H,,1.40,5,2,H,,1
2026-07-08,2026-07-08T13:51:01,台灣運彩,823928,3477280.1,141,2026-07-09T10:10:00+08:00,科羅拉多洛磯,洛杉磯道奇,科羅拉多洛磯 @ 洛杉磯道奇,51436156.1,376,[1-5局] 不讓分,252815199.1,科羅拉多落磯,A,,2.45,20,29,A,,2
2026-07-08,2026-07-08T13:51:01,台灣運彩,823928,3477280.1,141,2026-07-09T10:10:00+08:00,科羅拉多洛磯,洛杉磯道奇,科羅拉多洛磯 @ 洛杉磯道奇,51436156.1,376,[1-5局] 不讓分,252815198.1,和局,D,,5.50,2,9,D,,
2026-07-08,2026-07-08T13:51:01,台灣運彩,823928,3477280.1,141,2026-07-09T10:10:00+08:00,科羅拉多洛磯,洛杉磯道奇,科羅拉多洛磯 @ 洛杉磯道奇,51436163.1,378,[1-5局] 大小 5.5,252815214.1,大 5.5,A,5.5,1.63,100,63,A,5.5,
2026-07-08,2026-07-08T13:51:01,台灣運彩,823928,3477280.1,141,2026-07-09T10:10:00+08:00,科羅拉多洛磯,洛杉磯道奇,科羅拉多洛磯 @ 洛杉磯道奇,51436163.1,378,[1-5局] 大小 5.5,252815213.1,小 5.5,H,5.5,1.70,10,7,H,5.5,
2026-07-08,2026-07-08T13:51:01,台灣運彩,823928,3477280.1,141,2026-07-09T10:10:00+08:00,科羅拉多洛磯,洛杉磯道奇,科羅拉多洛磯 @ 洛杉磯道奇,51436152.1,379,[1-5局] 洛杉磯道奇 大小 3.5,252815190.1,大 3.5,A,3.5,1.82,50,41,A,3.5,
2026-07-08,2026-07-08T13:51:01,台灣運彩,823928,3477280.1,141,2026-07-09T10:10:00+08:00,科羅拉多洛磯,洛杉磯道奇,科羅拉多洛磯 @ 洛杉磯道奇,51436152.1,379,[1-5局] 洛杉磯道奇 大小 3.5,252815189.1,小 3.5,H,3.5,1.62,50,31,H,3.5,
2026-07-08,2026-07-08T13:51:01,台灣運彩,823928,3477280.1,141,2026-07-09T10:10:00+08:00,科羅拉多洛磯,洛杉磯道奇,科羅拉多洛磯 @ 洛杉磯道奇,51436160.1,380,[1-5局] 科羅拉多落磯 大小 1.5,252815207.1,大 1.5,A,1.5,1.58,50,29,A,1.5,
2026-07-08,2026-07-08T13:51:01,台灣運彩,823928,3477280.1,141,2026-07-09T10:10:00+08:00,科羅拉多洛磯,洛杉磯道奇,科羅拉多洛磯 @ 洛杉磯道奇,51436160.1,380,[1-5局] 科羅拉多落磯 大小 1.5,252815206.1,小 1.5,H,1.5,1.86,50,43,H,1.5,
2026-07-08,2026-07-08T13:51:01,台灣運彩,823928,3477280.1,141,2026-07-09T10:10:00+08:00,科羅拉多洛磯,洛杉磯道奇,科羅拉多洛磯 @ 洛杉磯道奇,51436161.1,389,[第1局] 不讓分,252815208.1,洛杉磯道奇,H,,2.20,5,6,H,,1
2026-07-08,2026-07-08T13:51:01,台灣運彩,823928,3477280.1,141,2026-07-09T10:10:00+08:00,科羅拉多洛磯,洛杉磯道奇,科羅拉多洛磯 @ 洛杉磯道奇,51436161.1,389,[第1局] 不讓分,252815210.1,科羅拉多落磯,A,,3.80,5,14,A,,2
2026-07-08,2026-07-08T13:51:01,台灣運彩,823928,3477280.1,141,2026-07-09T10:10:00+08:00,科羅拉多洛磯,洛杉磯道奇,科羅拉多洛磯 @ 洛杉磯道奇,51436161.1,389,[第1局] 不讓分,252815209.1,和局,D,,1.70,10,7,D,,
2026-07-08,2026-07-08T13:51:01,台灣運彩,823928,3477280.1,141,2026-07-09T10:10:00+08:00,科羅拉多洛磯,洛杉磯道奇,科羅拉多洛磯 @ 洛杉磯道奇,51436165.1,398,[第1局] 大小 0.5,252815218.1,大 0.5,A,0.5,1.50,2,1,A,0.5,
2026-07-08,2026-07-08T13:51:01,台灣運彩,823928,3477280.1,141,2026-07-09T10:10:00+08:00,科羅拉多洛磯,洛杉磯道奇,科羅拉多洛磯 @ 洛杉磯道奇,51436165.1,398,[第1局] 大小 0.5,252815217.1,小 0.5,H,0.5,1.85,20,17,H,0.5,
