date,captured_at_tw,sportsbook,game_pk,official_event_id,event_no,kickoff_tw,away_zh,home_zh,matchup_zh,market_id,market_ti,market_name,selection_id,selection_name,selection_side,selection_line,odds_decimal,pd,pu,raw_v,raw_hv,raw_cn
2026-07-03,2026-07-03T21:44:11,台灣運彩,824659,3476626.1,102,2026-07-04T04:05:00+08:00,聖路易紅雀,芝加哥小熊,聖路易紅雀 @ 芝加哥小熊,51425208.1,354,不讓分,252783790.1,芝加哥小熊,H,,1.58,50,29,H,,1
2026-07-03,2026-07-03T21:44:11,台灣運彩,824659,3476626.1,102,2026-07-04T04:05:00+08:00,聖路易紅雀,芝加哥小熊,聖路易紅雀 @ 芝加哥小熊,51425208.1,354,不讓分,252783791.1,聖路易紅雀,A,,1.92,25,23,A,,2
2026-07-03,2026-07-03T21:44:11,台灣運彩,824659,3476626.1,102,2026-07-04T04:05:00+08:00,聖路易紅雀,芝加哥小熊,聖路易紅雀 @ 芝加哥小熊,51425207.1,357,勝分差,252783787.1,聖路易紅雀 1 分,A,,6.50,2,11,A,,
2026-07-03,2026-07-03T21:44:11,台灣運彩,824659,3476626.1,102,2026-07-04T04:05:00+08:00,聖路易紅雀,芝加哥小熊,聖路易紅雀 @ 芝加哥小熊,51425207.1,357,勝分差,252783788.1,聖路易紅雀 2 分,A,,8.25,4,29,A,,
2026-07-03,2026-07-03T21:44:11,台灣運彩,824659,3476626.1,102,2026-07-04T04:05:00+08:00,聖路易紅雀,芝加哥小熊,聖路易紅雀 @ 芝加哥小熊,51425207.1,357,勝分差,252783789.1,聖路易紅雀 > 2分,A,,2.55,20,31,A,,
2026-07-03,2026-07-03T21:44:11,台灣運彩,824659,3476626.1,102,2026-07-04T04:05:00+08:00,聖路易紅雀,芝加哥小熊,聖路易紅雀 @ 芝加哥小熊,51425207.1,357,勝分差,252783784.1,芝加哥小熊 1 分,H,,4.30,10,33,H,,
2026-07-03,2026-07-03T21:44:11,台灣運彩,824659,3476626.1,102,2026-07-04T04:05:00+08:00,聖路易紅雀,芝加哥小熊,聖路易紅雀 @ 芝加哥小熊,51425207.1,357,勝分差,252783785.1,芝加哥小熊 2 分,H,,7.50,2,13,H,,
2026-07-03,2026-07-03T21:44:11,台灣運彩,824659,3476626.1,102,2026-07-04T04:05:00+08:00,聖路易紅雀,芝加哥小熊,聖路易紅雀 @ 芝加哥小熊,51425207.1,357,勝分差,252783786.1,芝加哥小熊 > 2分,H,,2.35,20,27,H,,
2026-07-03,2026-07-03T21:44:11,台灣運彩,824659,3476626.1,102,2026-07-04T04:05:00+08:00,聖路易紅雀,芝加哥小熊,聖路易紅雀 @ 芝加哥小熊,51425205.1,358,讓分 -1.5,252783780.1,芝加哥小熊 -1.5,H,-1.5,2.05,20,21,H,-1.5,1
2026-07-03,2026-07-03T21:44:11,台灣運彩,824659,3476626.1,102,2026-07-04T04:05:00+08:00,聖路易紅雀,芝加哥小熊,聖路易紅雀 @ 芝加哥小熊,51425205.1,358,讓分 -1.5,252783781.1,聖路易紅雀 +1.5,A,-1.5,1.48,25,12,A,-1.5,2
2026-07-03,2026-07-03T21:44:11,台灣運彩,824659,3476626.1,102,2026-07-04T04:05:00+08:00,聖路易紅雀,芝加哥小熊,聖路易紅雀 @ 芝加哥小熊,51425206.1,358,讓分 -2.5,252783782.1,芝加哥小熊 -2.5,H,-2.5,2.47,100,147,H,-2.5,1
2026-07-03,2026-07-03T21:44:11,台灣運彩,824659,3476626.1,102,2026-07-04T04:05:00+08:00,聖路易紅雀,芝加哥小熊,聖路易紅雀 @ 芝加哥小熊,51425206.1,358,讓分 -2.5,252783783.1,聖路易紅雀 +2.5,A,-2.5,1.33,100,33,A,-2.5,2
2026-07-03,2026-07-03T21:44:11,台灣運彩,824659,3476626.1,102,2026-07-04T04:05:00+08:00,聖路易紅雀,芝加哥小熊,聖路易紅雀 @ 芝加哥小熊,51425202.1,360,[總分]大小 11.5,252783775.1,大 11.5,A,11.5,1.98,50,49,A,11.5,
2026-07-03,2026-07-03T21:44:11,台灣運彩,824659,3476626.1,102,2026-07-04T04:05:00+08:00,聖路易紅雀,芝加哥小熊,聖路易紅雀 @ 芝加哥小熊,51425202.1,360,[總分]大小 11.5,252783774.1,小 11.5,H,11.5,1.52,25,13,H,11.5,
2026-07-03,2026-07-03T21:44:11,台灣運彩,824659,3476626.1,102,2026-07-04T04:05:00+08:00,聖路易紅雀,芝加哥小熊,聖路易紅雀 @ 芝加哥小熊,51425203.1,360,[總分]大小 9.5,252783777.1,大 9.5,A,9.5,1.50,2,1,A,9.5,
2026-07-03,2026-07-03T21:44:11,台灣運彩,824659,3476626.1,102,2026-07-04T04:05:00+08:00,聖路易紅雀,芝加哥小熊,聖路易紅雀 @ 芝加哥小熊,51425203.1,360,[總分]大小 9.5,252783776.1,小 9.5,H,9.5,2.00,1,1,H,9.5,
2026-07-03,2026-07-03T21:44:11,台灣運彩,824659,3476626.1,102,2026-07-04T04:05:00+08:00,聖路易紅雀,芝加哥小熊,聖路易紅雀 @ 芝加哥小熊,51425204.1,360,[總分]大小 10.5,252783779.1,大 10.5,A,10.5,1.71,100,71,A,10.5,
2026-07-03,2026-07-03T21:44:11,台灣運彩,824659,3476626.1,102,2026-07-04T04:05:00+08:00,聖路易紅雀,芝加哥小熊,聖路易紅雀 @ 芝加哥小熊,51425204.1,360,[總分]大小 10.5,252783778.1,小 10.5,H,10.5,1.79,100,79,H,10.5,
2026-07-03,2026-07-03T21:44:11,台灣運彩,824659,3476626.1,102,2026-07-04T04:05:00+08:00,聖路易紅雀,芝加哥小熊,聖路易紅雀 @ 芝加哥小熊,51425201.1,362,芝加哥小熊 大小 5.5,252783773.1,大 5.5,A,5.5,1.80,5,4,A,5.5,
2026-07-03,2026-07-03T21:44:11,台灣運彩,824659,3476626.1,102,2026-07-04T04:05:00+08:00,聖路易紅雀,芝加哥小熊,聖路易紅雀 @ 芝加哥小熊,51425201.1,362,芝加哥小熊 大小 5.5,252783772.1,小 5.5,H,5.5,1.63,100,63,H,5.5,
2026-07-03,2026-07-03T21:44:11,台灣運彩,824659,3476626.1,102,2026-07-04T04:05:00+08:00,聖路易紅雀,芝加哥小熊,聖路易紅雀 @ 芝加哥小熊,51425200.1,363,聖路易紅雀 大小 4.5,252783771.1,大 4.5,A,4.5,1.60,5,3,A,4.5,
2026-07-03,2026-07-03T21:44:11,台灣運彩,824659,3476626.1,102,2026-07-04T04:05:00+08:00,聖路易紅雀,芝加哥小熊,聖路易紅雀 @ 芝加哥小熊,51425200.1,363,聖路易紅雀 大小 4.5,252783770.1,小 4.5,H,4.5,1.85,20,17,H,4.5,
2026-07-03,2026-07-03T21:44:11,台灣運彩,824659,3476626.1,102,2026-07-04T04:05:00+08:00,聖路易紅雀,芝加哥小熊,聖路易紅雀 @ 芝加哥小熊,51425199.1,366,[總分]單雙,252783769.1,單,,,1.50,2,1,,,
2026-07-03,2026-07-03T21:44:11,台灣運彩,824659,3476626.1,102,2026-07-04T04:05:00+08:00,聖路易紅雀,芝加哥小熊,聖路易紅雀 @ 芝加哥小熊,51425199.1,366,[總分]單雙,252783768.1,雙,,,1.96,25,24,,,
2026-07-03,2026-07-03T21:44:11,台灣運彩,824659,3476626.1,102,2026-07-04T04:05:00+08:00,聖路易紅雀,芝加哥小熊,聖路易紅雀 @ 芝加哥小熊,51425767.1,374,得分最高單局(不含延長賽),252785232.1,一樣多,,,2.35,20,27,,,
2026-07-03,2026-07-03T21:44:11,台灣運彩,824659,3476626.1,102,2026-07-04T04:05:00+08:00,聖路易紅雀,芝加哥小熊,聖路易紅雀 @ 芝加哥小熊,51425767.1,374,得分最高單局(不含延長賽),252785223.1,第1局,,,5.20,5,21,,,
2026-07-03,2026-07-03T21:44:11,台灣運彩,824659,3476626.1,102,2026-07-04T04:05:00+08:00,聖路易紅雀,芝加哥小熊,聖路易紅雀 @ 芝加哥小熊,51425767.1,374,得分最高單局(不含延長賽),252785224.1,第2局,,,6.50,2,11,,,
2026-07-03,2026-07-03T21:44:11,台灣運彩,824659,3476626.1,102,2026-07-04T04:05:00+08:00,聖路易紅雀,芝加哥小熊,聖路易紅雀 @ 芝加哥小熊,51425767.1,374,得分最高單局(不含延長賽),252785225.1,第3局,,,5.65,20,93,,,
2026-07-03,2026-07-03T21:44:11,台灣運彩,824659,3476626.1,102,2026-07-04T04:05:00+08:00,聖路易紅雀,芝加哥小熊,聖路易紅雀 @ 芝加哥小熊,51425767.1,374,得分最高單局(不含延長賽),252785226.1,第4局,,,6.25,4,21,,,
2026-07-03,2026-07-03T21:44:11,台灣運彩,824659,3476626.1,102,2026-07-04T04:05:00+08:00,聖路易紅雀,芝加哥小熊,聖路易紅雀 @ 芝加哥小熊,51425767.1,374,得分最高單局(不含延長賽),252785227.1,第5局,,,5.80,5,24,,,
2026-07-03,2026-07-03T21:44:11,台灣運彩,824659,3476626.1,102,2026-07-04T04:05:00+08:00,聖路易紅雀,芝加哥小熊,聖路易紅雀 @ 芝加哥小熊,51425767.1,374,得分最高單局(不含延長賽),252785228.1,第6局,,,6.00,1,5,,,
2026-07-03,2026-07-03T21:44:11,台灣運彩,824659,3476626.1,102,2026-07-04T04:05:00+08:00,聖路易紅雀,芝加哥小熊,聖路易紅雀 @ 芝加哥小熊,51425767.1,374,得分最高單局(不含延長賽),252785229.1,第7局,,,6.00,1,5,,,
2026-07-03,2026-07-03T21:44:11,台灣運彩,824659,3476626.1,102,2026-07-04T04:05:00+08:00,聖路易紅雀,芝加哥小熊,聖路易紅雀 @ 芝加哥小熊,51425767.1,374,得分最高單局(不含延長賽),252785230.1,第8局,,,5.85,20,97,,,
2026-07-03,2026-07-03T21:44:11,台灣運彩,824659,3476626.1,102,2026-07-04T04:05:00+08:00,聖路易紅雀,芝加哥小熊,聖路易紅雀 @ 芝加哥小熊,51425767.1,374,得分最高單局(不含延長賽),252785231.1,第9局,,,8.00,1,7,,,
2026-07-03,2026-07-03T21:44:11,台灣運彩,824659,3476626.1,102,2026-07-04T04:05:00+08:00,聖路易紅雀,芝加哥小熊,聖路易紅雀 @ 芝加哥小熊,51425763.1,376,[1-5局] 不讓分,252785213.1,芝加哥小熊,H,,1.65,20,13,H,,1
2026-07-03,2026-07-03T21:44:11,台灣運彩,824659,3476626.1,102,2026-07-04T04:05:00+08:00,聖路易紅雀,芝加哥小熊,聖路易紅雀 @ 芝加哥小熊,51425763.1,376,[1-5局] 不讓分,252785215.1,聖路易紅雀,A,,1.95,20,19,A,,2
2026-07-03,2026-07-03T21:44:11,台灣運彩,824659,3476626.1,102,2026-07-04T04:05:00+08:00,聖路易紅雀,芝加哥小熊,聖路易紅雀 @ 芝加哥小熊,51425763.1,376,[1-5局] 不讓分,252785214.1,和局,D,,5.55,20,91,D,,
2026-07-03,2026-07-03T21:44:11,台灣運彩,824659,3476626.1,102,2026-07-04T04:05:00+08:00,聖路易紅雀,芝加哥小熊,聖路易紅雀 @ 芝加哥小熊,51425762.1,378,[1-5局] 大小 5.5,252785212.1,大 5.5,A,5.5,1.58,50,29,A,5.5,
2026-07-03,2026-07-03T21:44:11,台灣運彩,824659,3476626.1,102,2026-07-04T04:05:00+08:00,聖路易紅雀,芝加哥小熊,聖路易紅雀 @ 芝加哥小熊,51425762.1,378,[1-5局] 大小 5.5,252785211.1,小 5.5,H,5.5,1.75,4,3,H,5.5,
2026-07-03,2026-07-03T21:44:11,台灣運彩,824659,3476626.1,102,2026-07-04T04:05:00+08:00,聖路易紅雀,芝加哥小熊,聖路易紅雀 @ 芝加哥小熊,51425761.1,379,[1-5局] 芝加哥小熊 大小 2.5,252785210.1,大 2.5,A,2.5,1.58,50,29,A,2.5,
2026-07-03,2026-07-03T21:44:11,台灣運彩,824659,3476626.1,102,2026-07-04T04:05:00+08:00,聖路易紅雀,芝加哥小熊,聖路易紅雀 @ 芝加哥小熊,51425761.1,379,[1-5局] 芝加哥小熊 大小 2.5,252785209.1,小 2.5,H,2.5,1.86,50,43,H,2.5,
2026-07-03,2026-07-03T21:44:11,台灣運彩,824659,3476626.1,102,2026-07-04T04:05:00+08:00,聖路易紅雀,芝加哥小熊,聖路易紅雀 @ 芝加哥小熊,51425760.1,380,[1-5局] 聖路易紅雀 大小 2.5,252785208.1,大 2.5,A,2.5,1.75,4,3,A,2.5,
2026-07-03,2026-07-03T21:44:11,台灣運彩,824659,3476626.1,102,2026-07-04T04:05:00+08:00,聖路易紅雀,芝加哥小熊,聖路易紅雀 @ 芝加哥小熊,51425760.1,380,[1-5局] 聖路易紅雀 大小 2.5,252785207.1,小 2.5,H,2.5,1.68,25,17,H,2.5,
2026-07-03,2026-07-03T21:44:11,台灣運彩,824659,3476626.1,102,2026-07-04T04:05:00+08:00,聖路易紅雀,芝加哥小熊,聖路易紅雀 @ 芝加哥小熊,51425766.1,389,[第1局] 不讓分,252785220.1,芝加哥小熊,H,,2.55,20,31,H,,1
2026-07-03,2026-07-03T21:44:11,台灣運彩,824659,3476626.1,102,2026-07-04T04:05:00+08:00,聖路易紅雀,芝加哥小熊,聖路易紅雀 @ 芝加哥小熊,51425766.1,389,[第1局] 不讓分,252785222.1,聖路易紅雀,A,,3.00,1,2,A,,2
2026-07-03,2026-07-03T21:44:11,台灣運彩,824659,3476626.1,102,2026-07-04T04:05:00+08:00,聖路易紅雀,芝加哥小熊,聖路易紅雀 @ 芝加哥小熊,51425766.1,389,[第1局] 不讓分,252785221.1,和局,D,,1.75,4,3,D,,
2026-07-03,2026-07-03T21:44:11,台灣運彩,824659,3476626.1,102,2026-07-04T04:05:00+08:00,聖路易紅雀,芝加哥小熊,聖路易紅雀 @ 芝加哥小熊,51425765.1,398,[第1局] 大小 0.5,252785219.1,大 0.5,A,0.5,1.48,25,12,A,0.5,
2026-07-03,2026-07-03T21:44:11,台灣運彩,824659,3476626.1,102,2026-07-04T04:05:00+08:00,聖路易紅雀,芝加哥小熊,聖路易紅雀 @ 芝加哥小熊,51425765.1,398,[第1局] 大小 0.5,252785218.1,小 0.5,H,0.5,1.90,10,9,H,0.5,
2026-07-03,2026-07-03T21:44:11,台灣運彩,822714,3476646.1,112,2026-07-04T06:45:00+08:00,匹茲堡海盜,華盛頓國民,匹茲堡海盜 @ 華盛頓國民,51425432.1,354,不讓分,252784330.1,華盛頓國民,H,,1.50,2,1,H,,1
2026-07-03,2026-07-03T21:44:11,台灣運彩,822714,3476646.1,112,2026-07-04T06:45:00+08:00,匹茲堡海盜,華盛頓國民,匹茲堡海盜 @ 華盛頓國民,51425432.1,354,不讓分,252784331.1,匹茲堡海盜,A,,2.00,1,1,A,,2
2026-07-03,2026-07-03T21:44:11,台灣運彩,822714,3476646.1,112,2026-07-04T06:45:00+08:00,匹茲堡海盜,華盛頓國民,匹茲堡海盜 @ 華盛頓國民,51425879.1,357,勝分差,252785485.1,匹茲堡海盜 1 分,A,,6.25,4,21,A,,
2026-07-03,2026-07-03T21:44:11,台灣運彩,822714,3476646.1,112,2026-07-04T06:45:00+08:00,匹茲堡海盜,華盛頓國民,匹茲堡海盜 @ 華盛頓國民,51425879.1,357,勝分差,252785486.1,匹茲堡海盜 2 分,A,,8.25,4,29,A,,
2026-07-03,2026-07-03T21:44:11,台灣運彩,822714,3476646.1,112,2026-07-04T06:45:00+08:00,匹茲堡海盜,華盛頓國民,匹茲堡海盜 @ 華盛頓國民,51425879.1,357,勝分差,252785487.1,匹茲堡海盜 > 2分,A,,2.90,10,19,A,,
2026-07-03,2026-07-03T21:44:11,台灣運彩,822714,3476646.1,112,2026-07-04T06:45:00+08:00,匹茲堡海盜,華盛頓國民,匹茲堡海盜 @ 華盛頓國民,51425879.1,357,勝分差,252785482.1,華盛頓國民 1 分,H,,4.20,5,16,H,,
2026-07-03,2026-07-03T21:44:11,台灣運彩,822714,3476646.1,112,2026-07-04T06:45:00+08:00,匹茲堡海盜,華盛頓國民,匹茲堡海盜 @ 華盛頓國民,51425879.1,357,勝分差,252785483.1,華盛頓國民 2 分,H,,7.00,1,6,H,,
2026-07-03,2026-07-03T21:44:11,台灣運彩,822714,3476646.1,112,2026-07-04T06:45:00+08:00,匹茲堡海盜,華盛頓國民,匹茲堡海盜 @ 華盛頓國民,51425879.1,357,勝分差,252785484.1,華盛頓國民 > 2分,H,,2.25,4,5,H,,
2026-07-03,2026-07-03T21:44:11,台灣運彩,822714,3476646.1,112,2026-07-04T06:45:00+08:00,匹茲堡海盜,華盛頓國民,匹茲堡海盜 @ 華盛頓國民,51425433.1,358,讓分 -2.5,252784332.1,華盛頓國民 -2.5,H,-2.5,2.40,5,7,H,-2.5,1
2026-07-03,2026-07-03T21:44:11,台灣運彩,822714,3476646.1,112,2026-07-04T06:45:00+08:00,匹茲堡海盜,華盛頓國民,匹茲堡海盜 @ 華盛頓國民,51425433.1,358,讓分 -2.5,252784333.1,匹茲堡海盜 +2.5,A,-2.5,1.36,25,9,A,-2.5,2
2026-07-03,2026-07-03T21:44:11,台灣運彩,822714,3476646.1,112,2026-07-04T06:45:00+08:00,匹茲堡海盜,華盛頓國民,匹茲堡海盜 @ 華盛頓國民,51425437.1,358,讓分 -1.5,252784340.1,華盛頓國民 -1.5,H,-1.5,1.94,50,47,H,-1.5,1
2026-07-03,2026-07-03T21:44:11,台灣運彩,822714,3476646.1,112,2026-07-04T06:45:00+08:00,匹茲堡海盜,華盛頓國民,匹茲堡海盜 @ 華盛頓國民,51425437.1,358,讓分 -1.5,252784341.1,匹茲堡海盜 +1.5,A,-1.5,1.56,25,14,A,-1.5,2
2026-07-03,2026-07-03T21:44:11,台灣運彩,822714,3476646.1,112,2026-07-04T06:45:00+08:00,匹茲堡海盜,華盛頓國民,匹茲堡海盜 @ 華盛頓國民,51425434.1,360,[總分]大小 9.5,252784335.1,大 9.5,A,9.5,1.74,50,37,A,9.5,
2026-07-03,2026-07-03T21:44:11,台灣運彩,822714,3476646.1,112,2026-07-04T06:45:00+08:00,匹茲堡海盜,華盛頓國民,匹茲堡海盜 @ 華盛頓國民,51425434.1,360,[總分]大小 9.5,252784334.1,小 9.5,H,9.5,1.76,25,19,H,9.5,
2026-07-03,2026-07-03T21:44:11,台灣運彩,822714,3476646.1,112,2026-07-04T06:45:00+08:00,匹茲堡海盜,華盛頓國民,匹茲堡海盜 @ 華盛頓國民,51425436.1,360,[總分]大小 10.5,252784339.1,大 10.5,A,10.5,1.95,20,19,A,10.5,
2026-07-03,2026-07-03T21:44:11,台灣運彩,822714,3476646.1,112,2026-07-04T06:45:00+08:00,匹茲堡海盜,華盛頓國民,匹茲堡海盜 @ 華盛頓國民,51425436.1,360,[總分]大小 10.5,252784338.1,小 10.5,H,10.5,1.55,20,11,H,10.5,
2026-07-03,2026-07-03T21:44:11,台灣運彩,822714,3476646.1,112,2026-07-04T06:45:00+08:00,匹茲堡海盜,華盛頓國民,匹茲堡海盜 @ 華盛頓國民,51425438.1,360,[總分]大小 8.5,252784343.1,大 8.5,A,8.5,1.45,20,9,A,8.5,
2026-07-03,2026-07-03T21:44:11,台灣運彩,822714,3476646.1,112,2026-07-04T06:45:00+08:00,匹茲堡海盜,華盛頓國民,匹茲堡海盜 @ 華盛頓國民,51425438.1,360,[總分]大小 8.5,252784342.1,小 8.5,H,8.5,2.10,10,11,H,8.5,
2026-07-03,2026-07-03T21:44:11,台灣運彩,822714,3476646.1,112,2026-07-04T06:45:00+08:00,匹茲堡海盜,華盛頓國民,匹茲堡海盜 @ 華盛頓國民,51425878.1,362,華盛頓國民 大小 4.5,252785481.1,大 4.5,A,4.5,1.56,25,14,A,4.5,
2026-07-03,2026-07-03T21:44:11,台灣運彩,822714,3476646.1,112,2026-07-04T06:45:00+08:00,匹茲堡海盜,華盛頓國民,匹茲堡海盜 @ 華盛頓國民,51425878.1,362,華盛頓國民 大小 4.5,252785480.1,小 4.5,H,4.5,1.88,25,22,H,4.5,
2026-07-03,2026-07-03T21:44:11,台灣運彩,822714,3476646.1,112,2026-07-04T06:45:00+08:00,匹茲堡海盜,華盛頓國民,匹茲堡海盜 @ 華盛頓國民,51425877.1,363,匹茲堡海盜 大小 4.5,252785479.1,大 4.5,A,4.5,1.82,50,41,A,4.5,
2026-07-03,2026-07-03T21:44:11,台灣運彩,822714,3476646.1,112,2026-07-04T06:45:00+08:00,匹茲堡海盜,華盛頓國民,匹茲堡海盜 @ 華盛頓國民,51425877.1,363,匹茲堡海盜 大小 4.5,252785478.1,小 4.5,H,4.5,1.62,50,31,H,4.5,
2026-07-03,2026-07-03T21:44:11,台灣運彩,822714,3476646.1,112,2026-07-04T06:45:00+08:00,匹茲堡海盜,華盛頓國民,匹茲堡海盜 @ 華盛頓國民,51425876.1,366,[總分]單雙,252785477.1,單,,,1.50,2,1,,,
2026-07-03,2026-07-03T21:44:11,台灣運彩,822714,3476646.1,112,2026-07-04T06:45:00+08:00,匹茲堡海盜,華盛頓國民,匹茲堡海盜 @ 華盛頓國民,51425876.1,366,[總分]單雙,252785476.1,雙,,,1.96,25,24,,,
2026-07-03,2026-07-03T21:44:11,台灣運彩,822714,3476646.1,112,2026-07-04T06:45:00+08:00,匹茲堡海盜,華盛頓國民,匹茲堡海盜 @ 華盛頓國民,51425446.1,374,得分最高單局(不含延長賽),252784369.1,一樣多,,,2.30,10,13,,,
2026-07-03,2026-07-03T21:44:11,台灣運彩,822714,3476646.1,112,2026-07-04T06:45:00+08:00,匹茲堡海盜,華盛頓國民,匹茲堡海盜 @ 華盛頓國民,51425446.1,374,得分最高單局(不含延長賽),252784360.1,第1局,,,5.25,4,17,,,
2026-07-03,2026-07-03T21:44:11,台灣運彩,822714,3476646.1,112,2026-07-04T06:45:00+08:00,匹茲堡海盜,華盛頓國民,匹茲堡海盜 @ 華盛頓國民,51425446.1,374,得分最高單局(不含延長賽),252784361.1,第2局,,,6.25,4,21,,,
2026-07-03,2026-07-03T21:44:11,台灣運彩,822714,3476646.1,112,2026-07-04T06:45:00+08:00,匹茲堡海盜,華盛頓國民,匹茲堡海盜 @ 華盛頓國民,51425446.1,374,得分最高單局(不含延長賽),252784362.1,第3局,,,5.50,2,9,,,
2026-07-03,2026-07-03T21:44:11,台灣運彩,822714,3476646.1,112,2026-07-04T06:45:00+08:00,匹茲堡海盜,華盛頓國民,匹茲堡海盜 @ 華盛頓國民,51425446.1,374,得分最高單局(不含延長賽),252784363.1,第4局,,,6.00,1,5,,,
2026-07-03,2026-07-03T21:44:11,台灣運彩,822714,3476646.1,112,2026-07-04T06:45:00+08:00,匹茲堡海盜,華盛頓國民,匹茲堡海盜 @ 華盛頓國民,51425446.1,374,得分最高單局(不含延長賽),252784364.1,第5局,,,5.75,4,19,,,
2026-07-03,2026-07-03T21:44:11,台灣運彩,822714,3476646.1,112,2026-07-04T06:45:00+08:00,匹茲堡海盜,華盛頓國民,匹茲堡海盜 @ 華盛頓國民,51425446.1,374,得分最高單局(不含延長賽),252784365.1,第6局,,,6.00,1,5,,,
2026-07-03,2026-07-03T21:44:11,台灣運彩,822714,3476646.1,112,2026-07-04T06:45:00+08:00,匹茲堡海盜,華盛頓國民,匹茲堡海盜 @ 華盛頓國民,51425446.1,374,得分最高單局(不含延長賽),252784366.1,第7局,,,6.25,4,21,,,
2026-07-03,2026-07-03T21:44:11,台灣運彩,822714,3476646.1,112,2026-07-04T06:45:00+08:00,匹茲堡海盜,華盛頓國民,匹茲堡海盜 @ 華盛頓國民,51425446.1,374,得分最高單局(不含延長賽),252784367.1,第8局,,,5.90,10,49,,,
2026-07-03,2026-07-03T21:44:11,台灣運彩,822714,3476646.1,112,2026-07-04T06:45:00+08:00,匹茲堡海盜,華盛頓國民,匹茲堡海盜 @ 華盛頓國民,51425446.1,374,得分最高單局(不含延長賽),252784368.1,第9局,,,8.00,1,7,,,
2026-07-03,2026-07-03T21:44:11,台灣運彩,822714,3476646.1,112,2026-07-04T06:45:00+08:00,匹茲堡海盜,華盛頓國民,匹茲堡海盜 @ 華盛頓國民,51425441.1,376,[1-5局] 不讓分,252784348.1,華盛頓國民,H,,1.60,5,3,H,,1
2026-07-03,2026-07-03T21:44:11,台灣運彩,822714,3476646.1,112,2026-07-04T06:45:00+08:00,匹茲堡海盜,華盛頓國民,匹茲堡海盜 @ 華盛頓國民,51425441.1,376,[1-5局] 不讓分,252784350.1,匹茲堡海盜,A,,2.05,20,21,A,,2
2026-07-03,2026-07-03T21:44:11,台灣運彩,822714,3476646.1,112,2026-07-04T06:45:00+08:00,匹茲堡海盜,華盛頓國民,匹茲堡海盜 @ 華盛頓國民,51425441.1,376,[1-5局] 不讓分,252784349.1,和局,D,,5.25,4,17,D,,
2026-07-03,2026-07-03T21:44:11,台灣運彩,822714,3476646.1,112,2026-07-04T06:45:00+08:00,匹茲堡海盜,華盛頓國民,匹茲堡海盜 @ 華盛頓國民,51425440.1,378,[1-5局] 大小 5.5,252784347.1,大 5.5,A,5.5,1.73,100,73,A,5.5,
2026-07-03,2026-07-03T21:44:11,台灣運彩,822714,3476646.1,112,2026-07-04T06:45:00+08:00,匹茲堡海盜,華盛頓國民,匹茲堡海盜 @ 華盛頓國民,51425440.1,378,[1-5局] 大小 5.5,252784346.1,小 5.5,H,5.5,1.60,5,3,H,5.5,
2026-07-03,2026-07-03T21:44:11,台灣運彩,822714,3476646.1,112,2026-07-04T06:45:00+08:00,匹茲堡海盜,華盛頓國民,匹茲堡海盜 @ 華盛頓國民,51425445.1,379,[1-5局] 華盛頓國民 大小 2.5,252784359.1,大 2.5,A,2.5,1.63,100,63,A,2.5,
2026-07-03,2026-07-03T21:44:11,台灣運彩,822714,3476646.1,112,2026-07-04T06:45:00+08:00,匹茲堡海盜,華盛頓國民,匹茲堡海盜 @ 華盛頓國民,51425445.1,379,[1-5局] 華盛頓國民 大小 2.5,252784358.1,小 2.5,H,2.5,1.80,5,4,H,2.5,
2026-07-03,2026-07-03T21:44:11,台灣運彩,822714,3476646.1,112,2026-07-04T06:45:00+08:00,匹茲堡海盜,華盛頓國民,匹茲堡海盜 @ 華盛頓國民,51425442.1,380,[1-5局] 匹茲堡海盜 大小 2.5,252784352.1,大 2.5,A,2.5,1.96,25,24,A,2.5,
2026-07-03,2026-07-03T21:44:11,台灣運彩,822714,3476646.1,112,2026-07-04T06:45:00+08:00,匹茲堡海盜,華盛頓國民,匹茲堡海盜 @ 華盛頓國民,51425442.1,380,[1-5局] 匹茲堡海盜 大小 2.5,252784351.1,小 2.5,H,2.5,1.50,2,1,H,2.5,
2026-07-03,2026-07-03T21:44:11,台灣運彩,822714,3476646.1,112,2026-07-04T06:45:00+08:00,匹茲堡海盜,華盛頓國民,匹茲堡海盜 @ 華盛頓國民,51425444.1,389,[第1局] 不讓分,252784355.1,華盛頓國民,H,,2.55,20,31,H,,1
2026-07-03,2026-07-03T21:44:11,台灣運彩,822714,3476646.1,112,2026-07-04T06:45:00+08:00,匹茲堡海盜,華盛頓國民,匹茲堡海盜 @ 華盛頓國民,51425444.1,389,[第1局] 不讓分,252784357.1,匹茲堡海盜,A,,3.30,10,23,A,,2
2026-07-03,2026-07-03T21:44:11,台灣運彩,822714,3476646.1,112,2026-07-04T06:45:00+08:00,匹茲堡海盜,華盛頓國民,匹茲堡海盜 @ 華盛頓國民,51425444.1,389,[第1局] 不讓分,252784356.1,和局,D,,1.65,20,13,D,,
2026-07-03,2026-07-03T21:44:11,台灣運彩,822714,3476646.1,112,2026-07-04T06:45:00+08:00,匹茲堡海盜,華盛頓國民,匹茲堡海盜 @ 華盛頓國民,51425443.1,398,[第1局] 大小 0.5,252784354.1,大 0.5,A,0.5,1.56,25,14,A,0.5,
2026-07-03,2026-07-03T21:44:11,台灣運彩,822714,3476646.1,112,2026-07-04T06:45:00+08:00,匹茲堡海盜,華盛頓國民,匹茲堡海盜 @ 華盛頓國民,51425443.1,398,[第1局] 大小 0.5,252784353.1,小 0.5,H,0.5,1.78,50,39,H,0.5,
2026-07-03,2026-07-03T21:44:11,台灣運彩,823527,3476651.1,113,2026-07-04T07:05:00+08:00,明尼蘇達雙城,紐約洋基,明尼蘇達雙城 @ 紐約洋基,51425467.1,354,不讓分,252784427.1,紐約洋基,H,,1.35,20,7,H,,1
2026-07-03,2026-07-03T21:44:11,台灣運彩,823527,3476651.1,113,2026-07-04T07:05:00+08:00,明尼蘇達雙城,紐約洋基,明尼蘇達雙城 @ 紐約洋基,51425467.1,354,不讓分,252784428.1,明尼蘇達雙城,A,,2.45,20,29,A,,2
2026-07-03,2026-07-03T21:44:11,台灣運彩,823527,3476651.1,113,2026-07-04T07:05:00+08:00,明尼蘇達雙城,紐約洋基,明尼蘇達雙城 @ 紐約洋基,51425843.1,357,勝分差,252785398.1,明尼蘇達雙城 1 分,A,,7.00,1,6,A,,
2026-07-03,2026-07-03T21:44:11,台灣運彩,823527,3476651.1,113,2026-07-04T07:05:00+08:00,明尼蘇達雙城,紐約洋基,明尼蘇達雙城 @ 紐約洋基,51425843.1,357,勝分差,252785399.1,明尼蘇達雙城 2 分,A,,9.75,4,35,A,,
2026-07-03,2026-07-03T21:44:11,台灣運彩,823527,3476651.1,113,2026-07-04T07:05:00+08:00,明尼蘇達雙城,紐約洋基,明尼蘇達雙城 @ 紐約洋基,51425843.1,357,勝分差,252785400.1,明尼蘇達雙城 > 2分,A,,3.75,4,11,A,,
2026-07-03,2026-07-03T21:44:11,台灣運彩,823527,3476651.1,113,2026-07-04T07:05:00+08:00,明尼蘇達雙城,紐約洋基,明尼蘇達雙城 @ 紐約洋基,51425843.1,357,勝分差,252785395.1,紐約洋基 1 分,H,,4.20,5,16,H,,
2026-07-03,2026-07-03T21:44:11,台灣運彩,823527,3476651.1,113,2026-07-04T07:05:00+08:00,明尼蘇達雙城,紐約洋基,明尼蘇達雙城 @ 紐約洋基,51425843.1,357,勝分差,252785396.1,紐約洋基 2 分,H,,6.50,2,11,H,,
2026-07-03,2026-07-03T21:44:11,台灣運彩,823527,3476651.1,113,2026-07-04T07:05:00+08:00,明尼蘇達雙城,紐約洋基,明尼蘇達雙城 @ 紐約洋基,51425843.1,357,勝分差,252785397.1,紐約洋基 > 2分,H,,1.80,5,4,H,,
2026-07-03,2026-07-03T21:44:11,台灣運彩,823527,3476651.1,113,2026-07-04T07:05:00+08:00,明尼蘇達雙城,紐約洋基,明尼蘇達雙城 @ 紐約洋基,51425470.1,358,讓分 -1.5,252784433.1,紐約洋基 -1.5,H,-1.5,1.71,100,71,H,-1.5,1
2026-07-03,2026-07-03T21:44:11,台灣運彩,823527,3476651.1,113,2026-07-04T07:05:00+08:00,明尼蘇達雙城,紐約洋基,明尼蘇達雙城 @ 紐約洋基,51425470.1,358,讓分 -1.5,252784434.1,明尼蘇達雙城 +1.5,A,-1.5,1.79,100,79,A,-1.5,2
2026-07-03,2026-07-03T21:44:11,台灣運彩,823527,3476651.1,113,2026-07-04T07:05:00+08:00,明尼蘇達雙城,紐約洋基,明尼蘇達雙城 @ 紐約洋基,51425473.1,358,讓分 -2.5,252784440.1,紐約洋基 -2.5,H,-2.5,1.98,50,49,H,-2.5,1
2026-07-03,2026-07-03T21:44:11,台灣運彩,823527,3476651.1,113,2026-07-04T07:05:00+08:00,明尼蘇達雙城,紐約洋基,明尼蘇達雙城 @ 紐約洋基,51425473.1,358,讓分 -2.5,252784441.1,明尼蘇達雙城 +2.5,A,-2.5,1.52,25,13,A,-2.5,2
2026-07-03,2026-07-03T21:44:11,台灣運彩,823527,3476651.1,113,2026-07-04T07:05:00+08:00,明尼蘇達雙城,紐約洋基,明尼蘇達雙城 @ 紐約洋基,51425468.1,360,[總分]大小 9.5,252784430.1,大 9.5,A,9.5,1.68,25,17,A,9.5,
2026-07-03,2026-07-03T21:44:11,台灣運彩,823527,3476651.1,113,2026-07-04T07:05:00+08:00,明尼蘇達雙城,紐約洋基,明尼蘇達雙城 @ 紐約洋基,51425468.1,360,[總分]大小 9.5,252784429.1,小 9.5,H,9.5,1.82,50,41,H,9.5,
2026-07-03,2026-07-03T21:44:11,台灣運彩,823527,3476651.1,113,2026-07-04T07:05:00+08:00,明尼蘇達雙城,紐約洋基,明尼蘇達雙城 @ 紐約洋基,51425471.1,360,[總分]大小 10.5,252784436.1,大 10.5,A,10.5,1.90,10,9,A,10.5,
2026-07-03,2026-07-03T21:44:11,台灣運彩,823527,3476651.1,113,2026-07-04T07:05:00+08:00,明尼蘇達雙城,紐約洋基,明尼蘇達雙城 @ 紐約洋基,51425471.1,360,[總分]大小 10.5,252784435.1,小 10.5,H,10.5,1.60,5,3,H,10.5,
2026-07-03,2026-07-03T21:44:11,台灣運彩,823527,3476651.1,113,2026-07-04T07:05:00+08:00,明尼蘇達雙城,紐約洋基,明尼蘇達雙城 @ 紐約洋基,51425475.1,360,[總分]大小 8.5,252784445.1,大 8.5,A,8.5,1.43,100,43,A,8.5,
2026-07-03,2026-07-03T21:44:11,台灣運彩,823527,3476651.1,113,2026-07-04T07:05:00+08:00,明尼蘇達雙城,紐約洋基,明尼蘇達雙城 @ 紐約洋基,51425475.1,360,[總分]大小 8.5,252784444.1,小 8.5,H,8.5,2.15,20,23,H,8.5,
2026-07-03,2026-07-03T21:44:11,台灣運彩,823527,3476651.1,113,2026-07-04T07:05:00+08:00,明尼蘇達雙城,紐約洋基,明尼蘇達雙城 @ 紐約洋基,51425841.1,362,紐約洋基 大小 5.5,252785392.1,大 5.5,A,5.5,1.68,25,17,A,5.5,
2026-07-03,2026-07-03T21:44:11,台灣運彩,823527,3476651.1,113,2026-07-04T07:05:00+08:00,明尼蘇達雙城,紐約洋基,明尼蘇達雙城 @ 紐約洋基,51425841.1,362,紐約洋基 大小 5.5,252785391.1,小 5.5,H,5.5,1.75,4,3,H,5.5,
2026-07-03,2026-07-03T21:44:11,台灣運彩,823527,3476651.1,113,2026-07-04T07:05:00+08:00,明尼蘇達雙城,紐約洋基,明尼蘇達雙城 @ 紐約洋基,51425842.1,363,明尼蘇達雙城 大小 3.5,252785394.1,大 3.5,A,3.5,1.62,50,31,A,3.5,
2026-07-03,2026-07-03T21:44:11,台灣運彩,823527,3476651.1,113,2026-07-04T07:05:00+08:00,明尼蘇達雙城,紐約洋基,明尼蘇達雙城 @ 紐約洋基,51425842.1,363,明尼蘇達雙城 大小 3.5,252785393.1,小 3.5,H,3.5,1.82,50,41,H,3.5,
2026-07-03,2026-07-03T21:44:11,台灣運彩,823527,3476651.1,113,2026-07-04T07:05:00+08:00,明尼蘇達雙城,紐約洋基,明尼蘇達雙城 @ 紐約洋基,51425840.1,366,[總分]單雙,252785390.1,單,,,1.50,2,1,,,
2026-07-03,2026-07-03T21:44:11,台灣運彩,823527,3476651.1,113,2026-07-04T07:05:00+08:00,明尼蘇達雙城,紐約洋基,明尼蘇達雙城 @ 紐約洋基,51425840.1,366,[總分]單雙,252785389.1,雙,,,1.96,25,24,,,
2026-07-03,2026-07-03T21:44:11,台灣運彩,823527,3476651.1,113,2026-07-04T07:05:00+08:00,明尼蘇達雙城,紐約洋基,明尼蘇達雙城 @ 紐約洋基,51425477.1,374,得分最高單局(不含延長賽),252784457.1,一樣多,,,2.35,20,27,,,
2026-07-03,2026-07-03T21:44:11,台灣運彩,823527,3476651.1,113,2026-07-04T07:05:00+08:00,明尼蘇達雙城,紐約洋基,明尼蘇達雙城 @ 紐約洋基,51425477.1,374,得分最高單局(不含延長賽),252784448.1,第1局,,,5.15,20,83,,,
2026-07-03,2026-07-03T21:44:11,台灣運彩,823527,3476651.1,113,2026-07-04T07:05:00+08:00,明尼蘇達雙城,紐約洋基,明尼蘇達雙城 @ 紐約洋基,51425477.1,374,得分最高單局(不含延長賽),252784449.1,第2局,,,5.95,20,99,,,
2026-07-03,2026-07-03T21:44:11,台灣運彩,823527,3476651.1,113,2026-07-04T07:05:00+08:00,明尼蘇達雙城,紐約洋基,明尼蘇達雙城 @ 紐約洋基,51425477.1,374,得分最高單局(不含延長賽),252784450.1,第3局,,,5.45,20,89,,,
2026-07-03,2026-07-03T21:44:11,台灣運彩,823527,3476651.1,113,2026-07-04T07:05:00+08:00,明尼蘇達雙城,紐約洋基,明尼蘇達雙城 @ 紐約洋基,51425477.1,374,得分最高單局(不含延長賽),252784451.1,第4局,,,6.00,1,5,,,
2026-07-03,2026-07-03T21:44:11,台灣運彩,823527,3476651.1,113,2026-07-04T07:05:00+08:00,明尼蘇達雙城,紐約洋基,明尼蘇達雙城 @ 紐約洋基,51425477.1,374,得分最高單局(不含延長賽),252784452.1,第5局,,,5.60,5,23,,,
2026-07-03,2026-07-03T21:44:11,台灣運彩,823527,3476651.1,113,2026-07-04T07:05:00+08:00,明尼蘇達雙城,紐約洋基,明尼蘇達雙城 @ 紐約洋基,51425477.1,374,得分最高單局(不含延長賽),252784453.1,第6局,,,6.00,1,5,,,
2026-07-03,2026-07-03T21:44:11,台灣運彩,823527,3476651.1,113,2026-07-04T07:05:00+08:00,明尼蘇達雙城,紐約洋基,明尼蘇達雙城 @ 紐約洋基,51425477.1,374,得分最高單局(不含延長賽),252784454.1,第7局,,,6.25,4,21,,,
2026-07-03,2026-07-03T21:44:11,台灣運彩,823527,3476651.1,113,2026-07-04T07:05:00+08:00,明尼蘇達雙城,紐約洋基,明尼蘇達雙城 @ 紐約洋基,51425477.1,374,得分最高單局(不含延長賽),252784455.1,第8局,,,6.00,1,5,,,
2026-07-03,2026-07-03T21:44:11,台灣運彩,823527,3476651.1,113,2026-07-04T07:05:00+08:00,明尼蘇達雙城,紐約洋基,明尼蘇達雙城 @ 紐約洋基,51425477.1,374,得分最高單局(不含延長賽),252784456.1,第9局,,,8.00,1,7,,,
2026-07-03,2026-07-03T21:44:11,台灣運彩,823527,3476651.1,113,2026-07-04T07:05:00+08:00,明尼蘇達雙城,紐約洋基,明尼蘇達雙城 @ 紐約洋基,51425480.1,376,[1-5局] 不讓分,252784462.1,紐約洋基,H,,1.40,5,2,H,,1
2026-07-03,2026-07-03T21:44:11,台灣運彩,823527,3476651.1,113,2026-07-04T07:05:00+08:00,明尼蘇達雙城,紐約洋基,明尼蘇達雙城 @ 紐約洋基,51425480.1,376,[1-5局] 不讓分,252784464.1,明尼蘇達雙城,A,,2.50,2,3,A,,2
2026-07-03,2026-07-03T21:44:11,台灣運彩,823527,3476651.1,113,2026-07-04T07:05:00+08:00,明尼蘇達雙城,紐約洋基,明尼蘇達雙城 @ 紐約洋基,51425480.1,376,[1-5局] 不讓分,252784463.1,和局,D,,5.45,20,89,D,,
2026-07-03,2026-07-03T21:44:11,台灣運彩,823527,3476651.1,113,2026-07-04T07:05:00+08:00,明尼蘇達雙城,紐約洋基,明尼蘇達雙城 @ 紐約洋基,51425474.1,378,[1-5局] 大小 5.5,252784443.1,大 5.5,A,5.5,1.66,50,33,A,5.5,
2026-07-03,2026-07-03T21:44:11,台灣運彩,823527,3476651.1,113,2026-07-04T07:05:00+08:00,明尼蘇達雙城,紐約洋基,明尼蘇達雙城 @ 紐約洋基,51425474.1,378,[1-5局] 大小 5.5,252784442.1,小 5.5,H,5.5,1.66,50,33,H,5.5,
2026-07-03,2026-07-03T21:44:11,台灣運彩,823527,3476651.1,113,2026-07-04T07:05:00+08:00,明尼蘇達雙城,紐約洋基,明尼蘇達雙城 @ 紐約洋基,51425476.1,379,[1-5局] 紐約洋基 大小 2.5,252784447.1,大 2.5,A,2.5,1.53,100,53,A,2.5,
2026-07-03,2026-07-03T21:44:11,台灣運彩,823527,3476651.1,113,2026-07-04T07:05:00+08:00,明尼蘇達雙城,紐約洋基,明尼蘇達雙城 @ 紐約洋基,51425476.1,379,[1-5局] 紐約洋基 大小 2.5,252784446.1,小 2.5,H,2.5,1.93,100,93,H,2.5,
2026-07-03,2026-07-03T21:44:11,台灣運彩,823527,3476651.1,113,2026-07-04T07:05:00+08:00,明尼蘇達雙城,紐約洋基,明尼蘇達雙城 @ 紐約洋基,51425534.1,379,[1-5局] 紐約洋基 大小 3.5,252784604.1,大 3.5,A,3.5,1.85,20,17,A,3.5,
2026-07-03,2026-07-03T21:44:11,台灣運彩,823527,3476651.1,113,2026-07-04T07:05:00+08:00,明尼蘇達雙城,紐約洋基,明尼蘇達雙城 @ 紐約洋基,51425534.1,379,[1-5局] 紐約洋基 大小 3.5,252784603.1,小 3.5,H,3.5,1.60,5,3,H,3.5,
2026-07-03,2026-07-03T21:44:11,台灣運彩,823527,3476651.1,113,2026-07-04T07:05:00+08:00,明尼蘇達雙城,紐約洋基,明尼蘇達雙城 @ 紐約洋基,51425469.1,380,[1-5局] 明尼蘇達雙城 大小 1.5,252784432.1,大 1.5,A,1.5,1.60,5,3,A,1.5,
2026-07-03,2026-07-03T21:44:11,台灣運彩,823527,3476651.1,113,2026-07-04T07:05:00+08:00,明尼蘇達雙城,紐約洋基,明尼蘇達雙城 @ 紐約洋基,51425469.1,380,[1-5局] 明尼蘇達雙城 大小 1.5,252784431.1,小 1.5,H,1.5,1.85,20,17,H,1.5,
2026-07-03,2026-07-03T21:44:11,台灣運彩,823527,3476651.1,113,2026-07-04T07:05:00+08:00,明尼蘇達雙城,紐約洋基,明尼蘇達雙城 @ 紐約洋基,51425472.1,389,[第1局] 不讓分,252784437.1,紐約洋基,H,,2.25,4,5,H,,1
2026-07-03,2026-07-03T21:44:11,台灣運彩,823527,3476651.1,113,2026-07-04T07:05:00+08:00,明尼蘇達雙城,紐約洋基,明尼蘇達雙城 @ 紐約洋基,51425472.1,389,[第1局] 不讓分,252784439.1,明尼蘇達雙城,A,,3.85,20,57,A,,2
2026-07-03,2026-07-03T21:44:11,台灣運彩,823527,3476651.1,113,2026-07-04T07:05:00+08:00,明尼蘇達雙城,紐約洋基,明尼蘇達雙城 @ 紐約洋基,51425472.1,389,[第1局] 不讓分,252784438.1,和局,D,,1.70,10,7,D,,
2026-07-03,2026-07-03T21:44:11,台灣運彩,823527,3476651.1,113,2026-07-04T07:05:00+08:00,明尼蘇達雙城,紐約洋基,明尼蘇達雙城 @ 紐約洋基,51425478.1,398,[第1局] 大小 0.5,252784459.1,大 0.5,A,0.5,1.53,100,53,A,0.5,
2026-07-03,2026-07-03T21:44:11,台灣運彩,823527,3476651.1,113,2026-07-04T07:05:00+08:00,明尼蘇達雙城,紐約洋基,明尼蘇達雙城 @ 紐約洋基,51425478.1,398,[第1局] 大小 0.5,252784458.1,小 0.5,H,0.5,1.82,50,41,H,0.5,
2026-07-03,2026-07-03T21:44:11,台灣運彩,824417,3476652.1,116,2026-07-04T07:10:00+08:00,芝加哥白襪,克里夫蘭守護者,芝加哥白襪 @ 克里夫蘭守護者,51425482.1,354,不讓分,252784467.1,克里夫蘭守護者,H,,1.55,20,11,H,,1
2026-07-03,2026-07-03T21:44:11,台灣運彩,824417,3476652.1,116,2026-07-04T07:10:00+08:00,芝加哥白襪,克里夫蘭守護者,芝加哥白襪 @ 克里夫蘭守護者,51425482.1,354,不讓分,252784468.1,芝加哥白襪,A,,1.95,20,19,A,,2
2026-07-03,2026-07-03T21:44:11,台灣運彩,824417,3476652.1,116,2026-07-04T07:10:00+08:00,芝加哥白襪,克里夫蘭守護者,芝加哥白襪 @ 克里夫蘭守護者,51425847.1,357,勝分差,252785407.1,克里夫蘭守護者 1 分,H,,3.95,20,59,H,,
2026-07-03,2026-07-03T21:44:11,台灣運彩,824417,3476652.1,116,2026-07-04T07:10:00+08:00,芝加哥白襪,克里夫蘭守護者,芝加哥白襪 @ 克里夫蘭守護者,51425847.1,357,勝分差,252785408.1,克里夫蘭守護者 2 分,H,,6.75,4,23,H,,
2026-07-03,2026-07-03T21:44:11,台灣運彩,824417,3476652.1,116,2026-07-04T07:10:00+08:00,芝加哥白襪,克里夫蘭守護者,芝加哥白襪 @ 克里夫蘭守護者,51425847.1,357,勝分差,252785409.1,克里夫蘭守護者 > 2分,H,,2.55,20,31,H,,
2026-07-03,2026-07-03T21:44:11,台灣運彩,824417,3476652.1,116,2026-07-04T07:10:00+08:00,芝加哥白襪,克里夫蘭守護者,芝加哥白襪 @ 克里夫蘭守護者,51425847.1,357,勝分差,252785410.1,芝加哥白襪 1 分,A,,5.50,2,9,A,,
2026-07-03,2026-07-03T21:44:11,台灣運彩,824417,3476652.1,116,2026-07-04T07:10:00+08:00,芝加哥白襪,克里夫蘭守護者,芝加哥白襪 @ 克里夫蘭守護者,51425847.1,357,勝分差,252785411.1,芝加哥白襪 2 分,A,,7.50,2,13,A,,
2026-07-03,2026-07-03T21:44:11,台灣運彩,824417,3476652.1,116,2026-07-04T07:10:00+08:00,芝加哥白襪,克里夫蘭守護者,芝加哥白襪 @ 克里夫蘭守護者,51425847.1,357,勝分差,252785412.1,芝加哥白襪 > 2分,A,,3.00,1,2,A,,
2026-07-03,2026-07-03T21:44:11,台灣運彩,824417,3476652.1,116,2026-07-04T07:10:00+08:00,芝加哥白襪,克里夫蘭守護者,芝加哥白襪 @ 克里夫蘭守護者,51425487.1,358,讓分 -1.5,252784478.1,克里夫蘭守護者 -1.5,H,-1.5,2.07,100,107,H,-1.5,1
2026-07-03,2026-07-03T21:44:11,台灣運彩,824417,3476652.1,116,2026-07-04T07:10:00+08:00,芝加哥白襪,克里夫蘭守護者,芝加哥白襪 @ 克里夫蘭守護者,51425487.1,358,讓分 -1.5,252784479.1,芝加哥白襪 +1.5,A,-1.5,1.46,50,23,A,-1.5,2
2026-07-03,2026-07-03T21:44:11,台灣運彩,824417,3476652.1,116,2026-07-04T07:10:00+08:00,芝加哥白襪,克里夫蘭守護者,芝加哥白襪 @ 克里夫蘭守護者,51425489.1,358,讓分 -2.5,252784482.1,克里夫蘭守護者 -2.5,H,-2.5,2.60,5,8,H,-2.5,1
2026-07-03,2026-07-03T21:44:11,台灣運彩,824417,3476652.1,116,2026-07-04T07:10:00+08:00,芝加哥白襪,克里夫蘭守護者,芝加哥白襪 @ 克里夫蘭守護者,51425489.1,358,讓分 -2.5,252784483.1,芝加哥白襪 +2.5,A,-2.5,1.30,10,3,A,-2.5,2
2026-07-03,2026-07-03T21:44:11,台灣運彩,824417,3476652.1,116,2026-07-04T07:10:00+08:00,芝加哥白襪,克里夫蘭守護者,芝加哥白襪 @ 克里夫蘭守護者,51425484.1,360,[總分]大小 8.5,252784472.1,大 8.5,A,8.5,1.85,20,17,A,8.5,
2026-07-03,2026-07-03T21:44:11,台灣運彩,824417,3476652.1,116,2026-07-04T07:10:00+08:00,芝加哥白襪,克里夫蘭守護者,芝加哥白襪 @ 克里夫蘭守護者,51425484.1,360,[總分]大小 8.5,252784471.1,小 8.5,H,8.5,1.65,20,13,H,8.5,
2026-07-03,2026-07-03T21:44:11,台灣運彩,824417,3476652.1,116,2026-07-04T07:10:00+08:00,芝加哥白襪,克里夫蘭守護者,芝加哥白襪 @ 克里夫蘭守護者,51425486.1,360,[總分]大小 9.5,252784477.1,大 9.5,A,9.5,2.20,5,6,A,9.5,
2026-07-03,2026-07-03T21:44:11,台灣運彩,824417,3476652.1,116,2026-07-04T07:10:00+08:00,芝加哥白襪,克里夫蘭守護者,芝加哥白襪 @ 克里夫蘭守護者,51425486.1,360,[總分]大小 9.5,252784476.1,小 9.5,H,9.5,1.42,50,21,H,9.5,
2026-07-03,2026-07-03T21:44:11,台灣運彩,824417,3476652.1,116,2026-07-04T07:10:00+08:00,芝加哥白襪,克里夫蘭守護者,芝加哥白襪 @ 克里夫蘭守護者,51425492.1,360,[總分]大小 7.5,252784497.1,大 7.5,A,7.5,1.62,50,31,A,7.5,
2026-07-03,2026-07-03T21:44:11,台灣運彩,824417,3476652.1,116,2026-07-04T07:10:00+08:00,芝加哥白襪,克里夫蘭守護者,芝加哥白襪 @ 克里夫蘭守護者,51425492.1,360,[總分]大小 7.5,252784496.1,小 7.5,H,7.5,1.88,25,22,H,7.5,
2026-07-03,2026-07-03T21:44:11,台灣運彩,824417,3476652.1,116,2026-07-04T07:10:00+08:00,芝加哥白襪,克里夫蘭守護者,芝加哥白襪 @ 克里夫蘭守護者,51425846.1,362,克里夫蘭守護者 大小 4.5,252785406.1,大 4.5,A,4.5,1.90,10,9,A,4.5,
2026-07-03,2026-07-03T21:44:11,台灣運彩,824417,3476652.1,116,2026-07-04T07:10:00+08:00,芝加哥白襪,克里夫蘭守護者,芝加哥白襪 @ 克里夫蘭守護者,51425846.1,362,克里夫蘭守護者 大小 4.5,252785405.1,小 4.5,H,4.5,1.55,20,11,H,4.5,
2026-07-03,2026-07-03T21:44:11,台灣運彩,824417,3476652.1,116,2026-07-04T07:10:00+08:00,芝加哥白襪,克里夫蘭守護者,芝加哥白襪 @ 克里夫蘭守護者,51425848.1,363,芝加哥白襪 大小 3.5,252785414.1,大 3.5,A,3.5,1.68,25,17,A,3.5,
2026-07-03,2026-07-03T21:44:11,台灣運彩,824417,3476652.1,116,2026-07-04T07:10:00+08:00,芝加哥白襪,克里夫蘭守護者,芝加哥白襪 @ 克里夫蘭守護者,51425848.1,363,芝加哥白襪 大小 3.5,252785413.1,小 3.5,H,3.5,1.75,4,3,H,3.5,
2026-07-03,2026-07-03T21:44:11,台灣運彩,824417,3476652.1,116,2026-07-04T07:10:00+08:00,芝加哥白襪,克里夫蘭守護者,芝加哥白襪 @ 克里夫蘭守護者,51425845.1,366,[總分]單雙,252785404.1,單,,,1.46,50,23,,,
2026-07-03,2026-07-03T21:44:11,台灣運彩,824417,3476652.1,116,2026-07-04T07:10:00+08:00,芝加哥白襪,克里夫蘭守護者,芝加哥白襪 @ 克里夫蘭守護者,51425845.1,366,[總分]單雙,252785403.1,雙,,,2.05,20,21,,,
2026-07-03,2026-07-03T21:44:11,台灣運彩,824417,3476652.1,116,2026-07-04T07:10:00+08:00,芝加哥白襪,克里夫蘭守護者,芝加哥白襪 @ 克里夫蘭守護者,51425490.1,374,得分最高單局(不含延長賽),252784493.1,一樣多,,,2.25,4,5,,,
2026-07-03,2026-07-03T21:44:11,台灣運彩,824417,3476652.1,116,2026-07-04T07:10:00+08:00,芝加哥白襪,克里夫蘭守護者,芝加哥白襪 @ 克里夫蘭守護者,51425490.1,374,得分最高單局(不含延長賽),252784484.1,第1局,,,5.35,20,87,,,
2026-07-03,2026-07-03T21:44:11,台灣運彩,824417,3476652.1,116,2026-07-04T07:10:00+08:00,芝加哥白襪,克里夫蘭守護者,芝加哥白襪 @ 克里夫蘭守護者,51425490.1,374,得分最高單局(不含延長賽),252784485.1,第2局,,,6.50,2,11,,,
2026-07-03,2026-07-03T21:44:11,台灣運彩,824417,3476652.1,116,2026-07-04T07:10:00+08:00,芝加哥白襪,克里夫蘭守護者,芝加哥白襪 @ 克里夫蘭守護者,51425490.1,374,得分最高單局(不含延長賽),252784486.1,第3局,,,5.50,2,9,,,
2026-07-03,2026-07-03T21:44:11,台灣運彩,824417,3476652.1,116,2026-07-04T07:10:00+08:00,芝加哥白襪,克里夫蘭守護者,芝加哥白襪 @ 克里夫蘭守護者,51425490.1,374,得分最高單局(不含延長賽),252784487.1,第4局,,,6.00,1,5,,,
2026-07-03,2026-07-03T21:44:11,台灣運彩,824417,3476652.1,116,2026-07-04T07:10:00+08:00,芝加哥白襪,克里夫蘭守護者,芝加哥白襪 @ 克里夫蘭守護者,51425490.1,374,得分最高單局(不含延長賽),252784488.1,第5局,,,5.85,20,97,,,
2026-07-03,2026-07-03T21:44:11,台灣運彩,824417,3476652.1,116,2026-07-04T07:10:00+08:00,芝加哥白襪,克里夫蘭守護者,芝加哥白襪 @ 克里夫蘭守護者,51425490.1,374,得分最高單局(不含延長賽),252784489.1,第6局,,,6.00,1,5,,,
2026-07-03,2026-07-03T21:44:11,台灣運彩,824417,3476652.1,116,2026-07-04T07:10:00+08:00,芝加哥白襪,克里夫蘭守護者,芝加哥白襪 @ 克里夫蘭守護者,51425490.1,374,得分最高單局(不含延長賽),252784490.1,第7局,,,6.25,4,21,,,
2026-07-03,2026-07-03T21:44:11,台灣運彩,824417,3476652.1,116,2026-07-04T07:10:00+08:00,芝加哥白襪,克里夫蘭守護者,芝加哥白襪 @ 克里夫蘭守護者,51425490.1,374,得分最高單局(不含延長賽),252784491.1,第8局,,,6.00,1,5,,,
2026-07-03,2026-07-03T21:44:11,台灣運彩,824417,3476652.1,116,2026-07-04T07:10:00+08:00,芝加哥白襪,克里夫蘭守護者,芝加哥白襪 @ 克里夫蘭守護者,51425490.1,374,得分最高單局(不含延長賽),252784492.1,第9局,,,8.00,1,7,,,
2026-07-03,2026-07-03T21:44:11,台灣運彩,824417,3476652.1,116,2026-07-04T07:10:00+08:00,芝加哥白襪,克里夫蘭守護者,芝加哥白襪 @ 克里夫蘭守護者,51425485.1,376,[1-5局] 不讓分,252784473.1,克里夫蘭守護者,H,,1.70,10,7,H,,1
2026-07-03,2026-07-03T21:44:11,台灣運彩,824417,3476652.1,116,2026-07-04T07:10:00+08:00,芝加哥白襪,克里夫蘭守護者,芝加哥白襪 @ 克里夫蘭守護者,51425485.1,376,[1-5局] 不讓分,252784475.1,芝加哥白襪,A,,2.05,20,21,A,,2
2026-07-03,2026-07-03T21:44:11,台灣運彩,824417,3476652.1,116,2026-07-04T07:10:00+08:00,芝加哥白襪,克里夫蘭守護者,芝加哥白襪 @ 克里夫蘭守護者,51425485.1,376,[1-5局] 不讓分,252784474.1,和局,D,,4.65,20,73,D,,
2026-07-03,2026-07-03T21:44:11,台灣運彩,824417,3476652.1,116,2026-07-04T07:10:00+08:00,芝加哥白襪,克里夫蘭守護者,芝加哥白襪 @ 克里夫蘭守護者,51425491.1,378,[1-5局] 大小 4.5,252784495.1,大 4.5,A,4.5,1.70,10,7,A,4.5,
2026-07-03,2026-07-03T21:44:11,台灣運彩,824417,3476652.1,116,2026-07-04T07:10:00+08:00,芝加哥白襪,克里夫蘭守護者,芝加哥白襪 @ 克里夫蘭守護者,51425491.1,378,[1-5局] 大小 4.5,252784494.1,小 4.5,H,4.5,1.63,100,63,H,4.5,
2026-07-03,2026-07-03T21:44:11,台灣運彩,824417,3476652.1,116,2026-07-04T07:10:00+08:00,芝加哥白襪,克里夫蘭守護者,芝加哥白襪 @ 克里夫蘭守護者,51425495.1,379,[1-5局] 克里夫蘭守護者 大小 2.5,252784504.1,大 2.5,A,2.5,1.90,10,9,A,2.5,
2026-07-03,2026-07-03T21:44:11,台灣運彩,824417,3476652.1,116,2026-07-04T07:10:00+08:00,芝加哥白襪,克里夫蘭守護者,芝加哥白襪 @ 克里夫蘭守護者,51425495.1,379,[1-5局] 克里夫蘭守護者 大小 2.5,252784503.1,小 2.5,H,2.5,1.55,20,11,H,2.5,
2026-07-03,2026-07-03T21:44:11,台灣運彩,824417,3476652.1,116,2026-07-04T07:10:00+08:00,芝加哥白襪,克里夫蘭守護者,芝加哥白襪 @ 克里夫蘭守護者,51425488.1,380,[1-5局] 芝加哥白襪 大小 1.5,252784481.1,大 1.5,A,1.5,1.60,5,3,A,1.5,
2026-07-03,2026-07-03T21:44:11,台灣運彩,824417,3476652.1,116,2026-07-04T07:10:00+08:00,芝加哥白襪,克里夫蘭守護者,芝加哥白襪 @ 克里夫蘭守護者,51425488.1,380,[1-5局] 芝加哥白襪 大小 1.5,252784480.1,小 1.5,H,1.5,1.85,20,17,H,1.5,
2026-07-03,2026-07-03T21:44:11,台灣運彩,824417,3476652.1,116,2026-07-04T07:10:00+08:00,芝加哥白襪,克里夫蘭守護者,芝加哥白襪 @ 克里夫蘭守護者,51425494.1,389,[第1局] 不讓分,252784500.1,克里夫蘭守護者,H,,2.80,5,9,H,,1
2026-07-03,2026-07-03T21:44:11,台灣運彩,824417,3476652.1,116,2026-07-04T07:10:00+08:00,芝加哥白襪,克里夫蘭守護者,芝加哥白襪 @ 克里夫蘭守護者,51425494.1,389,[第1局] 不讓分,252784502.1,芝加哥白襪,A,,3.45,20,49,A,,2
2026-07-03,2026-07-03T21:44:11,台灣運彩,824417,3476652.1,116,2026-07-04T07:10:00+08:00,芝加哥白襪,克里夫蘭守護者,芝加哥白襪 @ 克里夫蘭守護者,51425494.1,389,[第1局] 不讓分,252784501.1,和局,D,,1.50,2,1,D,,
2026-07-03,2026-07-03T21:44:11,台灣運彩,824417,3476652.1,116,2026-07-04T07:10:00+08:00,芝加哥白襪,克里夫蘭守護者,芝加哥白襪 @ 克里夫蘭守護者,51425493.1,398,[第1局] 大小 0.5,252784499.1,大 0.5,A,0.5,1.71,100,71,A,0.5,
2026-07-03,2026-07-03T21:44:11,台灣運彩,824417,3476652.1,116,2026-07-04T07:10:00+08:00,芝加哥白襪,克里夫蘭守護者,芝加哥白襪 @ 克里夫蘭守護者,51425493.1,398,[第1局] 大小 0.5,252784498.1,小 0.5,H,0.5,1.62,50,31,H,0.5,
2026-07-03,2026-07-03T21:44:11,台灣運彩,824498,3476653.1,118,2026-07-04T07:10:00+08:00,巴爾的摩金鶯,辛辛那提紅人,巴爾的摩金鶯 @ 辛辛那提紅人,51425496.1,354,不讓分,252784505.1,辛辛那堤紅人,H,,1.82,50,41,H,,1
2026-07-03,2026-07-03T21:44:11,台灣運彩,824498,3476653.1,118,2026-07-04T07:10:00+08:00,巴爾的摩金鶯,辛辛那提紅人,巴爾的摩金鶯 @ 辛辛那提紅人,51425496.1,354,不讓分,252784506.1,巴爾的摩金鶯,A,,1.68,25,17,A,,2
2026-07-03,2026-07-03T21:44:11,台灣運彩,824498,3476653.1,118,2026-07-04T07:10:00+08:00,巴爾的摩金鶯,辛辛那提紅人,巴爾的摩金鶯 @ 辛辛那提紅人,51425884.1,357,勝分差,252785499.1,巴爾的摩金鶯 1 分,A,,6.00,1,5,A,,
2026-07-03,2026-07-03T21:44:11,台灣運彩,824498,3476653.1,118,2026-07-04T07:10:00+08:00,巴爾的摩金鶯,辛辛那提紅人,巴爾的摩金鶯 @ 辛辛那提紅人,51425884.1,357,勝分差,252785500.1,巴爾的摩金鶯 2 分,A,,7.50,2,13,A,,
2026-07-03,2026-07-03T21:44:11,台灣運彩,824498,3476653.1,118,2026-07-04T07:10:00+08:00,巴爾的摩金鶯,辛辛那提紅人,巴爾的摩金鶯 @ 辛辛那提紅人,51425884.1,357,勝分差,252785501.1,巴爾的摩金鶯 > 2分,A,,2.20,5,6,A,,
2026-07-03,2026-07-03T21:44:11,台灣運彩,824498,3476653.1,118,2026-07-04T07:10:00+08:00,巴爾的摩金鶯,辛辛那提紅人,巴爾的摩金鶯 @ 辛辛那提紅人,51425884.1,357,勝分差,252785496.1,辛辛那堤紅人 1 分,H,,4.40,5,17,H,,
2026-07-03,2026-07-03T21:44:11,台灣運彩,824498,3476653.1,118,2026-07-04T07:10:00+08:00,巴爾的摩金鶯,辛辛那提紅人,巴爾的摩金鶯 @ 辛辛那提紅人,51425884.1,357,勝分差,252785497.1,辛辛那堤紅人 2 分,H,,8.25,4,29,H,,
2026-07-03,2026-07-03T21:44:11,台灣運彩,824498,3476653.1,118,2026-07-04T07:10:00+08:00,巴爾的摩金鶯,辛辛那提紅人,巴爾的摩金鶯 @ 辛辛那提紅人,51425884.1,357,勝分差,252785498.1,辛辛那堤紅人 > 2分,H,,2.85,20,37,H,,
2026-07-03,2026-07-03T21:44:11,台灣運彩,824498,3476653.1,118,2026-07-04T07:10:00+08:00,巴爾的摩金鶯,辛辛那提紅人,巴爾的摩金鶯 @ 辛辛那提紅人,51425499.1,358,讓分 1.5,252784512.1,辛辛那堤紅人 +1.5,H,1.5,1.55,20,11,H,1.5,1
2026-07-03,2026-07-03T21:44:11,台灣運彩,824498,3476653.1,118,2026-07-04T07:10:00+08:00,巴爾的摩金鶯,辛辛那提紅人,巴爾的摩金鶯 @ 辛辛那提紅人,51425499.1,358,讓分 1.5,252784513.1,巴爾的摩金鶯 -1.5,A,1.5,1.95,20,19,A,1.5,2
2026-07-03,2026-07-03T21:44:11,台灣運彩,824498,3476653.1,118,2026-07-04T07:10:00+08:00,巴爾的摩金鶯,辛辛那提紅人,巴爾的摩金鶯 @ 辛辛那提紅人,51426709.1,360,[總分]大小 10.5,252788017.1,大 10.5,A,10.5,1.85,20,17,A,10.5,
2026-07-03,2026-07-03T21:44:11,台灣運彩,824498,3476653.1,118,2026-07-04T07:10:00+08:00,巴爾的摩金鶯,辛辛那提紅人,巴爾的摩金鶯 @ 辛辛那提紅人,51426709.1,360,[總分]大小 10.5,252788016.1,小 10.5,H,10.5,1.65,20,13,H,10.5,
2026-07-03,2026-07-03T21:44:11,台灣運彩,824498,3476653.1,118,2026-07-04T07:10:00+08:00,巴爾的摩金鶯,辛辛那提紅人,巴爾的摩金鶯 @ 辛辛那提紅人,51425882.1,362,辛辛那堤紅人 大小 4.5,252785493.1,大 4.5,A,4.5,1.72,25,18,A,4.5,
2026-07-03,2026-07-03T21:44:11,台灣運彩,824498,3476653.1,118,2026-07-04T07:10:00+08:00,巴爾的摩金鶯,辛辛那提紅人,巴爾的摩金鶯 @ 辛辛那提紅人,51425882.1,362,辛辛那堤紅人 大小 4.5,252785492.1,小 4.5,H,4.5,1.72,25,18,H,4.5,
2026-07-03,2026-07-03T21:44:11,台灣運彩,824498,3476653.1,118,2026-07-04T07:10:00+08:00,巴爾的摩金鶯,辛辛那提紅人,巴爾的摩金鶯 @ 辛辛那提紅人,51425883.1,363,巴爾的摩金鶯 大小 4.5,252785495.1,大 4.5,A,4.5,1.53,100,53,A,4.5,
2026-07-03,2026-07-03T21:44:11,台灣運彩,824498,3476653.1,118,2026-07-04T07:10:00+08:00,巴爾的摩金鶯,辛辛那提紅人,巴爾的摩金鶯 @ 辛辛那提紅人,51425883.1,363,巴爾的摩金鶯 大小 4.5,252785494.1,小 4.5,H,4.5,1.93,100,93,H,4.5,
2026-07-03,2026-07-03T21:44:11,台灣運彩,824498,3476653.1,118,2026-07-04T07:10:00+08:00,巴爾的摩金鶯,辛辛那提紅人,巴爾的摩金鶯 @ 辛辛那提紅人,51426708.1,363,巴爾的摩金鶯 大小 5.5,252788015.1,大 5.5,A,5.5,1.86,50,43,A,5.5,
2026-07-03,2026-07-03T21:44:11,台灣運彩,824498,3476653.1,118,2026-07-04T07:10:00+08:00,巴爾的摩金鶯,辛辛那提紅人,巴爾的摩金鶯 @ 辛辛那提紅人,51426708.1,363,巴爾的摩金鶯 大小 5.5,252788014.1,小 5.5,H,5.5,1.58,50,29,H,5.5,
2026-07-03,2026-07-03T21:44:11,台灣運彩,824498,3476653.1,118,2026-07-04T07:10:00+08:00,巴爾的摩金鶯,辛辛那提紅人,巴爾的摩金鶯 @ 辛辛那提紅人,51425881.1,366,[總分]單雙,252785491.1,單,,,1.46,50,23,,,
2026-07-03,2026-07-03T21:44:11,台灣運彩,824498,3476653.1,118,2026-07-04T07:10:00+08:00,巴爾的摩金鶯,辛辛那提紅人,巴爾的摩金鶯 @ 辛辛那提紅人,51425881.1,366,[總分]單雙,252785490.1,雙,,,1.93,100,93,,,
2026-07-03,2026-07-03T21:44:11,台灣運彩,824498,3476653.1,118,2026-07-04T07:10:00+08:00,巴爾的摩金鶯,辛辛那提紅人,巴爾的摩金鶯 @ 辛辛那提紅人,51425504.1,374,得分最高單局(不含延長賽),252784531.1,一樣多,,,2.40,5,7,,,
2026-07-03,2026-07-03T21:44:11,台灣運彩,824498,3476653.1,118,2026-07-04T07:10:00+08:00,巴爾的摩金鶯,辛辛那提紅人,巴爾的摩金鶯 @ 辛辛那提紅人,51425504.1,374,得分最高單局(不含延長賽),252784522.1,第1局,,,5.50,2,9,,,
2026-07-03,2026-07-03T21:44:11,台灣運彩,824498,3476653.1,118,2026-07-04T07:10:00+08:00,巴爾的摩金鶯,辛辛那提紅人,巴爾的摩金鶯 @ 辛辛那提紅人,51425504.1,374,得分最高單局(不含延長賽),252784523.1,第2局,,,6.75,4,23,,,
2026-07-03,2026-07-03T21:44:11,台灣運彩,824498,3476653.1,118,2026-07-04T07:10:00+08:00,巴爾的摩金鶯,辛辛那提紅人,巴爾的摩金鶯 @ 辛辛那提紅人,51425504.1,374,得分最高單局(不含延長賽),252784524.1,第3局,,,5.95,20,99,,,
2026-07-03,2026-07-03T21:44:11,台灣運彩,824498,3476653.1,118,2026-07-04T07:10:00+08:00,巴爾的摩金鶯,辛辛那提紅人,巴爾的摩金鶯 @ 辛辛那提紅人,51425504.1,374,得分最高單局(不含延長賽),252784525.1,第4局,,,6.50,2,11,,,
2026-07-03,2026-07-03T21:44:11,台灣運彩,824498,3476653.1,118,2026-07-04T07:10:00+08:00,巴爾的摩金鶯,辛辛那提紅人,巴爾的摩金鶯 @ 辛辛那提紅人,51425504.1,374,得分最高單局(不含延長賽),252784526.1,第5局,,,4.00,1,3,,,
2026-07-03,2026-07-03T21:44:11,台灣運彩,824498,3476653.1,118,2026-07-04T07:10:00+08:00,巴爾的摩金鶯,辛辛那提紅人,巴爾的摩金鶯 @ 辛辛那提紅人,51425504.1,374,得分最高單局(不含延長賽),252784527.1,第6局,,,6.50,2,11,,,
2026-07-03,2026-07-03T21:44:11,台灣運彩,824498,3476653.1,118,2026-07-04T07:10:00+08:00,巴爾的摩金鶯,辛辛那提紅人,巴爾的摩金鶯 @ 辛辛那提紅人,51425504.1,374,得分最高單局(不含延長賽),252784528.1,第7局,,,6.50,2,11,,,
2026-07-03,2026-07-03T21:44:11,台灣運彩,824498,3476653.1,118,2026-07-04T07:10:00+08:00,巴爾的摩金鶯,辛辛那提紅人,巴爾的摩金鶯 @ 辛辛那提紅人,51425504.1,374,得分最高單局(不含延長賽),252784529.1,第8局,,,6.00,1,5,,,
2026-07-03,2026-07-03T21:44:11,台灣運彩,824498,3476653.1,118,2026-07-04T07:10:00+08:00,巴爾的摩金鶯,辛辛那提紅人,巴爾的摩金鶯 @ 辛辛那提紅人,51425504.1,374,得分最高單局(不含延長賽),252784530.1,第9局,,,8.00,1,7,,,
2026-07-03,2026-07-03T21:44:11,台灣運彩,824498,3476653.1,118,2026-07-04T07:10:00+08:00,巴爾的摩金鶯,辛辛那提紅人,巴爾的摩金鶯 @ 辛辛那提紅人,51425497.1,376,[1-5局] 不讓分,252784507.1,辛辛那堤紅人,H,,1.85,20,17,H,,1
2026-07-03,2026-07-03T21:44:11,台灣運彩,824498,3476653.1,118,2026-07-04T07:10:00+08:00,巴爾的摩金鶯,辛辛那提紅人,巴爾的摩金鶯 @ 辛辛那提紅人,51425497.1,376,[1-5局] 不讓分,252784509.1,巴爾的摩金鶯,A,,1.75,4,3,A,,2
2026-07-03,2026-07-03T21:44:11,台灣運彩,824498,3476653.1,118,2026-07-04T07:10:00+08:00,巴爾的摩金鶯,辛辛那提紅人,巴爾的摩金鶯 @ 辛辛那提紅人,51425497.1,376,[1-5局] 不讓分,252784508.1,和局,D,,5.35,20,87,D,,
2026-07-03,2026-07-03T21:44:11,台灣運彩,824498,3476653.1,118,2026-07-04T07:10:00+08:00,巴爾的摩金鶯,辛辛那提紅人,巴爾的摩金鶯 @ 辛辛那提紅人,51425500.1,378,[1-5局] 大小 5.5,252784515.1,大 5.5,A,5.5,1.68,25,17,A,5.5,
2026-07-03,2026-07-03T21:44:11,台灣運彩,824498,3476653.1,118,2026-07-04T07:10:00+08:00,巴爾的摩金鶯,辛辛那提紅人,巴爾的摩金鶯 @ 辛辛那提紅人,51425500.1,378,[1-5局] 大小 5.5,252784514.1,小 5.5,H,5.5,1.65,20,13,H,5.5,
2026-07-03,2026-07-03T21:44:11,台灣運彩,824498,3476653.1,118,2026-07-04T07:10:00+08:00,巴爾的摩金鶯,辛辛那提紅人,巴爾的摩金鶯 @ 辛辛那提紅人,51425502.1,379,[1-5局] 辛辛那堤紅人 大小 2.5,252784519.1,大 2.5,A,2.5,1.78,50,39,A,2.5,
2026-07-03,2026-07-03T21:44:11,台灣運彩,824498,3476653.1,118,2026-07-04T07:10:00+08:00,巴爾的摩金鶯,辛辛那提紅人,巴爾的摩金鶯 @ 辛辛那提紅人,51425502.1,379,[1-5局] 辛辛那堤紅人 大小 2.5,252784518.1,小 2.5,H,2.5,1.65,20,13,H,2.5,
2026-07-03,2026-07-03T21:44:11,台灣運彩,824498,3476653.1,118,2026-07-04T07:10:00+08:00,巴爾的摩金鶯,辛辛那提紅人,巴爾的摩金鶯 @ 辛辛那提紅人,51425498.1,380,[1-5局] 巴爾的摩金鶯 大小 2.5,252784511.1,大 2.5,A,2.5,1.70,10,7,A,2.5,
2026-07-03,2026-07-03T21:44:11,台灣運彩,824498,3476653.1,118,2026-07-04T07:10:00+08:00,巴爾的摩金鶯,辛辛那提紅人,巴爾的摩金鶯 @ 辛辛那提紅人,51425498.1,380,[1-5局] 巴爾的摩金鶯 大小 2.5,252784510.1,小 2.5,H,2.5,1.73,100,73,H,2.5,
2026-07-03,2026-07-03T21:44:11,台灣運彩,824498,3476653.1,118,2026-07-04T07:10:00+08:00,巴爾的摩金鶯,辛辛那提紅人,巴爾的摩金鶯 @ 辛辛那提紅人,51425505.1,389,[第1局] 不讓分,252784532.1,辛辛那堤紅人,H,,2.90,10,19,H,,1
2026-07-03,2026-07-03T21:44:11,台灣運彩,824498,3476653.1,118,2026-07-04T07:10:00+08:00,巴爾的摩金鶯,辛辛那提紅人,巴爾的摩金鶯 @ 辛辛那提紅人,51425505.1,389,[第1局] 不讓分,252784534.1,巴爾的摩金鶯,A,,2.80,5,9,A,,2
2026-07-03,2026-07-03T21:44:11,台灣運彩,824498,3476653.1,118,2026-07-04T07:10:00+08:00,巴爾的摩金鶯,辛辛那提紅人,巴爾的摩金鶯 @ 辛辛那提紅人,51425505.1,389,[第1局] 不讓分,252784533.1,和局,D,,1.70,10,7,D,,
2026-07-03,2026-07-03T21:44:11,台灣運彩,824498,3476653.1,118,2026-07-04T07:10:00+08:00,巴爾的摩金鶯,辛辛那提紅人,巴爾的摩金鶯 @ 辛辛那提紅人,51425501.1,398,[第1局] 大小 0.5,252784517.1,大 0.5,A,0.5,1.53,100,53,A,0.5,
2026-07-03,2026-07-03T21:44:11,台灣運彩,824498,3476653.1,118,2026-07-04T07:10:00+08:00,巴爾的摩金鶯,辛辛那提紅人,巴爾的摩金鶯 @ 辛辛那提紅人,51425501.1,398,[第1局] 大小 0.5,252784516.1,小 0.5,H,0.5,1.82,50,41,H,0.5,
2026-07-03,2026-07-03T21:44:11,台灣運彩,824904,3476654.1,119,2026-07-04T07:15:00+08:00,紐約大都會,亞特蘭大勇士,紐約大都會 @ 亞特蘭大勇士,51425506.1,354,不讓分,252784535.1,亞特蘭大勇士,H,,1.68,25,17,H,,1
2026-07-03,2026-07-03T21:44:11,台灣運彩,824904,3476654.1,119,2026-07-04T07:15:00+08:00,紐約大都會,亞特蘭大勇士,紐約大都會 @ 亞特蘭大勇士,51425506.1,354,不讓分,252784536.1,紐約大都會,A,,1.82,50,41,A,,2
2026-07-03,2026-07-03T21:44:11,台灣運彩,824904,3476654.1,119,2026-07-04T07:15:00+08:00,紐約大都會,亞特蘭大勇士,紐約大都會 @ 亞特蘭大勇士,51425568.1,357,勝分差,252784684.1,亞特蘭大勇士 1 分,H,,4.25,4,13,H,,
2026-07-03,2026-07-03T21:44:11,台灣運彩,824904,3476654.1,119,2026-07-04T07:15:00+08:00,紐約大都會,亞特蘭大勇士,紐約大都會 @ 亞特蘭大勇士,51425568.1,357,勝分差,252784685.1,亞特蘭大勇士 2 分,H,,7.50,2,13,H,,
2026-07-03,2026-07-03T21:44:11,台灣運彩,824904,3476654.1,119,2026-07-04T07:15:00+08:00,紐約大都會,亞特蘭大勇士,紐約大都會 @ 亞特蘭大勇士,51425568.1,357,勝分差,252784686.1,亞特蘭大勇士 > 2分,H,,2.65,20,33,H,,
2026-07-03,2026-07-03T21:44:11,台灣運彩,824904,3476654.1,119,2026-07-04T07:15:00+08:00,紐約大都會,亞特蘭大勇士,紐約大都會 @ 亞特蘭大勇士,51425568.1,357,勝分差,252784687.1,紐約大都會 1 分,A,,5.85,20,97,A,,
2026-07-03,2026-07-03T21:44:11,台灣運彩,824904,3476654.1,119,2026-07-04T07:15:00+08:00,紐約大都會,亞特蘭大勇士,紐約大都會 @ 亞特蘭大勇士,51425568.1,357,勝分差,252784688.1,紐約大都會 2 分,A,,7.25,4,25,A,,
2026-07-03,2026-07-03T21:44:11,台灣運彩,824904,3476654.1,119,2026-07-04T07:15:00+08:00,紐約大都會,亞特蘭大勇士,紐約大都會 @ 亞特蘭大勇士,51425568.1,357,勝分差,252784689.1,紐約大都會 > 2分,A,,2.55,20,31,A,,
2026-07-03,2026-07-03T21:44:11,台灣運彩,824904,3476654.1,119,2026-07-04T07:15:00+08:00,紐約大都會,亞特蘭大勇士,紐約大都會 @ 亞特蘭大勇士,51425514.1,358,讓分 -1.5,252784553.1,亞特蘭大勇士 -1.5,H,-1.5,2.20,5,6,H,-1.5,1
2026-07-03,2026-07-03T21:44:11,台灣運彩,824904,3476654.1,119,2026-07-04T07:15:00+08:00,紐約大都會,亞特蘭大勇士,紐約大都會 @ 亞特蘭大勇士,51425514.1,358,讓分 -1.5,252784554.1,紐約大都會 +1.5,A,-1.5,1.42,50,21,A,-1.5,2
2026-07-03,2026-07-03T21:44:11,台灣運彩,824904,3476654.1,119,2026-07-04T07:15:00+08:00,紐約大都會,亞特蘭大勇士,紐約大都會 @ 亞特蘭大勇士,51425515.1,358,讓分 -2.5,252784555.1,亞特蘭大勇士 -2.5,H,-2.5,2.70,10,17,H,-2.5,1
2026-07-03,2026-07-03T21:44:11,台灣運彩,824904,3476654.1,119,2026-07-04T07:15:00+08:00,紐約大都會,亞特蘭大勇士,紐約大都會 @ 亞特蘭大勇士,51425515.1,358,讓分 -2.5,252784556.1,紐約大都會 +2.5,A,-2.5,1.28,25,7,A,-2.5,2
2026-07-03,2026-07-03T21:44:11,台灣運彩,824904,3476654.1,119,2026-07-04T07:15:00+08:00,紐約大都會,亞特蘭大勇士,紐約大都會 @ 亞特蘭大勇士,51425512.1,360,[總分]大小 9.5,252784550.1,大 9.5,A,9.5,1.84,25,21,A,9.5,
2026-07-03,2026-07-03T21:44:11,台灣運彩,824904,3476654.1,119,2026-07-04T07:15:00+08:00,紐約大都會,亞特蘭大勇士,紐約大都會 @ 亞特蘭大勇士,51425512.1,360,[總分]大小 9.5,252784549.1,小 9.5,H,9.5,1.66,50,33,H,9.5,
2026-07-03,2026-07-03T21:44:11,台灣運彩,824904,3476654.1,119,2026-07-04T07:15:00+08:00,紐約大都會,亞特蘭大勇士,紐約大都會 @ 亞特蘭大勇士,51425513.1,360,[總分]大小 10.5,252784552.1,大 10.5,A,10.5,2.05,20,21,A,10.5,
2026-07-03,2026-07-03T21:44:11,台灣運彩,824904,3476654.1,119,2026-07-04T07:15:00+08:00,紐約大都會,亞特蘭大勇士,紐約大都會 @ 亞特蘭大勇士,51425513.1,360,[總分]大小 10.5,252784551.1,小 10.5,H,10.5,1.48,25,12,H,10.5,
2026-07-03,2026-07-03T21:44:11,台灣運彩,824904,3476654.1,119,2026-07-04T07:15:00+08:00,紐約大都會,亞特蘭大勇士,紐約大都會 @ 亞特蘭大勇士,51425518.1,360,[總分]大小 8.5,252784562.1,大 8.5,A,8.5,1.53,100,53,A,8.5,
2026-07-03,2026-07-03T21:44:11,台灣運彩,824904,3476654.1,119,2026-07-04T07:15:00+08:00,紐約大都會,亞特蘭大勇士,紐約大都會 @ 亞特蘭大勇士,51425518.1,360,[總分]大小 8.5,252784561.1,小 8.5,H,8.5,1.97,100,97,H,8.5,
2026-07-03,2026-07-03T21:44:11,台灣運彩,824904,3476654.1,119,2026-07-04T07:15:00+08:00,紐約大都會,亞特蘭大勇士,紐約大都會 @ 亞特蘭大勇士,51425567.1,362,亞特蘭大勇士 大小 4.5,252784683.1,大 4.5,A,4.5,1.75,4,3,A,4.5,
2026-07-03,2026-07-03T21:44:11,台灣運彩,824904,3476654.1,119,2026-07-04T07:15:00+08:00,紐約大都會,亞特蘭大勇士,紐約大都會 @ 亞特蘭大勇士,51425567.1,362,亞特蘭大勇士 大小 4.5,252784682.1,小 4.5,H,4.5,1.68,25,17,H,4.5,
2026-07-03,2026-07-03T21:44:11,台灣運彩,824904,3476654.1,119,2026-07-04T07:15:00+08:00,紐約大都會,亞特蘭大勇士,紐約大都會 @ 亞特蘭大勇士,51425566.1,363,紐約大都會 大小 4.5,252784681.1,大 4.5,A,4.5,1.75,4,3,A,4.5,
2026-07-03,2026-07-03T21:44:11,台灣運彩,824904,3476654.1,119,2026-07-04T07:15:00+08:00,紐約大都會,亞特蘭大勇士,紐約大都會 @ 亞特蘭大勇士,51425566.1,363,紐約大都會 大小 4.5,252784680.1,小 4.5,H,4.5,1.68,25,17,H,4.5,
2026-07-03,2026-07-03T21:44:11,台灣運彩,824904,3476654.1,119,2026-07-04T07:15:00+08:00,紐約大都會,亞特蘭大勇士,紐約大都會 @ 亞特蘭大勇士,51425565.1,366,[總分]單雙,252784679.1,單,,,1.50,2,1,,,
2026-07-03,2026-07-03T21:44:11,台灣運彩,824904,3476654.1,119,2026-07-04T07:15:00+08:00,紐約大都會,亞特蘭大勇士,紐約大都會 @ 亞特蘭大勇士,51425565.1,366,[總分]單雙,252784678.1,雙,,,1.96,25,24,,,
2026-07-03,2026-07-03T21:44:11,台灣運彩,824904,3476654.1,119,2026-07-04T07:15:00+08:00,紐約大都會,亞特蘭大勇士,紐約大都會 @ 亞特蘭大勇士,51425519.1,374,得分最高單局(不含延長賽),252784572.1,一樣多,,,2.30,10,13,,,
2026-07-03,2026-07-03T21:44:11,台灣運彩,824904,3476654.1,119,2026-07-04T07:15:00+08:00,紐約大都會,亞特蘭大勇士,紐約大都會 @ 亞特蘭大勇士,51425519.1,374,得分最高單局(不含延長賽),252784563.1,第1局,,,5.10,10,41,,,
2026-07-03,2026-07-03T21:44:11,台灣運彩,824904,3476654.1,119,2026-07-04T07:15:00+08:00,紐約大都會,亞特蘭大勇士,紐約大都會 @ 亞特蘭大勇士,51425519.1,374,得分最高單局(不含延長賽),252784564.1,第2局,,,6.25,4,21,,,
2026-07-03,2026-07-03T21:44:11,台灣運彩,824904,3476654.1,119,2026-07-04T07:15:00+08:00,紐約大都會,亞特蘭大勇士,紐約大都會 @ 亞特蘭大勇士,51425519.1,374,得分最高單局(不含延長賽),252784565.1,第3局,,,5.25,4,17,,,
2026-07-03,2026-07-03T21:44:11,台灣運彩,824904,3476654.1,119,2026-07-04T07:15:00+08:00,紐約大都會,亞特蘭大勇士,紐約大都會 @ 亞特蘭大勇士,51425519.1,374,得分最高單局(不含延長賽),252784566.1,第4局,,,5.95,20,99,,,
2026-07-03,2026-07-03T21:44:11,台灣運彩,824904,3476654.1,119,2026-07-04T07:15:00+08:00,紐約大都會,亞特蘭大勇士,紐約大都會 @ 亞特蘭大勇士,51425519.1,374,得分最高單局(不含延長賽),252784567.1,第5局,,,5.50,2,9,,,
2026-07-03,2026-07-03T21:44:11,台灣運彩,824904,3476654.1,119,2026-07-04T07:15:00+08:00,紐約大都會,亞特蘭大勇士,紐約大都會 @ 亞特蘭大勇士,51425519.1,374,得分最高單局(不含延長賽),252784568.1,第6局,,,6.25,4,21,,,
2026-07-03,2026-07-03T21:44:11,台灣運彩,824904,3476654.1,119,2026-07-04T07:15:00+08:00,紐約大都會,亞特蘭大勇士,紐約大都會 @ 亞特蘭大勇士,51425519.1,374,得分最高單局(不含延長賽),252784569.1,第7局,,,6.50,2,11,,,
2026-07-03,2026-07-03T21:44:11,台灣運彩,824904,3476654.1,119,2026-07-04T07:15:00+08:00,紐約大都會,亞特蘭大勇士,紐約大都會 @ 亞特蘭大勇士,51425519.1,374,得分最高單局(不含延長賽),252784570.1,第8局,,,6.25,4,21,,,
2026-07-03,2026-07-03T21:44:11,台灣運彩,824904,3476654.1,119,2026-07-04T07:15:00+08:00,紐約大都會,亞特蘭大勇士,紐約大都會 @ 亞特蘭大勇士,51425519.1,374,得分最高單局(不含延長賽),252784571.1,第9局,,,8.00,1,7,,,
2026-07-03,2026-07-03T21:44:11,台灣運彩,824904,3476654.1,119,2026-07-04T07:15:00+08:00,紐約大都會,亞特蘭大勇士,紐約大都會 @ 亞特蘭大勇士,51425509.1,376,[1-5局] 不讓分,252784541.1,亞特蘭大勇士,H,,1.75,4,3,H,,1
2026-07-03,2026-07-03T21:44:11,台灣運彩,824904,3476654.1,119,2026-07-04T07:15:00+08:00,紐約大都會,亞特蘭大勇士,紐約大都會 @ 亞特蘭大勇士,51425509.1,376,[1-5局] 不讓分,252784543.1,紐約大都會,A,,1.85,20,17,A,,2
2026-07-03,2026-07-03T21:44:11,台灣運彩,824904,3476654.1,119,2026-07-04T07:15:00+08:00,紐約大都會,亞特蘭大勇士,紐約大都會 @ 亞特蘭大勇士,51425509.1,376,[1-5局] 不讓分,252784542.1,和局,D,,5.15,20,83,D,,
2026-07-03,2026-07-03T21:44:11,台灣運彩,824904,3476654.1,119,2026-07-04T07:15:00+08:00,紐約大都會,亞特蘭大勇士,紐約大都會 @ 亞特蘭大勇士,51425517.1,378,[1-5局] 大小 5.5,252784560.1,大 5.5,A,5.5,1.78,50,39,A,5.5,
2026-07-03,2026-07-03T21:44:11,台灣運彩,824904,3476654.1,119,2026-07-04T07:15:00+08:00,紐約大都會,亞特蘭大勇士,紐約大都會 @ 亞特蘭大勇士,51425517.1,378,[1-5局] 大小 5.5,252784559.1,小 5.5,H,5.5,1.56,25,14,H,5.5,
2026-07-03,2026-07-03T21:44:11,台灣運彩,824904,3476654.1,119,2026-07-04T07:15:00+08:00,紐約大都會,亞特蘭大勇士,紐約大都會 @ 亞特蘭大勇士,51425507.1,379,[1-5局] 亞特蘭大勇士 大小 2.5,252784538.1,大 2.5,A,2.5,1.78,50,39,A,2.5,
2026-07-03,2026-07-03T21:44:11,台灣運彩,824904,3476654.1,119,2026-07-04T07:15:00+08:00,紐約大都會,亞特蘭大勇士,紐約大都會 @ 亞特蘭大勇士,51425507.1,379,[1-5局] 亞特蘭大勇士 大小 2.5,252784537.1,小 2.5,H,2.5,1.65,20,13,H,2.5,
2026-07-03,2026-07-03T21:44:11,台灣運彩,824904,3476654.1,119,2026-07-04T07:15:00+08:00,紐約大都會,亞特蘭大勇士,紐約大都會 @ 亞特蘭大勇士,51425508.1,380,[1-5局] 紐約大都會 大小 2.5,252784540.1,大 2.5,A,2.5,1.85,20,17,A,2.5,
2026-07-03,2026-07-03T21:44:11,台灣運彩,824904,3476654.1,119,2026-07-04T07:15:00+08:00,紐約大都會,亞特蘭大勇士,紐約大都會 @ 亞特蘭大勇士,51425508.1,380,[1-5局] 紐約大都會 大小 2.5,252784539.1,小 2.5,H,2.5,1.60,5,3,H,2.5,
2026-07-03,2026-07-03T21:44:11,台灣運彩,824904,3476654.1,119,2026-07-04T07:15:00+08:00,紐約大都會,亞特蘭大勇士,紐約大都會 @ 亞特蘭大勇士,51425511.1,389,[第1局] 不讓分,252784546.1,亞特蘭大勇士,H,,2.80,5,9,H,,1
2026-07-03,2026-07-03T21:44:11,台灣運彩,824904,3476654.1,119,2026-07-04T07:15:00+08:00,紐約大都會,亞特蘭大勇士,紐約大都會 @ 亞特蘭大勇士,51425511.1,389,[第1局] 不讓分,252784548.1,紐約大都會,A,,3.00,1,2,A,,2
2026-07-03,2026-07-03T21:44:11,台灣運彩,824904,3476654.1,119,2026-07-04T07:15:00+08:00,紐約大都會,亞特蘭大勇士,紐約大都會 @ 亞特蘭大勇士,51425511.1,389,[第1局] 不讓分,252784547.1,和局,D,,1.65,20,13,D,,
2026-07-03,2026-07-03T21:44:11,台灣運彩,824904,3476654.1,119,2026-07-04T07:15:00+08:00,紐約大都會,亞特蘭大勇士,紐約大都會 @ 亞特蘭大勇士,51425516.1,398,[第1局] 大小 0.5,252784558.1,大 0.5,A,0.5,1.58,50,29,A,0.5,
2026-07-03,2026-07-03T21:44:11,台灣運彩,824904,3476654.1,119,2026-07-04T07:15:00+08:00,紐約大都會,亞特蘭大勇士,紐約大都會 @ 亞特蘭大勇士,51425516.1,398,[第1局] 大小 0.5,252784557.1,小 0.5,H,0.5,1.75,4,3,H,0.5,
2026-07-03,2026-07-03T21:44:11,台灣運彩,824336,3476657.1,122,2026-07-04T08:10:00+08:00,舊金山巨人,科羅拉多洛磯,舊金山巨人 @ 科羅拉多洛磯,51425543.1,354,不讓分,252784623.1,科羅拉多落磯,H,,2.05,20,21,H,,1
2026-07-03,2026-07-03T21:44:11,台灣運彩,824336,3476657.1,122,2026-07-04T08:10:00+08:00,舊金山巨人,科羅拉多洛磯,舊金山巨人 @ 科羅拉多洛磯,51425543.1,354,不讓分,252784624.1,舊金山巨人,A,,1.48,25,12,A,,2
2026-07-03,2026-07-03T21:44:11,台灣運彩,824336,3476657.1,122,2026-07-04T08:10:00+08:00,舊金山巨人,科羅拉多洛磯,舊金山巨人 @ 科羅拉多洛磯,51425550.1,357,勝分差,252784637.1,科羅拉多落磯 1 分,H,,4.75,4,15,H,,
2026-07-03,2026-07-03T21:44:11,台灣運彩,824336,3476657.1,122,2026-07-04T08:10:00+08:00,舊金山巨人,科羅拉多洛磯,舊金山巨人 @ 科羅拉多洛磯,51425550.1,357,勝分差,252784638.1,科羅拉多落磯 2 分,H,,8.75,4,31,H,,
2026-07-03,2026-07-03T21:44:11,台灣運彩,824336,3476657.1,122,2026-07-04T08:10:00+08:00,舊金山巨人,科羅拉多洛磯,舊金山巨人 @ 科羅拉多洛磯,51425550.1,357,勝分差,252784639.1,科羅拉多落磯 > 2分,H,,3.30,10,23,H,,
2026-07-03,2026-07-03T21:44:11,台灣運彩,824336,3476657.1,122,2026-07-04T08:10:00+08:00,舊金山巨人,科羅拉多洛磯,舊金山巨人 @ 科羅拉多洛磯,51425550.1,357,勝分差,252784640.1,舊金山巨人 1 分,A,,6.25,4,21,A,,
2026-07-03,2026-07-03T21:44:11,台灣運彩,824336,3476657.1,122,2026-07-04T08:10:00+08:00,舊金山巨人,科羅拉多洛磯,舊金山巨人 @ 科羅拉多洛磯,51425550.1,357,勝分差,252784641.1,舊金山巨人 2 分,A,,7.25,4,25,A,,
2026-07-03,2026-07-03T21:44:11,台灣運彩,824336,3476657.1,122,2026-07-04T08:10:00+08:00,舊金山巨人,科羅拉多洛磯,舊金山巨人 @ 科羅拉多洛磯,51425550.1,357,勝分差,252784642.1,舊金山巨人 > 2分,A,,1.90,10,9,A,,
2026-07-03,2026-07-03T21:44:11,台灣運彩,824336,3476657.1,122,2026-07-04T08:10:00+08:00,舊金山巨人,科羅拉多洛磯,舊金山巨人 @ 科羅拉多洛磯,51425548.1,358,讓分 1.5,252784633.1,科羅拉多落磯 +1.5,H,1.5,1.75,4,3,H,1.5,1
2026-07-03,2026-07-03T21:44:11,台灣運彩,824336,3476657.1,122,2026-07-04T08:10:00+08:00,舊金山巨人,科羅拉多洛磯,舊金山巨人 @ 科羅拉多洛磯,51425548.1,358,讓分 1.5,252784634.1,舊金山巨人 -1.5,A,1.5,1.75,4,3,A,1.5,2
2026-07-03,2026-07-03T21:44:11,台灣運彩,824336,3476657.1,122,2026-07-04T08:10:00+08:00,舊金山巨人,科羅拉多洛磯,舊金山巨人 @ 科羅拉多洛磯,51425549.1,358,讓分 2.5,252784635.1,科羅拉多落磯 +2.5,H,2.5,1.50,2,1,H,2.5,1
2026-07-03,2026-07-03T21:44:11,台灣運彩,824336,3476657.1,122,2026-07-04T08:10:00+08:00,舊金山巨人,科羅拉多洛磯,舊金山巨人 @ 科羅拉多洛磯,51425549.1,358,讓分 2.5,252784636.1,舊金山巨人 -2.5,A,2.5,2.00,1,1,A,2.5,2
2026-07-03,2026-07-03T21:44:11,台灣運彩,824336,3476657.1,122,2026-07-04T08:10:00+08:00,舊金山巨人,科羅拉多洛磯,舊金山巨人 @ 科羅拉多洛磯,51425544.1,360,[總分]大小 10.5,252784626.1,大 10.5,A,10.5,1.60,5,3,A,10.5,
2026-07-03,2026-07-03T21:44:11,台灣運彩,824336,3476657.1,122,2026-07-04T08:10:00+08:00,舊金山巨人,科羅拉多洛磯,舊金山巨人 @ 科羅拉多洛磯,51425544.1,360,[總分]大小 10.5,252784625.1,小 10.5,H,10.5,1.90,10,9,H,10.5,
2026-07-03,2026-07-03T21:44:11,台灣運彩,824336,3476657.1,122,2026-07-04T08:10:00+08:00,舊金山巨人,科羅拉多洛磯,舊金山巨人 @ 科羅拉多洛磯,51425545.1,360,[總分]大小 11.5,252784628.1,大 11.5,A,11.5,1.88,25,22,A,11.5,
2026-07-03,2026-07-03T21:44:11,台灣運彩,824336,3476657.1,122,2026-07-04T08:10:00+08:00,舊金山巨人,科羅拉多洛磯,舊金山巨人 @ 科羅拉多洛磯,51425545.1,360,[總分]大小 11.5,252784627.1,小 11.5,H,11.5,1.62,50,31,H,11.5,
2026-07-03,2026-07-03T21:44:11,台灣運彩,824336,3476657.1,122,2026-07-04T08:10:00+08:00,舊金山巨人,科羅拉多洛磯,舊金山巨人 @ 科羅拉多洛磯,51426702.1,360,[總分]大小 12.5,252787995.1,大 12.5,A,12.5,2.10,10,11,A,12.5,
2026-07-03,2026-07-03T21:44:11,台灣運彩,824336,3476657.1,122,2026-07-04T08:10:00+08:00,舊金山巨人,科羅拉多洛磯,舊金山巨人 @ 科羅拉多洛磯,51426702.1,360,[總分]大小 12.5,252787994.1,小 12.5,H,12.5,1.45,20,9,H,12.5,
2026-07-03,2026-07-03T21:44:11,台灣運彩,824336,3476657.1,122,2026-07-04T08:10:00+08:00,舊金山巨人,科羅拉多洛磯,舊金山巨人 @ 科羅拉多洛磯,51425551.1,362,科羅拉多落磯 大小 4.5,252784644.1,大 4.5,A,4.5,1.66,50,33,A,4.5,
2026-07-03,2026-07-03T21:44:11,台灣運彩,824336,3476657.1,122,2026-07-04T08:10:00+08:00,舊金山巨人,科羅拉多洛磯,舊金山巨人 @ 科羅拉多洛磯,51425551.1,362,科羅拉多落磯 大小 4.5,252784643.1,小 4.5,H,4.5,1.76,25,19,H,4.5,
2026-07-03,2026-07-03T21:44:11,台灣運彩,824336,3476657.1,122,2026-07-04T08:10:00+08:00,舊金山巨人,科羅拉多洛磯,舊金山巨人 @ 科羅拉多洛磯,51425547.1,363,舊金山巨人 大小 5.5,252784632.1,大 5.5,A,5.5,1.60,5,3,A,5.5,
2026-07-03,2026-07-03T21:44:11,台灣運彩,824336,3476657.1,122,2026-07-04T08:10:00+08:00,舊金山巨人,科羅拉多洛磯,舊金山巨人 @ 科羅拉多洛磯,51425547.1,363,舊金山巨人 大小 5.5,252784631.1,小 5.5,H,5.5,1.85,20,17,H,5.5,
2026-07-03,2026-07-03T21:44:11,台灣運彩,824336,3476657.1,122,2026-07-04T08:10:00+08:00,舊金山巨人,科羅拉多洛磯,舊金山巨人 @ 科羅拉多洛磯,51425541.1,366,[總分]單雙,252784620.1,單,,,1.52,25,13,,,
2026-07-03,2026-07-03T21:44:11,台灣運彩,824336,3476657.1,122,2026-07-04T08:10:00+08:00,舊金山巨人,科羅拉多洛磯,舊金山巨人 @ 科羅拉多洛磯,51425541.1,366,[總分]單雙,252784619.1,雙,,,1.94,50,47,,,
2026-07-03,2026-07-03T21:44:11,台灣運彩,824336,3476657.1,122,2026-07-04T08:10:00+08:00,舊金山巨人,科羅拉多洛磯,舊金山巨人 @ 科羅拉多洛磯,51426055.1,374,得分最高單局(不含延長賽),252785974.1,一樣多,,,2.35,20,27,,,
2026-07-03,2026-07-03T21:44:11,台灣運彩,824336,3476657.1,122,2026-07-04T08:10:00+08:00,舊金山巨人,科羅拉多洛磯,舊金山巨人 @ 科羅拉多洛磯,51426055.1,374,得分最高單局(不含延長賽),252785965.1,第1局,,,5.60,5,23,,,
2026-07-03,2026-07-03T21:44:11,台灣運彩,824336,3476657.1,122,2026-07-04T08:10:00+08:00,舊金山巨人,科羅拉多洛磯,舊金山巨人 @ 科羅拉多洛磯,51426055.1,374,得分最高單局(不含延長賽),252785966.1,第2局,,,6.75,4,23,,,
2026-07-03,2026-07-03T21:44:11,台灣運彩,824336,3476657.1,122,2026-07-04T08:10:00+08:00,舊金山巨人,科羅拉多洛磯,舊金山巨人 @ 科羅拉多洛磯,51426055.1,374,得分最高單局(不含延長賽),252785967.1,第3局,,,5.90,10,49,,,
2026-07-03,2026-07-03T21:44:11,台灣運彩,824336,3476657.1,122,2026-07-04T08:10:00+08:00,舊金山巨人,科羅拉多洛磯,舊金山巨人 @ 科羅拉多洛磯,51426055.1,374,得分最高單局(不含延長賽),252785968.1,第4局,,,6.50,2,11,,,
2026-07-03,2026-07-03T21:44:11,台灣運彩,824336,3476657.1,122,2026-07-04T08:10:00+08:00,舊金山巨人,科羅拉多洛磯,舊金山巨人 @ 科羅拉多洛磯,51426055.1,374,得分最高單局(不含延長賽),252785969.1,第5局,,,6.25,4,21,,,
2026-07-03,2026-07-03T21:44:11,台灣運彩,824336,3476657.1,122,2026-07-04T08:10:00+08:00,舊金山巨人,科羅拉多洛磯,舊金山巨人 @ 科羅拉多洛磯,51426055.1,374,得分最高單局(不含延長賽),252785970.1,第6局,,,5.85,20,97,,,
2026-07-03,2026-07-03T21:44:11,台灣運彩,824336,3476657.1,122,2026-07-04T08:10:00+08:00,舊金山巨人,科羅拉多洛磯,舊金山巨人 @ 科羅拉多洛磯,51426055.1,374,得分最高單局(不含延長賽),252785971.1,第7局,,,5.65,20,93,,,
2026-07-03,2026-07-03T21:44:11,台灣運彩,824336,3476657.1,122,2026-07-04T08:10:00+08:00,舊金山巨人,科羅拉多洛磯,舊金山巨人 @ 科羅拉多洛磯,51426055.1,374,得分最高單局(不含延長賽),252785972.1,第8局,,,5.55,20,91,,,
2026-07-03,2026-07-03T21:44:11,台灣運彩,824336,3476657.1,122,2026-07-04T08:10:00+08:00,舊金山巨人,科羅拉多洛磯,舊金山巨人 @ 科羅拉多洛磯,51426055.1,374,得分最高單局(不含延長賽),252785973.1,第9局,,,7.50,2,13,,,
2026-07-03,2026-07-03T21:44:11,台灣運彩,824336,3476657.1,122,2026-07-04T08:10:00+08:00,舊金山巨人,科羅拉多洛磯,舊金山巨人 @ 科羅拉多洛磯,51426053.1,376,[1-5局] 不讓分,252785959.1,科羅拉多落磯,H,,2.05,20,21,H,,1
2026-07-03,2026-07-03T21:44:11,台灣運彩,824336,3476657.1,122,2026-07-04T08:10:00+08:00,舊金山巨人,科羅拉多洛磯,舊金山巨人 @ 科羅拉多洛磯,51426053.1,376,[1-5局] 不讓分,252785961.1,舊金山巨人,A,,1.55,20,11,A,,2
2026-07-03,2026-07-03T21:44:11,台灣運彩,824336,3476657.1,122,2026-07-04T08:10:00+08:00,舊金山巨人,科羅拉多洛磯,舊金山巨人 @ 科羅拉多洛磯,51426053.1,376,[1-5局] 不讓分,252785960.1,和局,D,,5.55,20,91,D,,
2026-07-03,2026-07-03T21:44:11,台灣運彩,824336,3476657.1,122,2026-07-04T08:10:00+08:00,舊金山巨人,科羅拉多洛磯,舊金山巨人 @ 科羅拉多洛磯,51426051.1,378,[1-5局] 大小 5.5,252785956.1,大 5.5,A,5.5,1.58,50,29,A,5.5,
2026-07-03,2026-07-03T21:44:11,台灣運彩,824336,3476657.1,122,2026-07-04T08:10:00+08:00,舊金山巨人,科羅拉多洛磯,舊金山巨人 @ 科羅拉多洛磯,51426051.1,378,[1-5局] 大小 5.5,252785955.1,小 5.5,H,5.5,1.75,4,3,H,5.5,
2026-07-03,2026-07-03T21:44:11,台灣運彩,824336,3476657.1,122,2026-07-04T08:10:00+08:00,舊金山巨人,科羅拉多洛磯,舊金山巨人 @ 科羅拉多洛磯,51426049.1,379,[1-5局] 科羅拉多落磯 大小 2.5,252785952.1,大 2.5,A,2.5,1.85,20,17,A,2.5,
2026-07-03,2026-07-03T21:44:11,台灣運彩,824336,3476657.1,122,2026-07-04T08:10:00+08:00,舊金山巨人,科羅拉多洛磯,舊金山巨人 @ 科羅拉多洛磯,51426049.1,379,[1-5局] 科羅拉多落磯 大小 2.5,252785951.1,小 2.5,H,2.5,1.60,5,3,H,2.5,
2026-07-03,2026-07-03T21:44:11,台灣運彩,824336,3476657.1,122,2026-07-04T08:10:00+08:00,舊金山巨人,科羅拉多洛磯,舊金山巨人 @ 科羅拉多洛磯,51426052.1,380,[1-5局] 舊金山巨人 大小 2.5,252785958.1,大 2.5,A,2.5,1.53,100,53,A,2.5,
2026-07-03,2026-07-03T21:44:11,台灣運彩,824336,3476657.1,122,2026-07-04T08:10:00+08:00,舊金山巨人,科羅拉多洛磯,舊金山巨人 @ 科羅拉多洛磯,51426052.1,380,[1-5局] 舊金山巨人 大小 2.5,252785957.1,小 2.5,H,2.5,1.93,100,93,H,2.5,
2026-07-03,2026-07-03T21:44:11,台灣運彩,824336,3476657.1,122,2026-07-04T08:10:00+08:00,舊金山巨人,科羅拉多洛磯,舊金山巨人 @ 科羅拉多洛磯,51426054.1,389,[第1局] 不讓分,252785962.1,科羅拉多落磯,H,,3.15,20,43,H,,1
2026-07-03,2026-07-03T21:44:11,台灣運彩,824336,3476657.1,122,2026-07-04T08:10:00+08:00,舊金山巨人,科羅拉多洛磯,舊金山巨人 @ 科羅拉多洛磯,51426054.1,389,[第1局] 不讓分,252785964.1,舊金山巨人,A,,2.50,2,3,A,,2
2026-07-03,2026-07-03T21:44:11,台灣運彩,824336,3476657.1,122,2026-07-04T08:10:00+08:00,舊金山巨人,科羅拉多洛磯,舊金山巨人 @ 科羅拉多洛磯,51426054.1,389,[第1局] 不讓分,252785963.1,和局,D,,1.70,10,7,D,,
2026-07-03,2026-07-03T21:44:11,台灣運彩,824336,3476657.1,122,2026-07-04T08:10:00+08:00,舊金山巨人,科羅拉多洛磯,舊金山巨人 @ 科羅拉多洛磯,51426050.1,398,[第1局] 大小 0.5,252785954.1,大 0.5,A,0.5,1.50,2,1,A,0.5,
2026-07-03,2026-07-03T21:44:11,台灣運彩,824336,3476657.1,122,2026-07-04T08:10:00+08:00,舊金山巨人,科羅拉多洛磯,舊金山巨人 @ 科羅拉多洛磯,51426050.1,398,[第1局] 大小 0.5,252785953.1,小 0.5,H,0.5,1.85,20,17,H,0.5,
2026-07-03,2026-07-03T21:44:11,台灣運彩,824173,3476658.1,123,2026-07-04T08:15:00+08:00,坦帕灣光芒,休士頓太空人,坦帕灣光芒 @ 休士頓太空人,51425557.1,354,不讓分,252784658.1,休士頓太空人,H,,1.80,5,4,H,,1
2026-07-03,2026-07-03T21:44:11,台灣運彩,824173,3476658.1,123,2026-07-04T08:15:00+08:00,坦帕灣光芒,休士頓太空人,坦帕灣光芒 @ 休士頓太空人,51425557.1,354,不讓分,252784659.1,坦帕灣光芒,A,,1.70,10,7,A,,2
2026-07-03,2026-07-03T21:44:11,台灣運彩,824173,3476658.1,123,2026-07-04T08:15:00+08:00,坦帕灣光芒,休士頓太空人,坦帕灣光芒 @ 休士頓太空人,51425564.1,357,勝分差,252784672.1,休士頓太空人 1 分,H,,4.20,5,16,H,,
2026-07-03,2026-07-03T21:44:11,台灣運彩,824173,3476658.1,123,2026-07-04T08:15:00+08:00,坦帕灣光芒,休士頓太空人,坦帕灣光芒 @ 休士頓太空人,51425564.1,357,勝分差,252784673.1,休士頓太空人 2 分,H,,7.25,4,25,H,,
2026-07-03,2026-07-03T21:44:11,台灣運彩,824173,3476658.1,123,2026-07-04T08:15:00+08:00,坦帕灣光芒,休士頓太空人,坦帕灣光芒 @ 休士頓太空人,51425564.1,357,勝分差,252784674.1,休士頓太空人 > 2分,H,,2.80,5,9,H,,
2026-07-03,2026-07-03T21:44:11,台灣運彩,824173,3476658.1,123,2026-07-04T08:15:00+08:00,坦帕灣光芒,休士頓太空人,坦帕灣光芒 @ 休士頓太空人,51425564.1,357,勝分差,252784675.1,坦帕灣光芒 1 分,A,,5.60,5,23,A,,
2026-07-03,2026-07-03T21:44:11,台灣運彩,824173,3476658.1,123,2026-07-04T08:15:00+08:00,坦帕灣光芒,休士頓太空人,坦帕灣光芒 @ 休士頓太空人,51425564.1,357,勝分差,252784676.1,坦帕灣光芒 2 分,A,,7.25,4,25,A,,
2026-07-03,2026-07-03T21:44:11,台灣運彩,824173,3476658.1,123,2026-07-04T08:15:00+08:00,坦帕灣光芒,休士頓太空人,坦帕灣光芒 @ 休士頓太空人,51425564.1,357,勝分差,252784677.1,坦帕灣光芒 > 2分,A,,2.50,2,3,A,,
2026-07-03,2026-07-03T21:44:11,台灣運彩,824173,3476658.1,123,2026-07-04T08:15:00+08:00,坦帕灣光芒,休士頓太空人,坦帕灣光芒 @ 休士頓太空人,51425556.1,358,讓分 1.5,252784656.1,休士頓太空人 +1.5,H,1.5,1.46,50,23,H,1.5,1
2026-07-03,2026-07-03T21:44:11,台灣運彩,824173,3476658.1,123,2026-07-04T08:15:00+08:00,坦帕灣光芒,休士頓太空人,坦帕灣光芒 @ 休士頓太空人,51425556.1,358,讓分 1.5,252784657.1,坦帕灣光芒 -1.5,A,1.5,2.07,100,107,A,1.5,2
2026-07-03,2026-07-03T21:44:11,台灣運彩,824173,3476658.1,123,2026-07-04T08:15:00+08:00,坦帕灣光芒,休士頓太空人,坦帕灣光芒 @ 休士頓太空人,51425562.1,358,讓分 2.5,252784668.1,休士頓太空人 +2.5,H,2.5,1.30,10,3,H,2.5,1
2026-07-03,2026-07-03T21:44:11,台灣運彩,824173,3476658.1,123,2026-07-04T08:15:00+08:00,坦帕灣光芒,休士頓太空人,坦帕灣光芒 @ 休士頓太空人,51425562.1,358,讓分 2.5,252784669.1,坦帕灣光芒 -2.5,A,2.5,2.60,5,8,A,2.5,2
2026-07-03,2026-07-03T21:44:11,台灣運彩,824173,3476658.1,123,2026-07-04T08:15:00+08:00,坦帕灣光芒,休士頓太空人,坦帕灣光芒 @ 休士頓太空人,51425558.1,360,[總分]大小 8.5,252784661.1,大 8.5,A,8.5,1.66,50,33,A,8.5,
2026-07-03,2026-07-03T21:44:11,台灣運彩,824173,3476658.1,123,2026-07-04T08:15:00+08:00,坦帕灣光芒,休士頓太空人,坦帕灣光芒 @ 休士頓太空人,51425558.1,360,[總分]大小 8.5,252784660.1,小 8.5,H,8.5,1.84,25,21,H,8.5,
2026-07-03,2026-07-03T21:44:11,台灣運彩,824173,3476658.1,123,2026-07-04T08:15:00+08:00,坦帕灣光芒,休士頓太空人,坦帕灣光芒 @ 休士頓太空人,51425559.1,360,[總分]大小 9.5,252784663.1,大 9.5,A,9.5,1.97,100,97,A,9.5,
2026-07-03,2026-07-03T21:44:11,台灣運彩,824173,3476658.1,123,2026-07-04T08:15:00+08:00,坦帕灣光芒,休士頓太空人,坦帕灣光芒 @ 休士頓太空人,51425559.1,360,[總分]大小 9.5,252784662.1,小 9.5,H,9.5,1.53,100,53,H,9.5,
2026-07-03,2026-07-03T21:44:11,台灣運彩,824173,3476658.1,123,2026-07-04T08:15:00+08:00,坦帕灣光芒,休士頓太空人,坦帕灣光芒 @ 休士頓太空人,51425560.1,360,[總分]大小 7.5,252784665.1,大 7.5,A,7.5,1.45,20,9,A,7.5,
2026-07-03,2026-07-03T21:44:11,台灣運彩,824173,3476658.1,123,2026-07-04T08:15:00+08:00,坦帕灣光芒,休士頓太空人,坦帕灣光芒 @ 休士頓太空人,51425560.1,360,[總分]大小 7.5,252784664.1,小 7.5,H,7.5,2.10,10,11,H,7.5,
2026-07-03,2026-07-03T21:44:11,台灣運彩,824173,3476658.1,123,2026-07-04T08:15:00+08:00,坦帕灣光芒,休士頓太空人,坦帕灣光芒 @ 休士頓太空人,51426615.1,362,休士頓太空人 大小 4.5,252787679.1,大 4.5,A,4.5,1.88,25,22,A,4.5,
2026-07-03,2026-07-03T21:44:11,台灣運彩,824173,3476658.1,123,2026-07-04T08:15:00+08:00,坦帕灣光芒,休士頓太空人,坦帕灣光芒 @ 休士頓太空人,51426615.1,362,休士頓太空人 大小 4.5,252787678.1,小 4.5,H,4.5,1.56,25,14,H,4.5,
2026-07-03,2026-07-03T21:44:11,台灣運彩,824173,3476658.1,123,2026-07-04T08:15:00+08:00,坦帕灣光芒,休士頓太空人,坦帕灣光芒 @ 休士頓太空人,51426467.1,363,坦帕灣光芒 大小 4.5,252787266.1,大 4.5,A,4.5,1.80,5,4,A,4.5,
2026-07-03,2026-07-03T21:44:11,台灣運彩,824173,3476658.1,123,2026-07-04T08:15:00+08:00,坦帕灣光芒,休士頓太空人,坦帕灣光芒 @ 休士頓太空人,51426467.1,363,坦帕灣光芒 大小 4.5,252787265.1,小 4.5,H,4.5,1.63,100,63,H,4.5,
2026-07-03,2026-07-03T21:44:11,台灣運彩,824173,3476658.1,123,2026-07-04T08:15:00+08:00,坦帕灣光芒,休士頓太空人,坦帕灣光芒 @ 休士頓太空人,51425555.1,366,[總分]單雙,252784655.1,單,,,1.48,25,12,,,
2026-07-03,2026-07-03T21:44:11,台灣運彩,824173,3476658.1,123,2026-07-04T08:15:00+08:00,坦帕灣光芒,休士頓太空人,坦帕灣光芒 @ 休士頓太空人,51425555.1,366,[總分]單雙,252784654.1,雙,,,2.00,1,1,,,
2026-07-03,2026-07-03T21:44:11,台灣運彩,824173,3476658.1,123,2026-07-04T08:15:00+08:00,坦帕灣光芒,休士頓太空人,坦帕灣光芒 @ 休士頓太空人,51425759.1,374,得分最高單局(不含延長賽),252785206.1,一樣多,,,2.30,10,13,,,
2026-07-03,2026-07-03T21:44:11,台灣運彩,824173,3476658.1,123,2026-07-04T08:15:00+08:00,坦帕灣光芒,休士頓太空人,坦帕灣光芒 @ 休士頓太空人,51425759.1,374,得分最高單局(不含延長賽),252785197.1,第1局,,,5.40,5,22,,,
2026-07-03,2026-07-03T21:44:11,台灣運彩,824173,3476658.1,123,2026-07-04T08:15:00+08:00,坦帕灣光芒,休士頓太空人,坦帕灣光芒 @ 休士頓太空人,51425759.1,374,得分最高單局(不含延長賽),252785198.1,第2局,,,6.25,4,21,,,
2026-07-03,2026-07-03T21:44:11,台灣運彩,824173,3476658.1,123,2026-07-04T08:15:00+08:00,坦帕灣光芒,休士頓太空人,坦帕灣光芒 @ 休士頓太空人,51425759.1,374,得分最高單局(不含延長賽),252785199.1,第3局,,,5.45,20,89,,,
2026-07-03,2026-07-03T21:44:11,台灣運彩,824173,3476658.1,123,2026-07-04T08:15:00+08:00,坦帕灣光芒,休士頓太空人,坦帕灣光芒 @ 休士頓太空人,51425759.1,374,得分最高單局(不含延長賽),252785200.1,第4局,,,5.85,20,97,,,
2026-07-03,2026-07-03T21:44:11,台灣運彩,824173,3476658.1,123,2026-07-04T08:15:00+08:00,坦帕灣光芒,休士頓太空人,坦帕灣光芒 @ 休士頓太空人,51425759.1,374,得分最高單局(不含延長賽),252785201.1,第5局,,,5.65,20,93,,,
2026-07-03,2026-07-03T21:44:11,台灣運彩,824173,3476658.1,123,2026-07-04T08:15:00+08:00,坦帕灣光芒,休士頓太空人,坦帕灣光芒 @ 休士頓太空人,51425759.1,374,得分最高單局(不含延長賽),252785202.1,第6局,,,6.25,4,21,,,
2026-07-03,2026-07-03T21:44:11,台灣運彩,824173,3476658.1,123,2026-07-04T08:15:00+08:00,坦帕灣光芒,休士頓太空人,坦帕灣光芒 @ 休士頓太空人,51425759.1,374,得分最高單局(不含延長賽),252785203.1,第7局,,,6.25,4,21,,,
2026-07-03,2026-07-03T21:44:11,台灣運彩,824173,3476658.1,123,2026-07-04T08:15:00+08:00,坦帕灣光芒,休士頓太空人,坦帕灣光芒 @ 休士頓太空人,51425759.1,374,得分最高單局(不含延長賽),252785204.1,第8局,,,6.25,4,21,,,
2026-07-03,2026-07-03T21:44:11,台灣運彩,824173,3476658.1,123,2026-07-04T08:15:00+08:00,坦帕灣光芒,休士頓太空人,坦帕灣光芒 @ 休士頓太空人,51425759.1,374,得分最高單局(不含延長賽),252785205.1,第9局,,,8.00,1,7,,,
2026-07-03,2026-07-03T21:44:11,台灣運彩,824173,3476658.1,123,2026-07-04T08:15:00+08:00,坦帕灣光芒,休士頓太空人,坦帕灣光芒 @ 休士頓太空人,51425754.1,376,[1-5局] 不讓分,252785185.1,休士頓太空人,H,,1.80,5,4,H,,1
2026-07-03,2026-07-03T21:44:11,台灣運彩,824173,3476658.1,123,2026-07-04T08:15:00+08:00,坦帕灣光芒,休士頓太空人,坦帕灣光芒 @ 休士頓太空人,51425754.1,376,[1-5局] 不讓分,252785187.1,坦帕灣光芒,A,,1.85,20,17,A,,2
2026-07-03,2026-07-03T21:44:11,台灣運彩,824173,3476658.1,123,2026-07-04T08:15:00+08:00,坦帕灣光芒,休士頓太空人,坦帕灣光芒 @ 休士頓太空人,51425754.1,376,[1-5局] 不讓分,252785186.1,和局,D,,4.90,10,39,D,,
2026-07-03,2026-07-03T21:44:11,台灣運彩,824173,3476658.1,123,2026-07-04T08:15:00+08:00,坦帕灣光芒,休士頓太空人,坦帕灣光芒 @ 休士頓太空人,51425755.1,378,[1-5局] 大小 4.5,252785189.1,大 4.5,A,4.5,1.58,50,29,A,4.5,
2026-07-03,2026-07-03T21:44:11,台灣運彩,824173,3476658.1,123,2026-07-04T08:15:00+08:00,坦帕灣光芒,休士頓太空人,坦帕灣光芒 @ 休士頓太空人,51425755.1,378,[1-5局] 大小 4.5,252785188.1,小 4.5,H,4.5,1.75,4,3,H,4.5,
2026-07-03,2026-07-03T21:44:11,台灣運彩,824173,3476658.1,123,2026-07-04T08:15:00+08:00,坦帕灣光芒,休士頓太空人,坦帕灣光芒 @ 休士頓太空人,51425753.1,379,[1-5局] 休士頓太空人 大小 2.5,252785184.1,大 2.5,A,2.5,1.90,10,9,A,2.5,
2026-07-03,2026-07-03T21:44:11,台灣運彩,824173,3476658.1,123,2026-07-04T08:15:00+08:00,坦帕灣光芒,休士頓太空人,坦帕灣光芒 @ 休士頓太空人,51425753.1,379,[1-5局] 休士頓太空人 大小 2.5,252785183.1,小 2.5,H,2.5,1.55,20,11,H,2.5,
2026-07-03,2026-07-03T21:44:11,台灣運彩,824173,3476658.1,123,2026-07-04T08:15:00+08:00,坦帕灣光芒,休士頓太空人,坦帕灣光芒 @ 休士頓太空人,51425758.1,380,[1-5局] 坦帕灣光芒 大小 2.5,252785196.1,大 2.5,A,2.5,1.93,100,93,A,2.5,
2026-07-03,2026-07-03T21:44:11,台灣運彩,824173,3476658.1,123,2026-07-04T08:15:00+08:00,坦帕灣光芒,休士頓太空人,坦帕灣光芒 @ 休士頓太空人,51425758.1,380,[1-5局] 坦帕灣光芒 大小 2.5,252785195.1,小 2.5,H,2.5,1.53,100,53,H,2.5,
2026-07-03,2026-07-03T21:44:11,台灣運彩,824173,3476658.1,123,2026-07-04T08:15:00+08:00,坦帕灣光芒,休士頓太空人,坦帕灣光芒 @ 休士頓太空人,51425756.1,389,[第1局] 不讓分,252785190.1,休士頓太空人,H,,2.95,20,39,H,,1
2026-07-03,2026-07-03T21:44:11,台灣運彩,824173,3476658.1,123,2026-07-04T08:15:00+08:00,坦帕灣光芒,休士頓太空人,坦帕灣光芒 @ 休士頓太空人,51425756.1,389,[第1局] 不讓分,252785192.1,坦帕灣光芒,A,,3.10,10,21,A,,2
2026-07-03,2026-07-03T21:44:11,台灣運彩,824173,3476658.1,123,2026-07-04T08:15:00+08:00,坦帕灣光芒,休士頓太空人,坦帕灣光芒 @ 休士頓太空人,51425756.1,389,[第1局] 不讓分,252785191.1,和局,D,,1.55,20,11,D,,
2026-07-03,2026-07-03T21:44:11,台灣運彩,824173,3476658.1,123,2026-07-04T08:15:00+08:00,坦帕灣光芒,休士頓太空人,坦帕灣光芒 @ 休士頓太空人,51425757.1,398,[第1局] 大小 0.5,252785194.1,大 0.5,A,0.5,1.65,20,13,A,0.5,
2026-07-03,2026-07-03T21:44:11,台灣運彩,824173,3476658.1,123,2026-07-04T08:15:00+08:00,坦帕灣光芒,休士頓太空人,坦帕灣光芒 @ 休士頓太空人,51425757.1,398,[第1局] 大小 0.5,252785193.1,小 0.5,H,0.5,1.68,25,17,H,0.5,
2026-07-03,2026-07-03T21:44:11,台灣運彩,824013,3476663.1,124,2026-07-04T09:38:00+08:00,波士頓紅襪,洛杉磯天使,波士頓紅襪 @ 洛杉磯天使,51425626.1,354,不讓分,252784851.1,洛杉磯天使,H,,1.72,25,18,H,,1
2026-07-03,2026-07-03T21:44:11,台灣運彩,824013,3476663.1,124,2026-07-04T09:38:00+08:00,波士頓紅襪,洛杉磯天使,波士頓紅襪 @ 洛杉磯天使,51425626.1,354,不讓分,252784852.1,波士頓紅襪,A,,1.78,50,39,A,,2
2026-07-03,2026-07-03T21:44:11,台灣運彩,824013,3476663.1,124,2026-07-04T09:38:00+08:00,波士頓紅襪,洛杉磯天使,波士頓紅襪 @ 洛杉磯天使,51425625.1,357,勝分差,252784848.1,波士頓紅襪 1 分,A,,5.20,5,21,A,,
2026-07-03,2026-07-03T21:44:11,台灣運彩,824013,3476663.1,124,2026-07-04T09:38:00+08:00,波士頓紅襪,洛杉磯天使,波士頓紅襪 @ 洛杉磯天使,51425625.1,357,勝分差,252784849.1,波士頓紅襪 2 分,A,,6.75,4,23,A,,
2026-07-03,2026-07-03T21:44:11,台灣運彩,824013,3476663.1,124,2026-07-04T09:38:00+08:00,波士頓紅襪,洛杉磯天使,波士頓紅襪 @ 洛杉磯天使,51425625.1,357,勝分差,252784850.1,波士頓紅襪 > 2分,A,,2.70,10,17,A,,
2026-07-03,2026-07-03T21:44:11,台灣運彩,824013,3476663.1,124,2026-07-04T09:38:00+08:00,波士頓紅襪,洛杉磯天使,波士頓紅襪 @ 洛杉磯天使,51425625.1,357,勝分差,252784845.1,洛杉磯天使 1 分,H,,3.90,10,29,H,,
2026-07-03,2026-07-03T21:44:11,台灣運彩,824013,3476663.1,124,2026-07-04T09:38:00+08:00,波士頓紅襪,洛杉磯天使,波士頓紅襪 @ 洛杉磯天使,51425625.1,357,勝分差,252784846.1,洛杉磯天使 2 分,H,,7.25,4,25,H,,
2026-07-03,2026-07-03T21:44:11,台灣運彩,824013,3476663.1,124,2026-07-04T09:38:00+08:00,波士頓紅襪,洛杉磯天使,波士頓紅襪 @ 洛杉磯天使,51425625.1,357,勝分差,252784847.1,洛杉磯天使 > 2分,H,,2.90,10,19,H,,
2026-07-03,2026-07-03T21:44:11,台灣運彩,824013,3476663.1,124,2026-07-04T09:38:00+08:00,波士頓紅襪,洛杉磯天使,波士頓紅襪 @ 洛杉磯天使,51425627.1,358,讓分 -1.5,252784853.1,洛杉磯天使 -1.5,H,-1.5,2.33,100,133,H,-1.5,1
2026-07-03,2026-07-03T21:44:11,台灣運彩,824013,3476663.1,124,2026-07-04T09:38:00+08:00,波士頓紅襪,洛杉磯天使,波士頓紅襪 @ 洛杉磯天使,51425627.1,358,讓分 -1.5,252784854.1,波士頓紅襪 +1.5,A,-1.5,1.38,50,19,A,-1.5,2
2026-07-03,2026-07-03T21:44:11,台灣運彩,824013,3476663.1,124,2026-07-04T09:38:00+08:00,波士頓紅襪,洛杉磯天使,波士頓紅襪 @ 洛杉磯天使,51425630.1,360,[總分]大小 8.5,252784861.1,大 8.5,A,8.5,1.87,100,87,A,8.5,
2026-07-03,2026-07-03T21:44:11,台灣運彩,824013,3476663.1,124,2026-07-04T09:38:00+08:00,波士頓紅襪,洛杉磯天使,波士頓紅襪 @ 洛杉磯天使,51425630.1,360,[總分]大小 8.5,252784860.1,小 8.5,H,8.5,1.63,100,63,H,8.5,
2026-07-03,2026-07-03T21:44:11,台灣運彩,824013,3476663.1,124,2026-07-04T09:38:00+08:00,波士頓紅襪,洛杉磯天使,波士頓紅襪 @ 洛杉磯天使,51426056.1,360,[總分]大小 7.5,252785976.1,大 7.5,A,7.5,1.70,10,7,A,7.5,
2026-07-03,2026-07-03T21:44:11,台灣運彩,824013,3476663.1,124,2026-07-04T09:38:00+08:00,波士頓紅襪,洛杉磯天使,波士頓紅襪 @ 洛杉磯天使,51426056.1,360,[總分]大小 7.5,252785975.1,小 7.5,H,7.5,1.80,5,4,H,7.5,
2026-07-03,2026-07-03T21:44:11,台灣運彩,824013,3476663.1,124,2026-07-04T09:38:00+08:00,波士頓紅襪,洛杉磯天使,波士頓紅襪 @ 洛杉磯天使,51425618.1,366,[總分]單雙,252784831.1,單,,,1.45,20,9,,,
2026-07-03,2026-07-03T21:44:11,台灣運彩,824013,3476663.1,124,2026-07-04T09:38:00+08:00,波士頓紅襪,洛杉磯天使,波士頓紅襪 @ 洛杉磯天使,51425618.1,366,[總分]單雙,252784830.1,雙,,,1.95,20,19,,,
2026-07-03,2026-07-03T21:44:11,台灣運彩,824013,3476663.1,124,2026-07-04T09:38:00+08:00,波士頓紅襪,洛杉磯天使,波士頓紅襪 @ 洛杉磯天使,51425631.1,374,得分最高單局(不含延長賽),252784871.1,一樣多,,,2.25,4,5,,,
2026-07-03,2026-07-03T21:44:11,台灣運彩,824013,3476663.1,124,2026-07-04T09:38:00+08:00,波士頓紅襪,洛杉磯天使,波士頓紅襪 @ 洛杉磯天使,51425631.1,374,得分最高單局(不含延長賽),252784862.1,第1局,,,5.80,5,24,,,
2026-07-03,2026-07-03T21:44:11,台灣運彩,824013,3476663.1,124,2026-07-04T09:38:00+08:00,波士頓紅襪,洛杉磯天使,波士頓紅襪 @ 洛杉磯天使,51425631.1,374,得分最高單局(不含延長賽),252784863.1,第2局,,,6.75,4,23,,,
2026-07-03,2026-07-03T21:44:11,台灣運彩,824013,3476663.1,124,2026-07-04T09:38:00+08:00,波士頓紅襪,洛杉磯天使,波士頓紅襪 @ 洛杉磯天使,51425631.1,374,得分最高單局(不含延長賽),252784864.1,第3局,,,5.95,20,99,,,
2026-07-03,2026-07-03T21:44:11,台灣運彩,824013,3476663.1,124,2026-07-04T09:38:00+08:00,波士頓紅襪,洛杉磯天使,波士頓紅襪 @ 洛杉磯天使,51425631.1,374,得分最高單局(不含延長賽),252784865.1,第4局,,,6.75,4,23,,,
2026-07-03,2026-07-03T21:44:11,台灣運彩,824013,3476663.1,124,2026-07-04T09:38:00+08:00,波士頓紅襪,洛杉磯天使,波士頓紅襪 @ 洛杉磯天使,51425631.1,374,得分最高單局(不含延長賽),252784866.1,第5局,,,4.00,1,3,,,
2026-07-03,2026-07-03T21:44:11,台灣運彩,824013,3476663.1,124,2026-07-04T09:38:00+08:00,波士頓紅襪,洛杉磯天使,波士頓紅襪 @ 洛杉磯天使,51425631.1,374,得分最高單局(不含延長賽),252784867.1,第6局,,,6.50,2,11,,,
2026-07-03,2026-07-03T21:44:11,台灣運彩,824013,3476663.1,124,2026-07-04T09:38:00+08:00,波士頓紅襪,洛杉磯天使,波士頓紅襪 @ 洛杉磯天使,51425631.1,374,得分最高單局(不含延長賽),252784868.1,第7局,,,6.50,2,11,,,
2026-07-03,2026-07-03T21:44:11,台灣運彩,824013,3476663.1,124,2026-07-04T09:38:00+08:00,波士頓紅襪,洛杉磯天使,波士頓紅襪 @ 洛杉磯天使,51425631.1,374,得分最高單局(不含延長賽),252784869.1,第8局,,,6.25,4,21,,,
2026-07-03,2026-07-03T21:44:11,台灣運彩,824013,3476663.1,124,2026-07-04T09:38:00+08:00,波士頓紅襪,洛杉磯天使,波士頓紅襪 @ 洛杉磯天使,51425631.1,374,得分最高單局(不含延長賽),252784870.1,第9局,,,8.00,1,7,,,
2026-07-03,2026-07-03T21:44:11,台灣運彩,824013,3476663.1,124,2026-07-04T09:38:00+08:00,波士頓紅襪,洛杉磯天使,波士頓紅襪 @ 洛杉磯天使,51425629.1,376,[1-5局] 不讓分,252784857.1,洛杉磯天使,H,,1.85,20,17,H,,1
2026-07-03,2026-07-03T21:44:11,台灣運彩,824013,3476663.1,124,2026-07-04T09:38:00+08:00,波士頓紅襪,洛杉磯天使,波士頓紅襪 @ 洛杉磯天使,51425629.1,376,[1-5局] 不讓分,252784859.1,波士頓紅襪,A,,1.90,10,9,A,,2
2026-07-03,2026-07-03T21:44:11,台灣運彩,824013,3476663.1,124,2026-07-04T09:38:00+08:00,波士頓紅襪,洛杉磯天使,波士頓紅襪 @ 洛杉磯天使,51425629.1,376,[1-5局] 不讓分,252784858.1,和局,D,,4.35,20,67,D,,
2026-07-03,2026-07-03T21:44:11,台灣運彩,824013,3476663.1,124,2026-07-04T09:38:00+08:00,波士頓紅襪,洛杉磯天使,波士頓紅襪 @ 洛杉磯天使,51425623.1,378,[1-5局] 大小 4.5,252784842.1,大 4.5,A,4.5,1.80,5,4,A,4.5,
2026-07-03,2026-07-03T21:44:11,台灣運彩,824013,3476663.1,124,2026-07-04T09:38:00+08:00,波士頓紅襪,洛杉磯天使,波士頓紅襪 @ 洛杉磯天使,51425623.1,378,[1-5局] 大小 4.5,252784841.1,小 4.5,H,4.5,1.55,20,11,H,4.5,
2026-07-03,2026-07-03T21:44:11,台灣運彩,824013,3476663.1,124,2026-07-04T09:38:00+08:00,波士頓紅襪,洛杉磯天使,波士頓紅襪 @ 洛杉磯天使,51425621.1,379,[1-5局] 洛杉磯天使 大小 1.5,252784837.1,大 1.5,A,1.5,1.55,20,11,A,1.5,
2026-07-03,2026-07-03T21:44:11,台灣運彩,824013,3476663.1,124,2026-07-04T09:38:00+08:00,波士頓紅襪,洛杉磯天使,波士頓紅襪 @ 洛杉磯天使,51425621.1,379,[1-5局] 洛杉磯天使 大小 1.5,252784836.1,小 1.5,H,1.5,1.90,10,9,H,1.5,
2026-07-03,2026-07-03T21:44:11,台灣運彩,824013,3476663.1,124,2026-07-04T09:38:00+08:00,波士頓紅襪,洛杉磯天使,波士頓紅襪 @ 洛杉磯天使,51425619.1,380,[1-5局] 波士頓紅襪 大小 1.5,252784833.1,大 1.5,A,1.5,1.60,5,3,A,1.5,
2026-07-03,2026-07-03T21:44:11,台灣運彩,824013,3476663.1,124,2026-07-04T09:38:00+08:00,波士頓紅襪,洛杉磯天使,波士頓紅襪 @ 洛杉磯天使,51425619.1,380,[1-5局] 波士頓紅襪 大小 1.5,252784832.1,小 1.5,H,1.5,1.85,20,17,H,1.5,
2026-07-03,2026-07-03T21:44:11,台灣運彩,824013,3476663.1,124,2026-07-04T09:38:00+08:00,波士頓紅襪,洛杉磯天使,波士頓紅襪 @ 洛杉磯天使,51425622.1,389,[第1局] 不讓分,252784838.1,洛杉磯天使,H,,3.10,10,21,H,,1
2026-07-03,2026-07-03T21:44:11,台灣運彩,824013,3476663.1,124,2026-07-04T09:38:00+08:00,波士頓紅襪,洛杉磯天使,波士頓紅襪 @ 洛杉磯天使,51425622.1,389,[第1局] 不讓分,252784840.1,波士頓紅襪,A,,3.35,20,47,A,,2
2026-07-03,2026-07-03T21:44:11,台灣運彩,824013,3476663.1,124,2026-07-04T09:38:00+08:00,波士頓紅襪,洛杉磯天使,波士頓紅襪 @ 洛杉磯天使,51425622.1,389,[第1局] 不讓分,252784839.1,和局,D,,1.50,2,1,D,,
2026-07-03,2026-07-03T21:44:11,台灣運彩,824013,3476663.1,124,2026-07-04T09:38:00+08:00,波士頓紅襪,洛杉磯天使,波士頓紅襪 @ 洛杉磯天使,51425620.1,398,[第1局] 大小 0.5,252784835.1,大 0.5,A,0.5,1.75,4,3,A,0.5,
2026-07-03,2026-07-03T21:44:11,台灣運彩,824013,3476663.1,124,2026-07-04T09:38:00+08:00,波士頓紅襪,洛杉磯天使,波士頓紅襪 @ 洛杉磯天使,51425620.1,398,[第1局] 大小 0.5,252784834.1,小 0.5,H,0.5,1.58,50,29,H,0.5,
2026-07-03,2026-07-03T21:44:11,台灣運彩,824982,3476664.1,126,2026-07-04T09:40:00+08:00,邁阿密馬林魚,運動家,邁阿密馬林魚 @ 運動家,51425632.1,354,不讓分,252784872.1,運動家,H,,1.60,5,3,H,,1
2026-07-03,2026-07-03T21:44:11,台灣運彩,824982,3476664.1,126,2026-07-04T09:40:00+08:00,邁阿密馬林魚,運動家,邁阿密馬林魚 @ 運動家,51425632.1,354,不讓分,252784873.1,邁阿密馬林魚,A,,1.90,10,9,A,,2
2026-07-03,2026-07-03T21:44:11,台灣運彩,824982,3476664.1,126,2026-07-04T09:40:00+08:00,邁阿密馬林魚,運動家,邁阿密馬林魚 @ 運動家,51425888.1,357,勝分差,252785508.1,運動家 1 分,H,,4.40,5,17,H,,
2026-07-03,2026-07-03T21:44:11,台灣運彩,824982,3476664.1,126,2026-07-04T09:40:00+08:00,邁阿密馬林魚,運動家,邁阿密馬林魚 @ 運動家,51425888.1,357,勝分差,252785509.1,運動家 2 分,H,,7.75,4,27,H,,
2026-07-03,2026-07-03T21:44:11,台灣運彩,824982,3476664.1,126,2026-07-04T09:40:00+08:00,邁阿密馬林魚,運動家,邁阿密馬林魚 @ 運動家,51425888.1,357,勝分差,252785510.1,運動家 > 2分,H,,2.40,5,7,H,,
2026-07-03,2026-07-03T21:44:11,台灣運彩,824982,3476664.1,126,2026-07-04T09:40:00+08:00,邁阿密馬林魚,運動家,邁阿密馬林魚 @ 運動家,51425888.1,357,勝分差,252785511.1,邁阿密馬林魚 1 分,A,,6.50,2,11,A,,
2026-07-03,2026-07-03T21:44:11,台灣運彩,824982,3476664.1,126,2026-07-04T09:40:00+08:00,邁阿密馬林魚,運動家,邁阿密馬林魚 @ 運動家,51425888.1,357,勝分差,252785512.1,邁阿密馬林魚 2 分,A,,8.00,1,7,A,,
2026-07-03,2026-07-03T21:44:11,台灣運彩,824982,3476664.1,126,2026-07-04T09:40:00+08:00,邁阿密馬林魚,運動家,邁阿密馬林魚 @ 運動家,51425888.1,357,勝分差,252785513.1,邁阿密馬林魚 > 2分,A,,2.50,2,3,A,,
2026-07-03,2026-07-03T21:44:11,台灣運彩,824982,3476664.1,126,2026-07-04T09:40:00+08:00,邁阿密馬林魚,運動家,邁阿密馬林魚 @ 運動家,51425639.1,358,讓分 -1.5,252784886.1,運動家 -1.5,H,-1.5,2.07,100,107,H,-1.5,1
2026-07-03,2026-07-03T21:44:11,台灣運彩,824982,3476664.1,126,2026-07-04T09:40:00+08:00,邁阿密馬林魚,運動家,邁阿密馬林魚 @ 運動家,51425639.1,358,讓分 -1.5,252784887.1,邁阿密馬林魚 +1.5,A,-1.5,1.46,50,23,A,-1.5,2
2026-07-03,2026-07-03T21:44:11,台灣運彩,824982,3476664.1,126,2026-07-04T09:40:00+08:00,邁阿密馬林魚,運動家,邁阿密馬林魚 @ 運動家,51425643.1,358,讓分 -2.5,252784895.1,運動家 -2.5,H,-2.5,2.50,2,3,H,-2.5,1
2026-07-03,2026-07-03T21:44:11,台灣運彩,824982,3476664.1,126,2026-07-04T09:40:00+08:00,邁阿密馬林魚,運動家,邁阿密馬林魚 @ 運動家,51425643.1,358,讓分 -2.5,252784896.1,邁阿密馬林魚 +2.5,A,-2.5,1.32,25,8,A,-2.5,2
2026-07-03,2026-07-03T21:44:11,台灣運彩,824982,3476664.1,126,2026-07-04T09:40:00+08:00,邁阿密馬林魚,運動家,邁阿密馬林魚 @ 運動家,51425635.1,360,[總分]大小 10.5,252784879.1,大 10.5,A,10.5,1.71,100,71,A,10.5,
2026-07-03,2026-07-03T21:44:11,台灣運彩,824982,3476664.1,126,2026-07-04T09:40:00+08:00,邁阿密馬林魚,運動家,邁阿密馬林魚 @ 運動家,51425635.1,360,[總分]大小 10.5,252784878.1,小 10.5,H,10.5,1.79,100,79,H,10.5,
2026-07-03,2026-07-03T21:44:11,台灣運彩,824982,3476664.1,126,2026-07-04T09:40:00+08:00,邁阿密馬林魚,運動家,邁阿密馬林魚 @ 運動家,51425641.1,360,[總分]大小 11.5,252784892.1,大 11.5,A,11.5,1.98,50,49,A,11.5,
2026-07-03,2026-07-03T21:44:11,台灣運彩,824982,3476664.1,126,2026-07-04T09:40:00+08:00,邁阿密馬林魚,運動家,邁阿密馬林魚 @ 運動家,51425641.1,360,[總分]大小 11.5,252784891.1,小 11.5,H,11.5,1.52,25,13,H,11.5,
2026-07-03,2026-07-03T21:44:11,台灣運彩,824982,3476664.1,126,2026-07-04T09:40:00+08:00,邁阿密馬林魚,運動家,邁阿密馬林魚 @ 運動家,51425642.1,360,[總分]大小 9.5,252784894.1,大 9.5,A,9.5,1.50,2,1,A,9.5,
2026-07-03,2026-07-03T21:44:11,台灣運彩,824982,3476664.1,126,2026-07-04T09:40:00+08:00,邁阿密馬林魚,運動家,邁阿密馬林魚 @ 運動家,51425642.1,360,[總分]大小 9.5,252784893.1,小 9.5,H,9.5,2.00,1,1,H,9.5,
2026-07-03,2026-07-03T21:44:11,台灣運彩,824982,3476664.1,126,2026-07-04T09:40:00+08:00,邁阿密馬林魚,運動家,邁阿密馬林魚 @ 運動家,51425890.1,362,運動家 大小 5.5,252785517.1,大 5.5,A,5.5,1.85,20,17,A,5.5,
2026-07-03,2026-07-03T21:44:11,台灣運彩,824982,3476664.1,126,2026-07-04T09:40:00+08:00,邁阿密馬林魚,運動家,邁阿密馬林魚 @ 運動家,51425890.1,362,運動家 大小 5.5,252785516.1,小 5.5,H,5.5,1.60,5,3,H,5.5,
2026-07-03,2026-07-03T21:44:11,台灣運彩,824982,3476664.1,126,2026-07-04T09:40:00+08:00,邁阿密馬林魚,運動家,邁阿密馬林魚 @ 運動家,51425889.1,363,邁阿密馬林魚 大小 4.5,252785515.1,大 4.5,A,4.5,1.58,50,29,A,4.5,
2026-07-03,2026-07-03T21:44:11,台灣運彩,824982,3476664.1,126,2026-07-04T09:40:00+08:00,邁阿密馬林魚,運動家,邁阿密馬林魚 @ 運動家,51425889.1,363,邁阿密馬林魚 大小 4.5,252785514.1,小 4.5,H,4.5,1.86,50,43,H,4.5,
2026-07-03,2026-07-03T21:44:11,台灣運彩,824982,3476664.1,126,2026-07-04T09:40:00+08:00,邁阿密馬林魚,運動家,邁阿密馬林魚 @ 運動家,51425886.1,366,[總分]單雙,252785505.1,單,,,1.50,2,1,,,
2026-07-03,2026-07-03T21:44:11,台灣運彩,824982,3476664.1,126,2026-07-04T09:40:00+08:00,邁阿密馬林魚,運動家,邁阿密馬林魚 @ 運動家,51425886.1,366,[總分]單雙,252785504.1,雙,,,1.96,25,24,,,
2026-07-03,2026-07-03T21:44:11,台灣運彩,824982,3476664.1,126,2026-07-04T09:40:00+08:00,邁阿密馬林魚,運動家,邁阿密馬林魚 @ 運動家,51425645.1,374,得分最高單局(不含延長賽),252784909.1,一樣多,,,2.35,20,27,,,
2026-07-03,2026-07-03T21:44:11,台灣運彩,824982,3476664.1,126,2026-07-04T09:40:00+08:00,邁阿密馬林魚,運動家,邁阿密馬林魚 @ 運動家,51425645.1,374,得分最高單局(不含延長賽),252784900.1,第1局,,,5.45,20,89,,,
2026-07-03,2026-07-03T21:44:11,台灣運彩,824982,3476664.1,126,2026-07-04T09:40:00+08:00,邁阿密馬林魚,運動家,邁阿密馬林魚 @ 運動家,51425645.1,374,得分最高單局(不含延長賽),252784901.1,第2局,,,6.25,4,21,,,
2026-07-03,2026-07-03T21:44:11,台灣運彩,824982,3476664.1,126,2026-07-04T09:40:00+08:00,邁阿密馬林魚,運動家,邁阿密馬林魚 @ 運動家,51425645.1,374,得分最高單局(不含延長賽),252784902.1,第3局,,,5.50,2,9,,,
2026-07-03,2026-07-03T21:44:11,台灣運彩,824982,3476664.1,126,2026-07-04T09:40:00+08:00,邁阿密馬林魚,運動家,邁阿密馬林魚 @ 運動家,51425645.1,374,得分最高單局(不含延長賽),252784903.1,第4局,,,6.00,1,5,,,
2026-07-03,2026-07-03T21:44:11,台灣運彩,824982,3476664.1,126,2026-07-04T09:40:00+08:00,邁阿密馬林魚,運動家,邁阿密馬林魚 @ 運動家,51425645.1,374,得分最高單局(不含延長賽),252784904.1,第5局,,,6.00,1,5,,,
2026-07-03,2026-07-03T21:44:11,台灣運彩,824982,3476664.1,126,2026-07-04T09:40:00+08:00,邁阿密馬林魚,運動家,邁阿密馬林魚 @ 運動家,51425645.1,374,得分最高單局(不含延長賽),252784905.1,第6局,,,5.90,10,49,,,
2026-07-03,2026-07-03T21:44:11,台灣運彩,824982,3476664.1,126,2026-07-04T09:40:00+08:00,邁阿密馬林魚,運動家,邁阿密馬林魚 @ 運動家,51425645.1,374,得分最高單局(不含延長賽),252784906.1,第7局,,,6.00,1,5,,,
2026-07-03,2026-07-03T21:44:11,台灣運彩,824982,3476664.1,126,2026-07-04T09:40:00+08:00,邁阿密馬林魚,運動家,邁阿密馬林魚 @ 運動家,51425645.1,374,得分最高單局(不含延長賽),252784907.1,第8局,,,5.95,20,99,,,
2026-07-03,2026-07-03T21:44:11,台灣運彩,824982,3476664.1,126,2026-07-04T09:40:00+08:00,邁阿密馬林魚,運動家,邁阿密馬林魚 @ 運動家,51425645.1,374,得分最高單局(不含延長賽),252784908.1,第9局,,,8.00,1,7,,,
2026-07-03,2026-07-03T21:44:11,台灣運彩,824982,3476664.1,126,2026-07-04T09:40:00+08:00,邁阿密馬林魚,運動家,邁阿密馬林魚 @ 運動家,51425640.1,376,[1-5局] 不讓分,252784888.1,運動家,H,,1.70,10,7,H,,1
2026-07-03,2026-07-03T21:44:11,台灣運彩,824982,3476664.1,126,2026-07-04T09:40:00+08:00,邁阿密馬林魚,運動家,邁阿密馬林魚 @ 運動家,51425640.1,376,[1-5局] 不讓分,252784890.1,邁阿密馬林魚,A,,1.90,10,9,A,,2
2026-07-03,2026-07-03T21:44:11,台灣運彩,824982,3476664.1,126,2026-07-04T09:40:00+08:00,邁阿密馬林魚,運動家,邁阿密馬林魚 @ 運動家,51425640.1,376,[1-5局] 不讓分,252784889.1,和局,D,,5.60,5,23,D,,
2026-07-03,2026-07-03T21:44:11,台灣運彩,824982,3476664.1,126,2026-07-04T09:40:00+08:00,邁阿密馬林魚,運動家,邁阿密馬林魚 @ 運動家,51425634.1,378,[1-5局] 大小 5.5,252784877.1,大 5.5,A,5.5,1.58,50,29,A,5.5,
2026-07-03,2026-07-03T21:44:11,台灣運彩,824982,3476664.1,126,2026-07-04T09:40:00+08:00,邁阿密馬林魚,運動家,邁阿密馬林魚 @ 運動家,51425634.1,378,[1-5局] 大小 5.5,252784876.1,小 5.5,H,5.5,1.75,4,3,H,5.5,
2026-07-03,2026-07-03T21:44:11,台灣運彩,824982,3476664.1,126,2026-07-04T09:40:00+08:00,邁阿密馬林魚,運動家,邁阿密馬林魚 @ 運動家,51425638.1,379,[1-5局] 運動家 大小 2.5,252784885.1,大 2.5,A,2.5,1.62,50,31,A,2.5,
2026-07-03,2026-07-03T21:44:11,台灣運彩,824982,3476664.1,126,2026-07-04T09:40:00+08:00,邁阿密馬林魚,運動家,邁阿密馬林魚 @ 運動家,51425638.1,379,[1-5局] 運動家 大小 2.5,252784884.1,小 2.5,H,2.5,1.82,50,41,H,2.5,
2026-07-03,2026-07-03T21:44:11,台灣運彩,824982,3476664.1,126,2026-07-04T09:40:00+08:00,邁阿密馬林魚,運動家,邁阿密馬林魚 @ 運動家,51425636.1,380,[1-5局] 邁阿密馬林魚 大小 2.5,252784881.1,大 2.5,A,2.5,1.75,4,3,A,2.5,
2026-07-03,2026-07-03T21:44:11,台灣運彩,824982,3476664.1,126,2026-07-04T09:40:00+08:00,邁阿密馬林魚,運動家,邁阿密馬林魚 @ 運動家,51425636.1,380,[1-5局] 邁阿密馬林魚 大小 2.5,252784880.1,小 2.5,H,2.5,1.68,25,17,H,2.5,
2026-07-03,2026-07-03T21:44:11,台灣運彩,824982,3476664.1,126,2026-07-04T09:40:00+08:00,邁阿密馬林魚,運動家,邁阿密馬林魚 @ 運動家,51425644.1,389,[第1局] 不讓分,252784897.1,運動家,H,,2.60,5,8,H,,1
2026-07-03,2026-07-03T21:44:11,台灣運彩,824982,3476664.1,126,2026-07-04T09:40:00+08:00,邁阿密馬林魚,運動家,邁阿密馬林魚 @ 運動家,51425644.1,389,[第1局] 不讓分,252784899.1,邁阿密馬林魚,A,,3.00,1,2,A,,2
2026-07-03,2026-07-03T21:44:11,台灣運彩,824982,3476664.1,126,2026-07-04T09:40:00+08:00,邁阿密馬林魚,運動家,邁阿密馬林魚 @ 運動家,51425644.1,389,[第1局] 不讓分,252784898.1,和局,D,,1.70,10,7,D,,
2026-07-03,2026-07-03T21:44:11,台灣運彩,824982,3476664.1,126,2026-07-04T09:40:00+08:00,邁阿密馬林魚,運動家,邁阿密馬林魚 @ 運動家,51425633.1,398,[第1局] 大小 0.5,252784875.1,大 0.5,A,0.5,1.50,2,1,A,0.5,
2026-07-03,2026-07-03T21:44:11,台灣運彩,824982,3476664.1,126,2026-07-04T09:40:00+08:00,邁阿密馬林魚,運動家,邁阿密馬林魚 @ 運動家,51425633.1,398,[第1局] 大小 0.5,252784874.1,小 0.5,H,0.5,1.85,20,17,H,0.5,
2026-07-03,2026-07-03T21:44:11,台灣運彩,825062,3476665.1,127,2026-07-04T09:45:00+08:00,密爾瓦基釀酒人,亞利桑那響尾蛇,密爾瓦基釀酒人 @ 亞利桑那響尾蛇,51425647.1,354,不讓分,252784912.1,亞歷桑那響尾蛇,H,,2.07,100,107,H,,1
2026-07-03,2026-07-03T21:44:11,台灣運彩,825062,3476665.1,127,2026-07-04T09:45:00+08:00,密爾瓦基釀酒人,亞利桑那響尾蛇,密爾瓦基釀酒人 @ 亞利桑那響尾蛇,51425647.1,354,不讓分,252784913.1,密爾瓦基釀酒人,A,,1.46,50,23,A,,2
2026-07-03,2026-07-03T21:44:11,台灣運彩,825062,3476665.1,127,2026-07-04T09:45:00+08:00,密爾瓦基釀酒人,亞利桑那響尾蛇,密爾瓦基釀酒人 @ 亞利桑那響尾蛇,51425906.1,357,勝分差,252785548.1,亞歷桑那響尾蛇 1 分,H,,4.40,5,17,H,,
2026-07-03,2026-07-03T21:44:11,台灣運彩,825062,3476665.1,127,2026-07-04T09:45:00+08:00,密爾瓦基釀酒人,亞利桑那響尾蛇,密爾瓦基釀酒人 @ 亞利桑那響尾蛇,51425906.1,357,勝分差,252785549.1,亞歷桑那響尾蛇 2 分,H,,8.50,2,15,H,,
2026-07-03,2026-07-03T21:44:11,台灣運彩,825062,3476665.1,127,2026-07-04T09:45:00+08:00,密爾瓦基釀酒人,亞利桑那響尾蛇,密爾瓦基釀酒人 @ 亞利桑那響尾蛇,51425906.1,357,勝分差,252785550.1,亞歷桑那響尾蛇 > 2分,H,,3.65,20,53,H,,
2026-07-03,2026-07-03T21:44:11,台灣運彩,825062,3476665.1,127,2026-07-04T09:45:00+08:00,密爾瓦基釀酒人,亞利桑那響尾蛇,密爾瓦基釀酒人 @ 亞利桑那響尾蛇,51425906.1,357,勝分差,252785551.1,密爾瓦基釀酒人 1 分,A,,5.50,2,9,A,,
2026-07-03,2026-07-03T21:44:11,台灣運彩,825062,3476665.1,127,2026-07-04T09:45:00+08:00,密爾瓦基釀酒人,亞利桑那響尾蛇,密爾瓦基釀酒人 @ 亞利桑那響尾蛇,51425906.1,357,勝分差,252785552.1,密爾瓦基釀酒人 2 分,A,,6.50,2,11,A,,
2026-07-03,2026-07-03T21:44:11,台灣運彩,825062,3476665.1,127,2026-07-04T09:45:00+08:00,密爾瓦基釀酒人,亞利桑那響尾蛇,密爾瓦基釀酒人 @ 亞利桑那響尾蛇,51425906.1,357,勝分差,252785553.1,密爾瓦基釀酒人 > 2分,A,,2.00,1,1,A,,
2026-07-03,2026-07-03T21:44:11,台灣運彩,825062,3476665.1,127,2026-07-04T09:45:00+08:00,密爾瓦基釀酒人,亞利桑那響尾蛇,密爾瓦基釀酒人 @ 亞利桑那響尾蛇,51425652.1,358,讓分 1.5,252784923.1,亞歷桑那響尾蛇 +1.5,H,1.5,1.70,10,7,H,1.5,1
2026-07-03,2026-07-03T21:44:11,台灣運彩,825062,3476665.1,127,2026-07-04T09:45:00+08:00,密爾瓦基釀酒人,亞利桑那響尾蛇,密爾瓦基釀酒人 @ 亞利桑那響尾蛇,51425652.1,358,讓分 1.5,252784924.1,密爾瓦基釀酒人 -1.5,A,1.5,1.80,5,4,A,1.5,2
2026-07-03,2026-07-03T21:44:11,台灣運彩,825062,3476665.1,127,2026-07-04T09:45:00+08:00,密爾瓦基釀酒人,亞利桑那響尾蛇,密爾瓦基釀酒人 @ 亞利桑那響尾蛇,51425653.1,358,讓分 2.5,252784925.1,亞歷桑那響尾蛇 +2.5,H,2.5,1.45,20,9,H,2.5,1
2026-07-03,2026-07-03T21:44:11,台灣運彩,825062,3476665.1,127,2026-07-04T09:45:00+08:00,密爾瓦基釀酒人,亞利桑那響尾蛇,密爾瓦基釀酒人 @ 亞利桑那響尾蛇,51425653.1,358,讓分 2.5,252784926.1,密爾瓦基釀酒人 -2.5,A,2.5,2.10,10,11,A,2.5,2
2026-07-03,2026-07-03T21:44:11,台灣運彩,825062,3476665.1,127,2026-07-04T09:45:00+08:00,密爾瓦基釀酒人,亞利桑那響尾蛇,密爾瓦基釀酒人 @ 亞利桑那響尾蛇,51425649.1,360,[總分]大小 7.5,252784917.1,大 7.5,A,7.5,1.45,20,9,A,7.5,
2026-07-03,2026-07-03T21:44:11,台灣運彩,825062,3476665.1,127,2026-07-04T09:45:00+08:00,密爾瓦基釀酒人,亞利桑那響尾蛇,密爾瓦基釀酒人 @ 亞利桑那響尾蛇,51425649.1,360,[總分]大小 7.5,252784916.1,小 7.5,H,7.5,2.10,10,11,H,7.5,
2026-07-03,2026-07-03T21:44:11,台灣運彩,825062,3476665.1,127,2026-07-04T09:45:00+08:00,密爾瓦基釀酒人,亞利桑那響尾蛇,密爾瓦基釀酒人 @ 亞利桑那響尾蛇,51425650.1,360,[總分]大小 8.5,252784919.1,大 8.5,A,8.5,1.66,50,33,A,8.5,
2026-07-03,2026-07-03T21:44:11,台灣運彩,825062,3476665.1,127,2026-07-04T09:45:00+08:00,密爾瓦基釀酒人,亞利桑那響尾蛇,密爾瓦基釀酒人 @ 亞利桑那響尾蛇,51425650.1,360,[總分]大小 8.5,252784918.1,小 8.5,H,8.5,1.84,25,21,H,8.5,
2026-07-03,2026-07-03T21:44:11,台灣運彩,825062,3476665.1,127,2026-07-04T09:45:00+08:00,密爾瓦基釀酒人,亞利桑那響尾蛇,密爾瓦基釀酒人 @ 亞利桑那響尾蛇,51425656.1,360,[總分]大小 9.5,252784932.1,大 9.5,A,9.5,1.97,100,97,A,9.5,
2026-07-03,2026-07-03T21:44:11,台灣運彩,825062,3476665.1,127,2026-07-04T09:45:00+08:00,密爾瓦基釀酒人,亞利桑那響尾蛇,密爾瓦基釀酒人 @ 亞利桑那響尾蛇,51425656.1,360,[總分]大小 9.5,252784931.1,小 9.5,H,9.5,1.53,100,53,H,9.5,
2026-07-03,2026-07-03T21:44:11,台灣運彩,825062,3476665.1,127,2026-07-04T09:45:00+08:00,密爾瓦基釀酒人,亞利桑那響尾蛇,密爾瓦基釀酒人 @ 亞利桑那響尾蛇,51425904.1,362,亞歷桑那響尾蛇 大小 3.5,252785545.1,大 3.5,A,3.5,1.70,10,7,A,3.5,
2026-07-03,2026-07-03T21:44:11,台灣運彩,825062,3476665.1,127,2026-07-04T09:45:00+08:00,密爾瓦基釀酒人,亞利桑那響尾蛇,密爾瓦基釀酒人 @ 亞利桑那響尾蛇,51425904.1,362,亞歷桑那響尾蛇 大小 3.5,252785544.1,小 3.5,H,3.5,1.73,100,73,H,3.5,
2026-07-03,2026-07-03T21:44:11,台灣運彩,825062,3476665.1,127,2026-07-04T09:45:00+08:00,密爾瓦基釀酒人,亞利桑那響尾蛇,密爾瓦基釀酒人 @ 亞利桑那響尾蛇,51425905.1,363,密爾瓦基釀酒人 大小 4.5,252785547.1,大 4.5,A,4.5,1.63,100,63,A,4.5,
2026-07-03,2026-07-03T21:44:11,台灣運彩,825062,3476665.1,127,2026-07-04T09:45:00+08:00,密爾瓦基釀酒人,亞利桑那響尾蛇,密爾瓦基釀酒人 @ 亞利桑那響尾蛇,51425905.1,363,密爾瓦基釀酒人 大小 4.5,252785546.1,小 4.5,H,4.5,1.80,5,4,H,4.5,
2026-07-03,2026-07-03T21:44:11,台灣運彩,825062,3476665.1,127,2026-07-04T09:45:00+08:00,密爾瓦基釀酒人,亞利桑那響尾蛇,密爾瓦基釀酒人 @ 亞利桑那響尾蛇,51425903.1,366,[總分]單雙,252785543.1,單,,,1.48,25,12,,,
2026-07-03,2026-07-03T21:44:11,台灣運彩,825062,3476665.1,127,2026-07-04T09:45:00+08:00,密爾瓦基釀酒人,亞利桑那響尾蛇,密爾瓦基釀酒人 @ 亞利桑那響尾蛇,51425903.1,366,[總分]單雙,252785542.1,雙,,,2.00,1,1,,,
2026-07-03,2026-07-03T21:44:11,台灣運彩,825062,3476665.1,127,2026-07-04T09:45:00+08:00,密爾瓦基釀酒人,亞利桑那響尾蛇,密爾瓦基釀酒人 @ 亞利桑那響尾蛇,51425660.1,374,得分最高單局(不含延長賽),252784949.1,一樣多,,,2.25,4,5,,,
2026-07-03,2026-07-03T21:44:11,台灣運彩,825062,3476665.1,127,2026-07-04T09:45:00+08:00,密爾瓦基釀酒人,亞利桑那響尾蛇,密爾瓦基釀酒人 @ 亞利桑那響尾蛇,51425660.1,374,得分最高單局(不含延長賽),252784940.1,第1局,,,5.50,2,9,,,
2026-07-03,2026-07-03T21:44:11,台灣運彩,825062,3476665.1,127,2026-07-04T09:45:00+08:00,密爾瓦基釀酒人,亞利桑那響尾蛇,密爾瓦基釀酒人 @ 亞利桑那響尾蛇,51425660.1,374,得分最高單局(不含延長賽),252784941.1,第2局,,,6.50,2,11,,,
2026-07-03,2026-07-03T21:44:11,台灣運彩,825062,3476665.1,127,2026-07-04T09:45:00+08:00,密爾瓦基釀酒人,亞利桑那響尾蛇,密爾瓦基釀酒人 @ 亞利桑那響尾蛇,51425660.1,374,得分最高單局(不含延長賽),252784942.1,第3局,,,5.70,10,47,,,
2026-07-03,2026-07-03T21:44:11,台灣運彩,825062,3476665.1,127,2026-07-04T09:45:00+08:00,密爾瓦基釀酒人,亞利桑那響尾蛇,密爾瓦基釀酒人 @ 亞利桑那響尾蛇,51425660.1,374,得分最高單局(不含延長賽),252784943.1,第4局,,,6.25,4,21,,,
2026-07-03,2026-07-03T21:44:11,台灣運彩,825062,3476665.1,127,2026-07-04T09:45:00+08:00,密爾瓦基釀酒人,亞利桑那響尾蛇,密爾瓦基釀酒人 @ 亞利桑那響尾蛇,51425660.1,374,得分最高單局(不含延長賽),252784944.1,第5局,,,5.95,20,99,,,
2026-07-03,2026-07-03T21:44:11,台灣運彩,825062,3476665.1,127,2026-07-04T09:45:00+08:00,密爾瓦基釀酒人,亞利桑那響尾蛇,密爾瓦基釀酒人 @ 亞利桑那響尾蛇,51425660.1,374,得分最高單局(不含延長賽),252784945.1,第6局,,,6.00,1,5,,,
2026-07-03,2026-07-03T21:44:11,台灣運彩,825062,3476665.1,127,2026-07-04T09:45:00+08:00,密爾瓦基釀酒人,亞利桑那響尾蛇,密爾瓦基釀酒人 @ 亞利桑那響尾蛇,51425660.1,374,得分最高單局(不含延長賽),252784946.1,第7局,,,6.00,1,5,,,
2026-07-03,2026-07-03T21:44:11,台灣運彩,825062,3476665.1,127,2026-07-04T09:45:00+08:00,密爾瓦基釀酒人,亞利桑那響尾蛇,密爾瓦基釀酒人 @ 亞利桑那響尾蛇,51425660.1,374,得分最高單局(不含延長賽),252784947.1,第8局,,,5.90,10,49,,,
2026-07-03,2026-07-03T21:44:11,台灣運彩,825062,3476665.1,127,2026-07-04T09:45:00+08:00,密爾瓦基釀酒人,亞利桑那響尾蛇,密爾瓦基釀酒人 @ 亞利桑那響尾蛇,51425660.1,374,得分最高單局(不含延長賽),252784948.1,第9局,,,8.00,1,7,,,
2026-07-03,2026-07-03T21:44:11,台灣運彩,825062,3476665.1,127,2026-07-04T09:45:00+08:00,密爾瓦基釀酒人,亞利桑那響尾蛇,密爾瓦基釀酒人 @ 亞利桑那響尾蛇,51425651.1,376,[1-5局] 不讓分,252784920.1,亞歷桑那響尾蛇,H,,2.15,20,23,H,,1
2026-07-03,2026-07-03T21:44:11,台灣運彩,825062,3476665.1,127,2026-07-04T09:45:00+08:00,密爾瓦基釀酒人,亞利桑那響尾蛇,密爾瓦基釀酒人 @ 亞利桑那響尾蛇,51425651.1,376,[1-5局] 不讓分,252784922.1,密爾瓦基釀酒人,A,,1.60,5,3,A,,2
2026-07-03,2026-07-03T21:44:11,台灣運彩,825062,3476665.1,127,2026-07-04T09:45:00+08:00,密爾瓦基釀酒人,亞利桑那響尾蛇,密爾瓦基釀酒人 @ 亞利桑那響尾蛇,51425651.1,376,[1-5局] 不讓分,252784921.1,和局,D,,4.75,4,15,D,,
2026-07-03,2026-07-03T21:44:11,台灣運彩,825062,3476665.1,127,2026-07-04T09:45:00+08:00,密爾瓦基釀酒人,亞利桑那響尾蛇,密爾瓦基釀酒人 @ 亞利桑那響尾蛇,51425659.1,378,[1-5局] 大小 4.5,252784939.1,大 4.5,A,4.5,1.62,50,31,A,4.5,
2026-07-03,2026-07-03T21:44:11,台灣運彩,825062,3476665.1,127,2026-07-04T09:45:00+08:00,密爾瓦基釀酒人,亞利桑那響尾蛇,密爾瓦基釀酒人 @ 亞利桑那響尾蛇,51425659.1,378,[1-5局] 大小 4.5,252784938.1,小 4.5,H,4.5,1.71,100,71,H,4.5,
2026-07-03,2026-07-03T21:44:11,台灣運彩,825062,3476665.1,127,2026-07-04T09:45:00+08:00,密爾瓦基釀酒人,亞利桑那響尾蛇,密爾瓦基釀酒人 @ 亞利桑那響尾蛇,51425654.1,379,[1-5局] 亞歷桑那響尾蛇 大小 1.5,252784928.1,大 1.5,A,1.5,1.62,50,31,A,1.5,
2026-07-03,2026-07-03T21:44:11,台灣運彩,825062,3476665.1,127,2026-07-04T09:45:00+08:00,密爾瓦基釀酒人,亞利桑那響尾蛇,密爾瓦基釀酒人 @ 亞利桑那響尾蛇,51425654.1,379,[1-5局] 亞歷桑那響尾蛇 大小 1.5,252784927.1,小 1.5,H,1.5,1.82,50,41,H,1.5,
2026-07-03,2026-07-03T21:44:11,台灣運彩,825062,3476665.1,127,2026-07-04T09:45:00+08:00,密爾瓦基釀酒人,亞利桑那響尾蛇,密爾瓦基釀酒人 @ 亞利桑那響尾蛇,51425648.1,380,[1-5局] 密爾瓦基釀酒人 大小 2.5,252784915.1,大 2.5,A,2.5,1.78,50,39,A,2.5,
2026-07-03,2026-07-03T21:44:11,台灣運彩,825062,3476665.1,127,2026-07-04T09:45:00+08:00,密爾瓦基釀酒人,亞利桑那響尾蛇,密爾瓦基釀酒人 @ 亞利桑那響尾蛇,51425648.1,380,[1-5局] 密爾瓦基釀酒人 大小 2.5,252784914.1,小 2.5,H,2.5,1.65,20,13,H,2.5,
2026-07-03,2026-07-03T21:44:11,台灣運彩,825062,3476665.1,127,2026-07-04T09:45:00+08:00,密爾瓦基釀酒人,亞利桑那響尾蛇,密爾瓦基釀酒人 @ 亞利桑那響尾蛇,51425658.1,389,[第1局] 不讓分,252784935.1,亞歷桑那響尾蛇,H,,3.45,20,49,H,,1
2026-07-03,2026-07-03T21:44:11,台灣運彩,825062,3476665.1,127,2026-07-04T09:45:00+08:00,密爾瓦基釀酒人,亞利桑那響尾蛇,密爾瓦基釀酒人 @ 亞利桑那響尾蛇,51425658.1,389,[第1局] 不讓分,252784937.1,密爾瓦基釀酒人,A,,2.75,4,7,A,,2
2026-07-03,2026-07-03T21:44:11,台灣運彩,825062,3476665.1,127,2026-07-04T09:45:00+08:00,密爾瓦基釀酒人,亞利桑那響尾蛇,密爾瓦基釀酒人 @ 亞利桑那響尾蛇,51425658.1,389,[第1局] 不讓分,252784936.1,和局,D,,1.55,20,11,D,,
2026-07-03,2026-07-03T21:44:11,台灣運彩,825062,3476665.1,127,2026-07-04T09:45:00+08:00,密爾瓦基釀酒人,亞利桑那響尾蛇,密爾瓦基釀酒人 @ 亞利桑那響尾蛇,51425657.1,398,[第1局] 大小 0.5,252784934.1,大 0.5,A,0.5,1.68,25,17,A,0.5,
2026-07-03,2026-07-03T21:44:11,台灣運彩,825062,3476665.1,127,2026-07-04T09:45:00+08:00,密爾瓦基釀酒人,亞利桑那響尾蛇,密爾瓦基釀酒人 @ 亞利桑那響尾蛇,51425657.1,398,[第1局] 大小 0.5,252784933.1,小 0.5,H,0.5,1.65,20,13,H,0.5,
2026-07-03,2026-07-03T21:44:11,台灣運彩,823120,3476673.1,128,2026-07-04T10:10:00+08:00,多倫多藍鳥,西雅圖水手,多倫多藍鳥 @ 西雅圖水手,51425693.1,354,不讓分,252785020.1,西雅圖水手,H,,1.90,10,9,H,,1
2026-07-03,2026-07-03T21:44:11,台灣運彩,823120,3476673.1,128,2026-07-04T10:10:00+08:00,多倫多藍鳥,西雅圖水手,多倫多藍鳥 @ 西雅圖水手,51425693.1,354,不讓分,252785022.1,多倫多藍鳥,A,,1.60,5,3,A,,2
2026-07-03,2026-07-03T21:44:11,台灣運彩,823120,3476673.1,128,2026-07-04T10:10:00+08:00,多倫多藍鳥,西雅圖水手,多倫多藍鳥 @ 西雅圖水手,51425713.1,357,勝分差,252785074.1,多倫多藍鳥 1 分,A,,4.90,10,39,A,,
2026-07-03,2026-07-03T21:44:11,台灣運彩,823120,3476673.1,128,2026-07-04T10:10:00+08:00,多倫多藍鳥,西雅圖水手,多倫多藍鳥 @ 西雅圖水手,51425713.1,357,勝分差,252785075.1,多倫多藍鳥 2 分,A,,6.25,4,21,A,,
2026-07-03,2026-07-03T21:44:11,台灣運彩,823120,3476673.1,128,2026-07-04T10:10:00+08:00,多倫多藍鳥,西雅圖水手,多倫多藍鳥 @ 西雅圖水手,51425713.1,357,勝分差,252785076.1,多倫多藍鳥 > 2分,A,,2.40,5,7,A,,
2026-07-03,2026-07-03T21:44:11,台灣運彩,823120,3476673.1,128,2026-07-04T10:10:00+08:00,多倫多藍鳥,西雅圖水手,多倫多藍鳥 @ 西雅圖水手,51425713.1,357,勝分差,252785071.1,西雅圖水手 1 分,H,,3.90,10,29,H,,
2026-07-03,2026-07-03T21:44:11,台灣運彩,823120,3476673.1,128,2026-07-04T10:10:00+08:00,多倫多藍鳥,西雅圖水手,多倫多藍鳥 @ 西雅圖水手,51425713.1,357,勝分差,252785072.1,西雅圖水手 2 分,H,,7.25,4,25,H,,
2026-07-03,2026-07-03T21:44:11,台灣運彩,823120,3476673.1,128,2026-07-04T10:10:00+08:00,多倫多藍鳥,西雅圖水手,多倫多藍鳥 @ 西雅圖水手,51425713.1,357,勝分差,252785073.1,西雅圖水手 > 2分,H,,3.55,20,51,H,,
2026-07-03,2026-07-03T21:44:11,台灣運彩,823120,3476673.1,128,2026-07-04T10:10:00+08:00,多倫多藍鳥,西雅圖水手,多倫多藍鳥 @ 西雅圖水手,51425697.1,358,讓分 2.5,252785028.1,西雅圖水手 +2.5,H,2.5,1.32,25,8,H,2.5,1
2026-07-03,2026-07-03T21:44:11,台灣運彩,823120,3476673.1,128,2026-07-04T10:10:00+08:00,多倫多藍鳥,西雅圖水手,多倫多藍鳥 @ 西雅圖水手,51425697.1,358,讓分 2.5,252785029.1,多倫多藍鳥 -2.5,A,2.5,2.50,2,3,A,2.5,2
2026-07-03,2026-07-03T21:44:11,台灣運彩,823120,3476673.1,128,2026-07-04T10:10:00+08:00,多倫多藍鳥,西雅圖水手,多倫多藍鳥 @ 西雅圖水手,51425702.1,358,讓分 1.5,252785038.1,西雅圖水手 +1.5,H,1.5,1.52,25,13,H,1.5,1
2026-07-03,2026-07-03T21:44:11,台灣運彩,823120,3476673.1,128,2026-07-04T10:10:00+08:00,多倫多藍鳥,西雅圖水手,多倫多藍鳥 @ 西雅圖水手,51425702.1,358,讓分 1.5,252785039.1,多倫多藍鳥 -1.5,A,1.5,1.98,50,49,A,1.5,2
2026-07-03,2026-07-03T21:44:11,台灣運彩,823120,3476673.1,128,2026-07-04T10:10:00+08:00,多倫多藍鳥,西雅圖水手,多倫多藍鳥 @ 西雅圖水手,51425685.1,360,[總分]大小 7.5,252785004.1,大 7.5,A,7.5,1.90,10,9,A,7.5,
2026-07-03,2026-07-03T21:44:11,台灣運彩,823120,3476673.1,128,2026-07-04T10:10:00+08:00,多倫多藍鳥,西雅圖水手,多倫多藍鳥 @ 西雅圖水手,51425685.1,360,[總分]大小 7.5,252785003.1,小 7.5,H,7.5,1.60,5,3,H,7.5,
2026-07-03,2026-07-03T21:44:11,台灣運彩,823120,3476673.1,128,2026-07-04T10:10:00+08:00,多倫多藍鳥,西雅圖水手,多倫多藍鳥 @ 西雅圖水手,51425707.1,360,[總分]大小 6.5,252785050.1,大 6.5,A,6.5,1.53,100,53,A,6.5,
2026-07-03,2026-07-03T21:44:11,台灣運彩,823120,3476673.1,128,2026-07-04T10:10:00+08:00,多倫多藍鳥,西雅圖水手,多倫多藍鳥 @ 西雅圖水手,51425707.1,360,[總分]大小 6.5,252785049.1,小 6.5,H,6.5,1.97,100,97,H,6.5,
2026-07-03,2026-07-03T21:44:11,台灣運彩,823120,3476673.1,128,2026-07-04T10:10:00+08:00,多倫多藍鳥,西雅圖水手,多倫多藍鳥 @ 西雅圖水手,51425710.1,360,[總分]大小 8.5,252785057.1,大 8.5,A,8.5,2.20,5,6,A,8.5,
2026-07-03,2026-07-03T21:44:11,台灣運彩,823120,3476673.1,128,2026-07-04T10:10:00+08:00,多倫多藍鳥,西雅圖水手,多倫多藍鳥 @ 西雅圖水手,51425710.1,360,[總分]大小 8.5,252785056.1,小 8.5,H,8.5,1.42,50,21,H,8.5,
2026-07-03,2026-07-03T21:44:11,台灣運彩,823120,3476673.1,128,2026-07-04T10:10:00+08:00,多倫多藍鳥,西雅圖水手,多倫多藍鳥 @ 西雅圖水手,51425687.1,362,西雅圖水手 大小 3.5,252785008.1,大 3.5,A,3.5,1.93,100,93,A,3.5,
2026-07-03,2026-07-03T21:44:11,台灣運彩,823120,3476673.1,128,2026-07-04T10:10:00+08:00,多倫多藍鳥,西雅圖水手,多倫多藍鳥 @ 西雅圖水手,51425687.1,362,西雅圖水手 大小 3.5,252785007.1,小 3.5,H,3.5,1.53,100,53,H,3.5,
2026-07-03,2026-07-03T21:44:11,台灣運彩,823120,3476673.1,128,2026-07-04T10:10:00+08:00,多倫多藍鳥,西雅圖水手,多倫多藍鳥 @ 西雅圖水手,51425700.1,363,多倫多藍鳥 大小 3.5,252785035.1,大 3.5,A,3.5,1.66,50,33,A,3.5,
2026-07-03,2026-07-03T21:44:11,台灣運彩,823120,3476673.1,128,2026-07-04T10:10:00+08:00,多倫多藍鳥,西雅圖水手,多倫多藍鳥 @ 西雅圖水手,51425700.1,363,多倫多藍鳥 大小 3.5,252785034.1,小 3.5,H,3.5,1.76,25,19,H,3.5,
2026-07-03,2026-07-03T21:44:11,台灣運彩,823120,3476673.1,128,2026-07-04T10:10:00+08:00,多倫多藍鳥,西雅圖水手,多倫多藍鳥 @ 西雅圖水手,51425683.1,366,[總分]單雙,252785000.1,單,,,1.46,50,23,,,
2026-07-03,2026-07-03T21:44:11,台灣運彩,823120,3476673.1,128,2026-07-04T10:10:00+08:00,多倫多藍鳥,西雅圖水手,多倫多藍鳥 @ 西雅圖水手,51425683.1,366,[總分]單雙,252784999.1,雙,,,2.05,20,21,,,
2026-07-03,2026-07-03T21:44:11,台灣運彩,823120,3476673.1,128,2026-07-04T10:10:00+08:00,多倫多藍鳥,西雅圖水手,多倫多藍鳥 @ 西雅圖水手,51425714.1,374,得分最高單局(不含延長賽),252785086.1,一樣多,,,2.15,20,23,,,
2026-07-03,2026-07-03T21:44:11,台灣運彩,823120,3476673.1,128,2026-07-04T10:10:00+08:00,多倫多藍鳥,西雅圖水手,多倫多藍鳥 @ 西雅圖水手,51425714.1,374,得分最高單局(不含延長賽),252785077.1,第1局,,,5.25,4,17,,,
2026-07-03,2026-07-03T21:44:11,台灣運彩,823120,3476673.1,128,2026-07-04T10:10:00+08:00,多倫多藍鳥,西雅圖水手,多倫多藍鳥 @ 西雅圖水手,51425714.1,374,得分最高單局(不含延長賽),252785078.1,第2局,,,6.25,4,21,,,
2026-07-03,2026-07-03T21:44:11,台灣運彩,823120,3476673.1,128,2026-07-04T10:10:00+08:00,多倫多藍鳥,西雅圖水手,多倫多藍鳥 @ 西雅圖水手,51425714.1,374,得分最高單局(不含延長賽),252785079.1,第3局,,,5.50,2,9,,,
2026-07-03,2026-07-03T21:44:11,台灣運彩,823120,3476673.1,128,2026-07-04T10:10:00+08:00,多倫多藍鳥,西雅圖水手,多倫多藍鳥 @ 西雅圖水手,51425714.1,374,得分最高單局(不含延長賽),252785080.1,第4局,,,5.85,20,97,,,
2026-07-03,2026-07-03T21:44:11,台灣運彩,823120,3476673.1,128,2026-07-04T10:10:00+08:00,多倫多藍鳥,西雅圖水手,多倫多藍鳥 @ 西雅圖水手,51425714.1,374,得分最高單局(不含延長賽),252785081.1,第5局,,,5.80,5,24,,,
2026-07-03,2026-07-03T21:44:11,台灣運彩,823120,3476673.1,128,2026-07-04T10:10:00+08:00,多倫多藍鳥,西雅圖水手,多倫多藍鳥 @ 西雅圖水手,51425714.1,374,得分最高單局(不含延長賽),252785082.1,第6局,,,6.50,2,11,,,
2026-07-03,2026-07-03T21:44:11,台灣運彩,823120,3476673.1,128,2026-07-04T10:10:00+08:00,多倫多藍鳥,西雅圖水手,多倫多藍鳥 @ 西雅圖水手,51425714.1,374,得分最高單局(不含延長賽),252785083.1,第7局,,,6.75,4,23,,,
2026-07-03,2026-07-03T21:44:11,台灣運彩,823120,3476673.1,128,2026-07-04T10:10:00+08:00,多倫多藍鳥,西雅圖水手,多倫多藍鳥 @ 西雅圖水手,51425714.1,374,得分最高單局(不含延長賽),252785084.1,第8局,,,6.25,4,21,,,
2026-07-03,2026-07-03T21:44:11,台灣運彩,823120,3476673.1,128,2026-07-04T10:10:00+08:00,多倫多藍鳥,西雅圖水手,多倫多藍鳥 @ 西雅圖水手,51425714.1,374,得分最高單局(不含延長賽),252785085.1,第9局,,,8.00,1,7,,,
2026-07-03,2026-07-03T21:44:11,台灣運彩,823120,3476673.1,128,2026-07-04T10:10:00+08:00,多倫多藍鳥,西雅圖水手,多倫多藍鳥 @ 西雅圖水手,51425691.1,376,[1-5局] 不讓分,252785015.1,西雅圖水手,H,,2.10,10,11,H,,1
2026-07-03,2026-07-03T21:44:11,台灣運彩,823120,3476673.1,128,2026-07-04T10:10:00+08:00,多倫多藍鳥,西雅圖水手,多倫多藍鳥 @ 西雅圖水手,51425691.1,376,[1-5局] 不讓分,252785017.1,多倫多藍鳥,A,,1.70,10,7,A,,2
2026-07-03,2026-07-03T21:44:11,台灣運彩,823120,3476673.1,128,2026-07-04T10:10:00+08:00,多倫多藍鳥,西雅圖水手,多倫多藍鳥 @ 西雅圖水手,51425691.1,376,[1-5局] 不讓分,252785016.1,和局,D,,4.25,4,13,D,,
2026-07-03,2026-07-03T21:44:11,台灣運彩,823120,3476673.1,128,2026-07-04T10:10:00+08:00,多倫多藍鳥,西雅圖水手,多倫多藍鳥 @ 西雅圖水手,51425706.1,378,[1-5局] 大小 3.5,252785048.1,大 3.5,A,3.5,1.53,100,53,A,3.5,
2026-07-03,2026-07-03T21:44:11,台灣運彩,823120,3476673.1,128,2026-07-04T10:10:00+08:00,多倫多藍鳥,西雅圖水手,多倫多藍鳥 @ 西雅圖水手,51425706.1,378,[1-5局] 大小 3.5,252785046.1,小 3.5,H,3.5,1.82,50,41,H,3.5,
2026-07-03,2026-07-03T21:44:11,台灣運彩,823120,3476673.1,128,2026-07-04T10:10:00+08:00,多倫多藍鳥,西雅圖水手,多倫多藍鳥 @ 西雅圖水手,51425689.1,379,[1-5局] 西雅圖水手 大小 1.5,252785012.1,大 1.5,A,1.5,1.76,25,19,A,1.5,
2026-07-03,2026-07-03T21:44:11,台灣運彩,823120,3476673.1,128,2026-07-04T10:10:00+08:00,多倫多藍鳥,西雅圖水手,多倫多藍鳥 @ 西雅圖水手,51425689.1,379,[1-5局] 西雅圖水手 大小 1.5,252785011.1,小 1.5,H,1.5,1.66,50,33,H,1.5,
2026-07-03,2026-07-03T21:44:11,台灣運彩,823120,3476673.1,128,2026-07-04T10:10:00+08:00,多倫多藍鳥,西雅圖水手,多倫多藍鳥 @ 西雅圖水手,51425695.1,380,[1-5局] 多倫多藍鳥 大小 1.5,252785025.1,大 1.5,A,1.5,1.52,25,13,A,1.5,
2026-07-03,2026-07-03T21:44:11,台灣運彩,823120,3476673.1,128,2026-07-04T10:10:00+08:00,多倫多藍鳥,西雅圖水手,多倫多藍鳥 @ 西雅圖水手,51425695.1,380,[1-5局] 多倫多藍鳥 大小 1.5,252785024.1,小 1.5,H,1.5,1.94,50,47,H,1.5,
2026-07-03,2026-07-03T21:44:11,台灣運彩,823120,3476673.1,128,2026-07-04T10:10:00+08:00,多倫多藍鳥,西雅圖水手,多倫多藍鳥 @ 西雅圖水手,51425709.1,389,[第1局] 不讓分,252785053.1,西雅圖水手,H,,3.50,2,5,H,,1
2026-07-03,2026-07-03T21:44:11,台灣運彩,823120,3476673.1,128,2026-07-04T10:10:00+08:00,多倫多藍鳥,西雅圖水手,多倫多藍鳥 @ 西雅圖水手,51425709.1,389,[第1局] 不讓分,252785055.1,多倫多藍鳥,A,,3.05,20,41,A,,2
2026-07-03,2026-07-03T21:44:11,台灣運彩,823120,3476673.1,128,2026-07-04T10:10:00+08:00,多倫多藍鳥,西雅圖水手,多倫多藍鳥 @ 西雅圖水手,51425709.1,389,[第1局] 不讓分,252785054.1,和局,D,,1.45,20,9,D,,
2026-07-03,2026-07-03T21:44:11,台灣運彩,823120,3476673.1,128,2026-07-04T10:10:00+08:00,多倫多藍鳥,西雅圖水手,多倫多藍鳥 @ 西雅圖水手,51425704.1,398,[第1局] 大小 0.5,252785044.1,大 0.5,A,0.5,1.80,5,4,A,0.5,
2026-07-03,2026-07-03T21:44:11,台灣運彩,823120,3476673.1,128,2026-07-04T10:10:00+08:00,多倫多藍鳥,西雅圖水手,多倫多藍鳥 @ 西雅圖水手,51425704.1,398,[第1局] 大小 0.5,252785041.1,小 0.5,H,0.5,1.55,20,11,H,0.5,
2026-07-03,2026-07-03T21:44:11,台灣運彩,823933,3476674.1,130,2026-07-04T10:10:00+08:00,聖地牙哥教士,洛杉磯道奇,聖地牙哥教士 @ 洛杉磯道奇,51425692.1,354,不讓分,252785018.1,洛杉磯道奇,H,,1.23,100,23,H,,1
2026-07-03,2026-07-03T21:44:11,台灣運彩,823933,3476674.1,130,2026-07-04T10:10:00+08:00,聖地牙哥教士,洛杉磯道奇,聖地牙哥教士 @ 洛杉磯道奇,51425692.1,354,不讓分,252785019.1,聖地牙哥教士,A,,2.90,10,19,A,,2
2026-07-03,2026-07-03T21:44:11,台灣運彩,823933,3476674.1,130,2026-07-04T10:10:00+08:00,聖地牙哥教士,洛杉磯道奇,聖地牙哥教士 @ 洛杉磯道奇,51425910.1,357,勝分差,252785560.1,洛杉磯道奇 1 分,H,,3.80,5,14,H,,
2026-07-03,2026-07-03T21:44:11,台灣運彩,823933,3476674.1,130,2026-07-04T10:10:00+08:00,聖地牙哥教士,洛杉磯道奇,聖地牙哥教士 @ 洛杉磯道奇,51425910.1,357,勝分差,252785561.1,洛杉磯道奇 2 分,H,,5.80,5,24,H,,
2026-07-03,2026-07-03T21:44:11,台灣運彩,823933,3476674.1,130,2026-07-04T10:10:00+08:00,聖地牙哥教士,洛杉磯道奇,聖地牙哥教士 @ 洛杉磯道奇,51425910.1,357,勝分差,252785562.1,洛杉磯道奇 > 2分,H,,1.70,10,7,H,,
2026-07-03,2026-07-03T21:44:11,台灣運彩,823933,3476674.1,130,2026-07-04T10:10:00+08:00,聖地牙哥教士,洛杉磯道奇,聖地牙哥教士 @ 洛杉磯道奇,51425910.1,357,勝分差,252785563.1,聖地牙哥教士 1 分,A,,6.75,4,23,A,,
2026-07-03,2026-07-03T21:44:11,台灣運彩,823933,3476674.1,130,2026-07-04T10:10:00+08:00,聖地牙哥教士,洛杉磯道奇,聖地牙哥教士 @ 洛杉磯道奇,51425910.1,357,勝分差,252785564.1,聖地牙哥教士 2 分,A,,10.00,1,9,A,,
2026-07-03,2026-07-03T21:44:11,台灣運彩,823933,3476674.1,130,2026-07-04T10:10:00+08:00,聖地牙哥教士,洛杉磯道奇,聖地牙哥教士 @ 洛杉磯道奇,51425910.1,357,勝分差,252785565.1,聖地牙哥教士 > 2分,A,,5.55,20,91,A,,
2026-07-03,2026-07-03T21:44:11,台灣運彩,823933,3476674.1,130,2026-07-04T10:10:00+08:00,聖地牙哥教士,洛杉磯道奇,聖地牙哥教士 @ 洛杉磯道奇,51425690.1,358,讓分 -1.5,252785013.1,洛杉磯道奇 -1.5,H,-1.5,1.55,20,11,H,-1.5,1
2026-07-03,2026-07-03T21:44:11,台灣運彩,823933,3476674.1,130,2026-07-04T10:10:00+08:00,聖地牙哥教士,洛杉磯道奇,聖地牙哥教士 @ 洛杉磯道奇,51425690.1,358,讓分 -1.5,252785014.1,聖地牙哥教士 +1.5,A,-1.5,1.95,20,19,A,-1.5,2
2026-07-03,2026-07-03T21:44:11,台灣運彩,823933,3476674.1,130,2026-07-04T10:10:00+08:00,聖地牙哥教士,洛杉磯道奇,聖地牙哥教士 @ 洛杉磯道奇,51425694.1,358,讓分 -2.5,252785021.1,洛杉磯道奇 -2.5,H,-2.5,1.88,25,22,H,-2.5,1
2026-07-03,2026-07-03T21:44:11,台灣運彩,823933,3476674.1,130,2026-07-04T10:10:00+08:00,聖地牙哥教士,洛杉磯道奇,聖地牙哥教士 @ 洛杉磯道奇,51425694.1,358,讓分 -2.5,252785023.1,聖地牙哥教士 +2.5,A,-2.5,1.62,50,31,A,-2.5,2
2026-07-03,2026-07-03T21:44:11,台灣運彩,823933,3476674.1,130,2026-07-04T10:10:00+08:00,聖地牙哥教士,洛杉磯道奇,聖地牙哥教士 @ 洛杉磯道奇,51425696.1,360,[總分]大小 6.5,252785027.1,大 6.5,A,6.5,1.40,5,2,A,6.5,
2026-07-03,2026-07-03T21:44:11,台灣運彩,823933,3476674.1,130,2026-07-04T10:10:00+08:00,聖地牙哥教士,洛杉磯道奇,聖地牙哥教士 @ 洛杉磯道奇,51425696.1,360,[總分]大小 6.5,252785026.1,小 6.5,H,6.5,2.30,10,13,H,6.5,
2026-07-03,2026-07-03T21:44:11,台灣運彩,823933,3476674.1,130,2026-07-04T10:10:00+08:00,聖地牙哥教士,洛杉磯道奇,聖地牙哥教士 @ 洛杉磯道奇,51425699.1,360,[總分]大小 7.5,252785033.1,大 7.5,A,7.5,1.68,25,17,A,7.5,
2026-07-03,2026-07-03T21:44:11,台灣運彩,823933,3476674.1,130,2026-07-04T10:10:00+08:00,聖地牙哥教士,洛杉磯道奇,聖地牙哥教士 @ 洛杉磯道奇,51425699.1,360,[總分]大小 7.5,252785031.1,小 7.5,H,7.5,1.82,50,41,H,7.5,
2026-07-03,2026-07-03T21:44:11,台灣運彩,823933,3476674.1,130,2026-07-04T10:10:00+08:00,聖地牙哥教士,洛杉磯道奇,聖地牙哥教士 @ 洛杉磯道奇,51425701.1,360,[總分]大小 8.5,252785037.1,大 8.5,A,8.5,1.92,25,23,A,8.5,
2026-07-03,2026-07-03T21:44:11,台灣運彩,823933,3476674.1,130,2026-07-04T10:10:00+08:00,聖地牙哥教士,洛杉磯道奇,聖地牙哥教士 @ 洛杉磯道奇,51425701.1,360,[總分]大小 8.5,252785036.1,小 8.5,H,8.5,1.58,50,29,H,8.5,
2026-07-03,2026-07-03T21:44:11,台灣運彩,823933,3476674.1,130,2026-07-04T10:10:00+08:00,聖地牙哥教士,洛杉磯道奇,聖地牙哥教士 @ 洛杉磯道奇,51425909.1,362,洛杉磯道奇 大小 4.5,252785559.1,大 4.5,A,4.5,1.60,5,3,A,4.5,
2026-07-03,2026-07-03T21:44:11,台灣運彩,823933,3476674.1,130,2026-07-04T10:10:00+08:00,聖地牙哥教士,洛杉磯道奇,聖地牙哥教士 @ 洛杉磯道奇,51425909.1,362,洛杉磯道奇 大小 4.5,252785558.1,小 4.5,H,4.5,1.85,20,17,H,4.5,
2026-07-03,2026-07-03T21:44:11,台灣運彩,823933,3476674.1,130,2026-07-04T10:10:00+08:00,聖地牙哥教士,洛杉磯道奇,聖地牙哥教士 @ 洛杉磯道奇,51425908.1,363,聖地牙哥教士 大小 2.5,252785557.1,大 2.5,A,2.5,1.75,4,3,A,2.5,
2026-07-03,2026-07-03T21:44:11,台灣運彩,823933,3476674.1,130,2026-07-04T10:10:00+08:00,聖地牙哥教士,洛杉磯道奇,聖地牙哥教士 @ 洛杉磯道奇,51425908.1,363,聖地牙哥教士 大小 2.5,252785556.1,小 2.5,H,2.5,1.68,25,17,H,2.5,
2026-07-03,2026-07-03T21:44:11,台灣運彩,823933,3476674.1,130,2026-07-04T10:10:00+08:00,聖地牙哥教士,洛杉磯道奇,聖地牙哥教士 @ 洛杉磯道奇,51425907.1,366,[總分]單雙,252785555.1,單,,,1.50,2,1,,,
2026-07-03,2026-07-03T21:44:11,台灣運彩,823933,3476674.1,130,2026-07-04T10:10:00+08:00,聖地牙哥教士,洛杉磯道奇,聖地牙哥教士 @ 洛杉磯道奇,51425907.1,366,[總分]單雙,252785554.1,雙,,,1.96,25,24,,,
2026-07-03,2026-07-03T21:44:11,台灣運彩,823933,3476674.1,130,2026-07-04T10:10:00+08:00,聖地牙哥教士,洛杉磯道奇,聖地牙哥教士 @ 洛杉磯道奇,51425711.1,374,得分最高單局(不含延長賽),252785067.1,一樣多,,,2.20,5,6,,,
2026-07-03,2026-07-03T21:44:11,台灣運彩,823933,3476674.1,130,2026-07-04T10:10:00+08:00,聖地牙哥教士,洛杉磯道奇,聖地牙哥教士 @ 洛杉磯道奇,51425711.1,374,得分最高單局(不含延長賽),252785058.1,第1局,,,5.45,20,89,,,
2026-07-03,2026-07-03T21:44:11,台灣運彩,823933,3476674.1,130,2026-07-04T10:10:00+08:00,聖地牙哥教士,洛杉磯道奇,聖地牙哥教士 @ 洛杉磯道奇,51425711.1,374,得分最高單局(不含延長賽),252785059.1,第2局,,,6.25,4,21,,,
2026-07-03,2026-07-03T21:44:11,台灣運彩,823933,3476674.1,130,2026-07-04T10:10:00+08:00,聖地牙哥教士,洛杉磯道奇,聖地牙哥教士 @ 洛杉磯道奇,51425711.1,374,得分最高單局(不含延長賽),252785060.1,第3局,,,5.90,10,49,,,
2026-07-03,2026-07-03T21:44:11,台灣運彩,823933,3476674.1,130,2026-07-04T10:10:00+08:00,聖地牙哥教士,洛杉磯道奇,聖地牙哥教士 @ 洛杉磯道奇,51425711.1,374,得分最高單局(不含延長賽),252785061.1,第4局,,,6.25,4,21,,,
2026-07-03,2026-07-03T21:44:11,台灣運彩,823933,3476674.1,130,2026-07-04T10:10:00+08:00,聖地牙哥教士,洛杉磯道奇,聖地牙哥教士 @ 洛杉磯道奇,51425711.1,374,得分最高單局(不含延長賽),252785062.1,第5局,,,5.90,10,49,,,
2026-07-03,2026-07-03T21:44:11,台灣運彩,823933,3476674.1,130,2026-07-04T10:10:00+08:00,聖地牙哥教士,洛杉磯道奇,聖地牙哥教士 @ 洛杉磯道奇,51425711.1,374,得分最高單局(不含延長賽),252785063.1,第6局,,,5.60,5,23,,,
2026-07-03,2026-07-03T21:44:11,台灣運彩,823933,3476674.1,130,2026-07-04T10:10:00+08:00,聖地牙哥教士,洛杉磯道奇,聖地牙哥教士 @ 洛杉磯道奇,51425711.1,374,得分最高單局(不含延長賽),252785064.1,第7局,,,5.75,4,19,,,
2026-07-03,2026-07-03T21:44:11,台灣運彩,823933,3476674.1,130,2026-07-04T10:10:00+08:00,聖地牙哥教士,洛杉磯道奇,聖地牙哥教士 @ 洛杉磯道奇,51425711.1,374,得分最高單局(不含延長賽),252785065.1,第8局,,,5.80,5,24,,,
2026-07-03,2026-07-03T21:44:11,台灣運彩,823933,3476674.1,130,2026-07-04T10:10:00+08:00,聖地牙哥教士,洛杉磯道奇,聖地牙哥教士 @ 洛杉磯道奇,51425711.1,374,得分最高單局(不含延長賽),252785066.1,第9局,,,8.00,1,7,,,
2026-07-03,2026-07-03T21:44:11,台灣運彩,823933,3476674.1,130,2026-07-04T10:10:00+08:00,聖地牙哥教士,洛杉磯道奇,聖地牙哥教士 @ 洛杉磯道奇,51425712.1,376,[1-5局] 不讓分,252785068.1,洛杉磯道奇,H,,1.35,20,7,H,,1
2026-07-03,2026-07-03T21:44:11,台灣運彩,823933,3476674.1,130,2026-07-04T10:10:00+08:00,聖地牙哥教士,洛杉磯道奇,聖地牙哥教士 @ 洛杉磯道奇,51425712.1,376,[1-5局] 不讓分,252785070.1,聖地牙哥教士,A,,3.00,1,2,A,,2
2026-07-03,2026-07-03T21:44:11,台灣運彩,823933,3476674.1,130,2026-07-04T10:10:00+08:00,聖地牙哥教士,洛杉磯道奇,聖地牙哥教士 @ 洛杉磯道奇,51425712.1,376,[1-5局] 不讓分,252785069.1,和局,D,,4.60,5,18,D,,
2026-07-03,2026-07-03T21:44:11,台灣運彩,823933,3476674.1,130,2026-07-04T10:10:00+08:00,聖地牙哥教士,洛杉磯道奇,聖地牙哥教士 @ 洛杉磯道奇,51425708.1,378,[1-5局] 大小 4.5,252785052.1,大 4.5,A,4.5,1.75,4,3,A,4.5,
2026-07-03,2026-07-03T21:44:11,台灣運彩,823933,3476674.1,130,2026-07-04T10:10:00+08:00,聖地牙哥教士,洛杉磯道奇,聖地牙哥教士 @ 洛杉磯道奇,51425708.1,378,[1-5局] 大小 4.5,252785051.1,小 4.5,H,4.5,1.58,50,29,H,4.5,
2026-07-03,2026-07-03T21:44:11,台灣運彩,823933,3476674.1,130,2026-07-04T10:10:00+08:00,聖地牙哥教士,洛杉磯道奇,聖地牙哥教士 @ 洛杉磯道奇,51425688.1,379,[1-5局] 洛杉磯道奇 大小 2.5,252785010.1,大 2.5,A,2.5,1.63,100,63,A,2.5,
2026-07-03,2026-07-03T21:44:11,台灣運彩,823933,3476674.1,130,2026-07-04T10:10:00+08:00,聖地牙哥教士,洛杉磯道奇,聖地牙哥教士 @ 洛杉磯道奇,51425688.1,379,[1-5局] 洛杉磯道奇 大小 2.5,252785009.1,小 2.5,H,2.5,1.80,5,4,H,2.5,
2026-07-03,2026-07-03T21:44:11,台灣運彩,823933,3476674.1,130,2026-07-04T10:10:00+08:00,聖地牙哥教士,洛杉磯道奇,聖地牙哥教士 @ 洛杉磯道奇,51425684.1,380,[1-5局] 聖地牙哥教士 大小 1.5,252785002.1,大 1.5,A,1.5,2.15,20,23,A,1.5,
2026-07-03,2026-07-03T21:44:11,台灣運彩,823933,3476674.1,130,2026-07-04T10:10:00+08:00,聖地牙哥教士,洛杉磯道奇,聖地牙哥教士 @ 洛杉磯道奇,51425684.1,380,[1-5局] 聖地牙哥教士 大小 1.5,252785001.1,小 1.5,H,1.5,1.42,50,21,H,1.5,
2026-07-03,2026-07-03T21:44:11,台灣運彩,823933,3476674.1,130,2026-07-04T10:10:00+08:00,聖地牙哥教士,洛杉磯道奇,聖地牙哥教士 @ 洛杉磯道奇,51425703.1,389,[第1局] 不讓分,252785040.1,洛杉磯道奇,H,,2.30,10,13,H,,1
2026-07-03,2026-07-03T21:44:11,台灣運彩,823933,3476674.1,130,2026-07-04T10:10:00+08:00,聖地牙哥教士,洛杉磯道奇,聖地牙哥教士 @ 洛杉磯道奇,51425703.1,389,[第1局] 不讓分,252785043.1,聖地牙哥教士,A,,4.95,20,79,A,,2
2026-07-03,2026-07-03T21:44:11,台灣運彩,823933,3476674.1,130,2026-07-04T10:10:00+08:00,聖地牙哥教士,洛杉磯道奇,聖地牙哥教士 @ 洛杉磯道奇,51425703.1,389,[第1局] 不讓分,252785042.1,和局,D,,1.50,2,1,D,,
2026-07-03,2026-07-03T21:44:11,台灣運彩,823933,3476674.1,130,2026-07-04T10:10:00+08:00,聖地牙哥教士,洛杉磯道奇,聖地牙哥教士 @ 洛杉磯道奇,51425705.1,398,[第1局] 大小 0.5,252785047.1,大 0.5,A,0.5,1.73,100,73,A,0.5,
2026-07-03,2026-07-03T21:44:11,台灣運彩,823933,3476674.1,130,2026-07-04T10:10:00+08:00,聖地牙哥教士,洛杉磯道奇,聖地牙哥教士 @ 洛杉磯道奇,51425705.1,398,[第1局] 大小 0.5,252785045.1,小 0.5,H,0.5,1.60,5,3,H,0.5,
