date,captured_at_tw,sportsbook,game_pk,official_event_id,event_no,kickoff_tw,away_zh,home_zh,matchup_zh,market_id,market_ti,market_name,selection_id,selection_name,selection_side,selection_line,odds_decimal,pd,pu,raw_v,raw_hv,raw_cn
2026-08-02,2026-08-02T00:07:30,台灣運彩,822783,3480587.1,105,2026-08-02T03:07:00+08:00,聖路易紅雀,多倫多藍鳥,聖路易紅雀 @ 多倫多藍鳥,51499658.1,354,不讓分,253012504.1,多倫多藍鳥,H,,1.48,25,12,H,,1
2026-08-02,2026-08-02T00:07:30,台灣運彩,822783,3480587.1,105,2026-08-02T03:07:00+08:00,聖路易紅雀,多倫多藍鳥,聖路易紅雀 @ 多倫多藍鳥,51499658.1,354,不讓分,253012505.1,聖路易紅雀,A,,2.05,20,21,A,,2
2026-08-02,2026-08-02T00:07:30,台灣運彩,822783,3480587.1,105,2026-08-02T03:07:00+08:00,聖路易紅雀,多倫多藍鳥,聖路易紅雀 @ 多倫多藍鳥,51499668.1,357,勝分差,253012524.1,多倫多藍鳥 1 分,H,,4.00,1,3,H,,
2026-08-02,2026-08-02T00:07:30,台灣運彩,822783,3480587.1,105,2026-08-02T03:07:00+08:00,聖路易紅雀,多倫多藍鳥,聖路易紅雀 @ 多倫多藍鳥,51499668.1,357,勝分差,253012525.1,多倫多藍鳥 2 分,H,,6.50,2,11,H,,
2026-08-02,2026-08-02T00:07:30,台灣運彩,822783,3480587.1,105,2026-08-02T03:07:00+08:00,聖路易紅雀,多倫多藍鳥,聖路易紅雀 @ 多倫多藍鳥,51499668.1,357,勝分差,253012526.1,多倫多藍鳥 > 2分,H,,2.35,20,27,H,,
2026-08-02,2026-08-02T00:07:30,台灣運彩,822783,3480587.1,105,2026-08-02T03:07:00+08:00,聖路易紅雀,多倫多藍鳥,聖路易紅雀 @ 多倫多藍鳥,51499668.1,357,勝分差,253012527.1,聖路易紅雀 1 分,A,,5.85,20,97,A,,
2026-08-02,2026-08-02T00:07:30,台灣運彩,822783,3480587.1,105,2026-08-02T03:07:00+08:00,聖路易紅雀,多倫多藍鳥,聖路易紅雀 @ 多倫多藍鳥,51499668.1,357,勝分差,253012528.1,聖路易紅雀 2 分,A,,7.75,4,27,A,,
2026-08-02,2026-08-02T00:07:30,台灣運彩,822783,3480587.1,105,2026-08-02T03:07:00+08:00,聖路易紅雀,多倫多藍鳥,聖路易紅雀 @ 多倫多藍鳥,51499668.1,357,勝分差,253012529.1,聖路易紅雀 > 2分,A,,3.15,20,43,A,,
2026-08-02,2026-08-02T00:07:30,台灣運彩,822783,3480587.1,105,2026-08-02T03:07:00+08:00,聖路易紅雀,多倫多藍鳥,聖路易紅雀 @ 多倫多藍鳥,51499661.1,358,讓分 -2.5,253012510.1,多倫多藍鳥 -2.5,H,-2.5,2.45,20,29,H,-2.5,1
2026-08-02,2026-08-02T00:07:30,台灣運彩,822783,3480587.1,105,2026-08-02T03:07:00+08:00,聖路易紅雀,多倫多藍鳥,聖路易紅雀 @ 多倫多藍鳥,51499661.1,358,讓分 -2.5,253012511.1,聖路易紅雀 +2.5,A,-2.5,1.35,20,7,A,-2.5,2
2026-08-02,2026-08-02T00:07:30,台灣運彩,822783,3480587.1,105,2026-08-02T03:07:00+08:00,聖路易紅雀,多倫多藍鳥,聖路易紅雀 @ 多倫多藍鳥,51499667.1,358,讓分 -1.5,253012522.1,多倫多藍鳥 -1.5,H,-1.5,1.97,100,97,H,-1.5,1
2026-08-02,2026-08-02T00:07:30,台灣運彩,822783,3480587.1,105,2026-08-02T03:07:00+08:00,聖路易紅雀,多倫多藍鳥,聖路易紅雀 @ 多倫多藍鳥,51499667.1,358,讓分 -1.5,253012523.1,聖路易紅雀 +1.5,A,-1.5,1.53,100,53,A,-1.5,2
2026-08-02,2026-08-02T00:07:30,台灣運彩,822783,3480587.1,105,2026-08-02T03:07:00+08:00,聖路易紅雀,多倫多藍鳥,聖路易紅雀 @ 多倫多藍鳥,51499660.1,360,[總分]大小 9.5,253012509.1,大 9.5,A,9.5,2.10,10,11,A,9.5,
2026-08-02,2026-08-02T00:07:30,台灣運彩,822783,3480587.1,105,2026-08-02T03:07:00+08:00,聖路易紅雀,多倫多藍鳥,聖路易紅雀 @ 多倫多藍鳥,51499660.1,360,[總分]大小 9.5,253012508.1,小 9.5,H,9.5,1.45,20,9,H,9.5,
2026-08-02,2026-08-02T00:07:30,台灣運彩,822783,3480587.1,105,2026-08-02T03:07:00+08:00,聖路易紅雀,多倫多藍鳥,聖路易紅雀 @ 多倫多藍鳥,51499662.1,360,[總分]大小 7.5,253012513.1,大 7.5,A,7.5,1.55,20,11,A,7.5,
2026-08-02,2026-08-02T00:07:30,台灣運彩,822783,3480587.1,105,2026-08-02T03:07:00+08:00,聖路易紅雀,多倫多藍鳥,聖路易紅雀 @ 多倫多藍鳥,51499662.1,360,[總分]大小 7.5,253012512.1,小 7.5,H,7.5,1.95,20,19,H,7.5,
2026-08-02,2026-08-02T00:07:30,台灣運彩,822783,3480587.1,105,2026-08-02T03:07:00+08:00,聖路易紅雀,多倫多藍鳥,聖路易紅雀 @ 多倫多藍鳥,51499665.1,360,[總分]大小 8.5,253012519.1,大 8.5,A,8.5,1.78,50,39,A,8.5,
2026-08-02,2026-08-02T00:07:30,台灣運彩,822783,3480587.1,105,2026-08-02T03:07:00+08:00,聖路易紅雀,多倫多藍鳥,聖路易紅雀 @ 多倫多藍鳥,51499665.1,360,[總分]大小 8.5,253012518.1,小 8.5,H,8.5,1.72,25,18,H,8.5,
2026-08-02,2026-08-02T00:07:30,台灣運彩,822783,3480587.1,105,2026-08-02T03:07:00+08:00,聖路易紅雀,多倫多藍鳥,聖路易紅雀 @ 多倫多藍鳥,51499666.1,362,多倫多藍鳥 大小 4.5,253012521.1,大 4.5,A,4.5,1.80,5,4,A,4.5,
2026-08-02,2026-08-02T00:07:30,台灣運彩,822783,3480587.1,105,2026-08-02T03:07:00+08:00,聖路易紅雀,多倫多藍鳥,聖路易紅雀 @ 多倫多藍鳥,51499666.1,362,多倫多藍鳥 大小 4.5,253012520.1,小 4.5,H,4.5,1.63,100,63,H,4.5,
2026-08-02,2026-08-02T00:07:30,台灣運彩,822783,3480587.1,105,2026-08-02T03:07:00+08:00,聖路易紅雀,多倫多藍鳥,聖路易紅雀 @ 多倫多藍鳥,51499664.1,363,聖路易紅雀 大小 3.5,253012517.1,大 3.5,A,3.5,1.70,10,7,A,3.5,
2026-08-02,2026-08-02T00:07:30,台灣運彩,822783,3480587.1,105,2026-08-02T03:07:00+08:00,聖路易紅雀,多倫多藍鳥,聖路易紅雀 @ 多倫多藍鳥,51499664.1,363,聖路易紅雀 大小 3.5,253012516.1,小 3.5,H,3.5,1.73,100,73,H,3.5,
2026-08-02,2026-08-02T00:07:30,台灣運彩,822783,3480587.1,105,2026-08-02T03:07:00+08:00,聖路易紅雀,多倫多藍鳥,聖路易紅雀 @ 多倫多藍鳥,51499659.1,366,[總分]單雙,253012507.1,單,,,1.48,25,12,,,
2026-08-02,2026-08-02T00:07:30,台灣運彩,822783,3480587.1,105,2026-08-02T03:07:00+08:00,聖路易紅雀,多倫多藍鳥,聖路易紅雀 @ 多倫多藍鳥,51499659.1,366,[總分]單雙,253012506.1,雙,,,2.00,1,1,,,
2026-08-02,2026-08-02T00:07:30,台灣運彩,822783,3480587.1,105,2026-08-02T03:07:00+08:00,聖路易紅雀,多倫多藍鳥,聖路易紅雀 @ 多倫多藍鳥,51501049.1,374,得分最高單局(不含延長賽),253016797.1,一樣多,,,2.25,4,5,,,
2026-08-02,2026-08-02T00:07:30,台灣運彩,822783,3480587.1,105,2026-08-02T03:07:00+08:00,聖路易紅雀,多倫多藍鳥,聖路易紅雀 @ 多倫多藍鳥,51501049.1,374,得分最高單局(不含延長賽),253016788.1,第1局,,,5.30,10,43,,,
2026-08-02,2026-08-02T00:07:30,台灣運彩,822783,3480587.1,105,2026-08-02T03:07:00+08:00,聖路易紅雀,多倫多藍鳥,聖路易紅雀 @ 多倫多藍鳥,51501049.1,374,得分最高單局(不含延長賽),253016789.1,第2局,,,6.25,4,21,,,
2026-08-02,2026-08-02T00:07:30,台灣運彩,822783,3480587.1,105,2026-08-02T03:07:00+08:00,聖路易紅雀,多倫多藍鳥,聖路易紅雀 @ 多倫多藍鳥,51501049.1,374,得分最高單局(不含延長賽),253016790.1,第3局,,,5.50,2,9,,,
2026-08-02,2026-08-02T00:07:30,台灣運彩,822783,3480587.1,105,2026-08-02T03:07:00+08:00,聖路易紅雀,多倫多藍鳥,聖路易紅雀 @ 多倫多藍鳥,51501049.1,374,得分最高單局(不含延長賽),253016791.1,第4局,,,5.95,20,99,,,
2026-08-02,2026-08-02T00:07:30,台灣運彩,822783,3480587.1,105,2026-08-02T03:07:00+08:00,聖路易紅雀,多倫多藍鳥,聖路易紅雀 @ 多倫多藍鳥,51501049.1,374,得分最高單局(不含延長賽),253016792.1,第5局,,,5.80,5,24,,,
2026-08-02,2026-08-02T00:07:30,台灣運彩,822783,3480587.1,105,2026-08-02T03:07:00+08:00,聖路易紅雀,多倫多藍鳥,聖路易紅雀 @ 多倫多藍鳥,51501049.1,374,得分最高單局(不含延長賽),253016793.1,第6局,,,6.25,4,21,,,
2026-08-02,2026-08-02T00:07:30,台灣運彩,822783,3480587.1,105,2026-08-02T03:07:00+08:00,聖路易紅雀,多倫多藍鳥,聖路易紅雀 @ 多倫多藍鳥,51501049.1,374,得分最高單局(不含延長賽),253016794.1,第7局,,,6.25,4,21,,,
2026-08-02,2026-08-02T00:07:30,台灣運彩,822783,3480587.1,105,2026-08-02T03:07:00+08:00,聖路易紅雀,多倫多藍鳥,聖路易紅雀 @ 多倫多藍鳥,51501049.1,374,得分最高單局(不含延長賽),253016795.1,第8局,,,6.00,1,5,,,
2026-08-02,2026-08-02T00:07:30,台灣運彩,822783,3480587.1,105,2026-08-02T03:07:00+08:00,聖路易紅雀,多倫多藍鳥,聖路易紅雀 @ 多倫多藍鳥,51501049.1,374,得分最高單局(不含延長賽),253016796.1,第9局,,,8.00,1,7,,,
2026-08-02,2026-08-02T00:07:30,台灣運彩,822783,3480587.1,105,2026-08-02T03:07:00+08:00,聖路易紅雀,多倫多藍鳥,聖路易紅雀 @ 多倫多藍鳥,51501048.1,376,[1-5局] 不讓分,253016785.1,多倫多藍鳥,H,,1.65,20,13,H,,1
2026-08-02,2026-08-02T00:07:30,台灣運彩,822783,3480587.1,105,2026-08-02T03:07:00+08:00,聖路易紅雀,多倫多藍鳥,聖路易紅雀 @ 多倫多藍鳥,51501048.1,376,[1-5局] 不讓分,253016787.1,聖路易紅雀,A,,2.05,20,21,A,,2
2026-08-02,2026-08-02T00:07:30,台灣運彩,822783,3480587.1,105,2026-08-02T03:07:00+08:00,聖路易紅雀,多倫多藍鳥,聖路易紅雀 @ 多倫多藍鳥,51501048.1,376,[1-5局] 不讓分,253016786.1,和局,D,,4.75,4,15,D,,
2026-08-02,2026-08-02T00:07:30,台灣運彩,822783,3480587.1,105,2026-08-02T03:07:00+08:00,聖路易紅雀,多倫多藍鳥,聖路易紅雀 @ 多倫多藍鳥,51501044.1,378,[1-5局] 大小 4.5,253016777.1,大 4.5,A,4.5,1.63,100,63,A,4.5,
2026-08-02,2026-08-02T00:07:30,台灣運彩,822783,3480587.1,105,2026-08-02T03:07:00+08:00,聖路易紅雀,多倫多藍鳥,聖路易紅雀 @ 多倫多藍鳥,51501044.1,378,[1-5局] 大小 4.5,253016776.1,小 4.5,H,4.5,1.70,10,7,H,4.5,
2026-08-02,2026-08-02T00:07:30,台灣運彩,822783,3480587.1,105,2026-08-02T03:07:00+08:00,聖路易紅雀,多倫多藍鳥,聖路易紅雀 @ 多倫多藍鳥,51501045.1,379,[1-5局] 多倫多藍鳥 大小 2.5,253016779.1,大 2.5,A,2.5,1.85,20,17,A,2.5,
2026-08-02,2026-08-02T00:07:30,台灣運彩,822783,3480587.1,105,2026-08-02T03:07:00+08:00,聖路易紅雀,多倫多藍鳥,聖路易紅雀 @ 多倫多藍鳥,51501045.1,379,[1-5局] 多倫多藍鳥 大小 2.5,253016778.1,小 2.5,H,2.5,1.60,5,3,H,2.5,
2026-08-02,2026-08-02T00:07:30,台灣運彩,822783,3480587.1,105,2026-08-02T03:07:00+08:00,聖路易紅雀,多倫多藍鳥,聖路易紅雀 @ 多倫多藍鳥,51501043.1,380,[1-5局] 聖路易紅雀 大小 1.5,253016775.1,大 1.5,A,1.5,1.60,5,3,A,1.5,
2026-08-02,2026-08-02T00:07:30,台灣運彩,822783,3480587.1,105,2026-08-02T03:07:00+08:00,聖路易紅雀,多倫多藍鳥,聖路易紅雀 @ 多倫多藍鳥,51501043.1,380,[1-5局] 聖路易紅雀 大小 1.5,253016774.1,小 1.5,H,1.5,1.85,20,17,H,1.5,
2026-08-02,2026-08-02T00:07:30,台灣運彩,822783,3480587.1,105,2026-08-02T03:07:00+08:00,聖路易紅雀,多倫多藍鳥,聖路易紅雀 @ 多倫多藍鳥,51501047.1,389,[第1局] 不讓分,253016782.1,多倫多藍鳥,H,,2.70,10,17,H,,1
2026-08-02,2026-08-02T00:07:30,台灣運彩,822783,3480587.1,105,2026-08-02T03:07:00+08:00,聖路易紅雀,多倫多藍鳥,聖路易紅雀 @ 多倫多藍鳥,51501047.1,389,[第1局] 不讓分,253016784.1,聖路易紅雀,A,,3.50,2,5,A,,2
2026-08-02,2026-08-02T00:07:30,台灣運彩,822783,3480587.1,105,2026-08-02T03:07:00+08:00,聖路易紅雀,多倫多藍鳥,聖路易紅雀 @ 多倫多藍鳥,51501047.1,389,[第1局] 不讓分,253016783.1,和局,D,,1.55,20,11,D,,
2026-08-02,2026-08-02T00:07:30,台灣運彩,822783,3480587.1,105,2026-08-02T03:07:00+08:00,聖路易紅雀,多倫多藍鳥,聖路易紅雀 @ 多倫多藍鳥,51501046.1,398,[第1局] 大小 0.5,253016781.1,大 0.5,A,0.5,1.68,25,17,A,0.5,
2026-08-02,2026-08-02T00:07:30,台灣運彩,822783,3480587.1,105,2026-08-02T03:07:00+08:00,聖路易紅雀,多倫多藍鳥,聖路易紅雀 @ 多倫多藍鳥,51501046.1,398,[第1局] 大小 0.5,253016780.1,小 0.5,H,0.5,1.65,20,13,H,0.5,
2026-08-02,2026-08-02T00:07:30,台灣運彩,823107,3480595.1,107,2026-08-02T04:10:00+08:00,明尼蘇達雙城,西雅圖水手,明尼蘇達雙城 @ 西雅圖水手,51499791.1,354,不讓分,253012923.1,西雅圖水手,H,,1.43,100,43,H,,1
2026-08-02,2026-08-02T00:07:30,台灣運彩,823107,3480595.1,107,2026-08-02T04:10:00+08:00,明尼蘇達雙城,西雅圖水手,明尼蘇達雙城 @ 西雅圖水手,51499791.1,354,不讓分,253012924.1,明尼蘇達雙城,A,,2.15,20,23,A,,2
2026-08-02,2026-08-02T00:07:30,台灣運彩,823107,3480595.1,107,2026-08-02T04:10:00+08:00,明尼蘇達雙城,西雅圖水手,明尼蘇達雙城 @ 西雅圖水手,51499800.1,357,勝分差,253012944.1,明尼蘇達雙城 1 分,A,,5.40,5,22,A,,
2026-08-02,2026-08-02T00:07:30,台灣運彩,823107,3480595.1,107,2026-08-02T04:10:00+08:00,明尼蘇達雙城,西雅圖水手,明尼蘇達雙城 @ 西雅圖水手,51499800.1,357,勝分差,253012945.1,明尼蘇達雙城 2 分,A,,8.00,1,7,A,,
2026-08-02,2026-08-02T00:07:30,台灣運彩,823107,3480595.1,107,2026-08-02T04:10:00+08:00,明尼蘇達雙城,西雅圖水手,明尼蘇達雙城 @ 西雅圖水手,51499800.1,357,勝分差,253012946.1,明尼蘇達雙城 > 2分,A,,3.55,20,51,A,,
2026-08-02,2026-08-02T00:07:30,台灣運彩,823107,3480595.1,107,2026-08-02T04:10:00+08:00,明尼蘇達雙城,西雅圖水手,明尼蘇達雙城 @ 西雅圖水手,51499800.1,357,勝分差,253012941.1,西雅圖水手 1 分,H,,3.65,20,53,H,,
2026-08-02,2026-08-02T00:07:30,台灣運彩,823107,3480595.1,107,2026-08-02T04:10:00+08:00,明尼蘇達雙城,西雅圖水手,明尼蘇達雙城 @ 西雅圖水手,51499800.1,357,勝分差,253012942.1,西雅圖水手 2 分,H,,6.25,4,21,H,,
2026-08-02,2026-08-02T00:07:30,台灣運彩,823107,3480595.1,107,2026-08-02T04:10:00+08:00,明尼蘇達雙城,西雅圖水手,明尼蘇達雙城 @ 西雅圖水手,51499800.1,357,勝分差,253012943.1,西雅圖水手 > 2分,H,,2.35,20,27,H,,
2026-08-02,2026-08-02T00:07:30,台灣運彩,823107,3480595.1,107,2026-08-02T04:10:00+08:00,明尼蘇達雙城,西雅圖水手,明尼蘇達雙城 @ 西雅圖水手,51499793.1,358,讓分 -2.5,253012927.1,西雅圖水手 -2.5,H,-2.5,2.47,100,147,H,-2.5,1
2026-08-02,2026-08-02T00:07:30,台灣運彩,823107,3480595.1,107,2026-08-02T04:10:00+08:00,明尼蘇達雙城,西雅圖水手,明尼蘇達雙城 @ 西雅圖水手,51499793.1,358,讓分 -2.5,253012928.1,明尼蘇達雙城 +2.5,A,-2.5,1.33,100,33,A,-2.5,2
2026-08-02,2026-08-02T00:07:30,台灣運彩,823107,3480595.1,107,2026-08-02T04:10:00+08:00,明尼蘇達雙城,西雅圖水手,明尼蘇達雙城 @ 西雅圖水手,51499795.1,358,讓分 -1.5,253012931.1,西雅圖水手 -1.5,H,-1.5,1.95,20,19,H,-1.5,1
2026-08-02,2026-08-02T00:07:30,台灣運彩,823107,3480595.1,107,2026-08-02T04:10:00+08:00,明尼蘇達雙城,西雅圖水手,明尼蘇達雙城 @ 西雅圖水手,51499795.1,358,讓分 -1.5,253012932.1,明尼蘇達雙城 +1.5,A,-1.5,1.55,20,11,A,-1.5,2
2026-08-02,2026-08-02T00:07:30,台灣運彩,823107,3480595.1,107,2026-08-02T04:10:00+08:00,明尼蘇達雙城,西雅圖水手,明尼蘇達雙城 @ 西雅圖水手,51499794.1,360,[總分]大小 6.5,253012930.1,大 6.5,A,6.5,1.50,2,1,A,6.5,
2026-08-02,2026-08-02T00:07:30,台灣運彩,823107,3480595.1,107,2026-08-02T04:10:00+08:00,明尼蘇達雙城,西雅圖水手,明尼蘇達雙城 @ 西雅圖水手,51499794.1,360,[總分]大小 6.5,253012929.1,小 6.5,H,6.5,2.00,1,1,H,6.5,
2026-08-02,2026-08-02T00:07:30,台灣運彩,823107,3480595.1,107,2026-08-02T04:10:00+08:00,明尼蘇達雙城,西雅圖水手,明尼蘇達雙城 @ 西雅圖水手,51499798.1,360,[總分]大小 8.5,253012938.1,大 8.5,A,8.5,2.10,10,11,A,8.5,
2026-08-02,2026-08-02T00:07:30,台灣運彩,823107,3480595.1,107,2026-08-02T04:10:00+08:00,明尼蘇達雙城,西雅圖水手,明尼蘇達雙城 @ 西雅圖水手,51499798.1,360,[總分]大小 8.5,253012937.1,小 8.5,H,8.5,1.45,20,9,H,8.5,
2026-08-02,2026-08-02T00:07:30,台灣運彩,823107,3480595.1,107,2026-08-02T04:10:00+08:00,明尼蘇達雙城,西雅圖水手,明尼蘇達雙城 @ 西雅圖水手,51499799.1,360,[總分]大小 7.5,253012940.1,大 7.5,A,7.5,1.85,20,17,A,7.5,
2026-08-02,2026-08-02T00:07:30,台灣運彩,823107,3480595.1,107,2026-08-02T04:10:00+08:00,明尼蘇達雙城,西雅圖水手,明尼蘇達雙城 @ 西雅圖水手,51499799.1,360,[總分]大小 7.5,253012939.1,小 7.5,H,7.5,1.65,20,13,H,7.5,
2026-08-02,2026-08-02T00:07:30,台灣運彩,823107,3480595.1,107,2026-08-02T04:10:00+08:00,明尼蘇達雙城,西雅圖水手,明尼蘇達雙城 @ 西雅圖水手,51501490.1,362,西雅圖水手 大小 3.5,253017962.1,大 3.5,A,3.5,1.60,5,3,A,3.5,
2026-08-02,2026-08-02T00:07:30,台灣運彩,823107,3480595.1,107,2026-08-02T04:10:00+08:00,明尼蘇達雙城,西雅圖水手,明尼蘇達雙城 @ 西雅圖水手,51501490.1,362,西雅圖水手 大小 3.5,253017961.1,小 3.5,H,3.5,1.85,20,17,H,3.5,
2026-08-02,2026-08-02T00:07:30,台灣運彩,823107,3480595.1,107,2026-08-02T04:10:00+08:00,明尼蘇達雙城,西雅圖水手,明尼蘇達雙城 @ 西雅圖水手,51502112.1,363,明尼蘇達雙城 大小 2.5,253020145.1,大 2.5,A,2.5,1.55,20,11,A,2.5,
2026-08-02,2026-08-02T00:07:30,台灣運彩,823107,3480595.1,107,2026-08-02T04:10:00+08:00,明尼蘇達雙城,西雅圖水手,明尼蘇達雙城 @ 西雅圖水手,51502112.1,363,明尼蘇達雙城 大小 2.5,253020144.1,小 2.5,H,2.5,1.90,10,9,H,2.5,
2026-08-02,2026-08-02T00:07:30,台灣運彩,823107,3480595.1,107,2026-08-02T04:10:00+08:00,明尼蘇達雙城,西雅圖水手,明尼蘇達雙城 @ 西雅圖水手,51499790.1,366,[總分]單雙,253012922.1,單,,,1.46,50,23,,,
2026-08-02,2026-08-02T00:07:30,台灣運彩,823107,3480595.1,107,2026-08-02T04:10:00+08:00,明尼蘇達雙城,西雅圖水手,明尼蘇達雙城 @ 西雅圖水手,51499790.1,366,[總分]單雙,253012921.1,雙,,,2.05,20,21,,,
2026-08-02,2026-08-02T00:07:30,台灣運彩,823107,3480595.1,107,2026-08-02T04:10:00+08:00,明尼蘇達雙城,西雅圖水手,明尼蘇達雙城 @ 西雅圖水手,51501070.1,374,得分最高單局(不含延長賽),253016869.1,一樣多,,,2.20,5,6,,,
2026-08-02,2026-08-02T00:07:30,台灣運彩,823107,3480595.1,107,2026-08-02T04:10:00+08:00,明尼蘇達雙城,西雅圖水手,明尼蘇達雙城 @ 西雅圖水手,51501070.1,374,得分最高單局(不含延長賽),253016860.1,第1局,,,5.50,2,9,,,
2026-08-02,2026-08-02T00:07:30,台灣運彩,823107,3480595.1,107,2026-08-02T04:10:00+08:00,明尼蘇達雙城,西雅圖水手,明尼蘇達雙城 @ 西雅圖水手,51501070.1,374,得分最高單局(不含延長賽),253016861.1,第2局,,,6.75,4,23,,,
2026-08-02,2026-08-02T00:07:30,台灣運彩,823107,3480595.1,107,2026-08-02T04:10:00+08:00,明尼蘇達雙城,西雅圖水手,明尼蘇達雙城 @ 西雅圖水手,51501070.1,374,得分最高單局(不含延長賽),253016862.1,第3局,,,5.90,10,49,,,
2026-08-02,2026-08-02T00:07:30,台灣運彩,823107,3480595.1,107,2026-08-02T04:10:00+08:00,明尼蘇達雙城,西雅圖水手,明尼蘇達雙城 @ 西雅圖水手,51501070.1,374,得分最高單局(不含延長賽),253016863.1,第4局,,,6.25,4,21,,,
2026-08-02,2026-08-02T00:07:30,台灣運彩,823107,3480595.1,107,2026-08-02T04:10:00+08:00,明尼蘇達雙城,西雅圖水手,明尼蘇達雙城 @ 西雅圖水手,51501070.1,374,得分最高單局(不含延長賽),253016864.1,第5局,,,6.00,1,5,,,
2026-08-02,2026-08-02T00:07:30,台灣運彩,823107,3480595.1,107,2026-08-02T04:10:00+08:00,明尼蘇達雙城,西雅圖水手,明尼蘇達雙城 @ 西雅圖水手,51501070.1,374,得分最高單局(不含延長賽),253016865.1,第6局,,,5.65,20,93,,,
2026-08-02,2026-08-02T00:07:30,台灣運彩,823107,3480595.1,107,2026-08-02T04:10:00+08:00,明尼蘇達雙城,西雅圖水手,明尼蘇達雙城 @ 西雅圖水手,51501070.1,374,得分最高單局(不含延長賽),253016866.1,第7局,,,6.00,1,5,,,
2026-08-02,2026-08-02T00:07:30,台灣運彩,823107,3480595.1,107,2026-08-02T04:10:00+08:00,明尼蘇達雙城,西雅圖水手,明尼蘇達雙城 @ 西雅圖水手,51501070.1,374,得分最高單局(不含延長賽),253016867.1,第8局,,,5.70,10,47,,,
2026-08-02,2026-08-02T00:07:30,台灣運彩,823107,3480595.1,107,2026-08-02T04:10:00+08:00,明尼蘇達雙城,西雅圖水手,明尼蘇達雙城 @ 西雅圖水手,51501070.1,374,得分最高單局(不含延長賽),253016868.1,第9局,,,8.00,1,7,,,
2026-08-02,2026-08-02T00:07:30,台灣運彩,823107,3480595.1,107,2026-08-02T04:10:00+08:00,明尼蘇達雙城,西雅圖水手,明尼蘇達雙城 @ 西雅圖水手,51501064.1,376,[1-5局] 不讓分,253016846.1,西雅圖水手,H,,1.65,20,13,H,,1
2026-08-02,2026-08-02T00:07:30,台灣運彩,823107,3480595.1,107,2026-08-02T04:10:00+08:00,明尼蘇達雙城,西雅圖水手,明尼蘇達雙城 @ 西雅圖水手,51501064.1,376,[1-5局] 不讓分,253016848.1,明尼蘇達雙城,A,,2.20,5,6,A,,2
2026-08-02,2026-08-02T00:07:30,台灣運彩,823107,3480595.1,107,2026-08-02T04:10:00+08:00,明尼蘇達雙城,西雅圖水手,明尼蘇達雙城 @ 西雅圖水手,51501064.1,376,[1-5局] 不讓分,253016847.1,和局,D,,4.15,20,63,D,,
2026-08-02,2026-08-02T00:07:30,台灣運彩,823107,3480595.1,107,2026-08-02T04:10:00+08:00,明尼蘇達雙城,西雅圖水手,明尼蘇達雙城 @ 西雅圖水手,51502081.1,378,[1-5局] 大小 3.5,253020029.1,大 3.5,A,3.5,1.56,25,14,A,3.5,
2026-08-02,2026-08-02T00:07:30,台灣運彩,823107,3480595.1,107,2026-08-02T04:10:00+08:00,明尼蘇達雙城,西雅圖水手,明尼蘇達雙城 @ 西雅圖水手,51502081.1,378,[1-5局] 大小 3.5,253020028.1,小 3.5,H,3.5,1.78,50,39,H,3.5,
2026-08-02,2026-08-02T00:07:30,台灣運彩,823107,3480595.1,107,2026-08-02T04:10:00+08:00,明尼蘇達雙城,西雅圖水手,明尼蘇達雙城 @ 西雅圖水手,51502079.1,379,[1-5局] 西雅圖水手 大小 1.5,253020025.1,大 1.5,A,1.5,1.52,25,13,A,1.5,
2026-08-02,2026-08-02T00:07:30,台灣運彩,823107,3480595.1,107,2026-08-02T04:10:00+08:00,明尼蘇達雙城,西雅圖水手,明尼蘇達雙城 @ 西雅圖水手,51502079.1,379,[1-5局] 西雅圖水手 大小 1.5,253020024.1,小 1.5,H,1.5,1.94,50,47,H,1.5,
2026-08-02,2026-08-02T00:07:30,台灣運彩,823107,3480595.1,107,2026-08-02T04:10:00+08:00,明尼蘇達雙城,西雅圖水手,明尼蘇達雙城 @ 西雅圖水手,51501066.1,380,[1-5局] 明尼蘇達雙城 大小 1.5,253016852.1,大 1.5,A,1.5,1.85,20,17,A,1.5,
2026-08-02,2026-08-02T00:07:30,台灣運彩,823107,3480595.1,107,2026-08-02T04:10:00+08:00,明尼蘇達雙城,西雅圖水手,明尼蘇達雙城 @ 西雅圖水手,51501066.1,380,[1-5局] 明尼蘇達雙城 大小 1.5,253016851.1,小 1.5,H,1.5,1.60,5,3,H,1.5,
2026-08-02,2026-08-02T00:07:30,台灣運彩,823107,3480595.1,107,2026-08-02T04:10:00+08:00,明尼蘇達雙城,西雅圖水手,明尼蘇達雙城 @ 西雅圖水手,51501067.1,389,[第1局] 不讓分,253016853.1,西雅圖水手,H,,2.85,20,37,H,,1
2026-08-02,2026-08-02T00:07:30,台灣運彩,823107,3480595.1,107,2026-08-02T04:10:00+08:00,明尼蘇達雙城,西雅圖水手,明尼蘇達雙城 @ 西雅圖水手,51501067.1,389,[第1局] 不讓分,253016855.1,明尼蘇達雙城,A,,3.85,20,57,A,,2
2026-08-02,2026-08-02T00:07:30,台灣運彩,823107,3480595.1,107,2026-08-02T04:10:00+08:00,明尼蘇達雙城,西雅圖水手,明尼蘇達雙城 @ 西雅圖水手,51501067.1,389,[第1局] 不讓分,253016854.1,和局,D,,1.45,20,9,D,,
2026-08-02,2026-08-02T00:07:30,台灣運彩,823107,3480595.1,107,2026-08-02T04:10:00+08:00,明尼蘇達雙城,西雅圖水手,明尼蘇達雙城 @ 西雅圖水手,51501068.1,398,[第1局] 大小 0.5,253016857.1,大 0.5,A,0.5,1.82,50,41,A,0.5,
2026-08-02,2026-08-02T00:07:30,台灣運彩,823107,3480595.1,107,2026-08-02T04:10:00+08:00,明尼蘇達雙城,西雅圖水手,明尼蘇達雙城 @ 西雅圖水手,51501068.1,398,[第1局] 大小 0.5,253016856.1,小 0.5,H,0.5,1.53,100,53,H,0.5,
2026-08-02,2026-08-02T00:07:30,台灣運彩,823592,3480596.1,108,2026-08-02T04:10:00+08:00,邁阿密馬林魚,紐約大都會,邁阿密馬林魚 @ 紐約大都會,51499810.1,354,不讓分,253012965.1,紐約大都會,H,,1.56,25,14,H,,1
2026-08-02,2026-08-02T00:07:30,台灣運彩,823592,3480596.1,108,2026-08-02T04:10:00+08:00,邁阿密馬林魚,紐約大都會,邁阿密馬林魚 @ 紐約大都會,51499810.1,354,不讓分,253012966.1,邁阿密馬林魚,A,,1.94,50,47,A,,2
2026-08-02,2026-08-02T00:07:30,台灣運彩,823592,3480596.1,108,2026-08-02T04:10:00+08:00,邁阿密馬林魚,紐約大都會,邁阿密馬林魚 @ 紐約大都會,51499811.1,357,勝分差,253012967.1,紐約大都會 1 分,H,,4.15,20,63,H,,
2026-08-02,2026-08-02T00:07:30,台灣運彩,823592,3480596.1,108,2026-08-02T04:10:00+08:00,邁阿密馬林魚,紐約大都會,邁阿密馬林魚 @ 紐約大都會,51499811.1,357,勝分差,253012968.1,紐約大都會 2 分,H,,7.00,1,6,H,,
2026-08-02,2026-08-02T00:07:30,台灣運彩,823592,3480596.1,108,2026-08-02T04:10:00+08:00,邁阿密馬林魚,紐約大都會,邁阿密馬林魚 @ 紐約大都會,51499811.1,357,勝分差,253012969.1,紐約大都會 > 2分,H,,2.40,5,7,H,,
2026-08-02,2026-08-02T00:07:30,台灣運彩,823592,3480596.1,108,2026-08-02T04:10:00+08:00,邁阿密馬林魚,紐約大都會,邁阿密馬林魚 @ 紐約大都會,51499811.1,357,勝分差,253012970.1,邁阿密馬林魚 1 分,A,,5.80,5,24,A,,
2026-08-02,2026-08-02T00:07:30,台灣運彩,823592,3480596.1,108,2026-08-02T04:10:00+08:00,邁阿密馬林魚,紐約大都會,邁阿密馬林魚 @ 紐約大都會,51499811.1,357,勝分差,253012971.1,邁阿密馬林魚 2 分,A,,7.75,4,27,A,,
2026-08-02,2026-08-02T00:07:30,台灣運彩,823592,3480596.1,108,2026-08-02T04:10:00+08:00,邁阿密馬林魚,紐約大都會,邁阿密馬林魚 @ 紐約大都會,51499811.1,357,勝分差,253012972.1,邁阿密馬林魚 > 2分,A,,2.85,20,37,A,,
2026-08-02,2026-08-02T00:07:30,台灣運彩,823592,3480596.1,108,2026-08-02T04:10:00+08:00,邁阿密馬林魚,紐約大都會,邁阿密馬林魚 @ 紐約大都會,51499803.1,358,讓分 -1.5,253012951.1,紐約大都會 -1.5,H,-1.5,2.00,1,1,H,-1.5,1
2026-08-02,2026-08-02T00:07:30,台灣運彩,823592,3480596.1,108,2026-08-02T04:10:00+08:00,邁阿密馬林魚,紐約大都會,邁阿密馬林魚 @ 紐約大都會,51499803.1,358,讓分 -1.5,253012952.1,邁阿密馬林魚 +1.5,A,-1.5,1.50,2,1,A,-1.5,2
2026-08-02,2026-08-02T00:07:30,台灣運彩,823592,3480596.1,108,2026-08-02T04:10:00+08:00,邁阿密馬林魚,紐約大都會,邁阿密馬林魚 @ 紐約大都會,51499804.1,358,讓分 -2.5,253012953.1,紐約大都會 -2.5,H,-2.5,2.50,2,3,H,-2.5,1
2026-08-02,2026-08-02T00:07:30,台灣運彩,823592,3480596.1,108,2026-08-02T04:10:00+08:00,邁阿密馬林魚,紐約大都會,邁阿密馬林魚 @ 紐約大都會,51499804.1,358,讓分 -2.5,253012954.1,邁阿密馬林魚 +2.5,A,-2.5,1.32,25,8,A,-2.5,2
2026-08-02,2026-08-02T00:07:30,台灣運彩,823592,3480596.1,108,2026-08-02T04:10:00+08:00,邁阿密馬林魚,紐約大都會,邁阿密馬林魚 @ 紐約大都會,51499802.1,360,[總分]大小 9.5,253012950.1,大 9.5,A,9.5,1.92,25,23,A,9.5,
2026-08-02,2026-08-02T00:07:30,台灣運彩,823592,3480596.1,108,2026-08-02T04:10:00+08:00,邁阿密馬林魚,紐約大都會,邁阿密馬林魚 @ 紐約大都會,51499802.1,360,[總分]大小 9.5,253012949.1,小 9.5,H,9.5,1.58,50,29,H,9.5,
2026-08-02,2026-08-02T00:07:30,台灣運彩,823592,3480596.1,108,2026-08-02T04:10:00+08:00,邁阿密馬林魚,紐約大都會,邁阿密馬林魚 @ 紐約大都會,51499806.1,360,[總分]大小 7.5,253012958.1,大 7.5,A,7.5,1.42,50,21,A,7.5,
2026-08-02,2026-08-02T00:07:30,台灣運彩,823592,3480596.1,108,2026-08-02T04:10:00+08:00,邁阿密馬林魚,紐約大都會,邁阿密馬林魚 @ 紐約大都會,51499806.1,360,[總分]大小 7.5,253012957.1,小 7.5,H,7.5,2.20,5,6,H,7.5,
2026-08-02,2026-08-02T00:07:30,台灣運彩,823592,3480596.1,108,2026-08-02T04:10:00+08:00,邁阿密馬林魚,紐約大都會,邁阿密馬林魚 @ 紐約大都會,51499809.1,360,[總分]大小 8.5,253012964.1,大 8.5,A,8.5,1.60,5,3,A,8.5,
2026-08-02,2026-08-02T00:07:30,台灣運彩,823592,3480596.1,108,2026-08-02T04:10:00+08:00,邁阿密馬林魚,紐約大都會,邁阿密馬林魚 @ 紐約大都會,51499809.1,360,[總分]大小 8.5,253012963.1,小 8.5,H,8.5,1.90,10,9,H,8.5,
2026-08-02,2026-08-02T00:07:30,台灣運彩,823592,3480596.1,108,2026-08-02T04:10:00+08:00,邁阿密馬林魚,紐約大都會,邁阿密馬林魚 @ 紐約大都會,51499807.1,362,紐約大都會 大小 4.5,253012960.1,大 4.5,A,4.5,1.73,100,73,A,4.5,
2026-08-02,2026-08-02T00:07:30,台灣運彩,823592,3480596.1,108,2026-08-02T04:10:00+08:00,邁阿密馬林魚,紐約大都會,邁阿密馬林魚 @ 紐約大都會,51499807.1,362,紐約大都會 大小 4.5,253012959.1,小 4.5,H,4.5,1.70,10,7,H,4.5,
2026-08-02,2026-08-02T00:07:30,台灣運彩,823592,3480596.1,108,2026-08-02T04:10:00+08:00,邁阿密馬林魚,紐約大都會,邁阿密馬林魚 @ 紐約大都會,51501086.1,363,邁阿密馬林魚 大小 3.5,253016916.1,大 3.5,A,3.5,1.55,20,11,A,3.5,
2026-08-02,2026-08-02T00:07:30,台灣運彩,823592,3480596.1,108,2026-08-02T04:10:00+08:00,邁阿密馬林魚,紐約大都會,邁阿密馬林魚 @ 紐約大都會,51501086.1,363,邁阿密馬林魚 大小 3.5,253016915.1,小 3.5,H,3.5,1.90,10,9,H,3.5,
2026-08-02,2026-08-02T00:07:30,台灣運彩,823592,3480596.1,108,2026-08-02T04:10:00+08:00,邁阿密馬林魚,紐約大都會,邁阿密馬林魚 @ 紐約大都會,51499801.1,366,[總分]單雙,253012948.1,單,,,1.48,25,12,,,
2026-08-02,2026-08-02T00:07:30,台灣運彩,823592,3480596.1,108,2026-08-02T04:10:00+08:00,邁阿密馬林魚,紐約大都會,邁阿密馬林魚 @ 紐約大都會,51499801.1,366,[總分]單雙,253012947.1,雙,,,2.00,1,1,,,
2026-08-02,2026-08-02T00:07:30,台灣運彩,823592,3480596.1,108,2026-08-02T04:10:00+08:00,邁阿密馬林魚,紐約大都會,邁阿密馬林魚 @ 紐約大都會,51501056.1,374,得分最高單局(不含延長賽),253016821.1,一樣多,,,2.30,10,13,,,
2026-08-02,2026-08-02T00:07:30,台灣運彩,823592,3480596.1,108,2026-08-02T04:10:00+08:00,邁阿密馬林魚,紐約大都會,邁阿密馬林魚 @ 紐約大都會,51501056.1,374,得分最高單局(不含延長賽),253016812.1,第1局,,,5.15,20,83,,,
2026-08-02,2026-08-02T00:07:30,台灣運彩,823592,3480596.1,108,2026-08-02T04:10:00+08:00,邁阿密馬林魚,紐約大都會,邁阿密馬林魚 @ 紐約大都會,51501056.1,374,得分最高單局(不含延長賽),253016813.1,第2局,,,6.25,4,21,,,
2026-08-02,2026-08-02T00:07:30,台灣運彩,823592,3480596.1,108,2026-08-02T04:10:00+08:00,邁阿密馬林魚,紐約大都會,邁阿密馬林魚 @ 紐約大都會,51501056.1,374,得分最高單局(不含延長賽),253016814.1,第3局,,,5.50,2,9,,,
2026-08-02,2026-08-02T00:07:30,台灣運彩,823592,3480596.1,108,2026-08-02T04:10:00+08:00,邁阿密馬林魚,紐約大都會,邁阿密馬林魚 @ 紐約大都會,51501056.1,374,得分最高單局(不含延長賽),253016815.1,第4局,,,5.95,20,99,,,
2026-08-02,2026-08-02T00:07:30,台灣運彩,823592,3480596.1,108,2026-08-02T04:10:00+08:00,邁阿密馬林魚,紐約大都會,邁阿密馬林魚 @ 紐約大都會,51501056.1,374,得分最高單局(不含延長賽),253016816.1,第5局,,,5.70,10,47,,,
2026-08-02,2026-08-02T00:07:30,台灣運彩,823592,3480596.1,108,2026-08-02T04:10:00+08:00,邁阿密馬林魚,紐約大都會,邁阿密馬林魚 @ 紐約大都會,51501056.1,374,得分最高單局(不含延長賽),253016817.1,第6局,,,6.25,4,21,,,
2026-08-02,2026-08-02T00:07:30,台灣運彩,823592,3480596.1,108,2026-08-02T04:10:00+08:00,邁阿密馬林魚,紐約大都會,邁阿密馬林魚 @ 紐約大都會,51501056.1,374,得分最高單局(不含延長賽),253016818.1,第7局,,,6.25,4,21,,,
2026-08-02,2026-08-02T00:07:30,台灣運彩,823592,3480596.1,108,2026-08-02T04:10:00+08:00,邁阿密馬林魚,紐約大都會,邁阿密馬林魚 @ 紐約大都會,51501056.1,374,得分最高單局(不含延長賽),253016819.1,第8局,,,6.25,4,21,,,
2026-08-02,2026-08-02T00:07:30,台灣運彩,823592,3480596.1,108,2026-08-02T04:10:00+08:00,邁阿密馬林魚,紐約大都會,邁阿密馬林魚 @ 紐約大都會,51501056.1,374,得分最高單局(不含延長賽),253016820.1,第9局,,,8.00,1,7,,,
2026-08-02,2026-08-02T00:07:30,台灣運彩,823592,3480596.1,108,2026-08-02T04:10:00+08:00,邁阿密馬林魚,紐約大都會,邁阿密馬林魚 @ 紐約大都會,51501052.1,376,[1-5局] 不讓分,253016803.1,紐約大都會,H,,1.65,20,13,H,,1
2026-08-02,2026-08-02T00:07:30,台灣運彩,823592,3480596.1,108,2026-08-02T04:10:00+08:00,邁阿密馬林魚,紐約大都會,邁阿密馬林魚 @ 紐約大都會,51501052.1,376,[1-5局] 不讓分,253016805.1,邁阿密馬林魚,A,,2.00,1,1,A,,2
2026-08-02,2026-08-02T00:07:30,台灣運彩,823592,3480596.1,108,2026-08-02T04:10:00+08:00,邁阿密馬林魚,紐約大都會,邁阿密馬林魚 @ 紐約大都會,51501052.1,376,[1-5局] 不讓分,253016804.1,和局,D,,4.95,20,79,D,,
2026-08-02,2026-08-02T00:07:30,台灣運彩,823592,3480596.1,108,2026-08-02T04:10:00+08:00,邁阿密馬林魚,紐約大都會,邁阿密馬林魚 @ 紐約大都會,51501054.1,378,[1-5局] 大小 4.5,253016809.1,大 4.5,A,4.5,1.53,100,53,A,4.5,
2026-08-02,2026-08-02T00:07:30,台灣運彩,823592,3480596.1,108,2026-08-02T04:10:00+08:00,邁阿密馬林魚,紐約大都會,邁阿密馬林魚 @ 紐約大都會,51501054.1,378,[1-5局] 大小 4.5,253016808.1,小 4.5,H,4.5,1.82,50,41,H,4.5,
2026-08-02,2026-08-02T00:07:30,台灣運彩,823592,3480596.1,108,2026-08-02T04:10:00+08:00,邁阿密馬林魚,紐約大都會,邁阿密馬林魚 @ 紐約大都會,51501051.1,379,[1-5局] 紐約大都會 大小 2.5,253016802.1,大 2.5,A,2.5,1.75,4,3,A,2.5,
2026-08-02,2026-08-02T00:07:30,台灣運彩,823592,3480596.1,108,2026-08-02T04:10:00+08:00,邁阿密馬林魚,紐約大都會,邁阿密馬林魚 @ 紐約大都會,51501051.1,379,[1-5局] 紐約大都會 大小 2.5,253016801.1,小 2.5,H,2.5,1.68,25,17,H,2.5,
2026-08-02,2026-08-02T00:07:30,台灣運彩,823592,3480596.1,108,2026-08-02T04:10:00+08:00,邁阿密馬林魚,紐約大都會,邁阿密馬林魚 @ 紐約大都會,51503418.1,380,[1-5局] 邁阿密馬林魚 大小 1.5,253024267.1,大 1.5,A,1.5,1.48,25,12,A,1.5,
2026-08-02,2026-08-02T00:07:30,台灣運彩,823592,3480596.1,108,2026-08-02T04:10:00+08:00,邁阿密馬林魚,紐約大都會,邁阿密馬林魚 @ 紐約大都會,51503418.1,380,[1-5局] 邁阿密馬林魚 大小 1.5,253024266.1,小 1.5,H,1.5,2.00,1,1,H,1.5,
2026-08-02,2026-08-02T00:07:30,台灣運彩,823592,3480596.1,108,2026-08-02T04:10:00+08:00,邁阿密馬林魚,紐約大都會,邁阿密馬林魚 @ 紐約大都會,51501050.1,389,[第1局] 不讓分,253016798.1,紐約大都會,H,,2.65,20,33,H,,1
2026-08-02,2026-08-02T00:07:30,台灣運彩,823592,3480596.1,108,2026-08-02T04:10:00+08:00,邁阿密馬林魚,紐約大都會,邁阿密馬林魚 @ 紐約大都會,51501050.1,389,[第1局] 不讓分,253016800.1,邁阿密馬林魚,A,,3.30,10,23,A,,2
2026-08-02,2026-08-02T00:07:30,台灣運彩,823592,3480596.1,108,2026-08-02T04:10:00+08:00,邁阿密馬林魚,紐約大都會,邁阿密馬林魚 @ 紐約大都會,51501050.1,389,[第1局] 不讓分,253016799.1,和局,D,,1.60,5,3,D,,
2026-08-02,2026-08-02T00:07:30,台灣運彩,823592,3480596.1,108,2026-08-02T04:10:00+08:00,邁阿密馬林魚,紐約大都會,邁阿密馬林魚 @ 紐約大都會,51501055.1,398,[第1局] 大小 0.5,253016811.1,大 0.5,A,0.5,1.60,5,3,A,0.5,
2026-08-02,2026-08-02T00:07:30,台灣運彩,823592,3480596.1,108,2026-08-02T04:10:00+08:00,邁阿密馬林魚,紐約大都會,邁阿密馬林魚 @ 紐約大都會,51501055.1,398,[第1局] 大小 0.5,253016810.1,小 0.5,H,0.5,1.73,100,73,H,0.5,
2026-08-02,2026-08-02T00:07:30,台灣運彩,822943,3480597.1,109,2026-08-02T04:10:00+08:00,芝加哥白襪,坦帕灣光芒,芝加哥白襪 @ 坦帕灣光芒,51499812.1,354,不讓分,253012973.1,坦帕灣光芒,H,,1.42,50,21,H,,1
2026-08-02,2026-08-02T00:07:30,台灣運彩,822943,3480597.1,109,2026-08-02T04:10:00+08:00,芝加哥白襪,坦帕灣光芒,芝加哥白襪 @ 坦帕灣光芒,51499812.1,354,不讓分,253012974.1,芝加哥白襪,A,,2.20,5,6,A,,2
2026-08-02,2026-08-02T00:07:30,台灣運彩,822943,3480597.1,109,2026-08-02T04:10:00+08:00,芝加哥白襪,坦帕灣光芒,芝加哥白襪 @ 坦帕灣光芒,51499822.1,357,勝分差,253012993.1,坦帕灣光芒 1 分,H,,3.75,4,11,H,,
2026-08-02,2026-08-02T00:07:30,台灣運彩,822943,3480597.1,109,2026-08-02T04:10:00+08:00,芝加哥白襪,坦帕灣光芒,芝加哥白襪 @ 坦帕灣光芒,51499822.1,357,勝分差,253012994.1,坦帕灣光芒 2 分,H,,6.50,2,11,H,,
2026-08-02,2026-08-02T00:07:30,台灣運彩,822943,3480597.1,109,2026-08-02T04:10:00+08:00,芝加哥白襪,坦帕灣光芒,芝加哥白襪 @ 坦帕灣光芒,51499822.1,357,勝分差,253012995.1,坦帕灣光芒 > 2分,H,,2.20,5,6,H,,
2026-08-02,2026-08-02T00:07:30,台灣運彩,822943,3480597.1,109,2026-08-02T04:10:00+08:00,芝加哥白襪,坦帕灣光芒,芝加哥白襪 @ 坦帕灣光芒,51499822.1,357,勝分差,253012996.1,芝加哥白襪 1 分,A,,5.70,10,47,A,,
2026-08-02,2026-08-02T00:07:30,台灣運彩,822943,3480597.1,109,2026-08-02T04:10:00+08:00,芝加哥白襪,坦帕灣光芒,芝加哥白襪 @ 坦帕灣光芒,51499822.1,357,勝分差,253012997.1,芝加哥白襪 2 分,A,,8.00,1,7,A,,
2026-08-02,2026-08-02T00:07:30,台灣運彩,822943,3480597.1,109,2026-08-02T04:10:00+08:00,芝加哥白襪,坦帕灣光芒,芝加哥白襪 @ 坦帕灣光芒,51499822.1,357,勝分差,253012998.1,芝加哥白襪 > 2分,A,,3.65,20,53,A,,
2026-08-02,2026-08-02T00:07:30,台灣運彩,822943,3480597.1,109,2026-08-02T04:10:00+08:00,芝加哥白襪,坦帕灣光芒,芝加哥白襪 @ 坦帕灣光芒,51499817.1,358,讓分 -1.5,253012983.1,坦帕灣光芒 -1.5,H,-1.5,1.90,10,9,H,-1.5,1
2026-08-02,2026-08-02T00:07:30,台灣運彩,822943,3480597.1,109,2026-08-02T04:10:00+08:00,芝加哥白襪,坦帕灣光芒,芝加哥白襪 @ 坦帕灣光芒,51499817.1,358,讓分 -1.5,253012984.1,芝加哥白襪 +1.5,A,-1.5,1.60,5,3,A,-1.5,2
2026-08-02,2026-08-02T00:07:30,台灣運彩,822943,3480597.1,109,2026-08-02T04:10:00+08:00,芝加哥白襪,坦帕灣光芒,芝加哥白襪 @ 坦帕灣光芒,51499818.1,358,讓分 -2.5,253012985.1,坦帕灣光芒 -2.5,H,-2.5,2.33,100,133,H,-2.5,1
2026-08-02,2026-08-02T00:07:30,台灣運彩,822943,3480597.1,109,2026-08-02T04:10:00+08:00,芝加哥白襪,坦帕灣光芒,芝加哥白襪 @ 坦帕灣光芒,51499818.1,358,讓分 -2.5,253012986.1,芝加哥白襪 +2.5,A,-2.5,1.38,50,19,A,-2.5,2
2026-08-02,2026-08-02T00:07:30,台灣運彩,822943,3480597.1,109,2026-08-02T04:10:00+08:00,芝加哥白襪,坦帕灣光芒,芝加哥白襪 @ 坦帕灣光芒,51499815.1,360,[總分]大小 7.5,253012980.1,大 7.5,A,7.5,1.73,100,73,A,7.5,
2026-08-02,2026-08-02T00:07:30,台灣運彩,822943,3480597.1,109,2026-08-02T04:10:00+08:00,芝加哥白襪,坦帕灣光芒,芝加哥白襪 @ 坦帕灣光芒,51499815.1,360,[總分]大小 7.5,253012979.1,小 7.5,H,7.5,1.77,100,77,H,7.5,
2026-08-02,2026-08-02T00:07:30,台灣運彩,822943,3480597.1,109,2026-08-02T04:10:00+08:00,芝加哥白襪,坦帕灣光芒,芝加哥白襪 @ 坦帕灣光芒,51499819.1,360,[總分]大小 8.5,253012988.1,大 8.5,A,8.5,1.95,20,19,A,8.5,
2026-08-02,2026-08-02T00:07:30,台灣運彩,822943,3480597.1,109,2026-08-02T04:10:00+08:00,芝加哥白襪,坦帕灣光芒,芝加哥白襪 @ 坦帕灣光芒,51499819.1,360,[總分]大小 8.5,253012987.1,小 8.5,H,8.5,1.55,20,11,H,8.5,
2026-08-02,2026-08-02T00:07:30,台灣運彩,822943,3480597.1,109,2026-08-02T04:10:00+08:00,芝加哥白襪,坦帕灣光芒,芝加哥白襪 @ 坦帕灣光芒,51502142.1,360,[總分]大小 6.5,253020260.1,大 6.5,A,6.5,1.42,50,21,A,6.5,
2026-08-02,2026-08-02T00:07:30,台灣運彩,822943,3480597.1,109,2026-08-02T04:10:00+08:00,芝加哥白襪,坦帕灣光芒,芝加哥白襪 @ 坦帕灣光芒,51502142.1,360,[總分]大小 6.5,253020259.1,小 6.5,H,6.5,2.20,5,6,H,6.5,
2026-08-02,2026-08-02T00:07:30,台灣運彩,822943,3480597.1,109,2026-08-02T04:10:00+08:00,芝加哥白襪,坦帕灣光芒,芝加哥白襪 @ 坦帕灣光芒,51499820.1,362,坦帕灣光芒 大小 4.5,253012990.1,大 4.5,A,4.5,1.86,50,43,A,4.5,
2026-08-02,2026-08-02T00:07:30,台灣運彩,822943,3480597.1,109,2026-08-02T04:10:00+08:00,芝加哥白襪,坦帕灣光芒,芝加哥白襪 @ 坦帕灣光芒,51499820.1,362,坦帕灣光芒 大小 4.5,253012989.1,小 4.5,H,4.5,1.58,50,29,H,4.5,
2026-08-02,2026-08-02T00:07:30,台灣運彩,822943,3480597.1,109,2026-08-02T04:10:00+08:00,芝加哥白襪,坦帕灣光芒,芝加哥白襪 @ 坦帕灣光芒,51499821.1,363,芝加哥白襪 大小 3.5,253012992.1,大 3.5,A,3.5,1.90,10,9,A,3.5,
2026-08-02,2026-08-02T00:07:30,台灣運彩,822943,3480597.1,109,2026-08-02T04:10:00+08:00,芝加哥白襪,坦帕灣光芒,芝加哥白襪 @ 坦帕灣光芒,51499821.1,363,芝加哥白襪 大小 3.5,253012991.1,小 3.5,H,3.5,1.55,20,11,H,3.5,
2026-08-02,2026-08-02T00:07:30,台灣運彩,822943,3480597.1,109,2026-08-02T04:10:00+08:00,芝加哥白襪,坦帕灣光芒,芝加哥白襪 @ 坦帕灣光芒,51499813.1,366,[總分]單雙,253012976.1,單,,,1.46,50,23,,,
2026-08-02,2026-08-02T00:07:30,台灣運彩,822943,3480597.1,109,2026-08-02T04:10:00+08:00,芝加哥白襪,坦帕灣光芒,芝加哥白襪 @ 坦帕灣光芒,51499813.1,366,[總分]單雙,253012975.1,雙,,,2.05,20,21,,,
2026-08-02,2026-08-02T00:07:30,台灣運彩,822943,3480597.1,109,2026-08-02T04:10:00+08:00,芝加哥白襪,坦帕灣光芒,芝加哥白襪 @ 坦帕灣光芒,51501063.1,374,得分最高單局(不含延長賽),253016845.1,一樣多,,,2.25,4,5,,,
2026-08-02,2026-08-02T00:07:30,台灣運彩,822943,3480597.1,109,2026-08-02T04:10:00+08:00,芝加哥白襪,坦帕灣光芒,芝加哥白襪 @ 坦帕灣光芒,51501063.1,374,得分最高單局(不含延長賽),253016836.1,第1局,,,5.25,4,17,,,
2026-08-02,2026-08-02T00:07:30,台灣運彩,822943,3480597.1,109,2026-08-02T04:10:00+08:00,芝加哥白襪,坦帕灣光芒,芝加哥白襪 @ 坦帕灣光芒,51501063.1,374,得分最高單局(不含延長賽),253016837.1,第2局,,,6.50,2,11,,,
2026-08-02,2026-08-02T00:07:30,台灣運彩,822943,3480597.1,109,2026-08-02T04:10:00+08:00,芝加哥白襪,坦帕灣光芒,芝加哥白襪 @ 坦帕灣光芒,51501063.1,374,得分最高單局(不含延長賽),253016838.1,第3局,,,5.60,5,23,,,
2026-08-02,2026-08-02T00:07:30,台灣運彩,822943,3480597.1,109,2026-08-02T04:10:00+08:00,芝加哥白襪,坦帕灣光芒,芝加哥白襪 @ 坦帕灣光芒,51501063.1,374,得分最高單局(不含延長賽),253016839.1,第4局,,,6.00,1,5,,,
2026-08-02,2026-08-02T00:07:30,台灣運彩,822943,3480597.1,109,2026-08-02T04:10:00+08:00,芝加哥白襪,坦帕灣光芒,芝加哥白襪 @ 坦帕灣光芒,51501063.1,374,得分最高單局(不含延長賽),253016840.1,第5局,,,5.80,5,24,,,
2026-08-02,2026-08-02T00:07:30,台灣運彩,822943,3480597.1,109,2026-08-02T04:10:00+08:00,芝加哥白襪,坦帕灣光芒,芝加哥白襪 @ 坦帕灣光芒,51501063.1,374,得分最高單局(不含延長賽),253016841.1,第6局,,,6.25,4,21,,,
2026-08-02,2026-08-02T00:07:30,台灣運彩,822943,3480597.1,109,2026-08-02T04:10:00+08:00,芝加哥白襪,坦帕灣光芒,芝加哥白襪 @ 坦帕灣光芒,51501063.1,374,得分最高單局(不含延長賽),253016842.1,第7局,,,6.25,4,21,,,
2026-08-02,2026-08-02T00:07:30,台灣運彩,822943,3480597.1,109,2026-08-02T04:10:00+08:00,芝加哥白襪,坦帕灣光芒,芝加哥白襪 @ 坦帕灣光芒,51501063.1,374,得分最高單局(不含延長賽),253016843.1,第8局,,,5.90,10,49,,,
2026-08-02,2026-08-02T00:07:30,台灣運彩,822943,3480597.1,109,2026-08-02T04:10:00+08:00,芝加哥白襪,坦帕灣光芒,芝加哥白襪 @ 坦帕灣光芒,51501063.1,374,得分最高單局(不含延長賽),253016844.1,第9局,,,8.00,1,7,,,
2026-08-02,2026-08-02T00:07:30,台灣運彩,822943,3480597.1,109,2026-08-02T04:10:00+08:00,芝加哥白襪,坦帕灣光芒,芝加哥白襪 @ 坦帕灣光芒,51501060.1,376,[1-5局] 不讓分,253016828.1,坦帕灣光芒,H,,1.55,20,11,H,,1
2026-08-02,2026-08-02T00:07:30,台灣運彩,822943,3480597.1,109,2026-08-02T04:10:00+08:00,芝加哥白襪,坦帕灣光芒,芝加哥白襪 @ 坦帕灣光芒,51501060.1,376,[1-5局] 不讓分,253016830.1,芝加哥白襪,A,,2.30,10,13,A,,2
2026-08-02,2026-08-02T00:07:30,台灣運彩,822943,3480597.1,109,2026-08-02T04:10:00+08:00,芝加哥白襪,坦帕灣光芒,芝加哥白襪 @ 坦帕灣光芒,51501060.1,376,[1-5局] 不讓分,253016829.1,和局,D,,4.50,2,7,D,,
2026-08-02,2026-08-02T00:07:30,台灣運彩,822943,3480597.1,109,2026-08-02T04:10:00+08:00,芝加哥白襪,坦帕灣光芒,芝加哥白襪 @ 坦帕灣光芒,51501057.1,378,[1-5局] 大小 4.5,253016823.1,大 4.5,A,4.5,1.78,50,39,A,4.5,
2026-08-02,2026-08-02T00:07:30,台灣運彩,822943,3480597.1,109,2026-08-02T04:10:00+08:00,芝加哥白襪,坦帕灣光芒,芝加哥白襪 @ 坦帕灣光芒,51501057.1,378,[1-5局] 大小 4.5,253016822.1,小 4.5,H,4.5,1.56,25,14,H,4.5,
2026-08-02,2026-08-02T00:07:30,台灣運彩,822943,3480597.1,109,2026-08-02T04:10:00+08:00,芝加哥白襪,坦帕灣光芒,芝加哥白襪 @ 坦帕灣光芒,51501062.1,379,[1-5局] 坦帕灣光芒 大小 2.5,253016835.1,大 2.5,A,2.5,1.85,20,17,A,2.5,
2026-08-02,2026-08-02T00:07:30,台灣運彩,822943,3480597.1,109,2026-08-02T04:10:00+08:00,芝加哥白襪,坦帕灣光芒,芝加哥白襪 @ 坦帕灣光芒,51501062.1,379,[1-5局] 坦帕灣光芒 大小 2.5,253016834.1,小 2.5,H,2.5,1.60,5,3,H,2.5,
2026-08-02,2026-08-02T00:07:30,台灣運彩,822943,3480597.1,109,2026-08-02T04:10:00+08:00,芝加哥白襪,坦帕灣光芒,芝加哥白襪 @ 坦帕灣光芒,51501059.1,380,[1-5局] 芝加哥白襪 大小 1.5,253016827.1,大 1.5,A,1.5,1.82,50,41,A,1.5,
2026-08-02,2026-08-02T00:07:30,台灣運彩,822943,3480597.1,109,2026-08-02T04:10:00+08:00,芝加哥白襪,坦帕灣光芒,芝加哥白襪 @ 坦帕灣光芒,51501059.1,380,[1-5局] 芝加哥白襪 大小 1.5,253016826.1,小 1.5,H,1.5,1.62,50,31,H,1.5,
2026-08-02,2026-08-02T00:07:30,台灣運彩,822943,3480597.1,109,2026-08-02T04:10:00+08:00,芝加哥白襪,坦帕灣光芒,芝加哥白襪 @ 坦帕灣光芒,51501061.1,389,[第1局] 不讓分,253016831.1,坦帕灣光芒,H,,2.65,20,33,H,,1
2026-08-02,2026-08-02T00:07:30,台灣運彩,822943,3480597.1,109,2026-08-02T04:10:00+08:00,芝加哥白襪,坦帕灣光芒,芝加哥白襪 @ 坦帕灣光芒,51501061.1,389,[第1局] 不讓分,253016833.1,芝加哥白襪,A,,3.95,20,59,A,,2
2026-08-02,2026-08-02T00:07:30,台灣運彩,822943,3480597.1,109,2026-08-02T04:10:00+08:00,芝加哥白襪,坦帕灣光芒,芝加哥白襪 @ 坦帕灣光芒,51501061.1,389,[第1局] 不讓分,253016832.1,和局,D,,1.50,2,1,D,,
2026-08-02,2026-08-02T00:07:30,台灣運彩,822943,3480597.1,109,2026-08-02T04:10:00+08:00,芝加哥白襪,坦帕灣光芒,芝加哥白襪 @ 坦帕灣光芒,51501058.1,398,[第1局] 大小 0.5,253016825.1,大 0.5,A,0.5,1.73,100,73,A,0.5,
2026-08-02,2026-08-02T00:07:30,台灣運彩,822943,3480597.1,109,2026-08-02T04:10:00+08:00,芝加哥白襪,坦帕灣光芒,芝加哥白襪 @ 坦帕灣光芒,51501058.1,398,[第1局] 大小 0.5,253016824.1,小 0.5,H,0.5,1.60,5,3,H,0.5,
2026-08-02,2026-08-02T00:07:30,台灣運彩,824483,3480618.1,115,2026-08-02T06:40:00+08:00,匹茲堡海盜,辛辛那提紅人,匹茲堡海盜 @ 辛辛那提紅人,51500227.1,354,不讓分,253014394.1,辛辛那堤紅人,H,,1.85,20,17,H,,1
2026-08-02,2026-08-02T00:07:30,台灣運彩,824483,3480618.1,115,2026-08-02T06:40:00+08:00,匹茲堡海盜,辛辛那提紅人,匹茲堡海盜 @ 辛辛那提紅人,51500227.1,354,不讓分,253014395.1,匹茲堡海盜,A,,1.65,20,13,A,,2
2026-08-02,2026-08-02T00:07:30,台灣運彩,824483,3480618.1,115,2026-08-02T06:40:00+08:00,匹茲堡海盜,辛辛那提紅人,匹茲堡海盜 @ 辛辛那提紅人,51500237.1,357,勝分差,253014417.1,匹茲堡海盜 1 分,A,,5.35,20,87,A,,
2026-08-02,2026-08-02T00:07:30,台灣運彩,824483,3480618.1,115,2026-08-02T06:40:00+08:00,匹茲堡海盜,辛辛那提紅人,匹茲堡海盜 @ 辛辛那提紅人,51500237.1,357,勝分差,253014418.1,匹茲堡海盜 2 分,A,,6.75,4,23,A,,
2026-08-02,2026-08-02T00:07:30,台灣運彩,824483,3480618.1,115,2026-08-02T06:40:00+08:00,匹茲堡海盜,辛辛那提紅人,匹茲堡海盜 @ 辛辛那提紅人,51500237.1,357,勝分差,253014419.1,匹茲堡海盜 > 2分,A,,2.50,2,3,A,,
2026-08-02,2026-08-02T00:07:30,台灣運彩,824483,3480618.1,115,2026-08-02T06:40:00+08:00,匹茲堡海盜,辛辛那提紅人,匹茲堡海盜 @ 辛辛那提紅人,51500237.1,357,勝分差,253014414.1,辛辛那堤紅人 1 分,H,,4.05,20,61,H,,
2026-08-02,2026-08-02T00:07:30,台灣運彩,824483,3480618.1,115,2026-08-02T06:40:00+08:00,匹茲堡海盜,辛辛那提紅人,匹茲堡海盜 @ 辛辛那提紅人,51500237.1,357,勝分差,253014415.1,辛辛那堤紅人 2 分,H,,7.50,2,13,H,,
2026-08-02,2026-08-02T00:07:30,台灣運彩,824483,3480618.1,115,2026-08-02T06:40:00+08:00,匹茲堡海盜,辛辛那提紅人,匹茲堡海盜 @ 辛辛那提紅人,51500237.1,357,勝分差,253014416.1,辛辛那堤紅人 > 2分,H,,3.00,1,2,H,,
2026-08-02,2026-08-02T00:07:30,台灣運彩,824483,3480618.1,115,2026-08-02T06:40:00+08:00,匹茲堡海盜,辛辛那提紅人,匹茲堡海盜 @ 辛辛那提紅人,51500230.1,358,讓分 1.5,253014400.1,辛辛那堤紅人 +1.5,H,1.5,1.48,25,12,H,1.5,1
2026-08-02,2026-08-02T00:07:30,台灣運彩,824483,3480618.1,115,2026-08-02T06:40:00+08:00,匹茲堡海盜,辛辛那提紅人,匹茲堡海盜 @ 辛辛那提紅人,51500230.1,358,讓分 1.5,253014401.1,匹茲堡海盜 -1.5,A,1.5,2.05,20,21,A,1.5,2
2026-08-02,2026-08-02T00:07:30,台灣運彩,824483,3480618.1,115,2026-08-02T06:40:00+08:00,匹茲堡海盜,辛辛那提紅人,匹茲堡海盜 @ 辛辛那提紅人,51500233.1,358,讓分 2.5,253014406.1,辛辛那堤紅人 +2.5,H,2.5,1.30,10,3,H,2.5,1
2026-08-02,2026-08-02T00:07:30,台灣運彩,824483,3480618.1,115,2026-08-02T06:40:00+08:00,匹茲堡海盜,辛辛那提紅人,匹茲堡海盜 @ 辛辛那提紅人,51500233.1,358,讓分 2.5,253014407.1,匹茲堡海盜 -2.5,A,2.5,2.60,5,8,A,2.5,2
2026-08-02,2026-08-02T00:07:30,台灣運彩,824483,3480618.1,115,2026-08-02T06:40:00+08:00,匹茲堡海盜,辛辛那提紅人,匹茲堡海盜 @ 辛辛那提紅人,51500229.1,360,[總分]大小 8.5,253014399.1,大 8.5,A,8.5,1.85,20,17,A,8.5,
2026-08-02,2026-08-02T00:07:30,台灣運彩,824483,3480618.1,115,2026-08-02T06:40:00+08:00,匹茲堡海盜,辛辛那提紅人,匹茲堡海盜 @ 辛辛那提紅人,51500229.1,360,[總分]大小 8.5,253014398.1,小 8.5,H,8.5,1.65,20,13,H,8.5,
2026-08-02,2026-08-02T00:07:30,台灣運彩,824483,3480618.1,115,2026-08-02T06:40:00+08:00,匹茲堡海盜,辛辛那提紅人,匹茲堡海盜 @ 辛辛那提紅人,51500232.1,360,[總分]大小 7.5,253014405.1,大 7.5,A,7.5,1.62,50,31,A,7.5,
2026-08-02,2026-08-02T00:07:30,台灣運彩,824483,3480618.1,115,2026-08-02T06:40:00+08:00,匹茲堡海盜,辛辛那提紅人,匹茲堡海盜 @ 辛辛那提紅人,51500232.1,360,[總分]大小 7.5,253014404.1,小 7.5,H,7.5,1.88,25,22,H,7.5,
2026-08-02,2026-08-02T00:07:30,台灣運彩,824483,3480618.1,115,2026-08-02T06:40:00+08:00,匹茲堡海盜,辛辛那提紅人,匹茲堡海盜 @ 辛辛那提紅人,51500234.1,360,[總分]大小 9.5,253014409.1,大 9.5,A,9.5,2.20,5,6,A,9.5,
2026-08-02,2026-08-02T00:07:30,台灣運彩,824483,3480618.1,115,2026-08-02T06:40:00+08:00,匹茲堡海盜,辛辛那提紅人,匹茲堡海盜 @ 辛辛那提紅人,51500234.1,360,[總分]大小 9.5,253014408.1,小 9.5,H,9.5,1.42,50,21,H,9.5,
2026-08-02,2026-08-02T00:07:30,台灣運彩,824483,3480618.1,115,2026-08-02T06:40:00+08:00,匹茲堡海盜,辛辛那提紅人,匹茲堡海盜 @ 辛辛那提紅人,51500236.1,362,辛辛那堤紅人 大小 3.5,253014413.1,大 3.5,A,3.5,1.65,20,13,A,3.5,
2026-08-02,2026-08-02T00:07:30,台灣運彩,824483,3480618.1,115,2026-08-02T06:40:00+08:00,匹茲堡海盜,辛辛那提紅人,匹茲堡海盜 @ 辛辛那提紅人,51500236.1,362,辛辛那堤紅人 大小 3.5,253014412.1,小 3.5,H,3.5,1.78,50,39,H,3.5,
2026-08-02,2026-08-02T00:07:30,台灣運彩,824483,3480618.1,115,2026-08-02T06:40:00+08:00,匹茲堡海盜,辛辛那提紅人,匹茲堡海盜 @ 辛辛那提紅人,51503392.1,363,匹茲堡海盜 大小 3.5,253024161.1,大 3.5,A,3.5,1.55,20,11,A,3.5,
2026-08-02,2026-08-02T00:07:30,台灣運彩,824483,3480618.1,115,2026-08-02T06:40:00+08:00,匹茲堡海盜,辛辛那提紅人,匹茲堡海盜 @ 辛辛那提紅人,51503392.1,363,匹茲堡海盜 大小 3.5,253024160.1,小 3.5,H,3.5,1.90,10,9,H,3.5,
2026-08-02,2026-08-02T00:07:30,台灣運彩,824483,3480618.1,115,2026-08-02T06:40:00+08:00,匹茲堡海盜,辛辛那提紅人,匹茲堡海盜 @ 辛辛那提紅人,51500228.1,366,[總分]單雙,253014397.1,單,,,1.48,25,12,,,
2026-08-02,2026-08-02T00:07:30,台灣運彩,824483,3480618.1,115,2026-08-02T06:40:00+08:00,匹茲堡海盜,辛辛那提紅人,匹茲堡海盜 @ 辛辛那提紅人,51500228.1,366,[總分]單雙,253014396.1,雙,,,2.00,1,1,,,
2026-08-02,2026-08-02T00:07:30,台灣運彩,824483,3480618.1,115,2026-08-02T06:40:00+08:00,匹茲堡海盜,辛辛那提紅人,匹茲堡海盜 @ 辛辛那提紅人,51501077.1,374,得分最高單局(不含延長賽),253016893.1,一樣多,,,2.25,4,5,,,
2026-08-02,2026-08-02T00:07:30,台灣運彩,824483,3480618.1,115,2026-08-02T06:40:00+08:00,匹茲堡海盜,辛辛那提紅人,匹茲堡海盜 @ 辛辛那提紅人,51501077.1,374,得分最高單局(不含延長賽),253016884.1,第1局,,,5.70,10,47,,,
2026-08-02,2026-08-02T00:07:30,台灣運彩,824483,3480618.1,115,2026-08-02T06:40:00+08:00,匹茲堡海盜,辛辛那提紅人,匹茲堡海盜 @ 辛辛那提紅人,51501077.1,374,得分最高單局(不含延長賽),253016885.1,第2局,,,6.50,2,11,,,
2026-08-02,2026-08-02T00:07:30,台灣運彩,824483,3480618.1,115,2026-08-02T06:40:00+08:00,匹茲堡海盜,辛辛那提紅人,匹茲堡海盜 @ 辛辛那提紅人,51501077.1,374,得分最高單局(不含延長賽),253016886.1,第3局,,,5.80,5,24,,,
2026-08-02,2026-08-02T00:07:30,台灣運彩,824483,3480618.1,115,2026-08-02T06:40:00+08:00,匹茲堡海盜,辛辛那提紅人,匹茲堡海盜 @ 辛辛那提紅人,51501077.1,374,得分最高單局(不含延長賽),253016887.1,第4局,,,6.50,2,11,,,
2026-08-02,2026-08-02T00:07:30,台灣運彩,824483,3480618.1,115,2026-08-02T06:40:00+08:00,匹茲堡海盜,辛辛那提紅人,匹茲堡海盜 @ 辛辛那提紅人,51501077.1,374,得分最高單局(不含延長賽),253016888.1,第5局,,,6.25,4,21,,,
2026-08-02,2026-08-02T00:07:30,台灣運彩,824483,3480618.1,115,2026-08-02T06:40:00+08:00,匹茲堡海盜,辛辛那提紅人,匹茲堡海盜 @ 辛辛那提紅人,51501077.1,374,得分最高單局(不含延長賽),253016889.1,第6局,,,5.70,10,47,,,
2026-08-02,2026-08-02T00:07:30,台灣運彩,824483,3480618.1,115,2026-08-02T06:40:00+08:00,匹茲堡海盜,辛辛那提紅人,匹茲堡海盜 @ 辛辛那提紅人,51501077.1,374,得分最高單局(不含延長賽),253016890.1,第7局,,,5.85,20,97,,,
2026-08-02,2026-08-02T00:07:30,台灣運彩,824483,3480618.1,115,2026-08-02T06:40:00+08:00,匹茲堡海盜,辛辛那提紅人,匹茲堡海盜 @ 辛辛那提紅人,51501077.1,374,得分最高單局(不含延長賽),253016891.1,第8局,,,5.75,4,19,,,
2026-08-02,2026-08-02T00:07:30,台灣運彩,824483,3480618.1,115,2026-08-02T06:40:00+08:00,匹茲堡海盜,辛辛那提紅人,匹茲堡海盜 @ 辛辛那提紅人,51501077.1,374,得分最高單局(不含延長賽),253016892.1,第9局,,,8.00,1,7,,,
2026-08-02,2026-08-02T00:07:30,台灣運彩,824483,3480618.1,115,2026-08-02T06:40:00+08:00,匹茲堡海盜,辛辛那提紅人,匹茲堡海盜 @ 辛辛那提紅人,51501071.1,376,[1-5局] 不讓分,253016870.1,辛辛那堤紅人,H,,1.90,10,9,H,,1
2026-08-02,2026-08-02T00:07:30,台灣運彩,824483,3480618.1,115,2026-08-02T06:40:00+08:00,匹茲堡海盜,辛辛那提紅人,匹茲堡海盜 @ 辛辛那提紅人,51501071.1,376,[1-5局] 不讓分,253016872.1,匹茲堡海盜,A,,1.80,5,4,A,,2
2026-08-02,2026-08-02T00:07:30,台灣運彩,824483,3480618.1,115,2026-08-02T06:40:00+08:00,匹茲堡海盜,辛辛那提紅人,匹茲堡海盜 @ 辛辛那提紅人,51501071.1,376,[1-5局] 不讓分,253016871.1,和局,D,,4.40,5,17,D,,
2026-08-02,2026-08-02T00:07:30,台灣運彩,824483,3480618.1,115,2026-08-02T06:40:00+08:00,匹茲堡海盜,辛辛那提紅人,匹茲堡海盜 @ 辛辛那提紅人,51501075.1,378,[1-5局] 大小 4.5,253016881.1,大 4.5,A,4.5,1.78,50,39,A,4.5,
2026-08-02,2026-08-02T00:07:30,台灣運彩,824483,3480618.1,115,2026-08-02T06:40:00+08:00,匹茲堡海盜,辛辛那提紅人,匹茲堡海盜 @ 辛辛那提紅人,51501075.1,378,[1-5局] 大小 4.5,253016880.1,小 4.5,H,4.5,1.56,25,14,H,4.5,
2026-08-02,2026-08-02T00:07:30,台灣運彩,824483,3480618.1,115,2026-08-02T06:40:00+08:00,匹茲堡海盜,辛辛那提紅人,匹茲堡海盜 @ 辛辛那提紅人,51501076.1,379,[1-5局] 辛辛那堤紅人 大小 1.5,253016883.1,大 1.5,A,1.5,1.58,50,29,A,1.5,
2026-08-02,2026-08-02T00:07:30,台灣運彩,824483,3480618.1,115,2026-08-02T06:40:00+08:00,匹茲堡海盜,辛辛那提紅人,匹茲堡海盜 @ 辛辛那提紅人,51501076.1,379,[1-5局] 辛辛那堤紅人 大小 1.5,253016882.1,小 1.5,H,1.5,1.86,50,43,H,1.5,
2026-08-02,2026-08-02T00:07:30,台灣運彩,824483,3480618.1,115,2026-08-02T06:40:00+08:00,匹茲堡海盜,辛辛那提紅人,匹茲堡海盜 @ 辛辛那提紅人,51501074.1,380,[1-5局] 匹茲堡海盜 大小 1.5,253016879.1,大 1.5,A,1.5,1.53,100,53,A,1.5,
2026-08-02,2026-08-02T00:07:30,台灣運彩,824483,3480618.1,115,2026-08-02T06:40:00+08:00,匹茲堡海盜,辛辛那提紅人,匹茲堡海盜 @ 辛辛那提紅人,51501074.1,380,[1-5局] 匹茲堡海盜 大小 1.5,253016878.1,小 1.5,H,1.5,1.93,100,93,H,1.5,
2026-08-02,2026-08-02T00:07:30,台灣運彩,824483,3480618.1,115,2026-08-02T06:40:00+08:00,匹茲堡海盜,辛辛那提紅人,匹茲堡海盜 @ 辛辛那提紅人,51501073.1,389,[第1局] 不讓分,253016875.1,辛辛那堤紅人,H,,3.20,5,11,H,,1
2026-08-02,2026-08-02T00:07:30,台灣運彩,824483,3480618.1,115,2026-08-02T06:40:00+08:00,匹茲堡海盜,辛辛那提紅人,匹茲堡海盜 @ 辛辛那提紅人,51501073.1,389,[第1局] 不讓分,253016877.1,匹茲堡海盜,A,,3.15,20,43,A,,2
2026-08-02,2026-08-02T00:07:30,台灣運彩,824483,3480618.1,115,2026-08-02T06:40:00+08:00,匹茲堡海盜,辛辛那提紅人,匹茲堡海盜 @ 辛辛那提紅人,51501073.1,389,[第1局] 不讓分,253016876.1,和局,D,,1.50,2,1,D,,
2026-08-02,2026-08-02T00:07:30,台灣運彩,824483,3480618.1,115,2026-08-02T06:40:00+08:00,匹茲堡海盜,辛辛那提紅人,匹茲堡海盜 @ 辛辛那提紅人,51501072.1,398,[第1局] 大小 0.5,253016874.1,大 0.5,A,0.5,1.75,4,3,A,0.5,
2026-08-02,2026-08-02T00:07:30,台灣運彩,824483,3480618.1,115,2026-08-02T06:40:00+08:00,匹茲堡海盜,辛辛那提紅人,匹茲堡海盜 @ 辛辛那提紅人,51501072.1,398,[第1局] 大小 0.5,253016873.1,小 0.5,H,0.5,1.58,50,29,H,0.5,
2026-08-02,2026-08-02T00:07:30,台灣運彩,824807,3480623.1,116,2026-08-02T07:05:00+08:00,費城費城人,巴爾的摩金鶯,費城費城人 @ 巴爾的摩金鶯,51500315.1,354,不讓分,253014698.1,巴爾的摩金鶯,H,,2.05,20,21,H,,1
2026-08-02,2026-08-02T00:07:30,台灣運彩,824807,3480623.1,116,2026-08-02T07:05:00+08:00,費城費城人,巴爾的摩金鶯,費城費城人 @ 巴爾的摩金鶯,51500315.1,354,不讓分,253014699.1,費城費城人,A,,1.48,25,12,A,,2
2026-08-02,2026-08-02T00:07:30,台灣運彩,824807,3480623.1,116,2026-08-02T07:05:00+08:00,費城費城人,巴爾的摩金鶯,費城費城人 @ 巴爾的摩金鶯,51500328.1,357,勝分差,253014725.1,巴爾的摩金鶯 1 分,H,,4.35,20,67,H,,
2026-08-02,2026-08-02T00:07:30,台灣運彩,824807,3480623.1,116,2026-08-02T07:05:00+08:00,費城費城人,巴爾的摩金鶯,費城費城人 @ 巴爾的摩金鶯,51500328.1,357,勝分差,253014726.1,巴爾的摩金鶯 2 分,H,,8.50,2,15,H,,
2026-08-02,2026-08-02T00:07:30,台灣運彩,824807,3480623.1,116,2026-08-02T07:05:00+08:00,費城費城人,巴爾的摩金鶯,費城費城人 @ 巴爾的摩金鶯,51500328.1,357,勝分差,253014727.1,巴爾的摩金鶯 > 2分,H,,3.85,20,57,H,,
2026-08-02,2026-08-02T00:07:30,台灣運彩,824807,3480623.1,116,2026-08-02T07:05:00+08:00,費城費城人,巴爾的摩金鶯,費城費城人 @ 巴爾的摩金鶯,51500328.1,357,勝分差,253014728.1,費城費城人 1 分,A,,5.20,5,21,A,,
2026-08-02,2026-08-02T00:07:30,台灣運彩,824807,3480623.1,116,2026-08-02T07:05:00+08:00,費城費城人,巴爾的摩金鶯,費城費城人 @ 巴爾的摩金鶯,51500328.1,357,勝分差,253014729.1,費城費城人 2 分,A,,6.50,2,11,A,,
2026-08-02,2026-08-02T00:07:30,台灣運彩,824807,3480623.1,116,2026-08-02T07:05:00+08:00,費城費城人,巴爾的摩金鶯,費城費城人 @ 巴爾的摩金鶯,51500328.1,357,勝分差,253014730.1,費城費城人 > 2分,A,,2.05,20,21,A,,
2026-08-02,2026-08-02T00:07:30,台灣運彩,824807,3480623.1,116,2026-08-02T07:05:00+08:00,費城費城人,巴爾的摩金鶯,費城費城人 @ 巴爾的摩金鶯,51500313.1,358,讓分 2.5,253014693.1,巴爾的摩金鶯 +2.5,H,2.5,1.42,50,21,H,2.5,1
2026-08-02,2026-08-02T00:07:30,台灣運彩,824807,3480623.1,116,2026-08-02T07:05:00+08:00,費城費城人,巴爾的摩金鶯,費城費城人 @ 巴爾的摩金鶯,51500313.1,358,讓分 2.5,253014694.1,費城費城人 -2.5,A,2.5,2.20,5,6,A,2.5,2
2026-08-02,2026-08-02T00:07:30,台灣運彩,824807,3480623.1,116,2026-08-02T07:05:00+08:00,費城費城人,巴爾的摩金鶯,費城費城人 @ 巴爾的摩金鶯,51500327.1,358,讓分 1.5,253014723.1,巴爾的摩金鶯 +1.5,H,1.5,1.66,50,33,H,1.5,1
2026-08-02,2026-08-02T00:07:30,台灣運彩,824807,3480623.1,116,2026-08-02T07:05:00+08:00,費城費城人,巴爾的摩金鶯,費城費城人 @ 巴爾的摩金鶯,51500327.1,358,讓分 1.5,253014724.1,費城費城人 -1.5,A,1.5,1.84,25,21,A,1.5,2
2026-08-02,2026-08-02T00:07:30,台灣運彩,824807,3480623.1,116,2026-08-02T07:05:00+08:00,費城費城人,巴爾的摩金鶯,費城費城人 @ 巴爾的摩金鶯,51500316.1,360,[總分]大小 9.5,253014701.1,大 9.5,A,9.5,2.15,20,23,A,9.5,
2026-08-02,2026-08-02T00:07:30,台灣運彩,824807,3480623.1,116,2026-08-02T07:05:00+08:00,費城費城人,巴爾的摩金鶯,費城費城人 @ 巴爾的摩金鶯,51500316.1,360,[總分]大小 9.5,253014700.1,小 9.5,H,9.5,1.43,100,43,H,9.5,
2026-08-02,2026-08-02T00:07:30,台灣運彩,824807,3480623.1,116,2026-08-02T07:05:00+08:00,費城費城人,巴爾的摩金鶯,費城費城人 @ 巴爾的摩金鶯,51500321.1,360,[總分]大小 7.5,253014712.1,大 7.5,A,7.5,1.56,25,14,A,7.5,
2026-08-02,2026-08-02T00:07:30,台灣運彩,824807,3480623.1,116,2026-08-02T07:05:00+08:00,費城費城人,巴爾的摩金鶯,費城費城人 @ 巴爾的摩金鶯,51500321.1,360,[總分]大小 7.5,253014711.1,小 7.5,H,7.5,1.94,50,47,H,7.5,
2026-08-02,2026-08-02T00:07:30,台灣運彩,824807,3480623.1,116,2026-08-02T07:05:00+08:00,費城費城人,巴爾的摩金鶯,費城費城人 @ 巴爾的摩金鶯,51500322.1,360,[總分]大小 8.5,253014714.1,大 8.5,A,8.5,1.80,5,4,A,8.5,
2026-08-02,2026-08-02T00:07:30,台灣運彩,824807,3480623.1,116,2026-08-02T07:05:00+08:00,費城費城人,巴爾的摩金鶯,費城費城人 @ 巴爾的摩金鶯,51500322.1,360,[總分]大小 8.5,253014713.1,小 8.5,H,8.5,1.70,10,7,H,8.5,
2026-08-02,2026-08-02T00:07:30,台灣運彩,824807,3480623.1,116,2026-08-02T07:05:00+08:00,費城費城人,巴爾的摩金鶯,費城費城人 @ 巴爾的摩金鶯,51500400.1,360,[總分]大小 6.5,253014938.1,大 6.5,A,6.5,1.38,50,19,A,6.5,
2026-08-02,2026-08-02T00:07:30,台灣運彩,824807,3480623.1,116,2026-08-02T07:05:00+08:00,費城費城人,巴爾的摩金鶯,費城費城人 @ 巴爾的摩金鶯,51500400.1,360,[總分]大小 6.5,253014937.1,小 6.5,H,6.5,2.33,100,133,H,6.5,
2026-08-02,2026-08-02T00:07:30,台灣運彩,824807,3480623.1,116,2026-08-02T07:05:00+08:00,費城費城人,巴爾的摩金鶯,費城費城人 @ 巴爾的摩金鶯,51500326.1,362,巴爾的摩金鶯 大小 3.5,253014722.1,大 3.5,A,3.5,1.82,50,41,A,3.5,
2026-08-02,2026-08-02T00:07:30,台灣運彩,824807,3480623.1,116,2026-08-02T07:05:00+08:00,費城費城人,巴爾的摩金鶯,費城費城人 @ 巴爾的摩金鶯,51500326.1,362,巴爾的摩金鶯 大小 3.5,253014721.1,小 3.5,H,3.5,1.62,50,31,H,3.5,
2026-08-02,2026-08-02T00:07:30,台灣運彩,824807,3480623.1,116,2026-08-02T07:05:00+08:00,費城費城人,巴爾的摩金鶯,費城費城人 @ 巴爾的摩金鶯,51500318.1,363,費城費城人 大小 4.5,253014705.1,大 4.5,A,4.5,1.72,25,18,A,4.5,
2026-08-02,2026-08-02T00:07:30,台灣運彩,824807,3480623.1,116,2026-08-02T07:05:00+08:00,費城費城人,巴爾的摩金鶯,費城費城人 @ 巴爾的摩金鶯,51500318.1,363,費城費城人 大小 4.5,253014704.1,小 4.5,H,4.5,1.72,25,18,H,4.5,
2026-08-02,2026-08-02T00:07:30,台灣運彩,824807,3480623.1,116,2026-08-02T07:05:00+08:00,費城費城人,巴爾的摩金鶯,費城費城人 @ 巴爾的摩金鶯,51500312.1,366,[總分]單雙,253014692.1,單,,,1.48,25,12,,,
2026-08-02,2026-08-02T00:07:30,台灣運彩,824807,3480623.1,116,2026-08-02T07:05:00+08:00,費城費城人,巴爾的摩金鶯,費城費城人 @ 巴爾的摩金鶯,51500312.1,366,[總分]單雙,253014691.1,雙,,,2.00,1,1,,,
2026-08-02,2026-08-02T00:07:30,台灣運彩,824807,3480623.1,116,2026-08-02T07:05:00+08:00,費城費城人,巴爾的摩金鶯,費城費城人 @ 巴爾的摩金鶯,51500329.1,374,得分最高單局(不含延長賽),253014740.1,一樣多,,,2.25,4,5,,,
2026-08-02,2026-08-02T00:07:30,台灣運彩,824807,3480623.1,116,2026-08-02T07:05:00+08:00,費城費城人,巴爾的摩金鶯,費城費城人 @ 巴爾的摩金鶯,51500329.1,374,得分最高單局(不含延長賽),253014731.1,第1局,,,5.35,20,87,,,
2026-08-02,2026-08-02T00:07:30,台灣運彩,824807,3480623.1,116,2026-08-02T07:05:00+08:00,費城費城人,巴爾的摩金鶯,費城費城人 @ 巴爾的摩金鶯,51500329.1,374,得分最高單局(不含延長賽),253014732.1,第2局,,,6.50,2,11,,,
2026-08-02,2026-08-02T00:07:30,台灣運彩,824807,3480623.1,116,2026-08-02T07:05:00+08:00,費城費城人,巴爾的摩金鶯,費城費城人 @ 巴爾的摩金鶯,51500329.1,374,得分最高單局(不含延長賽),253014733.1,第3局,,,5.60,5,23,,,
2026-08-02,2026-08-02T00:07:30,台灣運彩,824807,3480623.1,116,2026-08-02T07:05:00+08:00,費城費城人,巴爾的摩金鶯,費城費城人 @ 巴爾的摩金鶯,51500329.1,374,得分最高單局(不含延長賽),253014734.1,第4局,,,6.00,1,5,,,
2026-08-02,2026-08-02T00:07:30,台灣運彩,824807,3480623.1,116,2026-08-02T07:05:00+08:00,費城費城人,巴爾的摩金鶯,費城費城人 @ 巴爾的摩金鶯,51500329.1,374,得分最高單局(不含延長賽),253014735.1,第5局,,,5.85,20,97,,,
2026-08-02,2026-08-02T00:07:30,台灣運彩,824807,3480623.1,116,2026-08-02T07:05:00+08:00,費城費城人,巴爾的摩金鶯,費城費城人 @ 巴爾的摩金鶯,51500329.1,374,得分最高單局(不含延長賽),253014736.1,第6局,,,6.25,4,21,,,
2026-08-02,2026-08-02T00:07:30,台灣運彩,824807,3480623.1,116,2026-08-02T07:05:00+08:00,費城費城人,巴爾的摩金鶯,費城費城人 @ 巴爾的摩金鶯,51500329.1,374,得分最高單局(不含延長賽),253014737.1,第7局,,,6.25,4,21,,,
2026-08-02,2026-08-02T00:07:30,台灣運彩,824807,3480623.1,116,2026-08-02T07:05:00+08:00,費城費城人,巴爾的摩金鶯,費城費城人 @ 巴爾的摩金鶯,51500329.1,374,得分最高單局(不含延長賽),253014738.1,第8局,,,6.25,4,21,,,
2026-08-02,2026-08-02T00:07:30,台灣運彩,824807,3480623.1,116,2026-08-02T07:05:00+08:00,費城費城人,巴爾的摩金鶯,費城費城人 @ 巴爾的摩金鶯,51500329.1,374,得分最高單局(不含延長賽),253014739.1,第9局,,,8.00,1,7,,,
2026-08-02,2026-08-02T00:07:30,台灣運彩,824807,3480623.1,116,2026-08-02T07:05:00+08:00,費城費城人,巴爾的摩金鶯,費城費城人 @ 巴爾的摩金鶯,51500314.1,376,[1-5局] 不讓分,253014695.1,巴爾的摩金鶯,H,,2.20,5,6,H,,1
2026-08-02,2026-08-02T00:07:30,台灣運彩,824807,3480623.1,116,2026-08-02T07:05:00+08:00,費城費城人,巴爾的摩金鶯,費城費城人 @ 巴爾的摩金鶯,51500314.1,376,[1-5局] 不讓分,253014697.1,費城費城人,A,,1.60,5,3,A,,2
2026-08-02,2026-08-02T00:07:30,台灣運彩,824807,3480623.1,116,2026-08-02T07:05:00+08:00,費城費城人,巴爾的摩金鶯,費城費城人 @ 巴爾的摩金鶯,51500314.1,376,[1-5局] 不讓分,253014696.1,和局,D,,4.60,5,18,D,,
2026-08-02,2026-08-02T00:07:30,台灣運彩,824807,3480623.1,116,2026-08-02T07:05:00+08:00,費城費城人,巴爾的摩金鶯,費城費城人 @ 巴爾的摩金鶯,51500323.1,378,[1-5局] 大小 4.5,253014716.1,大 4.5,A,4.5,1.70,10,7,A,4.5,
2026-08-02,2026-08-02T00:07:30,台灣運彩,824807,3480623.1,116,2026-08-02T07:05:00+08:00,費城費城人,巴爾的摩金鶯,費城費城人 @ 巴爾的摩金鶯,51500323.1,378,[1-5局] 大小 4.5,253014715.1,小 4.5,H,4.5,1.63,100,63,H,4.5,
2026-08-02,2026-08-02T00:07:30,台灣運彩,824807,3480623.1,116,2026-08-02T07:05:00+08:00,費城費城人,巴爾的摩金鶯,費城費城人 @ 巴爾的摩金鶯,51500324.1,379,[1-5局] 巴爾的摩金鶯 大小 1.5,253014718.1,大 1.5,A,1.5,1.70,10,7,A,1.5,
2026-08-02,2026-08-02T00:07:30,台灣運彩,824807,3480623.1,116,2026-08-02T07:05:00+08:00,費城費城人,巴爾的摩金鶯,費城費城人 @ 巴爾的摩金鶯,51500324.1,379,[1-5局] 巴爾的摩金鶯 大小 1.5,253014717.1,小 1.5,H,1.5,1.73,100,73,H,1.5,
2026-08-02,2026-08-02T00:07:30,台灣運彩,824807,3480623.1,116,2026-08-02T07:05:00+08:00,費城費城人,巴爾的摩金鶯,費城費城人 @ 巴爾的摩金鶯,51500317.1,380,[1-5局] 費城費城人 大小 2.5,253014703.1,大 2.5,A,2.5,1.82,50,41,A,2.5,
2026-08-02,2026-08-02T00:07:30,台灣運彩,824807,3480623.1,116,2026-08-02T07:05:00+08:00,費城費城人,巴爾的摩金鶯,費城費城人 @ 巴爾的摩金鶯,51500317.1,380,[1-5局] 費城費城人 大小 2.5,253014702.1,小 2.5,H,2.5,1.62,50,31,H,2.5,
2026-08-02,2026-08-02T00:07:30,台灣運彩,824807,3480623.1,116,2026-08-02T07:05:00+08:00,費城費城人,巴爾的摩金鶯,費城費城人 @ 巴爾的摩金鶯,51500319.1,389,[第1局] 不讓分,253014706.1,巴爾的摩金鶯,H,,3.60,5,13,H,,1
2026-08-02,2026-08-02T00:07:30,台灣運彩,824807,3480623.1,116,2026-08-02T07:05:00+08:00,費城費城人,巴爾的摩金鶯,費城費城人 @ 巴爾的摩金鶯,51500319.1,389,[第1局] 不讓分,253014708.1,費城費城人,A,,2.75,4,7,A,,2
2026-08-02,2026-08-02T00:07:30,台灣運彩,824807,3480623.1,116,2026-08-02T07:05:00+08:00,費城費城人,巴爾的摩金鶯,費城費城人 @ 巴爾的摩金鶯,51500319.1,389,[第1局] 不讓分,253014707.1,和局,D,,1.50,2,1,D,,
2026-08-02,2026-08-02T00:07:30,台灣運彩,824807,3480623.1,116,2026-08-02T07:05:00+08:00,費城費城人,巴爾的摩金鶯,費城費城人 @ 巴爾的摩金鶯,51500320.1,398,[第1局] 大小 0.5,253014710.1,大 0.5,A,0.5,1.70,10,7,A,0.5,
2026-08-02,2026-08-02T00:07:30,台灣運彩,824807,3480623.1,116,2026-08-02T07:05:00+08:00,費城費城人,巴爾的摩金鶯,費城費城人 @ 巴爾的摩金鶯,51500320.1,398,[第1局] 大小 0.5,253014709.1,小 0.5,H,0.5,1.63,100,63,H,0.5,
2026-08-02,2026-08-02T00:07:30,台灣運彩,824163,3480624.1,117,2026-08-02T07:10:00+08:00,德州遊騎兵,休士頓太空人,德州遊騎兵 @ 休士頓太空人,51500332.1,354,不讓分,253014745.1,休士頓太空人,H,,1.87,100,87,H,,1
2026-08-02,2026-08-02T00:07:30,台灣運彩,824163,3480624.1,117,2026-08-02T07:10:00+08:00,德州遊騎兵,休士頓太空人,德州遊騎兵 @ 休士頓太空人,51500332.1,354,不讓分,253014746.1,德州遊騎兵,A,,1.63,100,63,A,,2
2026-08-02,2026-08-02T00:07:30,台灣運彩,824163,3480624.1,117,2026-08-02T07:10:00+08:00,德州遊騎兵,休士頓太空人,德州遊騎兵 @ 休士頓太空人,51500336.1,357,勝分差,253014753.1,休士頓太空人 1 分,H,,4.15,20,63,H,,
2026-08-02,2026-08-02T00:07:30,台灣運彩,824163,3480624.1,117,2026-08-02T07:10:00+08:00,德州遊騎兵,休士頓太空人,德州遊騎兵 @ 休士頓太空人,51500336.1,357,勝分差,253014754.1,休士頓太空人 2 分,H,,7.75,4,27,H,,
2026-08-02,2026-08-02T00:07:30,台灣運彩,824163,3480624.1,117,2026-08-02T07:10:00+08:00,德州遊騎兵,休士頓太空人,德州遊騎兵 @ 休士頓太空人,51500336.1,357,勝分差,253014755.1,休士頓太空人 > 2分,H,,3.25,4,9,H,,
2026-08-02,2026-08-02T00:07:30,台灣運彩,824163,3480624.1,117,2026-08-02T07:10:00+08:00,德州遊騎兵,休士頓太空人,德州遊騎兵 @ 休士頓太空人,51500336.1,357,勝分差,253014756.1,德州遊騎兵 1 分,A,,5.35,20,87,A,,
2026-08-02,2026-08-02T00:07:30,台灣運彩,824163,3480624.1,117,2026-08-02T07:10:00+08:00,德州遊騎兵,休士頓太空人,德州遊騎兵 @ 休士頓太空人,51500336.1,357,勝分差,253014757.1,德州遊騎兵 2 分,A,,6.75,4,23,A,,
2026-08-02,2026-08-02T00:07:30,台灣運彩,824163,3480624.1,117,2026-08-02T07:10:00+08:00,德州遊騎兵,休士頓太空人,德州遊騎兵 @ 休士頓太空人,51500336.1,357,勝分差,253014758.1,德州遊騎兵 > 2分,A,,2.30,10,13,A,,
2026-08-02,2026-08-02T00:07:30,台灣運彩,824163,3480624.1,117,2026-08-02T07:10:00+08:00,德州遊騎兵,休士頓太空人,德州遊騎兵 @ 休士頓太空人,51500331.1,358,讓分 1.5,253014743.1,休士頓太空人 +1.5,H,1.5,1.50,2,1,H,1.5,1
2026-08-02,2026-08-02T00:07:30,台灣運彩,824163,3480624.1,117,2026-08-02T07:10:00+08:00,德州遊騎兵,休士頓太空人,德州遊騎兵 @ 休士頓太空人,51500331.1,358,讓分 1.5,253014744.1,德州遊騎兵 -1.5,A,1.5,2.00,1,1,A,1.5,2
2026-08-02,2026-08-02T00:07:30,台灣運彩,824163,3480624.1,117,2026-08-02T07:10:00+08:00,德州遊騎兵,休士頓太空人,德州遊騎兵 @ 休士頓太空人,51500334.1,360,[總分]大小 8.5,253014750.1,大 8.5,A,8.5,1.77,100,77,A,8.5,
2026-08-02,2026-08-02T00:07:30,台灣運彩,824163,3480624.1,117,2026-08-02T07:10:00+08:00,德州遊騎兵,休士頓太空人,德州遊騎兵 @ 休士頓太空人,51500334.1,360,[總分]大小 8.5,253014749.1,小 8.5,H,8.5,1.73,100,73,H,8.5,
2026-08-02,2026-08-02T00:07:30,台灣運彩,824163,3480624.1,117,2026-08-02T07:10:00+08:00,德州遊騎兵,休士頓太空人,德州遊騎兵 @ 休士頓太空人,51500335.1,362,休士頓太空人 大小 3.5,253014752.1,大 3.5,A,3.5,1.62,50,31,A,3.5,
2026-08-02,2026-08-02T00:07:30,台灣運彩,824163,3480624.1,117,2026-08-02T07:10:00+08:00,德州遊騎兵,休士頓太空人,德州遊騎兵 @ 休士頓太空人,51500335.1,362,休士頓太空人 大小 3.5,253014751.1,小 3.5,H,3.5,1.82,50,41,H,3.5,
2026-08-02,2026-08-02T00:07:30,台灣運彩,824163,3480624.1,117,2026-08-02T07:10:00+08:00,德州遊騎兵,休士頓太空人,德州遊騎兵 @ 休士頓太空人,51500333.1,363,德州遊騎兵 大小 4.5,253014748.1,大 4.5,A,4.5,1.80,5,4,A,4.5,
2026-08-02,2026-08-02T00:07:30,台灣運彩,824163,3480624.1,117,2026-08-02T07:10:00+08:00,德州遊騎兵,休士頓太空人,德州遊騎兵 @ 休士頓太空人,51500333.1,363,德州遊騎兵 大小 4.5,253014747.1,小 4.5,H,4.5,1.63,100,63,H,4.5,
2026-08-02,2026-08-02T00:07:30,台灣運彩,824163,3480624.1,117,2026-08-02T07:10:00+08:00,德州遊騎兵,休士頓太空人,德州遊騎兵 @ 休士頓太空人,51500330.1,366,[總分]單雙,253014742.1,單,,,1.45,20,9,,,
2026-08-02,2026-08-02T00:07:30,台灣運彩,824163,3480624.1,117,2026-08-02T07:10:00+08:00,德州遊騎兵,休士頓太空人,德州遊騎兵 @ 休士頓太空人,51500330.1,366,[總分]單雙,253014741.1,雙,,,1.95,20,19,,,
2026-08-02,2026-08-02T00:07:30,台灣運彩,824163,3480624.1,117,2026-08-02T07:10:00+08:00,德州遊騎兵,休士頓太空人,德州遊騎兵 @ 休士頓太空人,51500390.1,374,得分最高單局(不含延長賽),253014908.1,一樣多,,,2.35,20,27,,,
2026-08-02,2026-08-02T00:07:30,台灣運彩,824163,3480624.1,117,2026-08-02T07:10:00+08:00,德州遊騎兵,休士頓太空人,德州遊騎兵 @ 休士頓太空人,51500390.1,374,得分最高單局(不含延長賽),253014899.1,第1局,,,5.70,10,47,,,
2026-08-02,2026-08-02T00:07:30,台灣運彩,824163,3480624.1,117,2026-08-02T07:10:00+08:00,德州遊騎兵,休士頓太空人,德州遊騎兵 @ 休士頓太空人,51500390.1,374,得分最高單局(不含延長賽),253014900.1,第2局,,,6.75,4,23,,,
2026-08-02,2026-08-02T00:07:30,台灣運彩,824163,3480624.1,117,2026-08-02T07:10:00+08:00,德州遊騎兵,休士頓太空人,德州遊騎兵 @ 休士頓太空人,51500390.1,374,得分最高單局(不含延長賽),253014901.1,第3局,,,6.00,1,5,,,
2026-08-02,2026-08-02T00:07:30,台灣運彩,824163,3480624.1,117,2026-08-02T07:10:00+08:00,德州遊騎兵,休士頓太空人,德州遊騎兵 @ 休士頓太空人,51500390.1,374,得分最高單局(不含延長賽),253014902.1,第4局,,,6.75,4,23,,,
2026-08-02,2026-08-02T00:07:30,台灣運彩,824163,3480624.1,117,2026-08-02T07:10:00+08:00,德州遊騎兵,休士頓太空人,德州遊騎兵 @ 休士頓太空人,51500390.1,374,得分最高單局(不含延長賽),253014903.1,第5局,,,4.20,5,16,,,
2026-08-02,2026-08-02T00:07:30,台灣運彩,824163,3480624.1,117,2026-08-02T07:10:00+08:00,德州遊騎兵,休士頓太空人,德州遊騎兵 @ 休士頓太空人,51500390.1,374,得分最高單局(不含延長賽),253014904.1,第6局,,,6.00,1,5,,,
2026-08-02,2026-08-02T00:07:30,台灣運彩,824163,3480624.1,117,2026-08-02T07:10:00+08:00,德州遊騎兵,休士頓太空人,德州遊騎兵 @ 休士頓太空人,51500390.1,374,得分最高單局(不含延長賽),253014905.1,第7局,,,6.25,4,21,,,
2026-08-02,2026-08-02T00:07:30,台灣運彩,824163,3480624.1,117,2026-08-02T07:10:00+08:00,德州遊騎兵,休士頓太空人,德州遊騎兵 @ 休士頓太空人,51500390.1,374,得分最高單局(不含延長賽),253014906.1,第8局,,,6.25,4,21,,,
2026-08-02,2026-08-02T00:07:30,台灣運彩,824163,3480624.1,117,2026-08-02T07:10:00+08:00,德州遊騎兵,休士頓太空人,德州遊騎兵 @ 休士頓太空人,51500390.1,374,得分最高單局(不含延長賽),253014907.1,第9局,,,8.00,1,7,,,
2026-08-02,2026-08-02T00:07:30,台灣運彩,824163,3480624.1,117,2026-08-02T07:10:00+08:00,德州遊騎兵,休士頓太空人,德州遊騎兵 @ 休士頓太空人,51500388.1,376,[1-5局] 不讓分,253014894.1,休士頓太空人,H,,2.00,1,1,H,,1
2026-08-02,2026-08-02T00:07:30,台灣運彩,824163,3480624.1,117,2026-08-02T07:10:00+08:00,德州遊騎兵,休士頓太空人,德州遊騎兵 @ 休士頓太空人,51500388.1,376,[1-5局] 不讓分,253014896.1,德州遊騎兵,A,,1.75,4,3,A,,2
2026-08-02,2026-08-02T00:07:30,台灣運彩,824163,3480624.1,117,2026-08-02T07:10:00+08:00,德州遊騎兵,休士頓太空人,德州遊騎兵 @ 休士頓太空人,51500388.1,376,[1-5局] 不讓分,253014895.1,和局,D,,4.55,20,71,D,,
2026-08-02,2026-08-02T00:07:30,台灣運彩,824163,3480624.1,117,2026-08-02T07:10:00+08:00,德州遊騎兵,休士頓太空人,德州遊騎兵 @ 休士頓太空人,51500387.1,378,[1-5局] 大小 4.5,253014893.1,大 4.5,A,4.5,1.70,10,7,A,4.5,
2026-08-02,2026-08-02T00:07:30,台灣運彩,824163,3480624.1,117,2026-08-02T07:10:00+08:00,德州遊騎兵,休士頓太空人,德州遊騎兵 @ 休士頓太空人,51500387.1,378,[1-5局] 大小 4.5,253014892.1,小 4.5,H,4.5,1.63,100,63,H,4.5,
2026-08-02,2026-08-02T00:07:30,台灣運彩,824163,3480624.1,117,2026-08-02T07:10:00+08:00,德州遊騎兵,休士頓太空人,德州遊騎兵 @ 休士頓太空人,51500385.1,379,[1-5局] 休士頓太空人 大小 1.5,253014888.1,大 1.5,A,1.5,1.58,50,29,A,1.5,
2026-08-02,2026-08-02T00:07:30,台灣運彩,824163,3480624.1,117,2026-08-02T07:10:00+08:00,德州遊騎兵,休士頓太空人,德州遊騎兵 @ 休士頓太空人,51500385.1,379,[1-5局] 休士頓太空人 大小 1.5,253014887.1,小 1.5,H,1.5,1.86,50,43,H,1.5,
2026-08-02,2026-08-02T00:07:30,台灣運彩,824163,3480624.1,117,2026-08-02T07:10:00+08:00,德州遊騎兵,休士頓太空人,德州遊騎兵 @ 休士頓太空人,51500389.1,380,[1-5局] 德州遊騎兵 大小 2.5,253014898.1,大 2.5,A,2.5,1.94,50,47,A,2.5,
2026-08-02,2026-08-02T00:07:30,台灣運彩,824163,3480624.1,117,2026-08-02T07:10:00+08:00,德州遊騎兵,休士頓太空人,德州遊騎兵 @ 休士頓太空人,51500389.1,380,[1-5局] 德州遊騎兵 大小 2.5,253014897.1,小 2.5,H,2.5,1.52,25,13,H,2.5,
2026-08-02,2026-08-02T00:07:30,台灣運彩,824163,3480624.1,117,2026-08-02T07:10:00+08:00,德州遊騎兵,休士頓太空人,德州遊騎兵 @ 休士頓太空人,51500386.1,389,[第1局] 不讓分,253014889.1,休士頓太空人,H,,3.25,4,9,H,,1
2026-08-02,2026-08-02T00:07:30,台灣運彩,824163,3480624.1,117,2026-08-02T07:10:00+08:00,德州遊騎兵,休士頓太空人,德州遊騎兵 @ 休士頓太空人,51500386.1,389,[第1局] 不讓分,253014891.1,德州遊騎兵,A,,2.95,20,39,A,,2
2026-08-02,2026-08-02T00:07:30,台灣運彩,824163,3480624.1,117,2026-08-02T07:10:00+08:00,德州遊騎兵,休士頓太空人,德州遊騎兵 @ 休士頓太空人,51500386.1,389,[第1局] 不讓分,253014890.1,和局,D,,1.55,20,11,D,,
2026-08-02,2026-08-02T00:07:30,台灣運彩,824163,3480624.1,117,2026-08-02T07:10:00+08:00,德州遊騎兵,休士頓太空人,德州遊騎兵 @ 休士頓太空人,51500384.1,398,[第1局] 大小 0.5,253014886.1,大 0.5,A,0.5,1.70,10,7,A,0.5,
2026-08-02,2026-08-02T00:07:30,台灣運彩,824163,3480624.1,117,2026-08-02T07:10:00+08:00,德州遊騎兵,休士頓太空人,德州遊騎兵 @ 休士頓太空人,51500384.1,398,[第1局] 大小 0.5,253014885.1,小 0.5,H,0.5,1.63,100,63,H,0.5,
2026-08-02,2026-08-02T00:07:30,台灣運彩,824891,3480625.1,119,2026-08-02T07:15:00+08:00,華盛頓國民,亞特蘭大勇士,華盛頓國民 @ 亞特蘭大勇士,51500340.1,354,不讓分,253014765.1,亞特蘭大勇士,H,,1.40,5,2,H,,1
2026-08-02,2026-08-02T00:07:30,台灣運彩,824891,3480625.1,119,2026-08-02T07:15:00+08:00,華盛頓國民,亞特蘭大勇士,華盛頓國民 @ 亞特蘭大勇士,51500340.1,354,不讓分,253014766.1,華盛頓國民,A,,2.30,10,13,A,,2
2026-08-02,2026-08-02T00:07:30,台灣運彩,824891,3480625.1,119,2026-08-02T07:15:00+08:00,華盛頓國民,亞特蘭大勇士,華盛頓國民 @ 亞特蘭大勇士,51500348.1,357,勝分差,253014781.1,亞特蘭大勇士 1 分,H,,4.20,5,16,H,,
2026-08-02,2026-08-02T00:07:30,台灣運彩,824891,3480625.1,119,2026-08-02T07:15:00+08:00,華盛頓國民,亞特蘭大勇士,華盛頓國民 @ 亞特蘭大勇士,51500348.1,357,勝分差,253014782.1,亞特蘭大勇士 2 分,H,,6.75,4,23,H,,
2026-08-02,2026-08-02T00:07:30,台灣運彩,824891,3480625.1,119,2026-08-02T07:15:00+08:00,華盛頓國民,亞特蘭大勇士,華盛頓國民 @ 亞特蘭大勇士,51500348.1,357,勝分差,253014783.1,亞特蘭大勇士 > 2分,H,,2.05,20,21,H,,
2026-08-02,2026-08-02T00:07:30,台灣運彩,824891,3480625.1,119,2026-08-02T07:15:00+08:00,華盛頓國民,亞特蘭大勇士,華盛頓國民 @ 亞特蘭大勇士,51500348.1,357,勝分差,253014784.1,華盛頓國民 1 分,A,,6.50,2,11,A,,
2026-08-02,2026-08-02T00:07:30,台灣運彩,824891,3480625.1,119,2026-08-02T07:15:00+08:00,華盛頓國民,亞特蘭大勇士,華盛頓國民 @ 亞特蘭大勇士,51500348.1,357,勝分差,253014785.1,華盛頓國民 2 分,A,,8.75,4,31,A,,
2026-08-02,2026-08-02T00:07:30,台灣運彩,824891,3480625.1,119,2026-08-02T07:15:00+08:00,華盛頓國民,亞特蘭大勇士,華盛頓國民 @ 亞特蘭大勇士,51500348.1,357,勝分差,253014786.1,華盛頓國民 > 2分,A,,3.30,10,23,A,,
2026-08-02,2026-08-02T00:07:30,台灣運彩,824891,3480625.1,119,2026-08-02T07:15:00+08:00,華盛頓國民,亞特蘭大勇士,華盛頓國民 @ 亞特蘭大勇士,51500343.1,358,讓分 -2.5,253014771.1,亞特蘭大勇士 -2.5,H,-2.5,2.15,20,23,H,-2.5,1
2026-08-02,2026-08-02T00:07:30,台灣運彩,824891,3480625.1,119,2026-08-02T07:15:00+08:00,華盛頓國民,亞特蘭大勇士,華盛頓國民 @ 亞特蘭大勇士,51500343.1,358,讓分 -2.5,253014772.1,華盛頓國民 +2.5,A,-2.5,1.43,100,43,A,-2.5,2
2026-08-02,2026-08-02T00:07:30,台灣運彩,824891,3480625.1,119,2026-08-02T07:15:00+08:00,華盛頓國民,亞特蘭大勇士,華盛頓國民 @ 亞特蘭大勇士,51500347.1,358,讓分 -1.5,253014779.1,亞特蘭大勇士 -1.5,H,-1.5,1.84,25,21,H,-1.5,1
2026-08-02,2026-08-02T00:07:30,台灣運彩,824891,3480625.1,119,2026-08-02T07:15:00+08:00,華盛頓國民,亞特蘭大勇士,華盛頓國民 @ 亞特蘭大勇士,51500347.1,358,讓分 -1.5,253014780.1,華盛頓國民 +1.5,A,-1.5,1.66,50,33,A,-1.5,2
2026-08-02,2026-08-02T00:07:30,台灣運彩,824891,3480625.1,119,2026-08-02T07:15:00+08:00,華盛頓國民,亞特蘭大勇士,華盛頓國民 @ 亞特蘭大勇士,51500341.1,360,[總分]大小 8.5,253014768.1,大 8.5,A,8.5,1.50,2,1,A,8.5,
2026-08-02,2026-08-02T00:07:30,台灣運彩,824891,3480625.1,119,2026-08-02T07:15:00+08:00,華盛頓國民,亞特蘭大勇士,華盛頓國民 @ 亞特蘭大勇士,51500341.1,360,[總分]大小 8.5,253014767.1,小 8.5,H,8.5,2.00,1,1,H,8.5,
2026-08-02,2026-08-02T00:07:30,台灣運彩,824891,3480625.1,119,2026-08-02T07:15:00+08:00,華盛頓國民,亞特蘭大勇士,華盛頓國民 @ 亞特蘭大勇士,51500345.1,360,[總分]大小 9.5,253014776.1,大 9.5,A,9.5,1.80,5,4,A,9.5,
2026-08-02,2026-08-02T00:07:30,台灣運彩,824891,3480625.1,119,2026-08-02T07:15:00+08:00,華盛頓國民,亞特蘭大勇士,華盛頓國民 @ 亞特蘭大勇士,51500345.1,360,[總分]大小 9.5,253014775.1,小 9.5,H,9.5,1.70,10,7,H,9.5,
2026-08-02,2026-08-02T00:07:30,台灣運彩,824891,3480625.1,119,2026-08-02T07:15:00+08:00,華盛頓國民,亞特蘭大勇士,華盛頓國民 @ 亞特蘭大勇士,51500346.1,360,[總分]大小 10.5,253014778.1,大 10.5,A,10.5,2.00,1,1,A,10.5,
2026-08-02,2026-08-02T00:07:30,台灣運彩,824891,3480625.1,119,2026-08-02T07:15:00+08:00,華盛頓國民,亞特蘭大勇士,華盛頓國民 @ 亞特蘭大勇士,51500346.1,360,[總分]大小 10.5,253014777.1,小 10.5,H,10.5,1.50,2,1,H,10.5,
2026-08-02,2026-08-02T00:07:30,台灣運彩,824891,3480625.1,119,2026-08-02T07:15:00+08:00,華盛頓國民,亞特蘭大勇士,華盛頓國民 @ 亞特蘭大勇士,51500339.1,362,亞特蘭大勇士 大小 5.5,253014764.1,大 5.5,A,5.5,1.88,25,22,A,5.5,
2026-08-02,2026-08-02T00:07:30,台灣運彩,824891,3480625.1,119,2026-08-02T07:15:00+08:00,華盛頓國民,亞特蘭大勇士,華盛頓國民 @ 亞特蘭大勇士,51500339.1,362,亞特蘭大勇士 大小 5.5,253014763.1,小 5.5,H,5.5,1.56,25,14,H,5.5,
2026-08-02,2026-08-02T00:07:30,台灣運彩,824891,3480625.1,119,2026-08-02T07:15:00+08:00,華盛頓國民,亞特蘭大勇士,華盛頓國民 @ 亞特蘭大勇士,51500344.1,363,華盛頓國民 大小 3.5,253014774.1,大 3.5,A,3.5,1.60,5,3,A,3.5,
2026-08-02,2026-08-02T00:07:30,台灣運彩,824891,3480625.1,119,2026-08-02T07:15:00+08:00,華盛頓國民,亞特蘭大勇士,華盛頓國民 @ 亞特蘭大勇士,51500344.1,363,華盛頓國民 大小 3.5,253014773.1,小 3.5,H,3.5,1.85,20,17,H,3.5,
2026-08-02,2026-08-02T00:07:30,台灣運彩,824891,3480625.1,119,2026-08-02T07:15:00+08:00,華盛頓國民,亞特蘭大勇士,華盛頓國民 @ 亞特蘭大勇士,51500338.1,366,[總分]單雙,253014762.1,單,,,1.50,2,1,,,
2026-08-02,2026-08-02T00:07:30,台灣運彩,824891,3480625.1,119,2026-08-02T07:15:00+08:00,華盛頓國民,亞特蘭大勇士,華盛頓國民 @ 亞特蘭大勇士,51500338.1,366,[總分]單雙,253014761.1,雙,,,1.96,25,24,,,
2026-08-02,2026-08-02T00:07:30,台灣運彩,824891,3480625.1,119,2026-08-02T07:15:00+08:00,華盛頓國民,亞特蘭大勇士,華盛頓國民 @ 亞特蘭大勇士,51500398.1,374,得分最高單局(不含延長賽),253014934.1,一樣多,,,2.30,10,13,,,
2026-08-02,2026-08-02T00:07:30,台灣運彩,824891,3480625.1,119,2026-08-02T07:15:00+08:00,華盛頓國民,亞特蘭大勇士,華盛頓國民 @ 亞特蘭大勇士,51500398.1,374,得分最高單局(不含延長賽),253014925.1,第1局,,,5.05,20,81,,,
2026-08-02,2026-08-02T00:07:30,台灣運彩,824891,3480625.1,119,2026-08-02T07:15:00+08:00,華盛頓國民,亞特蘭大勇士,華盛頓國民 @ 亞特蘭大勇士,51500398.1,374,得分最高單局(不含延長賽),253014926.1,第2局,,,6.25,4,21,,,
2026-08-02,2026-08-02T00:07:30,台灣運彩,824891,3480625.1,119,2026-08-02T07:15:00+08:00,華盛頓國民,亞特蘭大勇士,華盛頓國民 @ 亞特蘭大勇士,51500398.1,374,得分最高單局(不含延長賽),253014927.1,第3局,,,5.35,20,87,,,
2026-08-02,2026-08-02T00:07:30,台灣運彩,824891,3480625.1,119,2026-08-02T07:15:00+08:00,華盛頓國民,亞特蘭大勇士,華盛頓國民 @ 亞特蘭大勇士,51500398.1,374,得分最高單局(不含延長賽),253014928.1,第4局,,,5.75,4,19,,,
2026-08-02,2026-08-02T00:07:30,台灣運彩,824891,3480625.1,119,2026-08-02T07:15:00+08:00,華盛頓國民,亞特蘭大勇士,華盛頓國民 @ 亞特蘭大勇士,51500398.1,374,得分最高單局(不含延長賽),253014929.1,第5局,,,5.55,20,91,,,
2026-08-02,2026-08-02T00:07:30,台灣運彩,824891,3480625.1,119,2026-08-02T07:15:00+08:00,華盛頓國民,亞特蘭大勇士,華盛頓國民 @ 亞特蘭大勇士,51500398.1,374,得分最高單局(不含延長賽),253014930.1,第6局,,,6.25,4,21,,,
2026-08-02,2026-08-02T00:07:30,台灣運彩,824891,3480625.1,119,2026-08-02T07:15:00+08:00,華盛頓國民,亞特蘭大勇士,華盛頓國民 @ 亞特蘭大勇士,51500398.1,374,得分最高單局(不含延長賽),253014931.1,第7局,,,6.50,2,11,,,
2026-08-02,2026-08-02T00:07:30,台灣運彩,824891,3480625.1,119,2026-08-02T07:15:00+08:00,華盛頓國民,亞特蘭大勇士,華盛頓國民 @ 亞特蘭大勇士,51500398.1,374,得分最高單局(不含延長賽),253014932.1,第8局,,,6.00,1,5,,,
2026-08-02,2026-08-02T00:07:30,台灣運彩,824891,3480625.1,119,2026-08-02T07:15:00+08:00,華盛頓國民,亞特蘭大勇士,華盛頓國民 @ 亞特蘭大勇士,51500398.1,374,得分最高單局(不含延長賽),253014933.1,第9局,,,8.00,1,7,,,
2026-08-02,2026-08-02T00:07:30,台灣運彩,824891,3480625.1,119,2026-08-02T07:15:00+08:00,華盛頓國民,亞特蘭大勇士,華盛頓國民 @ 亞特蘭大勇士,51500394.1,376,[1-5局] 不讓分,253014916.1,亞特蘭大勇士,H,,1.55,20,11,H,,1
2026-08-02,2026-08-02T00:07:30,台灣運彩,824891,3480625.1,119,2026-08-02T07:15:00+08:00,華盛頓國民,亞特蘭大勇士,華盛頓國民 @ 亞特蘭大勇士,51500394.1,376,[1-5局] 不讓分,253014918.1,華盛頓國民,A,,2.15,20,23,A,,2
2026-08-02,2026-08-02T00:07:30,台灣運彩,824891,3480625.1,119,2026-08-02T07:15:00+08:00,華盛頓國民,亞特蘭大勇士,華盛頓國民 @ 亞特蘭大勇士,51500394.1,376,[1-5局] 不讓分,253014917.1,和局,D,,5.20,5,21,D,,
2026-08-02,2026-08-02T00:07:30,台灣運彩,824891,3480625.1,119,2026-08-02T07:15:00+08:00,華盛頓國民,亞特蘭大勇士,華盛頓國民 @ 亞特蘭大勇士,51500392.1,378,[1-5局] 大小 5.5,253014912.1,大 5.5,A,5.5,1.71,100,71,A,5.5,
2026-08-02,2026-08-02T00:07:30,台灣運彩,824891,3480625.1,119,2026-08-02T07:15:00+08:00,華盛頓國民,亞特蘭大勇士,華盛頓國民 @ 亞特蘭大勇士,51500392.1,378,[1-5局] 大小 5.5,253014911.1,小 5.5,H,5.5,1.62,50,31,H,5.5,
2026-08-02,2026-08-02T00:07:30,台灣運彩,824891,3480625.1,119,2026-08-02T07:15:00+08:00,華盛頓國民,亞特蘭大勇士,華盛頓國民 @ 亞特蘭大勇士,51501548.1,379,[1-5局] 亞特蘭大勇士 大小 2.5,253018134.1,大 2.5,A,2.5,1.60,5,3,A,2.5,
2026-08-02,2026-08-02T00:07:30,台灣運彩,824891,3480625.1,119,2026-08-02T07:15:00+08:00,華盛頓國民,亞特蘭大勇士,華盛頓國民 @ 亞特蘭大勇士,51501548.1,379,[1-5局] 亞特蘭大勇士 大小 2.5,253018133.1,小 2.5,H,2.5,1.85,20,17,H,2.5,
2026-08-02,2026-08-02T00:07:30,台灣運彩,824891,3480625.1,119,2026-08-02T07:15:00+08:00,華盛頓國民,亞特蘭大勇士,華盛頓國民 @ 亞特蘭大勇士,51500396.1,380,[1-5局] 華盛頓國民 大小 1.5,253014922.1,大 1.5,A,1.5,1.50,2,1,A,1.5,
2026-08-02,2026-08-02T00:07:30,台灣運彩,824891,3480625.1,119,2026-08-02T07:15:00+08:00,華盛頓國民,亞特蘭大勇士,華盛頓國民 @ 亞特蘭大勇士,51500396.1,380,[1-5局] 華盛頓國民 大小 1.5,253014921.1,小 1.5,H,1.5,1.96,25,24,H,1.5,
2026-08-02,2026-08-02T00:07:30,台灣運彩,824891,3480625.1,119,2026-08-02T07:15:00+08:00,華盛頓國民,亞特蘭大勇士,華盛頓國民 @ 亞特蘭大勇士,51500393.1,389,[第1局] 不讓分,253014913.1,亞特蘭大勇士,H,,2.45,20,29,H,,1
2026-08-02,2026-08-02T00:07:30,台灣運彩,824891,3480625.1,119,2026-08-02T07:15:00+08:00,華盛頓國民,亞特蘭大勇士,華盛頓國民 @ 亞特蘭大勇士,51500393.1,389,[第1局] 不讓分,253014915.1,華盛頓國民,A,,3.45,20,49,A,,2
2026-08-02,2026-08-02T00:07:30,台灣運彩,824891,3480625.1,119,2026-08-02T07:15:00+08:00,華盛頓國民,亞特蘭大勇士,華盛頓國民 @ 亞特蘭大勇士,51500393.1,389,[第1局] 不讓分,253014914.1,和局,D,,1.65,20,13,D,,
2026-08-02,2026-08-02T00:07:30,台灣運彩,824891,3480625.1,119,2026-08-02T07:15:00+08:00,華盛頓國民,亞特蘭大勇士,華盛頓國民 @ 亞特蘭大勇士,51500395.1,398,[第1局] 大小 0.5,253014920.1,大 0.5,A,0.5,1.55,20,11,A,0.5,
2026-08-02,2026-08-02T00:07:30,台灣運彩,824891,3480625.1,119,2026-08-02T07:15:00+08:00,華盛頓國民,亞特蘭大勇士,華盛頓國民 @ 亞特蘭大勇士,51500395.1,398,[第1局] 大小 0.5,253014919.1,小 0.5,H,0.5,1.80,5,4,H,0.5,
2026-08-02,2026-08-02T00:07:30,台灣運彩,824648,3480626.1,120,2026-08-02T07:15:00+08:00,紐約洋基,芝加哥小熊,紐約洋基 @ 芝加哥小熊,51500365.1,354,不讓分,253014833.1,芝加哥小熊,H,,1.88,25,22,H,,1
2026-08-02,2026-08-02T00:07:30,台灣運彩,824648,3480626.1,120,2026-08-02T07:15:00+08:00,紐約洋基,芝加哥小熊,紐約洋基 @ 芝加哥小熊,51500365.1,354,不讓分,253014834.1,紐約洋基,A,,1.62,50,31,A,,2
2026-08-02,2026-08-02T00:07:30,台灣運彩,824648,3480626.1,120,2026-08-02T07:15:00+08:00,紐約洋基,芝加哥小熊,紐約洋基 @ 芝加哥小熊,51500363.1,357,勝分差,253014820.1,紐約洋基 1 分,A,,4.45,20,69,A,,
2026-08-02,2026-08-02T00:07:30,台灣運彩,824648,3480626.1,120,2026-08-02T07:15:00+08:00,紐約洋基,芝加哥小熊,紐約洋基 @ 芝加哥小熊,51500363.1,357,勝分差,253014821.1,紐約洋基 2 分,A,,6.25,4,21,A,,
2026-08-02,2026-08-02T00:07:30,台灣運彩,824648,3480626.1,120,2026-08-02T07:15:00+08:00,紐約洋基,芝加哥小熊,紐約洋基 @ 芝加哥小熊,51500363.1,357,勝分差,253014822.1,紐約洋基 > 2分,A,,2.55,20,31,A,,
2026-08-02,2026-08-02T00:07:30,台灣運彩,824648,3480626.1,120,2026-08-02T07:15:00+08:00,紐約洋基,芝加哥小熊,紐約洋基 @ 芝加哥小熊,51500363.1,357,勝分差,253014817.1,芝加哥小熊 1 分,H,,3.70,10,27,H,,
2026-08-02,2026-08-02T00:07:30,台灣運彩,824648,3480626.1,120,2026-08-02T07:15:00+08:00,紐約洋基,芝加哥小熊,紐約洋基 @ 芝加哥小熊,51500363.1,357,勝分差,253014818.1,芝加哥小熊 2 分,H,,7.25,4,25,H,,
2026-08-02,2026-08-02T00:07:30,台灣運彩,824648,3480626.1,120,2026-08-02T07:15:00+08:00,紐約洋基,芝加哥小熊,紐約洋基 @ 芝加哥小熊,51500363.1,357,勝分差,253014819.1,芝加哥小熊 > 2分,H,,3.80,5,14,H,,
2026-08-02,2026-08-02T00:07:30,台灣運彩,824648,3480626.1,120,2026-08-02T07:15:00+08:00,紐約洋基,芝加哥小熊,紐約洋基 @ 芝加哥小熊,51500356.1,358,讓分 2.5,253014802.1,芝加哥小熊 +2.5,H,2.5,1.28,25,7,H,2.5,1
2026-08-02,2026-08-02T00:07:30,台灣運彩,824648,3480626.1,120,2026-08-02T07:15:00+08:00,紐約洋基,芝加哥小熊,紐約洋基 @ 芝加哥小熊,51500356.1,358,讓分 2.5,253014803.1,紐約洋基 -2.5,A,2.5,2.70,10,17,A,2.5,2
2026-08-02,2026-08-02T00:07:30,台灣運彩,824648,3480626.1,120,2026-08-02T07:15:00+08:00,紐約洋基,芝加哥小熊,紐約洋基 @ 芝加哥小熊,51500362.1,358,讓分 1.5,253014815.1,芝加哥小熊 +1.5,H,1.5,1.45,20,9,H,1.5,1
2026-08-02,2026-08-02T00:07:30,台灣運彩,824648,3480626.1,120,2026-08-02T07:15:00+08:00,紐約洋基,芝加哥小熊,紐約洋基 @ 芝加哥小熊,51500362.1,358,讓分 1.5,253014816.1,紐約洋基 -1.5,A,1.5,2.10,10,11,A,1.5,2
2026-08-02,2026-08-02T00:07:30,台灣運彩,824648,3480626.1,120,2026-08-02T07:15:00+08:00,紐約洋基,芝加哥小熊,紐約洋基 @ 芝加哥小熊,51500354.1,360,[總分]大小 6.5,253014798.1,大 6.5,A,6.5,1.80,5,4,A,6.5,
2026-08-02,2026-08-02T00:07:30,台灣運彩,824648,3480626.1,120,2026-08-02T07:15:00+08:00,紐約洋基,芝加哥小熊,紐約洋基 @ 芝加哥小熊,51500354.1,360,[總分]大小 6.5,253014797.1,小 6.5,H,6.5,1.70,10,7,H,6.5,
2026-08-02,2026-08-02T00:07:30,台灣運彩,824648,3480626.1,120,2026-08-02T07:15:00+08:00,紐約洋基,芝加哥小熊,紐約洋基 @ 芝加哥小熊,51500357.1,360,[總分]大小 7.5,253014805.1,大 7.5,A,7.5,2.30,10,13,A,7.5,
2026-08-02,2026-08-02T00:07:30,台灣運彩,824648,3480626.1,120,2026-08-02T07:15:00+08:00,紐約洋基,芝加哥小熊,紐約洋基 @ 芝加哥小熊,51500357.1,360,[總分]大小 7.5,253014804.1,小 7.5,H,7.5,1.40,5,2,H,7.5,
2026-08-02,2026-08-02T00:07:30,台灣運彩,824648,3480626.1,120,2026-08-02T07:15:00+08:00,紐約洋基,芝加哥小熊,紐約洋基 @ 芝加哥小熊,51500359.1,360,[總分]大小 5.5,253014809.1,大 5.5,A,5.5,1.55,20,11,A,5.5,
2026-08-02,2026-08-02T00:07:30,台灣運彩,824648,3480626.1,120,2026-08-02T07:15:00+08:00,紐約洋基,芝加哥小熊,紐約洋基 @ 芝加哥小熊,51500359.1,360,[總分]大小 5.5,253014808.1,小 5.5,H,5.5,1.95,20,19,H,5.5,
2026-08-02,2026-08-02T00:07:30,台灣運彩,824648,3480626.1,120,2026-08-02T07:15:00+08:00,紐約洋基,芝加哥小熊,紐約洋基 @ 芝加哥小熊,51500358.1,362,芝加哥小熊 大小 2.5,253014807.1,大 2.5,A,2.5,1.66,50,33,A,2.5,
2026-08-02,2026-08-02T00:07:30,台灣運彩,824648,3480626.1,120,2026-08-02T07:15:00+08:00,紐約洋基,芝加哥小熊,紐約洋基 @ 芝加哥小熊,51500358.1,362,芝加哥小熊 大小 2.5,253014806.1,小 2.5,H,2.5,1.76,25,19,H,2.5,
2026-08-02,2026-08-02T00:07:30,台灣運彩,824648,3480626.1,120,2026-08-02T07:15:00+08:00,紐約洋基,芝加哥小熊,紐約洋基 @ 芝加哥小熊,51500361.1,363,紐約洋基 大小 3.5,253014814.1,大 3.5,A,3.5,1.86,50,43,A,3.5,
2026-08-02,2026-08-02T00:07:30,台灣運彩,824648,3480626.1,120,2026-08-02T07:15:00+08:00,紐約洋基,芝加哥小熊,紐約洋基 @ 芝加哥小熊,51500361.1,363,紐約洋基 大小 3.5,253014813.1,小 3.5,H,3.5,1.58,50,29,H,3.5,
2026-08-02,2026-08-02T00:07:30,台灣運彩,824648,3480626.1,120,2026-08-02T07:15:00+08:00,紐約洋基,芝加哥小熊,紐約洋基 @ 芝加哥小熊,51500351.1,366,[總分]單雙,253014792.1,單,,,1.43,100,43,,,
2026-08-02,2026-08-02T00:07:30,台灣運彩,824648,3480626.1,120,2026-08-02T07:15:00+08:00,紐約洋基,芝加哥小熊,紐約洋基 @ 芝加哥小熊,51500351.1,366,[總分]單雙,253014791.1,雙,,,2.10,10,11,,,
2026-08-02,2026-08-02T00:07:30,台灣運彩,824648,3480626.1,120,2026-08-02T07:15:00+08:00,紐約洋基,芝加哥小熊,紐約洋基 @ 芝加哥小熊,51500364.1,374,得分最高單局(不含延長賽),253014832.1,一樣多,,,2.10,10,11,,,
2026-08-02,2026-08-02T00:07:30,台灣運彩,824648,3480626.1,120,2026-08-02T07:15:00+08:00,紐約洋基,芝加哥小熊,紐約洋基 @ 芝加哥小熊,51500364.1,374,得分最高單局(不含延長賽),253014823.1,第1局,,,5.65,20,93,,,
2026-08-02,2026-08-02T00:07:30,台灣運彩,824648,3480626.1,120,2026-08-02T07:15:00+08:00,紐約洋基,芝加哥小熊,紐約洋基 @ 芝加哥小熊,51500364.1,374,得分最高單局(不含延長賽),253014824.1,第2局,,,6.50,2,11,,,
2026-08-02,2026-08-02T00:07:30,台灣運彩,824648,3480626.1,120,2026-08-02T07:15:00+08:00,紐約洋基,芝加哥小熊,紐約洋基 @ 芝加哥小熊,51500364.1,374,得分最高單局(不含延長賽),253014825.1,第3局,,,5.90,10,49,,,
2026-08-02,2026-08-02T00:07:30,台灣運彩,824648,3480626.1,120,2026-08-02T07:15:00+08:00,紐約洋基,芝加哥小熊,紐約洋基 @ 芝加哥小熊,51500364.1,374,得分最高單局(不含延長賽),253014826.1,第4局,,,6.50,2,11,,,
2026-08-02,2026-08-02T00:07:30,台灣運彩,824648,3480626.1,120,2026-08-02T07:15:00+08:00,紐約洋基,芝加哥小熊,紐約洋基 @ 芝加哥小熊,51500364.1,374,得分最高單局(不含延長賽),253014827.1,第5局,,,6.25,4,21,,,
2026-08-02,2026-08-02T00:07:30,台灣運彩,824648,3480626.1,120,2026-08-02T07:15:00+08:00,紐約洋基,芝加哥小熊,紐約洋基 @ 芝加哥小熊,51500364.1,374,得分最高單局(不含延長賽),253014828.1,第6局,,,5.90,10,49,,,
2026-08-02,2026-08-02T00:07:30,台灣運彩,824648,3480626.1,120,2026-08-02T07:15:00+08:00,紐約洋基,芝加哥小熊,紐約洋基 @ 芝加哥小熊,51500364.1,374,得分最高單局(不含延長賽),253014829.1,第7局,,,6.25,4,21,,,
2026-08-02,2026-08-02T00:07:30,台灣運彩,824648,3480626.1,120,2026-08-02T07:15:00+08:00,紐約洋基,芝加哥小熊,紐約洋基 @ 芝加哥小熊,51500364.1,374,得分最高單局(不含延長賽),253014830.1,第8局,,,5.80,5,24,,,
2026-08-02,2026-08-02T00:07:30,台灣運彩,824648,3480626.1,120,2026-08-02T07:15:00+08:00,紐約洋基,芝加哥小熊,紐約洋基 @ 芝加哥小熊,51500364.1,374,得分最高單局(不含延長賽),253014831.1,第9局,,,8.00,1,7,,,
2026-08-02,2026-08-02T00:07:30,台灣運彩,824648,3480626.1,120,2026-08-02T07:15:00+08:00,紐約洋基,芝加哥小熊,紐約洋基 @ 芝加哥小熊,51500360.1,376,[1-5局] 不讓分,253014810.1,芝加哥小熊,H,,2.10,10,11,H,,1
2026-08-02,2026-08-02T00:07:30,台灣運彩,824648,3480626.1,120,2026-08-02T07:15:00+08:00,紐約洋基,芝加哥小熊,紐約洋基 @ 芝加哥小熊,51500360.1,376,[1-5局] 不讓分,253014812.1,紐約洋基,A,,1.80,5,4,A,,2
2026-08-02,2026-08-02T00:07:30,台灣運彩,824648,3480626.1,120,2026-08-02T07:15:00+08:00,紐約洋基,芝加哥小熊,紐約洋基 @ 芝加哥小熊,51500360.1,376,[1-5局] 不讓分,253014811.1,和局,D,,3.65,20,53,D,,
2026-08-02,2026-08-02T00:07:30,台灣運彩,824648,3480626.1,120,2026-08-02T07:15:00+08:00,紐約洋基,芝加哥小熊,紐約洋基 @ 芝加哥小熊,51500353.1,378,[1-5局] 大小 3.5,253014796.1,大 3.5,A,3.5,1.80,5,4,A,3.5,
2026-08-02,2026-08-02T00:07:30,台灣運彩,824648,3480626.1,120,2026-08-02T07:15:00+08:00,紐約洋基,芝加哥小熊,紐約洋基 @ 芝加哥小熊,51500353.1,378,[1-5局] 大小 3.5,253014795.1,小 3.5,H,3.5,1.55,20,11,H,3.5,
2026-08-02,2026-08-02T00:07:30,台灣運彩,824648,3480626.1,120,2026-08-02T07:15:00+08:00,紐約洋基,芝加哥小熊,紐約洋基 @ 芝加哥小熊,51500349.1,379,[1-5局] 芝加哥小熊 大小 1.5,253014788.1,大 1.5,A,1.5,1.96,25,24,A,1.5,
2026-08-02,2026-08-02T00:07:30,台灣運彩,824648,3480626.1,120,2026-08-02T07:15:00+08:00,紐約洋基,芝加哥小熊,紐約洋基 @ 芝加哥小熊,51500349.1,379,[1-5局] 芝加哥小熊 大小 1.5,253014787.1,小 1.5,H,1.5,1.50,2,1,H,1.5,
2026-08-02,2026-08-02T00:07:30,台灣運彩,824648,3480626.1,120,2026-08-02T07:15:00+08:00,紐約洋基,芝加哥小熊,紐約洋基 @ 芝加哥小熊,51500352.1,380,[1-5局] 紐約洋基 大小 1.5,253014794.1,大 1.5,A,1.5,1.76,25,19,A,1.5,
2026-08-02,2026-08-02T00:07:30,台灣運彩,824648,3480626.1,120,2026-08-02T07:15:00+08:00,紐約洋基,芝加哥小熊,紐約洋基 @ 芝加哥小熊,51500352.1,380,[1-5局] 紐約洋基 大小 1.5,253014793.1,小 1.5,H,1.5,1.66,50,33,H,1.5,
2026-08-02,2026-08-02T00:07:30,台灣運彩,824648,3480626.1,120,2026-08-02T07:15:00+08:00,紐約洋基,芝加哥小熊,紐約洋基 @ 芝加哥小熊,51500355.1,389,[第1局] 不讓分,253014799.1,芝加哥小熊,H,,3.75,4,11,H,,1
2026-08-02,2026-08-02T00:07:30,台灣運彩,824648,3480626.1,120,2026-08-02T07:15:00+08:00,紐約洋基,芝加哥小熊,紐約洋基 @ 芝加哥小熊,51500355.1,389,[第1局] 不讓分,253014801.1,紐約洋基,A,,3.35,20,47,A,,2
2026-08-02,2026-08-02T00:07:30,台灣運彩,824648,3480626.1,120,2026-08-02T07:15:00+08:00,紐約洋基,芝加哥小熊,紐約洋基 @ 芝加哥小熊,51500355.1,389,[第1局] 不讓分,253014800.1,和局,D,,1.35,20,7,D,,
2026-08-02,2026-08-02T00:07:30,台灣運彩,824648,3480626.1,120,2026-08-02T07:15:00+08:00,紐約洋基,芝加哥小熊,紐約洋基 @ 芝加哥小熊,51500350.1,398,[第1局] 大小 0.5,253014790.1,大 0.5,A,0.5,1.98,50,49,A,0.5,
2026-08-02,2026-08-02T00:07:30,台灣運彩,824648,3480626.1,120,2026-08-02T07:15:00+08:00,紐約洋基,芝加哥小熊,紐約洋基 @ 芝加哥小熊,51500350.1,398,[第1局] 大小 0.5,253014789.1,小 0.5,H,0.5,1.43,100,43,H,0.5,
2026-08-02,2026-08-02T00:07:30,台灣運彩,824404,3480627.1,122,2026-08-02T07:15:00+08:00,亞利桑那響尾蛇,克里夫蘭守護者,亞利桑那響尾蛇 @ 克里夫蘭守護者,51500368.1,354,不讓分,253014839.1,克里夫蘭守護者,H,,1.42,50,21,H,,1
2026-08-02,2026-08-02T00:07:30,台灣運彩,824404,3480627.1,122,2026-08-02T07:15:00+08:00,亞利桑那響尾蛇,克里夫蘭守護者,亞利桑那響尾蛇 @ 克里夫蘭守護者,51500368.1,354,不讓分,253014840.1,亞歷桑那響尾蛇,A,,2.20,5,6,A,,2
2026-08-02,2026-08-02T00:07:30,台灣運彩,824404,3480627.1,122,2026-08-02T07:15:00+08:00,亞利桑那響尾蛇,克里夫蘭守護者,亞利桑那響尾蛇 @ 克里夫蘭守護者,51500382.1,357,勝分差,253014872.1,亞歷桑那響尾蛇 1 分,A,,5.85,20,97,A,,
2026-08-02,2026-08-02T00:07:30,台灣運彩,824404,3480627.1,122,2026-08-02T07:15:00+08:00,亞利桑那響尾蛇,克里夫蘭守護者,亞利桑那響尾蛇 @ 克里夫蘭守護者,51500382.1,357,勝分差,253014873.1,亞歷桑那響尾蛇 2 分,A,,8.00,1,7,A,,
2026-08-02,2026-08-02T00:07:30,台灣運彩,824404,3480627.1,122,2026-08-02T07:15:00+08:00,亞利桑那響尾蛇,克里夫蘭守護者,亞利桑那響尾蛇 @ 克里夫蘭守護者,51500382.1,357,勝分差,253014874.1,亞歷桑那響尾蛇 > 2分,A,,3.55,20,51,A,,
2026-08-02,2026-08-02T00:07:30,台灣運彩,824404,3480627.1,122,2026-08-02T07:15:00+08:00,亞利桑那響尾蛇,克里夫蘭守護者,亞利桑那響尾蛇 @ 克里夫蘭守護者,51500382.1,357,勝分差,253014869.1,克里夫蘭守護者 1 分,H,,3.95,20,59,H,,
2026-08-02,2026-08-02T00:07:30,台灣運彩,824404,3480627.1,122,2026-08-02T07:15:00+08:00,亞利桑那響尾蛇,克里夫蘭守護者,亞利桑那響尾蛇 @ 克里夫蘭守護者,51500382.1,357,勝分差,253014870.1,克里夫蘭守護者 2 分,H,,6.50,2,11,H,,
2026-08-02,2026-08-02T00:07:30,台灣運彩,824404,3480627.1,122,2026-08-02T07:15:00+08:00,亞利桑那響尾蛇,克里夫蘭守護者,亞利桑那響尾蛇 @ 克里夫蘭守護者,51500382.1,357,勝分差,253014871.1,克里夫蘭守護者 > 2分,H,,2.15,20,23,H,,
2026-08-02,2026-08-02T00:07:30,台灣運彩,824404,3480627.1,122,2026-08-02T07:15:00+08:00,亞利桑那響尾蛇,克里夫蘭守護者,亞利桑那響尾蛇 @ 克里夫蘭守護者,51500369.1,358,讓分 -1.5,253014841.1,克里夫蘭守護者 -1.5,H,-1.5,1.87,100,87,H,-1.5,1
2026-08-02,2026-08-02T00:07:30,台灣運彩,824404,3480627.1,122,2026-08-02T07:15:00+08:00,亞利桑那響尾蛇,克里夫蘭守護者,亞利桑那響尾蛇 @ 克里夫蘭守護者,51500369.1,358,讓分 -1.5,253014842.1,亞歷桑那響尾蛇 +1.5,A,-1.5,1.63,100,63,A,-1.5,2
2026-08-02,2026-08-02T00:07:30,台灣運彩,824404,3480627.1,122,2026-08-02T07:15:00+08:00,亞利桑那響尾蛇,克里夫蘭守護者,亞利桑那響尾蛇 @ 克里夫蘭守護者,51500370.1,358,讓分 -2.5,253014843.1,克里夫蘭守護者 -2.5,H,-2.5,2.30,10,13,H,-2.5,1
2026-08-02,2026-08-02T00:07:30,台灣運彩,824404,3480627.1,122,2026-08-02T07:15:00+08:00,亞利桑那響尾蛇,克里夫蘭守護者,亞利桑那響尾蛇 @ 克里夫蘭守護者,51500370.1,358,讓分 -2.5,253014844.1,亞歷桑那響尾蛇 +2.5,A,-2.5,1.40,5,2,A,-2.5,2
2026-08-02,2026-08-02T00:07:30,台灣運彩,824404,3480627.1,122,2026-08-02T07:15:00+08:00,亞利桑那響尾蛇,克里夫蘭守護者,亞利桑那響尾蛇 @ 克里夫蘭守護者,51500375.1,360,[總分]大小 7.5,253014856.1,大 7.5,A,7.5,1.55,20,11,A,7.5,
2026-08-02,2026-08-02T00:07:30,台灣運彩,824404,3480627.1,122,2026-08-02T07:15:00+08:00,亞利桑那響尾蛇,克里夫蘭守護者,亞利桑那響尾蛇 @ 克里夫蘭守護者,51500375.1,360,[總分]大小 7.5,253014855.1,小 7.5,H,7.5,1.95,20,19,H,7.5,
2026-08-02,2026-08-02T00:07:30,台灣運彩,824404,3480627.1,122,2026-08-02T07:15:00+08:00,亞利桑那響尾蛇,克里夫蘭守護者,亞利桑那響尾蛇 @ 克里夫蘭守護者,51500376.1,360,[總分]大小 9.5,253014858.1,大 9.5,A,9.5,2.10,10,11,A,9.5,
2026-08-02,2026-08-02T00:07:30,台灣運彩,824404,3480627.1,122,2026-08-02T07:15:00+08:00,亞利桑那響尾蛇,克里夫蘭守護者,亞利桑那響尾蛇 @ 克里夫蘭守護者,51500376.1,360,[總分]大小 9.5,253014857.1,小 9.5,H,9.5,1.45,20,9,H,9.5,
2026-08-02,2026-08-02T00:07:30,台灣運彩,824404,3480627.1,122,2026-08-02T07:15:00+08:00,亞利桑那響尾蛇,克里夫蘭守護者,亞利桑那響尾蛇 @ 克里夫蘭守護者,51500380.1,360,[總分]大小 8.5,253014866.1,大 8.5,A,8.5,1.79,100,79,A,8.5,
2026-08-02,2026-08-02T00:07:30,台灣運彩,824404,3480627.1,122,2026-08-02T07:15:00+08:00,亞利桑那響尾蛇,克里夫蘭守護者,亞利桑那響尾蛇 @ 克里夫蘭守護者,51500380.1,360,[總分]大小 8.5,253014865.1,小 8.5,H,8.5,1.71,100,71,H,8.5,
2026-08-02,2026-08-02T00:07:30,台灣運彩,824404,3480627.1,122,2026-08-02T07:15:00+08:00,亞利桑那響尾蛇,克里夫蘭守護者,亞利桑那響尾蛇 @ 克里夫蘭守護者,51500377.1,362,克里夫蘭守護者 大小 4.5,253014860.1,大 4.5,A,4.5,1.73,100,73,A,4.5,
2026-08-02,2026-08-02T00:07:30,台灣運彩,824404,3480627.1,122,2026-08-02T07:15:00+08:00,亞利桑那響尾蛇,克里夫蘭守護者,亞利桑那響尾蛇 @ 克里夫蘭守護者,51500377.1,362,克里夫蘭守護者 大小 4.5,253014859.1,小 4.5,H,4.5,1.70,10,7,H,4.5,
2026-08-02,2026-08-02T00:07:30,台灣運彩,824404,3480627.1,122,2026-08-02T07:15:00+08:00,亞利桑那響尾蛇,克里夫蘭守護者,亞利桑那響尾蛇 @ 克里夫蘭守護者,51500371.1,363,亞歷桑那響尾蛇 大小 3.5,253014846.1,大 3.5,A,3.5,1.78,50,39,A,3.5,
2026-08-02,2026-08-02T00:07:30,台灣運彩,824404,3480627.1,122,2026-08-02T07:15:00+08:00,亞利桑那響尾蛇,克里夫蘭守護者,亞利桑那響尾蛇 @ 克里夫蘭守護者,51500371.1,363,亞歷桑那響尾蛇 大小 3.5,253014845.1,小 3.5,H,3.5,1.65,20,13,H,3.5,
2026-08-02,2026-08-02T00:07:30,台灣運彩,824404,3480627.1,122,2026-08-02T07:15:00+08:00,亞利桑那響尾蛇,克里夫蘭守護者,亞利桑那響尾蛇 @ 克里夫蘭守護者,51500367.1,366,[總分]單雙,253014838.1,單,,,1.48,25,12,,,
2026-08-02,2026-08-02T00:07:30,台灣運彩,824404,3480627.1,122,2026-08-02T07:15:00+08:00,亞利桑那響尾蛇,克里夫蘭守護者,亞利桑那響尾蛇 @ 克里夫蘭守護者,51500367.1,366,[總分]單雙,253014837.1,雙,,,2.00,1,1,,,
2026-08-02,2026-08-02T00:07:30,台灣運彩,824404,3480627.1,122,2026-08-02T07:15:00+08:00,亞利桑那響尾蛇,克里夫蘭守護者,亞利桑那響尾蛇 @ 克里夫蘭守護者,51500383.1,374,得分最高單局(不含延長賽),253014884.1,一樣多,,,2.25,4,5,,,
2026-08-02,2026-08-02T00:07:30,台灣運彩,824404,3480627.1,122,2026-08-02T07:15:00+08:00,亞利桑那響尾蛇,克里夫蘭守護者,亞利桑那響尾蛇 @ 克里夫蘭守護者,51500383.1,374,得分最高單局(不含延長賽),253014875.1,第1局,,,5.35,20,87,,,
2026-08-02,2026-08-02T00:07:30,台灣運彩,824404,3480627.1,122,2026-08-02T07:15:00+08:00,亞利桑那響尾蛇,克里夫蘭守護者,亞利桑那響尾蛇 @ 克里夫蘭守護者,51500383.1,374,得分最高單局(不含延長賽),253014876.1,第2局,,,6.00,1,5,,,
2026-08-02,2026-08-02T00:07:30,台灣運彩,824404,3480627.1,122,2026-08-02T07:15:00+08:00,亞利桑那響尾蛇,克里夫蘭守護者,亞利桑那響尾蛇 @ 克里夫蘭守護者,51500383.1,374,得分最高單局(不含延長賽),253014877.1,第3局,,,5.60,5,23,,,
2026-08-02,2026-08-02T00:07:30,台灣運彩,824404,3480627.1,122,2026-08-02T07:15:00+08:00,亞利桑那響尾蛇,克里夫蘭守護者,亞利桑那響尾蛇 @ 克里夫蘭守護者,51500383.1,374,得分最高單局(不含延長賽),253014878.1,第4局,,,5.95,20,99,,,
2026-08-02,2026-08-02T00:07:30,台灣運彩,824404,3480627.1,122,2026-08-02T07:15:00+08:00,亞利桑那響尾蛇,克里夫蘭守護者,亞利桑那響尾蛇 @ 克里夫蘭守護者,51500383.1,374,得分最高單局(不含延長賽),253014879.1,第5局,,,5.75,4,19,,,
2026-08-02,2026-08-02T00:07:30,台灣運彩,824404,3480627.1,122,2026-08-02T07:15:00+08:00,亞利桑那響尾蛇,克里夫蘭守護者,亞利桑那響尾蛇 @ 克里夫蘭守護者,51500383.1,374,得分最高單局(不含延長賽),253014880.1,第6局,,,6.25,4,21,,,
2026-08-02,2026-08-02T00:07:30,台灣運彩,824404,3480627.1,122,2026-08-02T07:15:00+08:00,亞利桑那響尾蛇,克里夫蘭守護者,亞利桑那響尾蛇 @ 克里夫蘭守護者,51500383.1,374,得分最高單局(不含延長賽),253014881.1,第7局,,,6.25,4,21,,,
2026-08-02,2026-08-02T00:07:30,台灣運彩,824404,3480627.1,122,2026-08-02T07:15:00+08:00,亞利桑那響尾蛇,克里夫蘭守護者,亞利桑那響尾蛇 @ 克里夫蘭守護者,51500383.1,374,得分最高單局(不含延長賽),253014882.1,第8局,,,5.90,10,49,,,
2026-08-02,2026-08-02T00:07:30,台灣運彩,824404,3480627.1,122,2026-08-02T07:15:00+08:00,亞利桑那響尾蛇,克里夫蘭守護者,亞利桑那響尾蛇 @ 克里夫蘭守護者,51500383.1,374,得分最高單局(不含延長賽),253014883.1,第9局,,,8.00,1,7,,,
2026-08-02,2026-08-02T00:07:30,台灣運彩,824404,3480627.1,122,2026-08-02T07:15:00+08:00,亞利桑那響尾蛇,克里夫蘭守護者,亞利桑那響尾蛇 @ 克里夫蘭守護者,51500372.1,376,[1-5局] 不讓分,253014847.1,克里夫蘭守護者,H,,1.55,20,11,H,,1
2026-08-02,2026-08-02T00:07:30,台灣運彩,824404,3480627.1,122,2026-08-02T07:15:00+08:00,亞利桑那響尾蛇,克里夫蘭守護者,亞利桑那響尾蛇 @ 克里夫蘭守護者,51500372.1,376,[1-5局] 不讓分,253014849.1,亞歷桑那響尾蛇,A,,2.30,10,13,A,,2
2026-08-02,2026-08-02T00:07:30,台灣運彩,824404,3480627.1,122,2026-08-02T07:15:00+08:00,亞利桑那響尾蛇,克里夫蘭守護者,亞利桑那響尾蛇 @ 克里夫蘭守護者,51500372.1,376,[1-5局] 不讓分,253014848.1,和局,D,,4.65,20,73,D,,
2026-08-02,2026-08-02T00:07:30,台灣運彩,824404,3480627.1,122,2026-08-02T07:15:00+08:00,亞利桑那響尾蛇,克里夫蘭守護者,亞利桑那響尾蛇 @ 克里夫蘭守護者,51500378.1,378,[1-5局] 大小 4.5,253014862.1,大 4.5,A,4.5,1.65,20,13,A,4.5,
2026-08-02,2026-08-02T00:07:30,台灣運彩,824404,3480627.1,122,2026-08-02T07:15:00+08:00,亞利桑那響尾蛇,克里夫蘭守護者,亞利桑那響尾蛇 @ 克里夫蘭守護者,51500378.1,378,[1-5局] 大小 4.5,253014861.1,小 4.5,H,4.5,1.68,25,17,H,4.5,
2026-08-02,2026-08-02T00:07:30,台灣運彩,824404,3480627.1,122,2026-08-02T07:15:00+08:00,亞利桑那響尾蛇,克里夫蘭守護者,亞利桑那響尾蛇 @ 克里夫蘭守護者,51500366.1,379,[1-5局] 克里夫蘭守護者 大小 2.5,253014836.1,大 2.5,A,2.5,1.73,100,73,A,2.5,
2026-08-02,2026-08-02T00:07:30,台灣運彩,824404,3480627.1,122,2026-08-02T07:15:00+08:00,亞利桑那響尾蛇,克里夫蘭守護者,亞利桑那響尾蛇 @ 克里夫蘭守護者,51500366.1,379,[1-5局] 克里夫蘭守護者 大小 2.5,253014835.1,小 2.5,H,2.5,1.70,10,7,H,2.5,
2026-08-02,2026-08-02T00:07:30,台灣運彩,824404,3480627.1,122,2026-08-02T07:15:00+08:00,亞利桑那響尾蛇,克里夫蘭守護者,亞利桑那響尾蛇 @ 克里夫蘭守護者,51500381.1,380,[1-5局] 亞歷桑那響尾蛇 大小 1.5,253014868.1,大 1.5,A,1.5,1.68,25,17,A,1.5,
2026-08-02,2026-08-02T00:07:30,台灣運彩,824404,3480627.1,122,2026-08-02T07:15:00+08:00,亞利桑那響尾蛇,克里夫蘭守護者,亞利桑那響尾蛇 @ 克里夫蘭守護者,51500381.1,380,[1-5局] 亞歷桑那響尾蛇 大小 1.5,253014867.1,小 1.5,H,1.5,1.75,4,3,H,1.5,
2026-08-02,2026-08-02T00:07:30,台灣運彩,824404,3480627.1,122,2026-08-02T07:15:00+08:00,亞利桑那響尾蛇,克里夫蘭守護者,亞利桑那響尾蛇 @ 克里夫蘭守護者,51500374.1,389,[第1局] 不讓分,253014852.1,克里夫蘭守護者,H,,2.55,20,31,H,,1
2026-08-02,2026-08-02T00:07:30,台灣運彩,824404,3480627.1,122,2026-08-02T07:15:00+08:00,亞利桑那響尾蛇,克里夫蘭守護者,亞利桑那響尾蛇 @ 克里夫蘭守護者,51500374.1,389,[第1局] 不讓分,253014854.1,亞歷桑那響尾蛇,A,,3.80,5,14,A,,2
2026-08-02,2026-08-02T00:07:30,台灣運彩,824404,3480627.1,122,2026-08-02T07:15:00+08:00,亞利桑那響尾蛇,克里夫蘭守護者,亞利桑那響尾蛇 @ 克里夫蘭守護者,51500374.1,389,[第1局] 不讓分,253014853.1,和局,D,,1.55,20,11,D,,
2026-08-02,2026-08-02T00:07:30,台灣運彩,824404,3480627.1,122,2026-08-02T07:15:00+08:00,亞利桑那響尾蛇,克里夫蘭守護者,亞利桑那響尾蛇 @ 克里夫蘭守護者,51500379.1,398,[第1局] 大小 0.5,253014864.1,大 0.5,A,0.5,1.68,25,17,A,0.5,
2026-08-02,2026-08-02T00:07:30,台灣運彩,824404,3480627.1,122,2026-08-02T07:15:00+08:00,亞利桑那響尾蛇,克里夫蘭守護者,亞利桑那響尾蛇 @ 克里夫蘭守護者,51500379.1,398,[第1局] 大小 0.5,253014863.1,小 0.5,H,0.5,1.65,20,13,H,0.5,
2026-08-02,2026-08-02T00:07:30,台灣運彩,824323,3480633.1,123,2026-08-02T08:10:00+08:00,堪薩斯市皇家,科羅拉多洛磯,堪薩斯市皇家 @ 科羅拉多洛磯,51500664.1,354,不讓分,253015659.1,科羅拉多落磯,H,,1.63,100,63,H,,1
2026-08-02,2026-08-02T00:07:30,台灣運彩,824323,3480633.1,123,2026-08-02T08:10:00+08:00,堪薩斯市皇家,科羅拉多洛磯,堪薩斯市皇家 @ 科羅拉多洛磯,51500664.1,354,不讓分,253015660.1,堪薩斯皇家,A,,1.87,100,87,A,,2
2026-08-02,2026-08-02T00:07:30,台灣運彩,824323,3480633.1,123,2026-08-02T08:10:00+08:00,堪薩斯市皇家,科羅拉多洛磯,堪薩斯市皇家 @ 科羅拉多洛磯,51500671.1,357,勝分差,253015677.1,堪薩斯皇家 1 分,A,,6.75,4,23,A,,
2026-08-02,2026-08-02T00:07:30,台灣運彩,824323,3480633.1,123,2026-08-02T08:10:00+08:00,堪薩斯市皇家,科羅拉多洛磯,堪薩斯市皇家 @ 科羅拉多洛磯,51500671.1,357,勝分差,253015678.1,堪薩斯皇家 2 分,A,,8.25,4,29,A,,
2026-08-02,2026-08-02T00:07:30,台灣運彩,824323,3480633.1,123,2026-08-02T08:10:00+08:00,堪薩斯市皇家,科羅拉多洛磯,堪薩斯市皇家 @ 科羅拉多洛磯,51500671.1,357,勝分差,253015679.1,堪薩斯皇家 > 2分,A,,2.35,20,27,A,,
2026-08-02,2026-08-02T00:07:30,台灣運彩,824323,3480633.1,123,2026-08-02T08:10:00+08:00,堪薩斯市皇家,科羅拉多洛磯,堪薩斯市皇家 @ 科羅拉多洛磯,51500671.1,357,勝分差,253015674.1,科羅拉多落磯 1 分,H,,4.45,20,69,H,,
2026-08-02,2026-08-02T00:07:30,台灣運彩,824323,3480633.1,123,2026-08-02T08:10:00+08:00,堪薩斯市皇家,科羅拉多洛磯,堪薩斯市皇家 @ 科羅拉多洛磯,51500671.1,357,勝分差,253015675.1,科羅拉多落磯 2 分,H,,8.00,1,7,H,,
2026-08-02,2026-08-02T00:07:30,台灣運彩,824323,3480633.1,123,2026-08-02T08:10:00+08:00,堪薩斯市皇家,科羅拉多洛磯,堪薩斯市皇家 @ 科羅拉多洛磯,51500671.1,357,勝分差,253015676.1,科羅拉多落磯 > 2分,H,,2.45,20,29,H,,
2026-08-02,2026-08-02T00:07:30,台灣運彩,824323,3480633.1,123,2026-08-02T08:10:00+08:00,堪薩斯市皇家,科羅拉多洛磯,堪薩斯市皇家 @ 科羅拉多洛磯,51500656.1,358,讓分 -2.5,253015642.1,科羅拉多落磯 -2.5,H,-2.5,2.50,2,3,H,-2.5,1
2026-08-02,2026-08-02T00:07:30,台灣運彩,824323,3480633.1,123,2026-08-02T08:10:00+08:00,堪薩斯市皇家,科羅拉多洛磯,堪薩斯市皇家 @ 科羅拉多洛磯,51500656.1,358,讓分 -2.5,253015643.1,堪薩斯皇家 +2.5,A,-2.5,1.32,25,8,A,-2.5,2
2026-08-02,2026-08-02T00:07:30,台灣運彩,824323,3480633.1,123,2026-08-02T08:10:00+08:00,堪薩斯市皇家,科羅拉多洛磯,堪薩斯市皇家 @ 科羅拉多洛磯,51500659.1,358,讓分 1.5,253015649.1,科羅拉多落磯 +1.5,H,1.5,1.42,50,21,H,1.5,1
2026-08-02,2026-08-02T00:07:30,台灣運彩,824323,3480633.1,123,2026-08-02T08:10:00+08:00,堪薩斯市皇家,科羅拉多洛磯,堪薩斯市皇家 @ 科羅拉多洛磯,51500659.1,358,讓分 1.5,253015650.1,堪薩斯皇家 -1.5,A,1.5,2.20,5,6,A,1.5,2
2026-08-02,2026-08-02T00:07:30,台灣運彩,824323,3480633.1,123,2026-08-02T08:10:00+08:00,堪薩斯市皇家,科羅拉多洛磯,堪薩斯市皇家 @ 科羅拉多洛磯,51500665.1,358,讓分 -1.5,253015661.1,科羅拉多落磯 -1.5,H,-1.5,2.10,10,11,H,-1.5,1
2026-08-02,2026-08-02T00:07:30,台灣運彩,824323,3480633.1,123,2026-08-02T08:10:00+08:00,堪薩斯市皇家,科羅拉多洛磯,堪薩斯市皇家 @ 科羅拉多洛磯,51500665.1,358,讓分 -1.5,253015662.1,堪薩斯皇家 +1.5,A,-1.5,1.45,20,9,A,-1.5,2
2026-08-02,2026-08-02T00:07:30,台灣運彩,824323,3480633.1,123,2026-08-02T08:10:00+08:00,堪薩斯市皇家,科羅拉多洛磯,堪薩斯市皇家 @ 科羅拉多洛磯,51500657.1,360,[總分]大小 12.5,253015645.1,大 12.5,A,12.5,1.92,25,23,A,12.5,
2026-08-02,2026-08-02T00:07:30,台灣運彩,824323,3480633.1,123,2026-08-02T08:10:00+08:00,堪薩斯市皇家,科羅拉多洛磯,堪薩斯市皇家 @ 科羅拉多洛磯,51500657.1,360,[總分]大小 12.5,253015644.1,小 12.5,H,12.5,1.58,50,29,H,12.5,
2026-08-02,2026-08-02T00:07:30,台灣運彩,824323,3480633.1,123,2026-08-02T08:10:00+08:00,堪薩斯市皇家,科羅拉多洛磯,堪薩斯市皇家 @ 科羅拉多洛磯,51500663.1,360,[總分]大小 11.5,253015658.1,大 11.5,A,11.5,1.72,25,18,A,11.5,
2026-08-02,2026-08-02T00:07:30,台灣運彩,824323,3480633.1,123,2026-08-02T08:10:00+08:00,堪薩斯市皇家,科羅拉多洛磯,堪薩斯市皇家 @ 科羅拉多洛磯,51500663.1,360,[總分]大小 11.5,253015657.1,小 11.5,H,11.5,1.78,50,39,H,11.5,
2026-08-02,2026-08-02T00:07:30,台灣運彩,824323,3480633.1,123,2026-08-02T08:10:00+08:00,堪薩斯市皇家,科羅拉多洛磯,堪薩斯市皇家 @ 科羅拉多洛磯,51500666.1,360,[總分]大小 10.5,253015664.1,大 10.5,A,10.5,1.48,25,12,A,10.5,
2026-08-02,2026-08-02T00:07:30,台灣運彩,824323,3480633.1,123,2026-08-02T08:10:00+08:00,堪薩斯市皇家,科羅拉多洛磯,堪薩斯市皇家 @ 科羅拉多洛磯,51500666.1,360,[總分]大小 10.5,253015663.1,小 10.5,H,10.5,2.05,20,21,H,10.5,
2026-08-02,2026-08-02T00:07:30,台灣運彩,824323,3480633.1,123,2026-08-02T08:10:00+08:00,堪薩斯市皇家,科羅拉多洛磯,堪薩斯市皇家 @ 科羅拉多洛磯,51500668.1,362,科羅拉多落磯 大小 5.5,253015668.1,大 5.5,A,5.5,1.68,25,17,A,5.5,
2026-08-02,2026-08-02T00:07:30,台灣運彩,824323,3480633.1,123,2026-08-02T08:10:00+08:00,堪薩斯市皇家,科羅拉多洛磯,堪薩斯市皇家 @ 科羅拉多洛磯,51500668.1,362,科羅拉多落磯 大小 5.5,253015667.1,小 5.5,H,5.5,1.75,4,3,H,5.5,
2026-08-02,2026-08-02T00:07:30,台灣運彩,824323,3480633.1,123,2026-08-02T08:10:00+08:00,堪薩斯市皇家,科羅拉多洛磯,堪薩斯市皇家 @ 科羅拉多洛磯,51500662.1,363,堪薩斯皇家 大小 5.5,253015656.1,大 5.5,A,5.5,1.68,25,17,A,5.5,
2026-08-02,2026-08-02T00:07:30,台灣運彩,824323,3480633.1,123,2026-08-02T08:10:00+08:00,堪薩斯市皇家,科羅拉多洛磯,堪薩斯市皇家 @ 科羅拉多洛磯,51500662.1,363,堪薩斯皇家 大小 5.5,253015655.1,小 5.5,H,5.5,1.75,4,3,H,5.5,
2026-08-02,2026-08-02T00:07:30,台灣運彩,824323,3480633.1,123,2026-08-02T08:10:00+08:00,堪薩斯市皇家,科羅拉多洛磯,堪薩斯市皇家 @ 科羅拉多洛磯,51500660.1,366,[總分]單雙,253015652.1,單,,,1.52,25,13,,,
2026-08-02,2026-08-02T00:07:30,台灣運彩,824323,3480633.1,123,2026-08-02T08:10:00+08:00,堪薩斯市皇家,科羅拉多洛磯,堪薩斯市皇家 @ 科羅拉多洛磯,51500660.1,366,[總分]單雙,253015651.1,雙,,,1.94,50,47,,,
2026-08-02,2026-08-02T00:07:30,台灣運彩,824323,3480633.1,123,2026-08-02T08:10:00+08:00,堪薩斯市皇家,科羅拉多洛磯,堪薩斯市皇家 @ 科羅拉多洛磯,51500672.1,374,得分最高單局(不含延長賽),253015689.1,一樣多,,,2.40,5,7,,,
2026-08-02,2026-08-02T00:07:30,台灣運彩,824323,3480633.1,123,2026-08-02T08:10:00+08:00,堪薩斯市皇家,科羅拉多洛磯,堪薩斯市皇家 @ 科羅拉多洛磯,51500672.1,374,得分最高單局(不含延長賽),253015680.1,第1局,,,5.45,20,89,,,
2026-08-02,2026-08-02T00:07:30,台灣運彩,824323,3480633.1,123,2026-08-02T08:10:00+08:00,堪薩斯市皇家,科羅拉多洛磯,堪薩斯市皇家 @ 科羅拉多洛磯,51500672.1,374,得分最高單局(不含延長賽),253015681.1,第2局,,,6.50,2,11,,,
2026-08-02,2026-08-02T00:07:30,台灣運彩,824323,3480633.1,123,2026-08-02T08:10:00+08:00,堪薩斯市皇家,科羅拉多洛磯,堪薩斯市皇家 @ 科羅拉多洛磯,51500672.1,374,得分最高單局(不含延長賽),253015682.1,第3局,,,5.70,10,47,,,
2026-08-02,2026-08-02T00:07:30,台灣運彩,824323,3480633.1,123,2026-08-02T08:10:00+08:00,堪薩斯市皇家,科羅拉多洛磯,堪薩斯市皇家 @ 科羅拉多洛磯,51500672.1,374,得分最高單局(不含延長賽),253015683.1,第4局,,,6.25,4,21,,,
2026-08-02,2026-08-02T00:07:30,台灣運彩,824323,3480633.1,123,2026-08-02T08:10:00+08:00,堪薩斯市皇家,科羅拉多洛磯,堪薩斯市皇家 @ 科羅拉多洛磯,51500672.1,374,得分最高單局(不含延長賽),253015684.1,第5局,,,5.80,5,24,,,
2026-08-02,2026-08-02T00:07:30,台灣運彩,824323,3480633.1,123,2026-08-02T08:10:00+08:00,堪薩斯市皇家,科羅拉多洛磯,堪薩斯市皇家 @ 科羅拉多洛磯,51500672.1,374,得分最高單局(不含延長賽),253015685.1,第6局,,,6.00,1,5,,,
2026-08-02,2026-08-02T00:07:30,台灣運彩,824323,3480633.1,123,2026-08-02T08:10:00+08:00,堪薩斯市皇家,科羅拉多洛磯,堪薩斯市皇家 @ 科羅拉多洛磯,51500672.1,374,得分最高單局(不含延長賽),253015686.1,第7局,,,5.65,20,93,,,
2026-08-02,2026-08-02T00:07:30,台灣運彩,824323,3480633.1,123,2026-08-02T08:10:00+08:00,堪薩斯市皇家,科羅拉多洛磯,堪薩斯市皇家 @ 科羅拉多洛磯,51500672.1,374,得分最高單局(不含延長賽),253015687.1,第8局,,,5.70,10,47,,,
2026-08-02,2026-08-02T00:07:30,台灣運彩,824323,3480633.1,123,2026-08-02T08:10:00+08:00,堪薩斯市皇家,科羅拉多洛磯,堪薩斯市皇家 @ 科羅拉多洛磯,51500672.1,374,得分最高單局(不含延長賽),253015688.1,第9局,,,8.00,1,7,,,
2026-08-02,2026-08-02T00:07:30,台灣運彩,824323,3480633.1,123,2026-08-02T08:10:00+08:00,堪薩斯市皇家,科羅拉多洛磯,堪薩斯市皇家 @ 科羅拉多洛磯,51500658.1,376,[1-5局] 不讓分,253015646.1,科羅拉多落磯,H,,1.70,10,7,H,,1
2026-08-02,2026-08-02T00:07:30,台灣運彩,824323,3480633.1,123,2026-08-02T08:10:00+08:00,堪薩斯市皇家,科羅拉多洛磯,堪薩斯市皇家 @ 科羅拉多洛磯,51500658.1,376,[1-5局] 不讓分,253015648.1,堪薩斯皇家,A,,1.85,20,17,A,,2
2026-08-02,2026-08-02T00:07:30,台灣運彩,824323,3480633.1,123,2026-08-02T08:10:00+08:00,堪薩斯市皇家,科羅拉多洛磯,堪薩斯市皇家 @ 科羅拉多洛磯,51500658.1,376,[1-5局] 不讓分,253015647.1,和局,D,,5.85,20,97,D,,
2026-08-02,2026-08-02T00:07:30,台灣運彩,824323,3480633.1,123,2026-08-02T08:10:00+08:00,堪薩斯市皇家,科羅拉多洛磯,堪薩斯市皇家 @ 科羅拉多洛磯,51500669.1,378,[1-5局] 大小 6.5,253015670.1,大 6.5,A,6.5,1.73,100,73,A,6.5,
2026-08-02,2026-08-02T00:07:30,台灣運彩,824323,3480633.1,123,2026-08-02T08:10:00+08:00,堪薩斯市皇家,科羅拉多洛磯,堪薩斯市皇家 @ 科羅拉多洛磯,51500669.1,378,[1-5局] 大小 6.5,253015669.1,小 6.5,H,6.5,1.60,5,3,H,6.5,
2026-08-02,2026-08-02T00:07:30,台灣運彩,824323,3480633.1,123,2026-08-02T08:10:00+08:00,堪薩斯市皇家,科羅拉多洛磯,堪薩斯市皇家 @ 科羅拉多洛磯,51500655.1,379,[1-5局] 科羅拉多落磯 大小 3.5,253015641.1,大 3.5,A,3.5,1.94,50,47,A,3.5,
2026-08-02,2026-08-02T00:07:30,台灣運彩,824323,3480633.1,123,2026-08-02T08:10:00+08:00,堪薩斯市皇家,科羅拉多洛磯,堪薩斯市皇家 @ 科羅拉多洛磯,51500655.1,379,[1-5局] 科羅拉多落磯 大小 3.5,253015640.1,小 3.5,H,3.5,1.52,25,13,H,3.5,
2026-08-02,2026-08-02T00:07:30,台灣運彩,824323,3480633.1,123,2026-08-02T08:10:00+08:00,堪薩斯市皇家,科羅拉多洛磯,堪薩斯市皇家 @ 科羅拉多洛磯,51500661.1,380,[1-5局] 堪薩斯皇家 大小 2.5,253015654.1,大 2.5,A,2.5,1.62,50,31,A,2.5,
2026-08-02,2026-08-02T00:07:30,台灣運彩,824323,3480633.1,123,2026-08-02T08:10:00+08:00,堪薩斯市皇家,科羅拉多洛磯,堪薩斯市皇家 @ 科羅拉多洛磯,51500661.1,380,[1-5局] 堪薩斯皇家 大小 2.5,253015653.1,小 2.5,H,2.5,1.82,50,41,H,2.5,
2026-08-02,2026-08-02T00:07:30,台灣運彩,824323,3480633.1,123,2026-08-02T08:10:00+08:00,堪薩斯市皇家,科羅拉多洛磯,堪薩斯市皇家 @ 科羅拉多洛磯,51500670.1,389,[第1局] 不讓分,253015671.1,科羅拉多落磯,H,,2.55,20,31,H,,1
2026-08-02,2026-08-02T00:07:30,台灣運彩,824323,3480633.1,123,2026-08-02T08:10:00+08:00,堪薩斯市皇家,科羅拉多洛磯,堪薩斯市皇家 @ 科羅拉多洛磯,51500670.1,389,[第1局] 不讓分,253015673.1,堪薩斯皇家,A,,2.85,20,37,A,,2
2026-08-02,2026-08-02T00:07:30,台灣運彩,824323,3480633.1,123,2026-08-02T08:10:00+08:00,堪薩斯市皇家,科羅拉多洛磯,堪薩斯市皇家 @ 科羅拉多洛磯,51500670.1,389,[第1局] 不讓分,253015672.1,和局,D,,1.80,5,4,D,,
2026-08-02,2026-08-02T00:07:30,台灣運彩,824323,3480633.1,123,2026-08-02T08:10:00+08:00,堪薩斯市皇家,科羅拉多洛磯,堪薩斯市皇家 @ 科羅拉多洛磯,51500667.1,398,[第1局] 大小 0.5,253015666.1,大 0.5,A,0.5,1.45,20,9,A,0.5,
2026-08-02,2026-08-02T00:07:30,台灣運彩,824323,3480633.1,123,2026-08-02T08:10:00+08:00,堪薩斯市皇家,科羅拉多洛磯,堪薩斯市皇家 @ 科羅拉多洛磯,51500667.1,398,[第1局] 大小 0.5,253015665.1,小 0.5,H,0.5,1.95,20,19,H,0.5,
2026-08-02,2026-08-02T00:07:30,台灣運彩,823270,3480643.1,135,2026-08-02T08:40:00+08:00,舊金山巨人,聖地牙哥教士,舊金山巨人 @ 聖地牙哥教士,51500774.1,354,不讓分,253015965.1,聖地牙哥教士,H,,1.53,100,53,H,,1
2026-08-02,2026-08-02T00:07:30,台灣運彩,823270,3480643.1,135,2026-08-02T08:40:00+08:00,舊金山巨人,聖地牙哥教士,舊金山巨人 @ 聖地牙哥教士,51500774.1,354,不讓分,253015966.1,舊金山巨人,A,,1.97,100,97,A,,2
2026-08-02,2026-08-02T00:07:30,台灣運彩,823270,3480643.1,135,2026-08-02T08:40:00+08:00,舊金山巨人,聖地牙哥教士,舊金山巨人 @ 聖地牙哥教士,51500780.1,357,勝分差,253015977.1,聖地牙哥教士 1 分,H,,3.95,20,59,H,,
2026-08-02,2026-08-02T00:07:30,台灣運彩,823270,3480643.1,135,2026-08-02T08:40:00+08:00,舊金山巨人,聖地牙哥教士,舊金山巨人 @ 聖地牙哥教士,51500780.1,357,勝分差,253015978.1,聖地牙哥教士 2 分,H,,7.00,1,6,H,,
2026-08-02,2026-08-02T00:07:30,台灣運彩,823270,3480643.1,135,2026-08-02T08:40:00+08:00,舊金山巨人,聖地牙哥教士,舊金山巨人 @ 聖地牙哥教士,51500780.1,357,勝分差,253015979.1,聖地牙哥教士 > 2分,H,,2.40,5,7,H,,
2026-08-02,2026-08-02T00:07:30,台灣運彩,823270,3480643.1,135,2026-08-02T08:40:00+08:00,舊金山巨人,聖地牙哥教士,舊金山巨人 @ 聖地牙哥教士,51500780.1,357,勝分差,253015980.1,舊金山巨人 1 分,A,,5.65,20,93,A,,
2026-08-02,2026-08-02T00:07:30,台灣運彩,823270,3480643.1,135,2026-08-02T08:40:00+08:00,舊金山巨人,聖地牙哥教士,舊金山巨人 @ 聖地牙哥教士,51500780.1,357,勝分差,253015981.1,舊金山巨人 2 分,A,,7.75,4,27,A,,
2026-08-02,2026-08-02T00:07:30,台灣運彩,823270,3480643.1,135,2026-08-02T08:40:00+08:00,舊金山巨人,聖地牙哥教士,舊金山巨人 @ 聖地牙哥教士,51500780.1,357,勝分差,253015982.1,舊金山巨人 > 2分,A,,3.00,1,2,A,,
2026-08-02,2026-08-02T00:07:30,台灣運彩,823270,3480643.1,135,2026-08-02T08:40:00+08:00,舊金山巨人,聖地牙哥教士,舊金山巨人 @ 聖地牙哥教士,51500778.1,358,讓分 -1.5,253015973.1,聖地牙哥教士 -1.5,H,-1.5,2.00,1,1,H,-1.5,1
2026-08-02,2026-08-02T00:07:30,台灣運彩,823270,3480643.1,135,2026-08-02T08:40:00+08:00,舊金山巨人,聖地牙哥教士,舊金山巨人 @ 聖地牙哥教士,51500778.1,358,讓分 -1.5,253015974.1,舊金山巨人 +1.5,A,-1.5,1.50,2,1,A,-1.5,2
2026-08-02,2026-08-02T00:07:30,台灣運彩,823270,3480643.1,135,2026-08-02T08:40:00+08:00,舊金山巨人,聖地牙哥教士,舊金山巨人 @ 聖地牙哥教士,51500776.1,360,[總分]大小 8.5,253015970.1,大 8.5,A,8.5,1.76,25,19,A,8.5,
2026-08-02,2026-08-02T00:07:30,台灣運彩,823270,3480643.1,135,2026-08-02T08:40:00+08:00,舊金山巨人,聖地牙哥教士,舊金山巨人 @ 聖地牙哥教士,51500776.1,360,[總分]大小 8.5,253015969.1,小 8.5,H,8.5,1.74,50,37,H,8.5,
2026-08-02,2026-08-02T00:07:30,台灣運彩,823270,3480643.1,135,2026-08-02T08:40:00+08:00,舊金山巨人,聖地牙哥教士,舊金山巨人 @ 聖地牙哥教士,51500777.1,362,聖地牙哥教士 大小 4.5,253015972.1,大 4.5,A,4.5,1.82,50,41,A,4.5,
2026-08-02,2026-08-02T00:07:30,台灣運彩,823270,3480643.1,135,2026-08-02T08:40:00+08:00,舊金山巨人,聖地牙哥教士,舊金山巨人 @ 聖地牙哥教士,51500777.1,362,聖地牙哥教士 大小 4.5,253015971.1,小 4.5,H,4.5,1.62,50,31,H,4.5,
2026-08-02,2026-08-02T00:07:30,台灣運彩,823270,3480643.1,135,2026-08-02T08:40:00+08:00,舊金山巨人,聖地牙哥教士,舊金山巨人 @ 聖地牙哥教士,51500779.1,363,舊金山巨人 大小 3.5,253015976.1,大 3.5,A,3.5,1.65,20,13,A,3.5,
2026-08-02,2026-08-02T00:07:30,台灣運彩,823270,3480643.1,135,2026-08-02T08:40:00+08:00,舊金山巨人,聖地牙哥教士,舊金山巨人 @ 聖地牙哥教士,51500779.1,363,舊金山巨人 大小 3.5,253015975.1,小 3.5,H,3.5,1.78,50,39,H,3.5,
2026-08-02,2026-08-02T00:07:30,台灣運彩,823270,3480643.1,135,2026-08-02T08:40:00+08:00,舊金山巨人,聖地牙哥教士,舊金山巨人 @ 聖地牙哥教士,51500775.1,366,[總分]單雙,253015968.1,單,,,1.43,100,43,,,
2026-08-02,2026-08-02T00:07:30,台灣運彩,823270,3480643.1,135,2026-08-02T08:40:00+08:00,舊金山巨人,聖地牙哥教士,舊金山巨人 @ 聖地牙哥教士,51500775.1,366,[總分]單雙,253015967.1,雙,,,1.98,50,49,,,
2026-08-02,2026-08-02T00:07:30,台灣運彩,823270,3480643.1,135,2026-08-02T08:40:00+08:00,舊金山巨人,聖地牙哥教士,舊金山巨人 @ 聖地牙哥教士,51502255.1,374,得分最高單局(不含延長賽),253020676.1,一樣多,,,2.30,10,13,,,
2026-08-02,2026-08-02T00:07:30,台灣運彩,823270,3480643.1,135,2026-08-02T08:40:00+08:00,舊金山巨人,聖地牙哥教士,舊金山巨人 @ 聖地牙哥教士,51502255.1,374,得分最高單局(不含延長賽),253020667.1,第1局,,,5.40,5,22,,,
2026-08-02,2026-08-02T00:07:30,台灣運彩,823270,3480643.1,135,2026-08-02T08:40:00+08:00,舊金山巨人,聖地牙哥教士,舊金山巨人 @ 聖地牙哥教士,51502255.1,374,得分最高單局(不含延長賽),253020668.1,第2局,,,6.75,4,23,,,
2026-08-02,2026-08-02T00:07:30,台灣運彩,823270,3480643.1,135,2026-08-02T08:40:00+08:00,舊金山巨人,聖地牙哥教士,舊金山巨人 @ 聖地牙哥教士,51502255.1,374,得分最高單局(不含延長賽),253020669.1,第3局,,,5.65,20,93,,,
2026-08-02,2026-08-02T00:07:30,台灣運彩,823270,3480643.1,135,2026-08-02T08:40:00+08:00,舊金山巨人,聖地牙哥教士,舊金山巨人 @ 聖地牙哥教士,51502255.1,374,得分最高單局(不含延長賽),253020670.1,第4局,,,6.25,4,21,,,
2026-08-02,2026-08-02T00:07:30,台灣運彩,823270,3480643.1,135,2026-08-02T08:40:00+08:00,舊金山巨人,聖地牙哥教士,舊金山巨人 @ 聖地牙哥教士,51502255.1,374,得分最高單局(不含延長賽),253020671.1,第5局,,,4.10,10,31,,,
2026-08-02,2026-08-02T00:07:30,台灣運彩,823270,3480643.1,135,2026-08-02T08:40:00+08:00,舊金山巨人,聖地牙哥教士,舊金山巨人 @ 聖地牙哥教士,51502255.1,374,得分最高單局(不含延長賽),253020672.1,第6局,,,6.50,2,11,,,
2026-08-02,2026-08-02T00:07:30,台灣運彩,823270,3480643.1,135,2026-08-02T08:40:00+08:00,舊金山巨人,聖地牙哥教士,舊金山巨人 @ 聖地牙哥教士,51502255.1,374,得分最高單局(不含延長賽),253020673.1,第7局,,,6.75,4,23,,,
2026-08-02,2026-08-02T00:07:30,台灣運彩,823270,3480643.1,135,2026-08-02T08:40:00+08:00,舊金山巨人,聖地牙哥教士,舊金山巨人 @ 聖地牙哥教士,51502255.1,374,得分最高單局(不含延長賽),253020674.1,第8局,,,6.50,2,11,,,
2026-08-02,2026-08-02T00:07:30,台灣運彩,823270,3480643.1,135,2026-08-02T08:40:00+08:00,舊金山巨人,聖地牙哥教士,舊金山巨人 @ 聖地牙哥教士,51502255.1,374,得分最高單局(不含延長賽),253020675.1,第9局,,,8.00,1,7,,,
2026-08-02,2026-08-02T00:07:30,台灣運彩,823270,3480643.1,135,2026-08-02T08:40:00+08:00,舊金山巨人,聖地牙哥教士,舊金山巨人 @ 聖地牙哥教士,51502252.1,376,[1-5局] 不讓分,253020659.1,聖地牙哥教士,H,,1.70,10,7,H,,1
2026-08-02,2026-08-02T00:07:30,台灣運彩,823270,3480643.1,135,2026-08-02T08:40:00+08:00,舊金山巨人,聖地牙哥教士,舊金山巨人 @ 聖地牙哥教士,51502252.1,376,[1-5局] 不讓分,253020661.1,舊金山巨人,A,,2.00,1,1,A,,2
2026-08-02,2026-08-02T00:07:30,台灣運彩,823270,3480643.1,135,2026-08-02T08:40:00+08:00,舊金山巨人,聖地牙哥教士,舊金山巨人 @ 聖地牙哥教士,51502252.1,376,[1-5局] 不讓分,253020660.1,和局,D,,4.70,10,37,D,,
2026-08-02,2026-08-02T00:07:30,台灣運彩,823270,3480643.1,135,2026-08-02T08:40:00+08:00,舊金山巨人,聖地牙哥教士,舊金山巨人 @ 聖地牙哥教士,51502250.1,378,[1-5局] 大小 4.5,253020656.1,大 4.5,A,4.5,1.62,50,31,A,4.5,
2026-08-02,2026-08-02T00:07:30,台灣運彩,823270,3480643.1,135,2026-08-02T08:40:00+08:00,舊金山巨人,聖地牙哥教士,舊金山巨人 @ 聖地牙哥教士,51502250.1,378,[1-5局] 大小 4.5,253020655.1,小 4.5,H,4.5,1.71,100,71,H,4.5,
2026-08-02,2026-08-02T00:07:30,台灣運彩,823270,3480643.1,135,2026-08-02T08:40:00+08:00,舊金山巨人,聖地牙哥教士,舊金山巨人 @ 聖地牙哥教士,51502249.1,379,[1-5局] 聖地牙哥教士 大小 2.5,253020654.1,大 2.5,A,2.5,1.86,50,43,A,2.5,
2026-08-02,2026-08-02T00:07:30,台灣運彩,823270,3480643.1,135,2026-08-02T08:40:00+08:00,舊金山巨人,聖地牙哥教士,舊金山巨人 @ 聖地牙哥教士,51502249.1,379,[1-5局] 聖地牙哥教士 大小 2.5,253020653.1,小 2.5,H,2.5,1.58,50,29,H,2.5,
2026-08-02,2026-08-02T00:07:30,台灣運彩,823270,3480643.1,135,2026-08-02T08:40:00+08:00,舊金山巨人,聖地牙哥教士,舊金山巨人 @ 聖地牙哥教士,51502253.1,380,[1-5局] 舊金山巨人 大小 1.5,253020663.1,大 1.5,A,1.5,1.53,100,53,A,1.5,
2026-08-02,2026-08-02T00:07:30,台灣運彩,823270,3480643.1,135,2026-08-02T08:40:00+08:00,舊金山巨人,聖地牙哥教士,舊金山巨人 @ 聖地牙哥教士,51502253.1,380,[1-5局] 舊金山巨人 大小 1.5,253020662.1,小 1.5,H,1.5,1.93,100,93,H,1.5,
2026-08-02,2026-08-02T00:07:30,台灣運彩,823270,3480643.1,135,2026-08-02T08:40:00+08:00,舊金山巨人,聖地牙哥教士,舊金山巨人 @ 聖地牙哥教士,51502254.1,389,[第1局] 不讓分,253020664.1,聖地牙哥教士,H,,2.85,20,37,H,,1
2026-08-02,2026-08-02T00:07:30,台灣運彩,823270,3480643.1,135,2026-08-02T08:40:00+08:00,舊金山巨人,聖地牙哥教士,舊金山巨人 @ 聖地牙哥教士,51502254.1,389,[第1局] 不讓分,253020666.1,舊金山巨人,A,,3.30,10,23,A,,2
2026-08-02,2026-08-02T00:07:30,台灣運彩,823270,3480643.1,135,2026-08-02T08:40:00+08:00,舊金山巨人,聖地牙哥教士,舊金山巨人 @ 聖地牙哥教士,51502254.1,389,[第1局] 不讓分,253020665.1,和局,D,,1.55,20,11,D,,
2026-08-02,2026-08-02T00:07:30,台灣運彩,823270,3480643.1,135,2026-08-02T08:40:00+08:00,舊金山巨人,聖地牙哥教士,舊金山巨人 @ 聖地牙哥教士,51502251.1,398,[第1局] 大小 0.5,253020658.1,大 0.5,A,0.5,1.66,50,33,A,0.5,
2026-08-02,2026-08-02T00:07:30,台灣運彩,823270,3480643.1,135,2026-08-02T08:40:00+08:00,舊金山巨人,聖地牙哥教士,舊金山巨人 @ 聖地牙哥教士,51502251.1,398,[第1局] 大小 0.5,253020657.1,小 0.5,H,0.5,1.66,50,33,H,0.5,
2026-08-02,2026-08-02T00:07:30,台灣運彩,823919,3480648.1,136,2026-08-02T09:10:00+08:00,波士頓紅襪,洛杉磯道奇,波士頓紅襪 @ 洛杉磯道奇,51500921.1,354,不讓分,253016410.1,洛杉磯道奇,H,,1.42,50,21,H,,1
2026-08-02,2026-08-02T00:07:30,台灣運彩,823919,3480648.1,136,2026-08-02T09:10:00+08:00,波士頓紅襪,洛杉磯道奇,波士頓紅襪 @ 洛杉磯道奇,51500921.1,354,不讓分,253016411.1,波士頓紅襪,A,,2.20,5,6,A,,2
2026-08-02,2026-08-02T00:07:30,台灣運彩,823919,3480648.1,136,2026-08-02T09:10:00+08:00,波士頓紅襪,洛杉磯道奇,波士頓紅襪 @ 洛杉磯道奇,51500930.1,357,勝分差,253016433.1,波士頓紅襪 1 分,A,,5.90,10,49,A,,
2026-08-02,2026-08-02T00:07:30,台灣運彩,823919,3480648.1,136,2026-08-02T09:10:00+08:00,波士頓紅襪,洛杉磯道奇,波士頓紅襪 @ 洛杉磯道奇,51500930.1,357,勝分差,253016434.1,波士頓紅襪 2 分,A,,8.25,4,29,A,,
2026-08-02,2026-08-02T00:07:30,台灣運彩,823919,3480648.1,136,2026-08-02T09:10:00+08:00,波士頓紅襪,洛杉磯道奇,波士頓紅襪 @ 洛杉磯道奇,51500930.1,357,勝分差,253016435.1,波士頓紅襪 > 2分,A,,3.75,4,11,A,,
2026-08-02,2026-08-02T00:07:30,台灣運彩,823919,3480648.1,136,2026-08-02T09:10:00+08:00,波士頓紅襪,洛杉磯道奇,波士頓紅襪 @ 洛杉磯道奇,51500930.1,357,勝分差,253016430.1,洛杉磯道奇 1 分,H,,3.75,4,11,H,,
2026-08-02,2026-08-02T00:07:30,台灣運彩,823919,3480648.1,136,2026-08-02T09:10:00+08:00,波士頓紅襪,洛杉磯道奇,波士頓紅襪 @ 洛杉磯道奇,51500930.1,357,勝分差,253016431.1,洛杉磯道奇 2 分,H,,6.25,4,21,H,,
2026-08-02,2026-08-02T00:07:30,台灣運彩,823919,3480648.1,136,2026-08-02T09:10:00+08:00,波士頓紅襪,洛杉磯道奇,波士頓紅襪 @ 洛杉磯道奇,51500930.1,357,勝分差,253016432.1,洛杉磯道奇 > 2分,H,,2.15,20,23,H,,
2026-08-02,2026-08-02T00:07:30,台灣運彩,823919,3480648.1,136,2026-08-02T09:10:00+08:00,波士頓紅襪,洛杉磯道奇,波士頓紅襪 @ 洛杉磯道奇,51500919.1,358,讓分 -2.5,253016406.1,洛杉磯道奇 -2.5,H,-2.5,2.33,100,133,H,-2.5,1
2026-08-02,2026-08-02T00:07:30,台灣運彩,823919,3480648.1,136,2026-08-02T09:10:00+08:00,波士頓紅襪,洛杉磯道奇,波士頓紅襪 @ 洛杉磯道奇,51500919.1,358,讓分 -2.5,253016407.1,波士頓紅襪 +2.5,A,-2.5,1.38,50,19,A,-2.5,2
2026-08-02,2026-08-02T00:07:30,台灣運彩,823919,3480648.1,136,2026-08-02T09:10:00+08:00,波士頓紅襪,洛杉磯道奇,波士頓紅襪 @ 洛杉磯道奇,51500923.1,358,讓分 -1.5,253016415.1,洛杉磯道奇 -1.5,H,-1.5,1.90,10,9,H,-1.5,1
2026-08-02,2026-08-02T00:07:30,台灣運彩,823919,3480648.1,136,2026-08-02T09:10:00+08:00,波士頓紅襪,洛杉磯道奇,波士頓紅襪 @ 洛杉磯道奇,51500923.1,358,讓分 -1.5,253016416.1,波士頓紅襪 +1.5,A,-1.5,1.60,5,3,A,-1.5,2
2026-08-02,2026-08-02T00:07:30,台灣運彩,823919,3480648.1,136,2026-08-02T09:10:00+08:00,波士頓紅襪,洛杉磯道奇,波士頓紅襪 @ 洛杉磯道奇,51500915.1,360,[總分]大小 8.5,253016399.1,大 8.5,A,8.5,2.00,1,1,A,8.5,
2026-08-02,2026-08-02T00:07:30,台灣運彩,823919,3480648.1,136,2026-08-02T09:10:00+08:00,波士頓紅襪,洛杉磯道奇,波士頓紅襪 @ 洛杉磯道奇,51500915.1,360,[總分]大小 8.5,253016398.1,小 8.5,H,8.5,1.50,2,1,H,8.5,
2026-08-02,2026-08-02T00:07:30,台灣運彩,823919,3480648.1,136,2026-08-02T09:10:00+08:00,波士頓紅襪,洛杉磯道奇,波士頓紅襪 @ 洛杉磯道奇,51500916.1,360,[總分]大小 9.5,253016401.1,大 9.5,A,9.5,2.30,10,13,A,9.5,
2026-08-02,2026-08-02T00:07:30,台灣運彩,823919,3480648.1,136,2026-08-02T09:10:00+08:00,波士頓紅襪,洛杉磯道奇,波士頓紅襪 @ 洛杉磯道奇,51500916.1,360,[總分]大小 9.5,253016400.1,小 9.5,H,9.5,1.40,5,2,H,9.5,
2026-08-02,2026-08-02T00:07:30,台灣運彩,823919,3480648.1,136,2026-08-02T09:10:00+08:00,波士頓紅襪,洛杉磯道奇,波士頓紅襪 @ 洛杉磯道奇,51500920.1,360,[總分]大小 7.5,253016409.1,大 7.5,A,7.5,1.78,50,39,A,7.5,
2026-08-02,2026-08-02T00:07:30,台灣運彩,823919,3480648.1,136,2026-08-02T09:10:00+08:00,波士頓紅襪,洛杉磯道奇,波士頓紅襪 @ 洛杉磯道奇,51500920.1,360,[總分]大小 7.5,253016408.1,小 7.5,H,7.5,1.72,25,18,H,7.5,
2026-08-02,2026-08-02T00:07:30,台灣運彩,823919,3480648.1,136,2026-08-02T09:10:00+08:00,波士頓紅襪,洛杉磯道奇,波士頓紅襪 @ 洛杉磯道奇,51501277.1,360,[總分]大小 6.5,253017414.1,大 6.5,A,6.5,1.45,20,9,A,6.5,
2026-08-02,2026-08-02T00:07:30,台灣運彩,823919,3480648.1,136,2026-08-02T09:10:00+08:00,波士頓紅襪,洛杉磯道奇,波士頓紅襪 @ 洛杉磯道奇,51501277.1,360,[總分]大小 6.5,253017413.1,小 6.5,H,6.5,2.10,10,11,H,6.5,
2026-08-02,2026-08-02T00:07:30,台灣運彩,823919,3480648.1,136,2026-08-02T09:10:00+08:00,波士頓紅襪,洛杉磯道奇,波士頓紅襪 @ 洛杉磯道奇,51500924.1,362,洛杉磯道奇 大小 4.5,253016418.1,大 4.5,A,4.5,1.88,25,22,A,4.5,
2026-08-02,2026-08-02T00:07:30,台灣運彩,823919,3480648.1,136,2026-08-02T09:10:00+08:00,波士頓紅襪,洛杉磯道奇,波士頓紅襪 @ 洛杉磯道奇,51500924.1,362,洛杉磯道奇 大小 4.5,253016417.1,小 4.5,H,4.5,1.56,25,14,H,4.5,
2026-08-02,2026-08-02T00:07:30,台灣運彩,823919,3480648.1,136,2026-08-02T09:10:00+08:00,波士頓紅襪,洛杉磯道奇,波士頓紅襪 @ 洛杉磯道奇,51502111.1,363,波士頓紅襪 大小 2.5,253020143.1,大 2.5,A,2.5,1.55,20,11,A,2.5,
2026-08-02,2026-08-02T00:07:30,台灣運彩,823919,3480648.1,136,2026-08-02T09:10:00+08:00,波士頓紅襪,洛杉磯道奇,波士頓紅襪 @ 洛杉磯道奇,51502111.1,363,波士頓紅襪 大小 2.5,253020142.1,小 2.5,H,2.5,1.90,10,9,H,2.5,
2026-08-02,2026-08-02T00:07:30,台灣運彩,823919,3480648.1,136,2026-08-02T09:10:00+08:00,波士頓紅襪,洛杉磯道奇,波士頓紅襪 @ 洛杉磯道奇,51500914.1,366,[總分]單雙,253016397.1,單,,,1.48,25,12,,,
2026-08-02,2026-08-02T00:07:30,台灣運彩,823919,3480648.1,136,2026-08-02T09:10:00+08:00,波士頓紅襪,洛杉磯道奇,波士頓紅襪 @ 洛杉磯道奇,51500914.1,366,[總分]單雙,253016396.1,雙,,,2.00,1,1,,,
2026-08-02,2026-08-02T00:07:30,台灣運彩,823919,3480648.1,136,2026-08-02T09:10:00+08:00,波士頓紅襪,洛杉磯道奇,波士頓紅襪 @ 洛杉磯道奇,51500931.1,374,得分最高單局(不含延長賽),253016445.1,一樣多,,,2.20,5,6,,,
2026-08-02,2026-08-02T00:07:30,台灣運彩,823919,3480648.1,136,2026-08-02T09:10:00+08:00,波士頓紅襪,洛杉磯道奇,波士頓紅襪 @ 洛杉磯道奇,51500931.1,374,得分最高單局(不含延長賽),253016436.1,第1局,,,5.50,2,9,,,
2026-08-02,2026-08-02T00:07:30,台灣運彩,823919,3480648.1,136,2026-08-02T09:10:00+08:00,波士頓紅襪,洛杉磯道奇,波士頓紅襪 @ 洛杉磯道奇,51500931.1,374,得分最高單局(不含延長賽),253016437.1,第2局,,,6.50,2,11,,,
2026-08-02,2026-08-02T00:07:30,台灣運彩,823919,3480648.1,136,2026-08-02T09:10:00+08:00,波士頓紅襪,洛杉磯道奇,波士頓紅襪 @ 洛杉磯道奇,51500931.1,374,得分最高單局(不含延長賽),253016438.1,第3局,,,6.00,1,5,,,
2026-08-02,2026-08-02T00:07:30,台灣運彩,823919,3480648.1,136,2026-08-02T09:10:00+08:00,波士頓紅襪,洛杉磯道奇,波士頓紅襪 @ 洛杉磯道奇,51500931.1,374,得分最高單局(不含延長賽),253016439.1,第4局,,,6.50,2,11,,,
2026-08-02,2026-08-02T00:07:30,台灣運彩,823919,3480648.1,136,2026-08-02T09:10:00+08:00,波士頓紅襪,洛杉磯道奇,波士頓紅襪 @ 洛杉磯道奇,51500931.1,374,得分最高單局(不含延長賽),253016440.1,第5局,,,6.25,4,21,,,
2026-08-02,2026-08-02T00:07:30,台灣運彩,823919,3480648.1,136,2026-08-02T09:10:00+08:00,波士頓紅襪,洛杉磯道奇,波士頓紅襪 @ 洛杉磯道奇,51500931.1,374,得分最高單局(不含延長賽),253016441.1,第6局,,,5.60,5,23,,,
2026-08-02,2026-08-02T00:07:30,台灣運彩,823919,3480648.1,136,2026-08-02T09:10:00+08:00,波士頓紅襪,洛杉磯道奇,波士頓紅襪 @ 洛杉磯道奇,51500931.1,374,得分最高單局(不含延長賽),253016442.1,第7局,,,5.80,5,24,,,
2026-08-02,2026-08-02T00:07:30,台灣運彩,823919,3480648.1,136,2026-08-02T09:10:00+08:00,波士頓紅襪,洛杉磯道奇,波士頓紅襪 @ 洛杉磯道奇,51500931.1,374,得分最高單局(不含延長賽),253016443.1,第8局,,,5.55,20,91,,,
2026-08-02,2026-08-02T00:07:30,台灣運彩,823919,3480648.1,136,2026-08-02T09:10:00+08:00,波士頓紅襪,洛杉磯道奇,波士頓紅襪 @ 洛杉磯道奇,51500931.1,374,得分最高單局(不含延長賽),253016444.1,第9局,,,8.00,1,7,,,
2026-08-02,2026-08-02T00:07:30,台灣運彩,823919,3480648.1,136,2026-08-02T09:10:00+08:00,波士頓紅襪,洛杉磯道奇,波士頓紅襪 @ 洛杉磯道奇,51500922.1,376,[1-5局] 不讓分,253016412.1,洛杉磯道奇,H,,1.55,20,11,H,,1
2026-08-02,2026-08-02T00:07:30,台灣運彩,823919,3480648.1,136,2026-08-02T09:10:00+08:00,波士頓紅襪,洛杉磯道奇,波士頓紅襪 @ 洛杉磯道奇,51500922.1,376,[1-5局] 不讓分,253016414.1,波士頓紅襪,A,,2.40,5,7,A,,2
2026-08-02,2026-08-02T00:07:30,台灣運彩,823919,3480648.1,136,2026-08-02T09:10:00+08:00,波士頓紅襪,洛杉磯道奇,波士頓紅襪 @ 洛杉磯道奇,51500922.1,376,[1-5局] 不讓分,253016413.1,和局,D,,4.30,10,33,D,,
2026-08-02,2026-08-02T00:07:30,台灣運彩,823919,3480648.1,136,2026-08-02T09:10:00+08:00,波士頓紅襪,洛杉磯道奇,波士頓紅襪 @ 洛杉磯道奇,51502110.1,378,[1-5局] 大小 3.5,253020141.1,大 3.5,A,3.5,1.52,25,13,A,3.5,
2026-08-02,2026-08-02T00:07:30,台灣運彩,823919,3480648.1,136,2026-08-02T09:10:00+08:00,波士頓紅襪,洛杉磯道奇,波士頓紅襪 @ 洛杉磯道奇,51502110.1,378,[1-5局] 大小 3.5,253020140.1,小 3.5,H,3.5,1.83,100,83,H,3.5,
2026-08-02,2026-08-02T00:07:30,台灣運彩,823919,3480648.1,136,2026-08-02T09:10:00+08:00,波士頓紅襪,洛杉磯道奇,波士頓紅襪 @ 洛杉磯道奇,51500926.1,379,[1-5局] 洛杉磯道奇 大小 2.5,253016422.1,大 2.5,A,2.5,1.90,10,9,A,2.5,
2026-08-02,2026-08-02T00:07:30,台灣運彩,823919,3480648.1,136,2026-08-02T09:10:00+08:00,波士頓紅襪,洛杉磯道奇,波士頓紅襪 @ 洛杉磯道奇,51500926.1,379,[1-5局] 洛杉磯道奇 大小 2.5,253016421.1,小 2.5,H,2.5,1.55,20,11,H,2.5,
2026-08-02,2026-08-02T00:07:30,台灣運彩,823919,3480648.1,136,2026-08-02T09:10:00+08:00,波士頓紅襪,洛杉磯道奇,波士頓紅襪 @ 洛杉磯道奇,51500918.1,380,[1-5局] 波士頓紅襪 大小 1.5,253016405.1,大 1.5,A,1.5,1.90,10,9,A,1.5,
2026-08-02,2026-08-02T00:07:30,台灣運彩,823919,3480648.1,136,2026-08-02T09:10:00+08:00,波士頓紅襪,洛杉磯道奇,波士頓紅襪 @ 洛杉磯道奇,51500918.1,380,[1-5局] 波士頓紅襪 大小 1.5,253016404.1,小 1.5,H,1.5,1.55,20,11,H,1.5,
2026-08-02,2026-08-02T00:07:30,台灣運彩,823919,3480648.1,136,2026-08-02T09:10:00+08:00,波士頓紅襪,洛杉磯道奇,波士頓紅襪 @ 洛杉磯道奇,51500929.1,389,[第1局] 不讓分,253016427.1,洛杉磯道奇,H,,2.65,20,33,H,,1
2026-08-02,2026-08-02T00:07:30,台灣運彩,823919,3480648.1,136,2026-08-02T09:10:00+08:00,波士頓紅襪,洛杉磯道奇,波士頓紅襪 @ 洛杉磯道奇,51500929.1,389,[第1局] 不讓分,253016429.1,波士頓紅襪,A,,4.20,5,16,A,,2
2026-08-02,2026-08-02T00:07:30,台灣運彩,823919,3480648.1,136,2026-08-02T09:10:00+08:00,波士頓紅襪,洛杉磯道奇,波士頓紅襪 @ 洛杉磯道奇,51500929.1,389,[第1局] 不讓分,253016428.1,和局,D,,1.45,20,9,D,,
2026-08-02,2026-08-02T00:07:30,台灣運彩,823919,3480648.1,136,2026-08-02T09:10:00+08:00,波士頓紅襪,洛杉磯道奇,波士頓紅襪 @ 洛杉磯道奇,51500927.1,398,[第1局] 大小 0.5,253016424.1,大 0.5,A,0.5,1.80,5,4,A,0.5,
2026-08-02,2026-08-02T00:07:30,台灣運彩,823919,3480648.1,136,2026-08-02T09:10:00+08:00,波士頓紅襪,洛杉磯道奇,波士頓紅襪 @ 洛杉磯道奇,51500927.1,398,[第1局] 大小 0.5,253016423.1,小 0.5,H,0.5,1.55,20,11,H,0.5,
2026-08-02,2026-08-02T00:07:30,台灣運彩,823996,3480650.1,137,2026-08-02T09:38:00+08:00,密爾瓦基釀酒人,洛杉磯天使,密爾瓦基釀酒人 @ 洛杉磯天使,51500971.1,354,不讓分,253016581.1,洛杉磯天使,H,,1.87,100,87,H,,1
2026-08-02,2026-08-02T00:07:30,台灣運彩,823996,3480650.1,137,2026-08-02T09:38:00+08:00,密爾瓦基釀酒人,洛杉磯天使,密爾瓦基釀酒人 @ 洛杉磯天使,51500971.1,354,不讓分,253016582.1,密爾瓦基釀酒人,A,,1.63,100,63,A,,2
2026-08-02,2026-08-02T00:07:30,台灣運彩,823996,3480650.1,137,2026-08-02T09:38:00+08:00,密爾瓦基釀酒人,洛杉磯天使,密爾瓦基釀酒人 @ 洛杉磯天使,51500981.1,357,勝分差,253016606.1,密爾瓦基釀酒人 1 分,A,,5.50,2,9,A,,
2026-08-02,2026-08-02T00:07:30,台灣運彩,823996,3480650.1,137,2026-08-02T09:38:00+08:00,密爾瓦基釀酒人,洛杉磯天使,密爾瓦基釀酒人 @ 洛杉磯天使,51500981.1,357,勝分差,253016607.1,密爾瓦基釀酒人 2 分,A,,7.00,1,6,A,,
2026-08-02,2026-08-02T00:07:30,台灣運彩,823996,3480650.1,137,2026-08-02T09:38:00+08:00,密爾瓦基釀酒人,洛杉磯天使,密爾瓦基釀酒人 @ 洛杉磯天使,51500981.1,357,勝分差,253016608.1,密爾瓦基釀酒人 > 2分,A,,2.40,5,7,A,,
2026-08-02,2026-08-02T00:07:30,台灣運彩,823996,3480650.1,137,2026-08-02T09:38:00+08:00,密爾瓦基釀酒人,洛杉磯天使,密爾瓦基釀酒人 @ 洛杉磯天使,51500981.1,357,勝分差,253016603.1,洛杉磯天使 1 分,H,,4.20,5,16,H,,
2026-08-02,2026-08-02T00:07:30,台灣運彩,823996,3480650.1,137,2026-08-02T09:38:00+08:00,密爾瓦基釀酒人,洛杉磯天使,密爾瓦基釀酒人 @ 洛杉磯天使,51500981.1,357,勝分差,253016604.1,洛杉磯天使 2 分,H,,7.50,2,13,H,,
2026-08-02,2026-08-02T00:07:30,台灣運彩,823996,3480650.1,137,2026-08-02T09:38:00+08:00,密爾瓦基釀酒人,洛杉磯天使,密爾瓦基釀酒人 @ 洛杉磯天使,51500981.1,357,勝分差,253016605.1,洛杉磯天使 > 2分,H,,3.00,1,2,H,,
2026-08-02,2026-08-02T00:07:30,台灣運彩,823996,3480650.1,137,2026-08-02T09:38:00+08:00,密爾瓦基釀酒人,洛杉磯天使,密爾瓦基釀酒人 @ 洛杉磯天使,51500965.1,358,讓分 2.5,253016569.1,洛杉磯天使 +2.5,H,2.5,1.33,100,33,H,2.5,1
2026-08-02,2026-08-02T00:07:30,台灣運彩,823996,3480650.1,137,2026-08-02T09:38:00+08:00,密爾瓦基釀酒人,洛杉磯天使,密爾瓦基釀酒人 @ 洛杉磯天使,51500965.1,358,讓分 2.5,253016570.1,密爾瓦基釀酒人 -2.5,A,2.5,2.47,100,147,A,2.5,2
2026-08-02,2026-08-02T00:07:30,台灣運彩,823996,3480650.1,137,2026-08-02T09:38:00+08:00,密爾瓦基釀酒人,洛杉磯天使,密爾瓦基釀酒人 @ 洛杉磯天使,51500973.1,358,讓分 1.5,253016585.1,洛杉磯天使 +1.5,H,1.5,1.50,2,1,H,1.5,1
2026-08-02,2026-08-02T00:07:30,台灣運彩,823996,3480650.1,137,2026-08-02T09:38:00+08:00,密爾瓦基釀酒人,洛杉磯天使,密爾瓦基釀酒人 @ 洛杉磯天使,51500973.1,358,讓分 1.5,253016586.1,密爾瓦基釀酒人 -1.5,A,1.5,2.00,1,1,A,1.5,2
2026-08-02,2026-08-02T00:07:30,台灣運彩,823996,3480650.1,137,2026-08-02T09:38:00+08:00,密爾瓦基釀酒人,洛杉磯天使,密爾瓦基釀酒人 @ 洛杉磯天使,51500972.1,360,[總分]大小 9.5,253016584.1,大 9.5,A,9.5,2.05,20,21,A,9.5,
2026-08-02,2026-08-02T00:07:30,台灣運彩,823996,3480650.1,137,2026-08-02T09:38:00+08:00,密爾瓦基釀酒人,洛杉磯天使,密爾瓦基釀酒人 @ 洛杉磯天使,51500972.1,360,[總分]大小 9.5,253016583.1,小 9.5,H,9.5,1.48,25,12,H,9.5,
2026-08-02,2026-08-02T00:07:30,台灣運彩,823996,3480650.1,137,2026-08-02T09:38:00+08:00,密爾瓦基釀酒人,洛杉磯天使,密爾瓦基釀酒人 @ 洛杉磯天使,51500974.1,360,[總分]大小 8.5,253016588.1,大 8.5,A,8.5,1.73,100,73,A,8.5,
2026-08-02,2026-08-02T00:07:30,台灣運彩,823996,3480650.1,137,2026-08-02T09:38:00+08:00,密爾瓦基釀酒人,洛杉磯天使,密爾瓦基釀酒人 @ 洛杉磯天使,51500974.1,360,[總分]大小 8.5,253016587.1,小 8.5,H,8.5,1.77,100,77,H,8.5,
2026-08-02,2026-08-02T00:07:30,台灣運彩,823996,3480650.1,137,2026-08-02T09:38:00+08:00,密爾瓦基釀酒人,洛杉磯天使,密爾瓦基釀酒人 @ 洛杉磯天使,51500977.1,360,[總分]大小 7.5,253016594.1,大 7.5,A,7.5,1.50,2,1,A,7.5,
2026-08-02,2026-08-02T00:07:30,台灣運彩,823996,3480650.1,137,2026-08-02T09:38:00+08:00,密爾瓦基釀酒人,洛杉磯天使,密爾瓦基釀酒人 @ 洛杉磯天使,51500977.1,360,[總分]大小 7.5,253016593.1,小 7.5,H,7.5,2.00,1,1,H,7.5,
2026-08-02,2026-08-02T00:07:30,台灣運彩,823996,3480650.1,137,2026-08-02T09:38:00+08:00,密爾瓦基釀酒人,洛杉磯天使,密爾瓦基釀酒人 @ 洛杉磯天使,51500976.1,362,洛杉磯天使 大小 3.5,253016592.1,大 3.5,A,3.5,1.58,50,29,A,3.5,
2026-08-02,2026-08-02T00:07:30,台灣運彩,823996,3480650.1,137,2026-08-02T09:38:00+08:00,密爾瓦基釀酒人,洛杉磯天使,密爾瓦基釀酒人 @ 洛杉磯天使,51500976.1,362,洛杉磯天使 大小 3.5,253016591.1,小 3.5,H,3.5,1.86,50,43,H,3.5,
2026-08-02,2026-08-02T00:07:30,台灣運彩,823996,3480650.1,137,2026-08-02T09:38:00+08:00,密爾瓦基釀酒人,洛杉磯天使,密爾瓦基釀酒人 @ 洛杉磯天使,51500975.1,363,密爾瓦基釀酒人 大小 4.5,253016590.1,大 4.5,A,4.5,1.82,50,41,A,4.5,
2026-08-02,2026-08-02T00:07:30,台灣運彩,823996,3480650.1,137,2026-08-02T09:38:00+08:00,密爾瓦基釀酒人,洛杉磯天使,密爾瓦基釀酒人 @ 洛杉磯天使,51500975.1,363,密爾瓦基釀酒人 大小 4.5,253016589.1,小 4.5,H,4.5,1.62,50,31,H,4.5,
2026-08-02,2026-08-02T00:07:30,台灣運彩,823996,3480650.1,137,2026-08-02T09:38:00+08:00,密爾瓦基釀酒人,洛杉磯天使,密爾瓦基釀酒人 @ 洛杉磯天使,51500969.1,366,[總分]單雙,253016578.1,單,,,1.48,25,12,,,
2026-08-02,2026-08-02T00:07:30,台灣運彩,823996,3480650.1,137,2026-08-02T09:38:00+08:00,密爾瓦基釀酒人,洛杉磯天使,密爾瓦基釀酒人 @ 洛杉磯天使,51500969.1,366,[總分]單雙,253016577.1,雙,,,2.00,1,1,,,
2026-08-02,2026-08-02T00:07:30,台灣運彩,823996,3480650.1,137,2026-08-02T09:38:00+08:00,密爾瓦基釀酒人,洛杉磯天使,密爾瓦基釀酒人 @ 洛杉磯天使,51500982.1,374,得分最高單局(不含延長賽),253016618.1,一樣多,,,2.25,4,5,,,
2026-08-02,2026-08-02T00:07:30,台灣運彩,823996,3480650.1,137,2026-08-02T09:38:00+08:00,密爾瓦基釀酒人,洛杉磯天使,密爾瓦基釀酒人 @ 洛杉磯天使,51500982.1,374,得分最高單局(不含延長賽),253016609.1,第1局,,,5.40,5,22,,,
2026-08-02,2026-08-02T00:07:30,台灣運彩,823996,3480650.1,137,2026-08-02T09:38:00+08:00,密爾瓦基釀酒人,洛杉磯天使,密爾瓦基釀酒人 @ 洛杉磯天使,51500982.1,374,得分最高單局(不含延長賽),253016610.1,第2局,,,6.50,2,11,,,
2026-08-02,2026-08-02T00:07:30,台灣運彩,823996,3480650.1,137,2026-08-02T09:38:00+08:00,密爾瓦基釀酒人,洛杉磯天使,密爾瓦基釀酒人 @ 洛杉磯天使,51500982.1,374,得分最高單局(不含延長賽),253016611.1,第3局,,,5.50,2,9,,,
2026-08-02,2026-08-02T00:07:30,台灣運彩,823996,3480650.1,137,2026-08-02T09:38:00+08:00,密爾瓦基釀酒人,洛杉磯天使,密爾瓦基釀酒人 @ 洛杉磯天使,51500982.1,374,得分最高單局(不含延長賽),253016612.1,第4局,,,6.25,4,21,,,
2026-08-02,2026-08-02T00:07:30,台灣運彩,823996,3480650.1,137,2026-08-02T09:38:00+08:00,密爾瓦基釀酒人,洛杉磯天使,密爾瓦基釀酒人 @ 洛杉磯天使,51500982.1,374,得分最高單局(不含延長賽),253016613.1,第5局,,,5.90,10,49,,,
2026-08-02,2026-08-02T00:07:30,台灣運彩,823996,3480650.1,137,2026-08-02T09:38:00+08:00,密爾瓦基釀酒人,洛杉磯天使,密爾瓦基釀酒人 @ 洛杉磯天使,51500982.1,374,得分最高單局(不含延長賽),253016614.1,第6局,,,6.25,4,21,,,
2026-08-02,2026-08-02T00:07:30,台灣運彩,823996,3480650.1,137,2026-08-02T09:38:00+08:00,密爾瓦基釀酒人,洛杉磯天使,密爾瓦基釀酒人 @ 洛杉磯天使,51500982.1,374,得分最高單局(不含延長賽),253016615.1,第7局,,,6.25,4,21,,,
2026-08-02,2026-08-02T00:07:30,台灣運彩,823996,3480650.1,137,2026-08-02T09:38:00+08:00,密爾瓦基釀酒人,洛杉磯天使,密爾瓦基釀酒人 @ 洛杉磯天使,51500982.1,374,得分最高單局(不含延長賽),253016616.1,第8局,,,5.90,10,49,,,
2026-08-02,2026-08-02T00:07:30,台灣運彩,823996,3480650.1,137,2026-08-02T09:38:00+08:00,密爾瓦基釀酒人,洛杉磯天使,密爾瓦基釀酒人 @ 洛杉磯天使,51500982.1,374,得分最高單局(不含延長賽),253016617.1,第9局,,,8.00,1,7,,,
2026-08-02,2026-08-02T00:07:30,台灣運彩,823996,3480650.1,137,2026-08-02T09:38:00+08:00,密爾瓦基釀酒人,洛杉磯天使,密爾瓦基釀酒人 @ 洛杉磯天使,51500979.1,376,[1-5局] 不讓分,253016598.1,洛杉磯天使,H,,1.85,20,17,H,,1
2026-08-02,2026-08-02T00:07:30,台灣運彩,823996,3480650.1,137,2026-08-02T09:38:00+08:00,密爾瓦基釀酒人,洛杉磯天使,密爾瓦基釀酒人 @ 洛杉磯天使,51500979.1,376,[1-5局] 不讓分,253016600.1,密爾瓦基釀酒人,A,,1.85,20,17,A,,2
2026-08-02,2026-08-02T00:07:30,台灣運彩,823996,3480650.1,137,2026-08-02T09:38:00+08:00,密爾瓦基釀酒人,洛杉磯天使,密爾瓦基釀酒人 @ 洛杉磯天使,51500979.1,376,[1-5局] 不讓分,253016599.1,和局,D,,4.70,10,37,D,,
2026-08-02,2026-08-02T00:07:30,台灣運彩,823996,3480650.1,137,2026-08-02T09:38:00+08:00,密爾瓦基釀酒人,洛杉磯天使,密爾瓦基釀酒人 @ 洛杉磯天使,51500980.1,378,[1-5局] 大小 4.5,253016602.1,大 4.5,A,4.5,1.65,20,13,A,4.5,
2026-08-02,2026-08-02T00:07:30,台灣運彩,823996,3480650.1,137,2026-08-02T09:38:00+08:00,密爾瓦基釀酒人,洛杉磯天使,密爾瓦基釀酒人 @ 洛杉磯天使,51500980.1,378,[1-5局] 大小 4.5,253016601.1,小 4.5,H,4.5,1.68,25,17,H,4.5,
2026-08-02,2026-08-02T00:07:30,台灣運彩,823996,3480650.1,137,2026-08-02T09:38:00+08:00,密爾瓦基釀酒人,洛杉磯天使,密爾瓦基釀酒人 @ 洛杉磯天使,51501273.1,379,[1-5局] 洛杉磯天使 大小 2.5,253017406.1,大 2.5,A,2.5,2.00,1,1,A,2.5,
2026-08-02,2026-08-02T00:07:30,台灣運彩,823996,3480650.1,137,2026-08-02T09:38:00+08:00,密爾瓦基釀酒人,洛杉磯天使,密爾瓦基釀酒人 @ 洛杉磯天使,51501273.1,379,[1-5局] 洛杉磯天使 大小 2.5,253017405.1,小 2.5,H,2.5,1.48,25,12,H,2.5,
2026-08-02,2026-08-02T00:07:30,台灣運彩,823996,3480650.1,137,2026-08-02T09:38:00+08:00,密爾瓦基釀酒人,洛杉磯天使,密爾瓦基釀酒人 @ 洛杉磯天使,51500970.1,380,[1-5局] 密爾瓦基釀酒人 大小 2.5,253016580.1,大 2.5,A,2.5,1.96,25,24,A,2.5,
2026-08-02,2026-08-02T00:07:30,台灣運彩,823996,3480650.1,137,2026-08-02T09:38:00+08:00,密爾瓦基釀酒人,洛杉磯天使,密爾瓦基釀酒人 @ 洛杉磯天使,51500970.1,380,[1-5局] 密爾瓦基釀酒人 大小 2.5,253016579.1,小 2.5,H,2.5,1.50,2,1,H,2.5,
2026-08-02,2026-08-02T00:07:30,台灣運彩,823996,3480650.1,137,2026-08-02T09:38:00+08:00,密爾瓦基釀酒人,洛杉磯天使,密爾瓦基釀酒人 @ 洛杉磯天使,51500978.1,389,[第1局] 不讓分,253016595.1,洛杉磯天使,H,,3.05,20,41,H,,1
2026-08-02,2026-08-02T00:07:30,台灣運彩,823996,3480650.1,137,2026-08-02T09:38:00+08:00,密爾瓦基釀酒人,洛杉磯天使,密爾瓦基釀酒人 @ 洛杉磯天使,51500978.1,389,[第1局] 不讓分,253016597.1,密爾瓦基釀酒人,A,,3.10,10,21,A,,2
2026-08-02,2026-08-02T00:07:30,台灣運彩,823996,3480650.1,137,2026-08-02T09:38:00+08:00,密爾瓦基釀酒人,洛杉磯天使,密爾瓦基釀酒人 @ 洛杉磯天使,51500978.1,389,[第1局] 不讓分,253016596.1,和局,D,,1.55,20,11,D,,
2026-08-02,2026-08-02T00:07:30,台灣運彩,823996,3480650.1,137,2026-08-02T09:38:00+08:00,密爾瓦基釀酒人,洛杉磯天使,密爾瓦基釀酒人 @ 洛杉磯天使,51500966.1,398,[第1局] 大小 0.5,253016572.1,大 0.5,A,0.5,1.68,25,17,A,0.5,
2026-08-02,2026-08-02T00:07:30,台灣運彩,823996,3480650.1,137,2026-08-02T09:38:00+08:00,密爾瓦基釀酒人,洛杉磯天使,密爾瓦基釀酒人 @ 洛杉磯天使,51500966.1,398,[第1局] 大小 0.5,253016571.1,小 0.5,H,0.5,1.65,20,13,H,0.5,
2026-08-02,2026-08-02T00:07:30,台灣運彩,824971,3480651.1,139,2026-08-02T09:40:00+08:00,底特律老虎,運動家,底特律老虎 @ 運動家,51500992.1,354,不讓分,253016643.1,運動家,H,,2.15,20,23,H,,1
2026-08-02,2026-08-02T00:07:30,台灣運彩,824971,3480651.1,139,2026-08-02T09:40:00+08:00,底特律老虎,運動家,底特律老虎 @ 運動家,51500992.1,354,不讓分,253016644.1,底特律老虎,A,,1.43,100,43,A,,2
2026-08-02,2026-08-02T00:07:30,台灣運彩,824971,3480651.1,139,2026-08-02T09:40:00+08:00,底特律老虎,運動家,底特律老虎 @ 運動家,51501007.1,357,勝分差,253016678.1,底特律老虎 1 分,A,,6.25,4,21,A,,
2026-08-02,2026-08-02T00:07:30,台灣運彩,824971,3480651.1,139,2026-08-02T09:40:00+08:00,底特律老虎,運動家,底特律老虎 @ 運動家,51501007.1,357,勝分差,253016679.1,底特律老虎 2 分,A,,7.00,1,6,A,,
2026-08-02,2026-08-02T00:07:30,台灣運彩,824971,3480651.1,139,2026-08-02T09:40:00+08:00,底特律老虎,運動家,底特律老虎 @ 運動家,51501007.1,357,勝分差,253016680.1,底特律老虎 > 2分,A,,1.90,10,9,A,,
2026-08-02,2026-08-02T00:07:30,台灣運彩,824971,3480651.1,139,2026-08-02T09:40:00+08:00,底特律老虎,運動家,底特律老虎 @ 運動家,51501007.1,357,勝分差,253016675.1,運動家 1 分,H,,4.65,20,73,H,,
2026-08-02,2026-08-02T00:07:30,台灣運彩,824971,3480651.1,139,2026-08-02T09:40:00+08:00,底特律老虎,運動家,底特律老虎 @ 運動家,51501007.1,357,勝分差,253016676.1,運動家 2 分,H,,9.00,1,8,H,,
2026-08-02,2026-08-02T00:07:30,台灣運彩,824971,3480651.1,139,2026-08-02T09:40:00+08:00,底特律老虎,運動家,底特律老虎 @ 運動家,51501007.1,357,勝分差,253016677.1,運動家 > 2分,H,,3.40,5,12,H,,
2026-08-02,2026-08-02T00:07:30,台灣運彩,824971,3480651.1,139,2026-08-02T09:40:00+08:00,底特律老虎,運動家,底特律老虎 @ 運動家,51500993.1,358,讓分 1.5,253016645.1,運動家 +1.5,H,1.5,1.76,25,19,H,1.5,1
2026-08-02,2026-08-02T00:07:30,台灣運彩,824971,3480651.1,139,2026-08-02T09:40:00+08:00,底特律老虎,運動家,底特律老虎 @ 運動家,51500993.1,358,讓分 1.5,253016646.1,底特律老虎 -1.5,A,1.5,1.74,50,37,A,1.5,2
2026-08-02,2026-08-02T00:07:30,台灣運彩,824971,3480651.1,139,2026-08-02T09:40:00+08:00,底特律老虎,運動家,底特律老虎 @ 運動家,51500996.1,358,讓分 2.5,253016651.1,運動家 +2.5,H,2.5,1.50,2,1,H,2.5,1
2026-08-02,2026-08-02T00:07:30,台灣運彩,824971,3480651.1,139,2026-08-02T09:40:00+08:00,底特律老虎,運動家,底特律老虎 @ 運動家,51500996.1,358,讓分 2.5,253016652.1,底特律老虎 -2.5,A,2.5,2.00,1,1,A,2.5,2
2026-08-02,2026-08-02T00:07:30,台灣運彩,824971,3480651.1,139,2026-08-02T09:40:00+08:00,底特律老虎,運動家,底特律老虎 @ 運動家,51500995.1,360,[總分]大小 10.5,253016650.1,大 10.5,A,10.5,1.73,100,73,A,10.5,
2026-08-02,2026-08-02T00:07:30,台灣運彩,824971,3480651.1,139,2026-08-02T09:40:00+08:00,底特律老虎,運動家,底特律老虎 @ 運動家,51500995.1,360,[總分]大小 10.5,253016649.1,小 10.5,H,10.5,1.77,100,77,H,10.5,
2026-08-02,2026-08-02T00:07:30,台灣運彩,824971,3480651.1,139,2026-08-02T09:40:00+08:00,底特律老虎,運動家,底特律老虎 @ 運動家,51500998.1,360,[總分]大小 9.5,253016656.1,大 9.5,A,9.5,1.52,25,13,A,9.5,
2026-08-02,2026-08-02T00:07:30,台灣運彩,824971,3480651.1,139,2026-08-02T09:40:00+08:00,底特律老虎,運動家,底特律老虎 @ 運動家,51500998.1,360,[總分]大小 9.5,253016655.1,小 9.5,H,9.5,1.98,50,49,H,9.5,
2026-08-02,2026-08-02T00:07:30,台灣運彩,824971,3480651.1,139,2026-08-02T09:40:00+08:00,底特律老虎,運動家,底特律老虎 @ 運動家,51501006.1,360,[總分]大小 11.5,253016674.1,大 11.5,A,11.5,2.00,1,1,A,11.5,
2026-08-02,2026-08-02T00:07:30,台灣運彩,824971,3480651.1,139,2026-08-02T09:40:00+08:00,底特律老虎,運動家,底特律老虎 @ 運動家,51501006.1,360,[總分]大小 11.5,253016673.1,小 11.5,H,11.5,1.50,2,1,H,11.5,
2026-08-02,2026-08-02T00:07:30,台灣運彩,824971,3480651.1,139,2026-08-02T09:40:00+08:00,底特律老虎,運動家,底特律老虎 @ 運動家,51501005.1,362,運動家 大小 4.5,253016672.1,大 4.5,A,4.5,1.78,50,39,A,4.5,
2026-08-02,2026-08-02T00:07:30,台灣運彩,824971,3480651.1,139,2026-08-02T09:40:00+08:00,底特律老虎,運動家,底特律老虎 @ 運動家,51501005.1,362,運動家 大小 4.5,253016671.1,小 4.5,H,4.5,1.65,20,13,H,4.5,
2026-08-02,2026-08-02T00:07:30,台灣運彩,824971,3480651.1,139,2026-08-02T09:40:00+08:00,底特律老虎,運動家,底特律老虎 @ 運動家,51501000.1,363,底特律老虎 大小 5.5,253016661.1,大 5.5,A,5.5,1.65,20,13,A,5.5,
2026-08-02,2026-08-02T00:07:30,台灣運彩,824971,3480651.1,139,2026-08-02T09:40:00+08:00,底特律老虎,運動家,底特律老虎 @ 運動家,51501000.1,363,底特律老虎 大小 5.5,253016660.1,小 5.5,H,5.5,1.78,50,39,H,5.5,
2026-08-02,2026-08-02T00:07:30,台灣運彩,824971,3480651.1,139,2026-08-02T09:40:00+08:00,底特律老虎,運動家,底特律老虎 @ 運動家,51500994.1,366,[總分]單雙,253016648.1,單,,,1.50,2,1,,,
2026-08-02,2026-08-02T00:07:30,台灣運彩,824971,3480651.1,139,2026-08-02T09:40:00+08:00,底特律老虎,運動家,底特律老虎 @ 運動家,51500994.1,366,[總分]單雙,253016647.1,雙,,,1.96,25,24,,,
2026-08-02,2026-08-02T00:07:30,台灣運彩,824971,3480651.1,139,2026-08-02T09:40:00+08:00,底特律老虎,運動家,底特律老虎 @ 運動家,51501008.1,374,得分最高單局(不含延長賽),253016690.1,一樣多,,,2.35,20,27,,,
2026-08-02,2026-08-02T00:07:30,台灣運彩,824971,3480651.1,139,2026-08-02T09:40:00+08:00,底特律老虎,運動家,底特律老虎 @ 運動家,51501008.1,374,得分最高單局(不含延長賽),253016681.1,第1局,,,5.60,5,23,,,
2026-08-02,2026-08-02T00:07:30,台灣運彩,824971,3480651.1,139,2026-08-02T09:40:00+08:00,底特律老虎,運動家,底特律老虎 @ 運動家,51501008.1,374,得分最高單局(不含延長賽),253016682.1,第2局,,,6.75,4,23,,,
2026-08-02,2026-08-02T00:07:30,台灣運彩,824971,3480651.1,139,2026-08-02T09:40:00+08:00,底特律老虎,運動家,底特律老虎 @ 運動家,51501008.1,374,得分最高單局(不含延長賽),253016683.1,第3局,,,5.85,20,97,,,
2026-08-02,2026-08-02T00:07:30,台灣運彩,824971,3480651.1,139,2026-08-02T09:40:00+08:00,底特律老虎,運動家,底特律老虎 @ 運動家,51501008.1,374,得分最高單局(不含延長賽),253016684.1,第4局,,,6.50,2,11,,,
2026-08-02,2026-08-02T00:07:30,台灣運彩,824971,3480651.1,139,2026-08-02T09:40:00+08:00,底特律老虎,運動家,底特律老虎 @ 運動家,51501008.1,374,得分最高單局(不含延長賽),253016685.1,第5局,,,6.25,4,21,,,
2026-08-02,2026-08-02T00:07:30,台灣運彩,824971,3480651.1,139,2026-08-02T09:40:00+08:00,底特律老虎,運動家,底特律老虎 @ 運動家,51501008.1,374,得分最高單局(不含延長賽),253016686.1,第6局,,,5.80,5,24,,,
2026-08-02,2026-08-02T00:07:30,台灣運彩,824971,3480651.1,139,2026-08-02T09:40:00+08:00,底特律老虎,運動家,底特律老虎 @ 運動家,51501008.1,374,得分最高單局(不含延長賽),253016687.1,第7局,,,5.55,20,91,,,
2026-08-02,2026-08-02T00:07:30,台灣運彩,824971,3480651.1,139,2026-08-02T09:40:00+08:00,底特律老虎,運動家,底特律老虎 @ 運動家,51501008.1,374,得分最高單局(不含延長賽),253016688.1,第8局,,,5.70,10,47,,,
2026-08-02,2026-08-02T00:07:30,台灣運彩,824971,3480651.1,139,2026-08-02T09:40:00+08:00,底特律老虎,運動家,底特律老虎 @ 運動家,51501008.1,374,得分最高單局(不含延長賽),253016689.1,第9局,,,8.00,1,7,,,
2026-08-02,2026-08-02T00:07:30,台灣運彩,824971,3480651.1,139,2026-08-02T09:40:00+08:00,底特律老虎,運動家,底特律老虎 @ 運動家,51500999.1,376,[1-5局] 不讓分,253016657.1,運動家,H,,2.00,1,1,H,,1
2026-08-02,2026-08-02T00:07:30,台灣運彩,824971,3480651.1,139,2026-08-02T09:40:00+08:00,底特律老虎,運動家,底特律老虎 @ 運動家,51500999.1,376,[1-5局] 不讓分,253016659.1,底特律老虎,A,,1.65,20,13,A,,2
2026-08-02,2026-08-02T00:07:30,台灣運彩,824971,3480651.1,139,2026-08-02T09:40:00+08:00,底特律老虎,運動家,底特律老虎 @ 運動家,51500999.1,376,[1-5局] 不讓分,253016658.1,和局,D,,5.35,20,87,D,,
2026-08-02,2026-08-02T00:07:30,台灣運彩,824971,3480651.1,139,2026-08-02T09:40:00+08:00,底特律老虎,運動家,底特律老虎 @ 運動家,51501003.1,378,[1-5局] 大小 5.5,253016668.1,大 5.5,A,5.5,1.66,50,33,A,5.5,
2026-08-02,2026-08-02T00:07:30,台灣運彩,824971,3480651.1,139,2026-08-02T09:40:00+08:00,底特律老虎,運動家,底特律老虎 @ 運動家,51501003.1,378,[1-5局] 大小 5.5,253016667.1,小 5.5,H,5.5,1.66,50,33,H,5.5,
2026-08-02,2026-08-02T00:07:30,台灣運彩,824971,3480651.1,139,2026-08-02T09:40:00+08:00,底特律老虎,運動家,底特律老虎 @ 運動家,51500991.1,379,[1-5局] 運動家 大小 2.5,253016642.1,大 2.5,A,2.5,1.86,50,43,A,2.5,
2026-08-02,2026-08-02T00:07:30,台灣運彩,824971,3480651.1,139,2026-08-02T09:40:00+08:00,底特律老虎,運動家,底特律老虎 @ 運動家,51500991.1,379,[1-5局] 運動家 大小 2.5,253016641.1,小 2.5,H,2.5,1.58,50,29,H,2.5,
2026-08-02,2026-08-02T00:07:30,台灣運彩,824971,3480651.1,139,2026-08-02T09:40:00+08:00,底特律老虎,運動家,底特律老虎 @ 運動家,51500997.1,380,[1-5局] 底特律老虎 大小 2.5,253016654.1,大 2.5,A,2.5,1.62,50,31,A,2.5,
2026-08-02,2026-08-02T00:07:30,台灣運彩,824971,3480651.1,139,2026-08-02T09:40:00+08:00,底特律老虎,運動家,底特律老虎 @ 運動家,51500997.1,380,[1-5局] 底特律老虎 大小 2.5,253016653.1,小 2.5,H,2.5,1.82,50,41,H,2.5,
2026-08-02,2026-08-02T00:07:30,台灣運彩,824971,3480651.1,139,2026-08-02T09:40:00+08:00,底特律老虎,運動家,底特律老虎 @ 運動家,51501002.1,389,[第1局] 不讓分,253016664.1,運動家,H,,3.15,20,43,H,,1
2026-08-02,2026-08-02T00:07:30,台灣運彩,824971,3480651.1,139,2026-08-02T09:40:00+08:00,底特律老虎,運動家,底特律老虎 @ 運動家,51501002.1,389,[第1局] 不讓分,253016666.1,底特律老虎,A,,2.60,5,8,A,,2
2026-08-02,2026-08-02T00:07:30,台灣運彩,824971,3480651.1,139,2026-08-02T09:40:00+08:00,底特律老虎,運動家,底特律老虎 @ 運動家,51501002.1,389,[第1局] 不讓分,253016665.1,和局,D,,1.70,10,7,D,,
2026-08-02,2026-08-02T00:07:30,台灣運彩,824971,3480651.1,139,2026-08-02T09:40:00+08:00,底特律老虎,運動家,底特律老虎 @ 運動家,51501001.1,398,[第1局] 大小 0.5,253016663.1,大 0.5,A,0.5,1.53,100,53,A,0.5,
2026-08-02,2026-08-02T00:07:30,台灣運彩,824971,3480651.1,139,2026-08-02T09:40:00+08:00,底特律老虎,運動家,底特律老虎 @ 運動家,51501001.1,398,[第1局] 大小 0.5,253016662.1,小 0.5,H,0.5,1.82,50,41,H,0.5,
2026-08-02,2026-08-02T00:07:30,台灣運彩,,3480765.1,102,2026-08-02T12:00:00+08:00,羅德海洋,日本火腿鬥士,羅德海洋 @ 日本火腿鬥士,51503544.1,354,不讓分,253024710.1,日本火腿鬥士,H,,1.50,2,1,H,,1
2026-08-02,2026-08-02T00:07:30,台灣運彩,,3480765.1,102,2026-08-02T12:00:00+08:00,羅德海洋,日本火腿鬥士,羅德海洋 @ 日本火腿鬥士,51503544.1,354,不讓分,253024711.1,羅德海洋,A,,1.96,25,24,A,,2
2026-08-02,2026-08-02T00:07:30,台灣運彩,,3480765.1,102,2026-08-02T12:00:00+08:00,羅德海洋,日本火腿鬥士,羅德海洋 @ 日本火腿鬥士,51503549.1,358,讓分 -1.5,253024721.1,日本火腿鬥士 -1.5,H,-1.5,2.00,1,1,H,-1.5,1
2026-08-02,2026-08-02T00:07:30,台灣運彩,,3480765.1,102,2026-08-02T12:00:00+08:00,羅德海洋,日本火腿鬥士,羅德海洋 @ 日本火腿鬥士,51503549.1,358,讓分 -1.5,253024722.1,羅德海洋 +1.5,A,-1.5,1.48,25,12,A,-1.5,2
2026-08-02,2026-08-02T00:07:30,台灣運彩,,3480765.1,102,2026-08-02T12:00:00+08:00,羅德海洋,日本火腿鬥士,羅德海洋 @ 日本火腿鬥士,51503545.1,360,[總分]大小 7.5,253024713.1,大 7.5,A,7.5,1.62,50,31,A,7.5,
2026-08-02,2026-08-02T00:07:30,台灣運彩,,3480765.1,102,2026-08-02T12:00:00+08:00,羅德海洋,日本火腿鬥士,羅德海洋 @ 日本火腿鬥士,51503545.1,360,[總分]大小 7.5,253024712.1,小 7.5,H,7.5,1.82,50,41,H,7.5,
2026-08-02,2026-08-02T00:07:30,台灣運彩,,3480765.1,102,2026-08-02T12:00:00+08:00,羅德海洋,日本火腿鬥士,羅德海洋 @ 日本火腿鬥士,51503546.1,362,日本火腿鬥士 大小 4.5,253024715.1,大 4.5,A,4.5,1.83,100,83,A,4.5,
2026-08-02,2026-08-02T00:07:30,台灣運彩,,3480765.1,102,2026-08-02T12:00:00+08:00,羅德海洋,日本火腿鬥士,羅德海洋 @ 日本火腿鬥士,51503546.1,362,日本火腿鬥士 大小 4.5,253024714.1,小 4.5,H,4.5,1.52,25,13,H,4.5,
2026-08-02,2026-08-02T00:07:30,台灣運彩,,3480765.1,102,2026-08-02T12:00:00+08:00,羅德海洋,日本火腿鬥士,羅德海洋 @ 日本火腿鬥士,51503548.1,363,羅德海洋 大小 3.5,253024720.1,大 3.5,A,3.5,1.73,100,73,A,3.5,
2026-08-02,2026-08-02T00:07:30,台灣運彩,,3480765.1,102,2026-08-02T12:00:00+08:00,羅德海洋,日本火腿鬥士,羅德海洋 @ 日本火腿鬥士,51503548.1,363,羅德海洋 大小 3.5,253024719.1,小 3.5,H,3.5,1.60,5,3,H,3.5,
2026-08-02,2026-08-02T00:07:30,台灣運彩,,3480765.1,102,2026-08-02T12:00:00+08:00,羅德海洋,日本火腿鬥士,羅德海洋 @ 日本火腿鬥士,51503543.1,366,[總分]單雙,253024709.1,單,,,1.50,2,1,,,
2026-08-02,2026-08-02T00:07:30,台灣運彩,,3480765.1,102,2026-08-02T12:00:00+08:00,羅德海洋,日本火腿鬥士,羅德海洋 @ 日本火腿鬥士,51503543.1,366,[總分]單雙,253024708.1,雙,,,1.96,25,24,,,
2026-08-02,2026-08-02T00:07:30,台灣運彩,,3480765.1,102,2026-08-02T12:00:00+08:00,羅德海洋,日本火腿鬥士,羅德海洋 @ 日本火腿鬥士,51503547.1,376,[1-5局] 不讓分,253024716.1,日本火腿鬥士,H,,1.65,20,13,H,,1
2026-08-02,2026-08-02T00:07:30,台灣運彩,,3480765.1,102,2026-08-02T12:00:00+08:00,羅德海洋,日本火腿鬥士,羅德海洋 @ 日本火腿鬥士,51503547.1,376,[1-5局] 不讓分,253024718.1,羅德海洋,A,,2.15,20,23,A,,2
2026-08-02,2026-08-02T00:07:30,台灣運彩,,3480765.1,102,2026-08-02T12:00:00+08:00,羅德海洋,日本火腿鬥士,羅德海洋 @ 日本火腿鬥士,51503547.1,376,[1-5局] 不讓分,253024717.1,和局,D,,4.50,2,7,D,,
2026-08-02,2026-08-02T00:07:30,台灣運彩,,3480765.1,102,2026-08-02T12:00:00+08:00,羅德海洋,日本火腿鬥士,羅德海洋 @ 日本火腿鬥士,51503550.1,389,[第1局] 不讓分,253024723.1,日本火腿鬥士,H,,2.75,4,7,H,,1
2026-08-02,2026-08-02T00:07:30,台灣運彩,,3480765.1,102,2026-08-02T12:00:00+08:00,羅德海洋,日本火腿鬥士,羅德海洋 @ 日本火腿鬥士,51503550.1,389,[第1局] 不讓分,253024725.1,羅德海洋,A,,3.60,5,13,A,,2
2026-08-02,2026-08-02T00:07:30,台灣運彩,,3480765.1,102,2026-08-02T12:00:00+08:00,羅德海洋,日本火腿鬥士,羅德海洋 @ 日本火腿鬥士,51503550.1,389,[第1局] 不讓分,253024724.1,和局,D,,1.50,2,1,D,,
