date,captured_at_tw,sportsbook,game_pk,official_event_id,event_no,kickoff_tw,away_zh,home_zh,matchup_zh,market_id,market_ti,market_name,selection_id,selection_name,selection_side,selection_line,odds_decimal,pd,pu,raw_v,raw_hv,raw_cn
2026-07-04,2026-07-04T13:50:58,台灣運彩,,3476834.1,138,2026-07-04T16:05:00+08:00,統一獅,台鋼雄鷹,統一獅 @ 台鋼雄鷹,51428022.1,354,不讓分,252792066.1,台鋼雄鷹,H,,1.68,25,17,H,,1
2026-07-04,2026-07-04T13:50:58,台灣運彩,,3476834.1,138,2026-07-04T16:05:00+08:00,統一獅,台鋼雄鷹,統一獅 @ 台鋼雄鷹,51428022.1,354,不讓分,252792067.1,統一獅,A,,1.75,4,3,A,,2
2026-07-04,2026-07-04T13:50:58,台灣運彩,,3476834.1,138,2026-07-04T16:05:00+08:00,統一獅,台鋼雄鷹,統一獅 @ 台鋼雄鷹,51428156.1,358,讓分 1.5,252792385.1,台鋼雄鷹 +1.5,H,1.5,1.36,25,9,H,1.5,1
2026-07-04,2026-07-04T13:50:58,台灣運彩,,3476834.1,138,2026-07-04T16:05:00+08:00,統一獅,台鋼雄鷹,統一獅 @ 台鋼雄鷹,51428156.1,358,讓分 1.5,252792386.1,統一獅 -1.5,A,1.5,2.28,25,32,A,1.5,2
2026-07-04,2026-07-04T13:50:58,台灣運彩,,3476834.1,138,2026-07-04T16:05:00+08:00,統一獅,台鋼雄鷹,統一獅 @ 台鋼雄鷹,51428023.1,360,[總分]大小 7.5,252792069.1,大 7.5,A,7.5,1.82,50,41,A,7.5,
2026-07-04,2026-07-04T13:50:58,台灣運彩,,3476834.1,138,2026-07-04T16:05:00+08:00,統一獅,台鋼雄鷹,統一獅 @ 台鋼雄鷹,51428023.1,360,[總分]大小 7.5,252792068.1,小 7.5,H,7.5,1.62,50,31,H,7.5,
2026-07-04,2026-07-04T13:50:58,台灣運彩,,3476834.1,138,2026-07-04T16:05:00+08:00,統一獅,台鋼雄鷹,統一獅 @ 台鋼雄鷹,51428024.1,366,[總分]單雙,252792071.1,單,,,1.50,2,1,,,
2026-07-04,2026-07-04T13:50:58,台灣運彩,,3476834.1,138,2026-07-04T16:05:00+08:00,統一獅,台鋼雄鷹,統一獅 @ 台鋼雄鷹,51428024.1,366,[總分]單雙,252792070.1,雙,,,1.96,25,24,,,
2026-07-04,2026-07-04T13:50:58,台灣運彩,,3476804.1,110,2026-07-04T17:00:00+08:00,日本火腿鬥士,樂天金鷲,日本火腿鬥士 @ 樂天金鷲,51427597.1,354,不讓分,252790865.1,樂天金鷲,H,,2.00,1,1,H,,1
2026-07-04,2026-07-04T13:50:58,台灣運彩,,3476804.1,110,2026-07-04T17:00:00+08:00,日本火腿鬥士,樂天金鷲,日本火腿鬥士 @ 樂天金鷲,51427597.1,354,不讓分,252790866.1,日本火腿鬥士,A,,1.48,25,12,A,,2
2026-07-04,2026-07-04T13:50:58,台灣運彩,,3476804.1,110,2026-07-04T17:00:00+08:00,日本火腿鬥士,樂天金鷲,日本火腿鬥士 @ 樂天金鷲,51427602.1,358,讓分 1.5,252790876.1,樂天金鷲 +1.5,H,1.5,1.56,25,14,H,1.5,1
2026-07-04,2026-07-04T13:50:58,台灣運彩,,3476804.1,110,2026-07-04T17:00:00+08:00,日本火腿鬥士,樂天金鷲,日本火腿鬥士 @ 樂天金鷲,51427602.1,358,讓分 1.5,252790877.1,日本火腿鬥士 -1.5,A,1.5,1.88,25,22,A,1.5,2
2026-07-04,2026-07-04T13:50:58,台灣運彩,,3476804.1,110,2026-07-04T17:00:00+08:00,日本火腿鬥士,樂天金鷲,日本火腿鬥士 @ 樂天金鷲,51427601.1,360,[總分]大小 6.5,252790875.1,大 6.5,A,6.5,1.58,50,29,A,6.5,
2026-07-04,2026-07-04T13:50:58,台灣運彩,,3476804.1,110,2026-07-04T17:00:00+08:00,日本火腿鬥士,樂天金鷲,日本火腿鬥士 @ 樂天金鷲,51427601.1,360,[總分]大小 6.5,252790874.1,小 6.5,H,6.5,1.86,50,43,H,6.5,
2026-07-04,2026-07-04T13:50:58,台灣運彩,,3476804.1,110,2026-07-04T17:00:00+08:00,日本火腿鬥士,樂天金鷲,日本火腿鬥士 @ 樂天金鷲,51427598.1,362,樂天金鷲 大小 2.5,252790868.1,大 2.5,A,2.5,1.60,5,3,A,2.5,
2026-07-04,2026-07-04T13:50:58,台灣運彩,,3476804.1,110,2026-07-04T17:00:00+08:00,日本火腿鬥士,樂天金鷲,日本火腿鬥士 @ 樂天金鷲,51427598.1,362,樂天金鷲 大小 2.5,252790867.1,小 2.5,H,2.5,1.73,100,73,H,2.5,
2026-07-04,2026-07-04T13:50:58,台灣運彩,,3476804.1,110,2026-07-04T17:00:00+08:00,日本火腿鬥士,樂天金鷲,日本火腿鬥士 @ 樂天金鷲,51427603.1,363,日本火腿鬥士 大小 3.5,252790879.1,大 3.5,A,3.5,1.62,50,31,A,3.5,
2026-07-04,2026-07-04T13:50:58,台灣運彩,,3476804.1,110,2026-07-04T17:00:00+08:00,日本火腿鬥士,樂天金鷲,日本火腿鬥士 @ 樂天金鷲,51427603.1,363,日本火腿鬥士 大小 3.5,252790878.1,小 3.5,H,3.5,1.71,100,71,H,3.5,
2026-07-04,2026-07-04T13:50:58,台灣運彩,,3476804.1,110,2026-07-04T17:00:00+08:00,日本火腿鬥士,樂天金鷲,日本火腿鬥士 @ 樂天金鷲,51427599.1,366,[總分]單雙,252790870.1,單,,,1.52,25,13,,,
2026-07-04,2026-07-04T13:50:58,台灣運彩,,3476804.1,110,2026-07-04T17:00:00+08:00,日本火腿鬥士,樂天金鷲,日本火腿鬥士 @ 樂天金鷲,51427599.1,366,[總分]單雙,252790869.1,雙,,,1.94,50,47,,,
2026-07-04,2026-07-04T13:50:58,台灣運彩,,3476804.1,110,2026-07-04T17:00:00+08:00,日本火腿鬥士,樂天金鷲,日本火腿鬥士 @ 樂天金鷲,51427596.1,376,[1-5局] 不讓分,252790862.1,樂天金鷲,H,,2.20,5,6,H,,1
2026-07-04,2026-07-04T13:50:58,台灣運彩,,3476804.1,110,2026-07-04T17:00:00+08:00,日本火腿鬥士,樂天金鷲,日本火腿鬥士 @ 樂天金鷲,51427596.1,376,[1-5局] 不讓分,252790864.1,日本火腿鬥士,A,,1.65,20,13,A,,2
2026-07-04,2026-07-04T13:50:58,台灣運彩,,3476804.1,110,2026-07-04T17:00:00+08:00,日本火腿鬥士,樂天金鷲,日本火腿鬥士 @ 樂天金鷲,51427596.1,376,[1-5局] 不讓分,252790863.1,和局,D,,4.05,20,61,D,,
2026-07-04,2026-07-04T13:50:58,台灣運彩,,3476804.1,110,2026-07-04T17:00:00+08:00,日本火腿鬥士,樂天金鷲,日本火腿鬥士 @ 樂天金鷲,51427879.1,378,[1-5局] 大小 3.5,252791656.1,大 3.5,A,3.5,1.63,100,63,A,3.5,
2026-07-04,2026-07-04T13:50:58,台灣運彩,,3476804.1,110,2026-07-04T17:00:00+08:00,日本火腿鬥士,樂天金鷲,日本火腿鬥士 @ 樂天金鷲,51427879.1,378,[1-5局] 大小 3.5,252791655.1,小 3.5,H,3.5,1.70,10,7,H,3.5,
2026-07-04,2026-07-04T13:50:58,台灣運彩,,3476804.1,110,2026-07-04T17:00:00+08:00,日本火腿鬥士,樂天金鷲,日本火腿鬥士 @ 樂天金鷲,51427600.1,389,[第1局] 不讓分,252790871.1,樂天金鷲,H,,3.80,5,14,H,,1
2026-07-04,2026-07-04T13:50:58,台灣運彩,,3476804.1,110,2026-07-04T17:00:00+08:00,日本火腿鬥士,樂天金鷲,日本火腿鬥士 @ 樂天金鷲,51427600.1,389,[第1局] 不讓分,252790873.1,日本火腿鬥士,A,,3.05,20,41,A,,2
2026-07-04,2026-07-04T13:50:58,台灣運彩,,3476804.1,110,2026-07-04T17:00:00+08:00,日本火腿鬥士,樂天金鷲,日本火腿鬥士 @ 樂天金鷲,51427600.1,389,[第1局] 不讓分,252790872.1,和局,D,,1.40,5,2,D,,
2026-07-04,2026-07-04T13:50:58,台灣運彩,,3476805.1,111,2026-07-04T17:00:00+08:00,橫濱海灣之星,養樂多燕子,橫濱海灣之星 @ 養樂多燕子,51427604.1,354,不讓分,252790880.1,養樂多燕子,H,,1.55,20,11,H,,1
2026-07-04,2026-07-04T13:50:58,台灣運彩,,3476805.1,111,2026-07-04T17:00:00+08:00,橫濱海灣之星,養樂多燕子,橫濱海灣之星 @ 養樂多燕子,51427604.1,354,不讓分,252790881.1,橫濱海灣之星,A,,1.90,10,9,A,,2
2026-07-04,2026-07-04T13:50:58,台灣運彩,,3476805.1,111,2026-07-04T17:00:00+08:00,橫濱海灣之星,養樂多燕子,橫濱海灣之星 @ 養樂多燕子,51427610.1,358,讓分 -1.5,252790894.1,養樂多燕子 -1.5,H,-1.5,2.15,20,23,H,-1.5,1
2026-07-04,2026-07-04T13:50:58,台灣運彩,,3476805.1,111,2026-07-04T17:00:00+08:00,橫濱海灣之星,養樂多燕子,橫濱海灣之星 @ 養樂多燕子,51427610.1,358,讓分 -1.5,252790895.1,橫濱海灣之星 +1.5,A,-1.5,1.42,50,21,A,-1.5,2
2026-07-04,2026-07-04T13:50:58,台灣運彩,,3476805.1,111,2026-07-04T17:00:00+08:00,橫濱海灣之星,養樂多燕子,橫濱海灣之星 @ 養樂多燕子,51427607.1,360,[總分]大小 6.5,252790888.1,大 6.5,A,6.5,1.63,100,63,A,6.5,
2026-07-04,2026-07-04T13:50:58,台灣運彩,,3476805.1,111,2026-07-04T17:00:00+08:00,橫濱海灣之星,養樂多燕子,橫濱海灣之星 @ 養樂多燕子,51427607.1,360,[總分]大小 6.5,252790887.1,小 6.5,H,6.5,1.80,5,4,H,6.5,
2026-07-04,2026-07-04T13:50:58,台灣運彩,,3476805.1,111,2026-07-04T17:00:00+08:00,橫濱海灣之星,養樂多燕子,橫濱海灣之星 @ 養樂多燕子,51427605.1,362,養樂多燕子 大小 3.5,252790883.1,大 3.5,A,3.5,1.58,50,29,A,3.5,
2026-07-04,2026-07-04T13:50:58,台灣運彩,,3476805.1,111,2026-07-04T17:00:00+08:00,橫濱海灣之星,養樂多燕子,橫濱海灣之星 @ 養樂多燕子,51427605.1,362,養樂多燕子 大小 3.5,252790882.1,小 3.5,H,3.5,1.75,4,3,H,3.5,
2026-07-04,2026-07-04T13:50:58,台灣運彩,,3476805.1,111,2026-07-04T17:00:00+08:00,橫濱海灣之星,養樂多燕子,橫濱海灣之星 @ 養樂多燕子,51427609.1,363,橫濱海灣之星 大小 3.5,252790893.1,大 3.5,A,3.5,1.68,25,17,A,3.5,
2026-07-04,2026-07-04T13:50:58,台灣運彩,,3476805.1,111,2026-07-04T17:00:00+08:00,橫濱海灣之星,養樂多燕子,橫濱海灣之星 @ 養樂多燕子,51427609.1,363,橫濱海灣之星 大小 3.5,252790892.1,小 3.5,H,3.5,1.65,20,13,H,3.5,
2026-07-04,2026-07-04T13:50:58,台灣運彩,,3476805.1,111,2026-07-04T17:00:00+08:00,橫濱海灣之星,養樂多燕子,橫濱海灣之星 @ 養樂多燕子,51427612.1,366,[總分]單雙,252790899.1,單,,,1.50,2,1,,,
2026-07-04,2026-07-04T13:50:58,台灣運彩,,3476805.1,111,2026-07-04T17:00:00+08:00,橫濱海灣之星,養樂多燕子,橫濱海灣之星 @ 養樂多燕子,51427612.1,366,[總分]單雙,252790898.1,雙,,,1.96,25,24,,,
2026-07-04,2026-07-04T13:50:58,台灣運彩,,3476805.1,111,2026-07-04T17:00:00+08:00,橫濱海灣之星,養樂多燕子,橫濱海灣之星 @ 養樂多燕子,51427606.1,376,[1-5局] 不讓分,252790884.1,養樂多燕子,H,,1.75,4,3,H,,1
2026-07-04,2026-07-04T13:50:58,台灣運彩,,3476805.1,111,2026-07-04T17:00:00+08:00,橫濱海灣之星,養樂多燕子,橫濱海灣之星 @ 養樂多燕子,51427606.1,376,[1-5局] 不讓分,252790886.1,橫濱海灣之星,A,,2.10,10,11,A,,2
2026-07-04,2026-07-04T13:50:58,台灣運彩,,3476805.1,111,2026-07-04T17:00:00+08:00,橫濱海灣之星,養樂多燕子,橫濱海灣之星 @ 養樂多燕子,51427606.1,376,[1-5局] 不讓分,252790885.1,和局,D,,4.00,1,3,D,,
2026-07-04,2026-07-04T13:50:58,台灣運彩,,3476805.1,111,2026-07-04T17:00:00+08:00,橫濱海灣之星,養樂多燕子,橫濱海灣之星 @ 養樂多燕子,51427611.1,378,[1-5局] 大小 3.5,252790897.1,大 3.5,A,3.5,1.63,100,63,A,3.5,
2026-07-04,2026-07-04T13:50:58,台灣運彩,,3476805.1,111,2026-07-04T17:00:00+08:00,橫濱海灣之星,養樂多燕子,橫濱海灣之星 @ 養樂多燕子,51427611.1,378,[1-5局] 大小 3.5,252790896.1,小 3.5,H,3.5,1.70,10,7,H,3.5,
2026-07-04,2026-07-04T13:50:58,台灣運彩,,3476805.1,111,2026-07-04T17:00:00+08:00,橫濱海灣之星,養樂多燕子,橫濱海灣之星 @ 養樂多燕子,51427608.1,389,[第1局] 不讓分,252790889.1,養樂多燕子,H,,3.10,10,21,H,,1
2026-07-04,2026-07-04T13:50:58,台灣運彩,,3476805.1,111,2026-07-04T17:00:00+08:00,橫濱海灣之星,養樂多燕子,橫濱海灣之星 @ 養樂多燕子,51427608.1,389,[第1局] 不讓分,252790891.1,橫濱海灣之星,A,,3.75,4,11,A,,2
2026-07-04,2026-07-04T13:50:58,台灣運彩,,3476805.1,111,2026-07-04T17:00:00+08:00,橫濱海灣之星,養樂多燕子,橫濱海灣之星 @ 養樂多燕子,51427608.1,389,[第1局] 不讓分,252790890.1,和局,D,,1.40,5,2,D,,
2026-07-04,2026-07-04T13:50:58,台灣運彩,,3476843.1,140,2026-07-04T17:00:00+08:00,韓華老鷹,LG雙子,韓華老鷹 @ LG雙子,51428099.1,354,不讓分,252792260.1,LG雙子,H,,1.75,4,3,H,,1
2026-07-04,2026-07-04T13:50:58,台灣運彩,,3476843.1,140,2026-07-04T17:00:00+08:00,韓華老鷹,LG雙子,韓華老鷹 @ LG雙子,51428099.1,354,不讓分,252792261.1,韓華老鷹,A,,1.68,25,17,A,,2
2026-07-04,2026-07-04T13:50:58,台灣運彩,,3476843.1,140,2026-07-04T17:00:00+08:00,韓華老鷹,LG雙子,韓華老鷹 @ LG雙子,51428089.1,358,讓分 1.5,252792240.1,LG雙子 +1.5,H,1.5,1.46,50,23,H,1.5,1
2026-07-04,2026-07-04T13:50:58,台灣運彩,,3476843.1,140,2026-07-04T17:00:00+08:00,韓華老鷹,LG雙子,韓華老鷹 @ LG雙子,51428089.1,358,讓分 1.5,252792241.1,韓華老鷹 -1.5,A,1.5,2.05,20,21,A,1.5,2
2026-07-04,2026-07-04T13:50:58,台灣運彩,,3476843.1,140,2026-07-04T17:00:00+08:00,韓華老鷹,LG雙子,韓華老鷹 @ LG雙子,51428095.1,360,[總分]大小 10.5,252792251.1,大 10.5,A,10.5,1.76,25,19,A,10.5,
2026-07-04,2026-07-04T13:50:58,台灣運彩,,3476843.1,140,2026-07-04T17:00:00+08:00,韓華老鷹,LG雙子,韓華老鷹 @ LG雙子,51428095.1,360,[總分]大小 10.5,252792250.1,小 10.5,H,10.5,1.66,50,33,H,10.5,
2026-07-04,2026-07-04T13:50:58,台灣運彩,,3476843.1,140,2026-07-04T17:00:00+08:00,韓華老鷹,LG雙子,韓華老鷹 @ LG雙子,51428101.1,362,LG雙子 大小 4.5,252792268.1,大 4.5,A,4.5,1.72,25,18,A,4.5,
2026-07-04,2026-07-04T13:50:58,台灣運彩,,3476843.1,140,2026-07-04T17:00:00+08:00,韓華老鷹,LG雙子,韓華老鷹 @ LG雙子,51428101.1,362,LG雙子 大小 4.5,252792266.1,小 4.5,H,4.5,1.72,25,18,H,4.5,
2026-07-04,2026-07-04T13:50:58,台灣運彩,,3476843.1,140,2026-07-04T17:00:00+08:00,韓華老鷹,LG雙子,韓華老鷹 @ LG雙子,51428096.1,363,韓華老鷹 大小 4.5,252792257.1,大 4.5,A,4.5,1.60,5,3,A,4.5,
2026-07-04,2026-07-04T13:50:58,台灣運彩,,3476843.1,140,2026-07-04T17:00:00+08:00,韓華老鷹,LG雙子,韓華老鷹 @ LG雙子,51428096.1,363,韓華老鷹 大小 4.5,252792256.1,小 4.5,H,4.5,1.85,20,17,H,4.5,
2026-07-04,2026-07-04T13:50:58,台灣運彩,,3476843.1,140,2026-07-04T17:00:00+08:00,韓華老鷹,LG雙子,韓華老鷹 @ LG雙子,51428085.1,366,[總分]單雙,252792233.1,單,,,1.55,20,11,,,
2026-07-04,2026-07-04T13:50:58,台灣運彩,,3476843.1,140,2026-07-04T17:00:00+08:00,韓華老鷹,LG雙子,韓華老鷹 @ LG雙子,51428085.1,366,[總分]單雙,252792232.1,雙,,,1.90,10,9,,,
2026-07-04,2026-07-04T13:50:58,台灣運彩,,3476843.1,140,2026-07-04T17:00:00+08:00,韓華老鷹,LG雙子,韓華老鷹 @ LG雙子,51428091.1,376,[1-5局] 不讓分,252792244.1,LG雙子,H,,1.90,10,9,H,,1
2026-07-04,2026-07-04T13:50:58,台灣運彩,,3476843.1,140,2026-07-04T17:00:00+08:00,韓華老鷹,LG雙子,韓華老鷹 @ LG雙子,51428091.1,376,[1-5局] 不讓分,252792246.1,韓華老鷹,A,,1.80,5,4,A,,2
2026-07-04,2026-07-04T13:50:58,台灣運彩,,3476843.1,140,2026-07-04T17:00:00+08:00,韓華老鷹,LG雙子,韓華老鷹 @ LG雙子,51428091.1,376,[1-5局] 不讓分,252792245.1,和局,D,,5.60,5,23,D,,
2026-07-04,2026-07-04T13:50:58,台灣運彩,,3476843.1,140,2026-07-04T17:00:00+08:00,韓華老鷹,LG雙子,韓華老鷹 @ LG雙子,51428086.1,377,[1-5局] 讓分 0.5,252792234.1,LG雙子 +0.5,H,0.5,1.58,50,29,H,0.5,1
2026-07-04,2026-07-04T13:50:58,台灣運彩,,3476843.1,140,2026-07-04T17:00:00+08:00,韓華老鷹,LG雙子,韓華老鷹 @ LG雙子,51428086.1,377,[1-5局] 讓分 0.5,252792235.1,韓華老鷹 -0.5,A,0.5,1.86,50,43,A,0.5,2
2026-07-04,2026-07-04T13:50:58,台灣運彩,,3476843.1,140,2026-07-04T17:00:00+08:00,韓華老鷹,LG雙子,韓華老鷹 @ LG雙子,51428090.1,378,[1-5局] 大小 5.5,252792243.1,大 5.5,A,5.5,1.75,4,3,A,5.5,
2026-07-04,2026-07-04T13:50:58,台灣運彩,,3476843.1,140,2026-07-04T17:00:00+08:00,韓華老鷹,LG雙子,韓華老鷹 @ LG雙子,51428090.1,378,[1-5局] 大小 5.5,252792242.1,小 5.5,H,5.5,1.68,25,17,H,5.5,
2026-07-04,2026-07-04T13:50:58,台灣運彩,,3476843.1,140,2026-07-04T17:00:00+08:00,韓華老鷹,LG雙子,韓華老鷹 @ LG雙子,51428087.1,379,[1-5局] LG雙子 大小 2.5,252792237.1,大 2.5,A,2.5,1.78,50,39,A,2.5,
2026-07-04,2026-07-04T13:50:58,台灣運彩,,3476843.1,140,2026-07-04T17:00:00+08:00,韓華老鷹,LG雙子,韓華老鷹 @ LG雙子,51428087.1,379,[1-5局] LG雙子 大小 2.5,252792236.1,小 2.5,H,2.5,1.65,20,13,H,2.5,
2026-07-04,2026-07-04T13:50:58,台灣運彩,,3476843.1,140,2026-07-04T17:00:00+08:00,韓華老鷹,LG雙子,韓華老鷹 @ LG雙子,51428088.1,380,[1-5局] 韓華老鷹 大小 2.5,252792239.1,大 2.5,A,2.5,1.75,4,3,A,2.5,
2026-07-04,2026-07-04T13:50:58,台灣運彩,,3476843.1,140,2026-07-04T17:00:00+08:00,韓華老鷹,LG雙子,韓華老鷹 @ LG雙子,51428088.1,380,[1-5局] 韓華老鷹 大小 2.5,252792238.1,小 2.5,H,2.5,1.68,25,17,H,2.5,
2026-07-04,2026-07-04T13:50:58,台灣運彩,,3476843.1,140,2026-07-04T17:00:00+08:00,韓華老鷹,LG雙子,韓華老鷹 @ LG雙子,51428092.1,389,[第1局] 不讓分,252792247.1,LG雙子,H,,3.00,1,2,H,,1
2026-07-04,2026-07-04T13:50:58,台灣運彩,,3476843.1,140,2026-07-04T17:00:00+08:00,韓華老鷹,LG雙子,韓華老鷹 @ LG雙子,51428092.1,389,[第1局] 不讓分,252792249.1,韓華老鷹,A,,3.00,1,2,A,,2
2026-07-04,2026-07-04T13:50:58,台灣運彩,,3476843.1,140,2026-07-04T17:00:00+08:00,韓華老鷹,LG雙子,韓華老鷹 @ LG雙子,51428092.1,389,[第1局] 不讓分,252792248.1,和局,D,,1.70,10,7,D,,
2026-07-04,2026-07-04T13:50:58,台灣運彩,,3476844.1,141,2026-07-04T17:00:00+08:00,樂天巨人,KT巫師,樂天巨人 @ KT巫師,51428093.1,354,不讓分,252792252.1,KT巫師,H,,1.60,5,3,H,,1
2026-07-04,2026-07-04T13:50:58,台灣運彩,,3476844.1,141,2026-07-04T17:00:00+08:00,樂天巨人,KT巫師,樂天巨人 @ KT巫師,51428093.1,354,不讓分,252792254.1,樂天巨人,A,,1.85,20,17,A,,2
2026-07-04,2026-07-04T13:50:58,台灣運彩,,3476844.1,141,2026-07-04T17:00:00+08:00,樂天巨人,KT巫師,樂天巨人 @ KT巫師,51428113.1,358,讓分 -1.5,252792290.1,KT巫師 -1.5,H,-1.5,2.15,20,23,H,-1.5,1
2026-07-04,2026-07-04T13:50:58,台灣運彩,,3476844.1,141,2026-07-04T17:00:00+08:00,樂天巨人,KT巫師,樂天巨人 @ KT巫師,51428113.1,358,讓分 -1.5,252792293.1,樂天巨人 +1.5,A,-1.5,1.42,50,21,A,-1.5,2
2026-07-04,2026-07-04T13:50:58,台灣運彩,,3476844.1,141,2026-07-04T17:00:00+08:00,樂天巨人,KT巫師,樂天巨人 @ KT巫師,51428105.1,360,[總分]大小 9.5,252792275.1,大 9.5,A,9.5,1.70,10,7,A,9.5,
2026-07-04,2026-07-04T13:50:58,台灣運彩,,3476844.1,141,2026-07-04T17:00:00+08:00,樂天巨人,KT巫師,樂天巨人 @ KT巫師,51428105.1,360,[總分]大小 9.5,252792273.1,小 9.5,H,9.5,1.73,100,73,H,9.5,
2026-07-04,2026-07-04T13:50:58,台灣運彩,,3476844.1,141,2026-07-04T17:00:00+08:00,樂天巨人,KT巫師,樂天巨人 @ KT巫師,51428100.1,362,KT巫師 大小 4.5,252792265.1,大 4.5,A,4.5,1.68,25,17,A,4.5,
2026-07-04,2026-07-04T13:50:58,台灣運彩,,3476844.1,141,2026-07-04T17:00:00+08:00,樂天巨人,KT巫師,樂天巨人 @ KT巫師,51428100.1,362,KT巫師 大小 4.5,252792264.1,小 4.5,H,4.5,1.75,4,3,H,4.5,
2026-07-04,2026-07-04T13:50:58,台灣運彩,,3476844.1,141,2026-07-04T17:00:00+08:00,樂天巨人,KT巫師,樂天巨人 @ KT巫師,51428114.1,363,樂天巨人 大小 4.5,252792297.1,大 4.5,A,4.5,1.80,5,4,A,4.5,
2026-07-04,2026-07-04T13:50:58,台灣運彩,,3476844.1,141,2026-07-04T17:00:00+08:00,樂天巨人,KT巫師,樂天巨人 @ KT巫師,51428114.1,363,樂天巨人 大小 4.5,252792295.1,小 4.5,H,4.5,1.63,100,63,H,4.5,
2026-07-04,2026-07-04T13:50:58,台灣運彩,,3476844.1,141,2026-07-04T17:00:00+08:00,樂天巨人,KT巫師,樂天巨人 @ KT巫師,51428097.1,366,[總分]單雙,252792259.1,單,,,1.53,100,53,,,
2026-07-04,2026-07-04T13:50:58,台灣運彩,,3476844.1,141,2026-07-04T17:00:00+08:00,樂天巨人,KT巫師,樂天巨人 @ KT巫師,51428097.1,366,[總分]單雙,252792258.1,雙,,,1.93,100,93,,,
2026-07-04,2026-07-04T13:50:58,台灣運彩,,3476844.1,141,2026-07-04T17:00:00+08:00,樂天巨人,KT巫師,樂天巨人 @ KT巫師,51428110.1,376,[1-5局] 不讓分,252792285.1,KT巫師,H,,1.75,4,3,H,,1
2026-07-04,2026-07-04T13:50:58,台灣運彩,,3476844.1,141,2026-07-04T17:00:00+08:00,樂天巨人,KT巫師,樂天巨人 @ KT巫師,51428110.1,376,[1-5局] 不讓分,252792289.1,樂天巨人,A,,2.05,20,21,A,,2
2026-07-04,2026-07-04T13:50:58,台灣運彩,,3476844.1,141,2026-07-04T17:00:00+08:00,樂天巨人,KT巫師,樂天巨人 @ KT巫師,51428110.1,376,[1-5局] 不讓分,252792287.1,和局,D,,5.40,5,22,D,,
2026-07-04,2026-07-04T13:50:58,台灣運彩,,3476844.1,141,2026-07-04T17:00:00+08:00,樂天巨人,KT巫師,樂天巨人 @ KT巫師,51428116.1,377,[1-5局] 讓分 -0.5,252792300.1,KT巫師 -0.5,H,-0.5,1.78,50,39,H,-0.5,1
2026-07-04,2026-07-04T13:50:58,台灣運彩,,3476844.1,141,2026-07-04T17:00:00+08:00,樂天巨人,KT巫師,樂天巨人 @ KT巫師,51428116.1,377,[1-5局] 讓分 -0.5,252792302.1,樂天巨人 +0.5,A,-0.5,1.65,20,13,A,-0.5,2
2026-07-04,2026-07-04T13:50:58,台灣運彩,,3476844.1,141,2026-07-04T17:00:00+08:00,樂天巨人,KT巫師,樂天巨人 @ KT巫師,51428109.1,378,[1-5局] 大小 5.5,252792284.1,大 5.5,A,5.5,1.85,20,17,A,5.5,
2026-07-04,2026-07-04T13:50:58,台灣運彩,,3476844.1,141,2026-07-04T17:00:00+08:00,樂天巨人,KT巫師,樂天巨人 @ KT巫師,51428109.1,378,[1-5局] 大小 5.5,252792282.1,小 5.5,H,5.5,1.60,5,3,H,5.5,
2026-07-04,2026-07-04T13:50:58,台灣運彩,,3476844.1,141,2026-07-04T17:00:00+08:00,樂天巨人,KT巫師,樂天巨人 @ KT巫師,51428103.1,379,[1-5局] KT巫師 大小 2.5,252792271.1,大 2.5,A,2.5,1.75,4,3,A,2.5,
2026-07-04,2026-07-04T13:50:58,台灣運彩,,3476844.1,141,2026-07-04T17:00:00+08:00,樂天巨人,KT巫師,樂天巨人 @ KT巫師,51428103.1,379,[1-5局] KT巫師 大小 2.5,252792270.1,小 2.5,H,2.5,1.68,25,17,H,2.5,
2026-07-04,2026-07-04T13:50:58,台灣運彩,,3476844.1,141,2026-07-04T17:00:00+08:00,樂天巨人,KT巫師,樂天巨人 @ KT巫師,51428118.1,380,[1-5局] 樂天巨人 大小 2.5,252792306.1,大 2.5,A,2.5,1.90,10,9,A,2.5,
2026-07-04,2026-07-04T13:50:58,台灣運彩,,3476844.1,141,2026-07-04T17:00:00+08:00,樂天巨人,KT巫師,樂天巨人 @ KT巫師,51428118.1,380,[1-5局] 樂天巨人 大小 2.5,252792304.1,小 2.5,H,2.5,1.55,20,11,H,2.5,
2026-07-04,2026-07-04T13:50:58,台灣運彩,,3476844.1,141,2026-07-04T17:00:00+08:00,樂天巨人,KT巫師,樂天巨人 @ KT巫師,51428107.1,389,[第1局] 不讓分,252792277.1,KT巫師,H,,2.85,20,37,H,,1
2026-07-04,2026-07-04T13:50:58,台灣運彩,,3476844.1,141,2026-07-04T17:00:00+08:00,樂天巨人,KT巫師,樂天巨人 @ KT巫師,51428107.1,389,[第1局] 不讓分,252792280.1,樂天巨人,A,,3.35,20,47,A,,2
2026-07-04,2026-07-04T13:50:58,台灣運彩,,3476844.1,141,2026-07-04T17:00:00+08:00,樂天巨人,KT巫師,樂天巨人 @ KT巫師,51428107.1,389,[第1局] 不讓分,252792278.1,和局,D,,1.65,20,13,D,,
2026-07-04,2026-07-04T13:50:58,台灣運彩,,3476845.1,143,2026-07-04T17:00:00+08:00,三星獅,SSG登陸者,三星獅 @ SSG登陸者,51428106.1,354,不讓分,252792276.1,SSG登陸者,H,,2.00,1,1,H,,1
2026-07-04,2026-07-04T13:50:58,台灣運彩,,3476845.1,143,2026-07-04T17:00:00+08:00,三星獅,SSG登陸者,三星獅 @ SSG登陸者,51428106.1,354,不讓分,252792279.1,三星獅,A,,1.48,25,12,A,,2
2026-07-04,2026-07-04T13:50:58,台灣運彩,,3476845.1,143,2026-07-04T17:00:00+08:00,三星獅,SSG登陸者,三星獅 @ SSG登陸者,51428120.1,358,讓分 1.5,252792308.1,SSG登陸者 +1.5,H,1.5,1.68,25,17,H,1.5,1
2026-07-04,2026-07-04T13:50:58,台灣運彩,,3476845.1,143,2026-07-04T17:00:00+08:00,三星獅,SSG登陸者,三星獅 @ SSG登陸者,51428120.1,358,讓分 1.5,252792309.1,三星獅 -1.5,A,1.5,1.75,4,3,A,1.5,2
2026-07-04,2026-07-04T13:50:58,台灣運彩,,3476845.1,143,2026-07-04T17:00:00+08:00,三星獅,SSG登陸者,三星獅 @ SSG登陸者,51428104.1,360,[總分]大小 11.5,252792274.1,大 11.5,A,11.5,1.80,5,4,A,11.5,
2026-07-04,2026-07-04T13:50:58,台灣運彩,,3476845.1,143,2026-07-04T17:00:00+08:00,三星獅,SSG登陸者,三星獅 @ SSG登陸者,51428104.1,360,[總分]大小 11.5,252792272.1,小 11.5,H,11.5,1.63,100,63,H,11.5,
2026-07-04,2026-07-04T13:50:58,台灣運彩,,3476845.1,143,2026-07-04T17:00:00+08:00,三星獅,SSG登陸者,三星獅 @ SSG登陸者,51428094.1,362,SSG登陸者 大小 4.5,252792255.1,大 4.5,A,4.5,1.72,25,18,A,4.5,
2026-07-04,2026-07-04T13:50:58,台灣運彩,,3476845.1,143,2026-07-04T17:00:00+08:00,三星獅,SSG登陸者,三星獅 @ SSG登陸者,51428094.1,362,SSG登陸者 大小 4.5,252792253.1,小 4.5,H,4.5,1.72,25,18,H,4.5,
2026-07-04,2026-07-04T13:50:58,台灣運彩,,3476845.1,143,2026-07-04T17:00:00+08:00,三星獅,SSG登陸者,三星獅 @ SSG登陸者,51428117.1,363,三星獅 大小 5.5,252792303.1,大 5.5,A,5.5,1.60,5,3,A,5.5,
2026-07-04,2026-07-04T13:50:58,台灣運彩,,3476845.1,143,2026-07-04T17:00:00+08:00,三星獅,SSG登陸者,三星獅 @ SSG登陸者,51428117.1,363,三星獅 大小 5.5,252792301.1,小 5.5,H,5.5,1.85,20,17,H,5.5,
2026-07-04,2026-07-04T13:50:58,台灣運彩,,3476845.1,143,2026-07-04T17:00:00+08:00,三星獅,SSG登陸者,三星獅 @ SSG登陸者,51428098.1,366,[總分]單雙,252792263.1,單,,,1.56,25,14,,,
2026-07-04,2026-07-04T13:50:58,台灣運彩,,3476845.1,143,2026-07-04T17:00:00+08:00,三星獅,SSG登陸者,三星獅 @ SSG登陸者,51428098.1,366,[總分]單雙,252792262.1,雙,,,1.88,25,22,,,
2026-07-04,2026-07-04T13:50:58,台灣運彩,,3476845.1,143,2026-07-04T17:00:00+08:00,三星獅,SSG登陸者,三星獅 @ SSG登陸者,51428112.1,376,[1-5局] 不讓分,252792291.1,SSG登陸者,H,,2.20,5,6,H,,1
2026-07-04,2026-07-04T13:50:58,台灣運彩,,3476845.1,143,2026-07-04T17:00:00+08:00,三星獅,SSG登陸者,三星獅 @ SSG登陸者,51428112.1,376,[1-5局] 不讓分,252792294.1,三星獅,A,,1.60,5,3,A,,2
2026-07-04,2026-07-04T13:50:58,台灣運彩,,3476845.1,143,2026-07-04T17:00:00+08:00,三星獅,SSG登陸者,三星獅 @ SSG登陸者,51428112.1,376,[1-5局] 不讓分,252792292.1,和局,D,,5.95,20,99,D,,
2026-07-04,2026-07-04T13:50:58,台灣運彩,,3476845.1,143,2026-07-04T17:00:00+08:00,三星獅,SSG登陸者,三星獅 @ SSG登陸者,51428119.1,377,[1-5局] 讓分 0.5,252792305.1,SSG登陸者 +0.5,H,0.5,1.80,5,4,H,0.5,1
2026-07-04,2026-07-04T13:50:58,台灣運彩,,3476845.1,143,2026-07-04T17:00:00+08:00,三星獅,SSG登陸者,三星獅 @ SSG登陸者,51428119.1,377,[1-5局] 讓分 0.5,252792307.1,三星獅 -0.5,A,0.5,1.63,100,63,A,0.5,2
2026-07-04,2026-07-04T13:50:58,台灣運彩,,3476845.1,143,2026-07-04T17:00:00+08:00,三星獅,SSG登陸者,三星獅 @ SSG登陸者,51428108.1,378,[1-5局] 大小 5.5,252792283.1,大 5.5,A,5.5,1.58,50,29,A,5.5,
2026-07-04,2026-07-04T13:50:58,台灣運彩,,3476845.1,143,2026-07-04T17:00:00+08:00,三星獅,SSG登陸者,三星獅 @ SSG登陸者,51428108.1,378,[1-5局] 大小 5.5,252792281.1,小 5.5,H,5.5,1.86,50,43,H,5.5,
2026-07-04,2026-07-04T13:50:58,台灣運彩,,3476845.1,143,2026-07-04T17:00:00+08:00,三星獅,SSG登陸者,三星獅 @ SSG登陸者,51428111.1,379,[1-5局] SSG登陸者 大小 2.5,252792288.1,大 2.5,A,2.5,1.85,20,17,A,2.5,
2026-07-04,2026-07-04T13:50:58,台灣運彩,,3476845.1,143,2026-07-04T17:00:00+08:00,三星獅,SSG登陸者,三星獅 @ SSG登陸者,51428111.1,379,[1-5局] SSG登陸者 大小 2.5,252792286.1,小 2.5,H,2.5,1.60,5,3,H,2.5,
2026-07-04,2026-07-04T13:50:58,台灣運彩,,3476845.1,143,2026-07-04T17:00:00+08:00,三星獅,SSG登陸者,三星獅 @ SSG登陸者,51428292.1,380,[1-5局] 三星獅 大小 3.5,252792871.1,大 3.5,A,3.5,1.88,25,22,A,3.5,
2026-07-04,2026-07-04T13:50:58,台灣運彩,,3476845.1,143,2026-07-04T17:00:00+08:00,三星獅,SSG登陸者,三星獅 @ SSG登陸者,51428292.1,380,[1-5局] 三星獅 大小 3.5,252792870.1,小 3.5,H,3.5,1.56,25,14,H,3.5,
2026-07-04,2026-07-04T13:50:58,台灣運彩,,3476845.1,143,2026-07-04T17:00:00+08:00,三星獅,SSG登陸者,三星獅 @ SSG登陸者,51428115.1,389,[第1局] 不讓分,252792296.1,SSG登陸者,H,,3.35,20,47,H,,1
2026-07-04,2026-07-04T13:50:58,台灣運彩,,3476845.1,143,2026-07-04T17:00:00+08:00,三星獅,SSG登陸者,三星獅 @ SSG登陸者,51428115.1,389,[第1局] 不讓分,252792299.1,三星獅,A,,2.55,20,31,A,,2
2026-07-04,2026-07-04T13:50:58,台灣運彩,,3476845.1,143,2026-07-04T17:00:00+08:00,三星獅,SSG登陸者,三星獅 @ SSG登陸者,51428115.1,389,[第1局] 不讓分,252792298.1,和局,D,,1.80,5,4,D,,
2026-07-04,2026-07-04T13:50:58,台灣運彩,,3476846.1,144,2026-07-04T17:00:00+08:00,NC恐龍,起亞老虎,NC恐龍 @ 起亞老虎,51428123.1,354,不讓分,252792312.1,起亞老虎,H,,2.05,20,21,H,,1
2026-07-04,2026-07-04T13:50:58,台灣運彩,,3476846.1,144,2026-07-04T17:00:00+08:00,NC恐龍,起亞老虎,NC恐龍 @ 起亞老虎,51428123.1,354,不讓分,252792313.1,NC恐龍,A,,1.46,50,23,A,,2
2026-07-04,2026-07-04T13:50:58,台灣運彩,,3476846.1,144,2026-07-04T17:00:00+08:00,NC恐龍,起亞老虎,NC恐龍 @ 起亞老虎,51428134.1,358,讓分 1.5,252792336.1,起亞老虎 +1.5,H,1.5,1.65,20,13,H,1.5,1
2026-07-04,2026-07-04T13:50:58,台灣運彩,,3476846.1,144,2026-07-04T17:00:00+08:00,NC恐龍,起亞老虎,NC恐龍 @ 起亞老虎,51428134.1,358,讓分 1.5,252792338.1,NC恐龍 -1.5,A,1.5,1.78,50,39,A,1.5,2
2026-07-04,2026-07-04T13:50:58,台灣運彩,,3476846.1,144,2026-07-04T17:00:00+08:00,NC恐龍,起亞老虎,NC恐龍 @ 起亞老虎,51428128.1,360,[總分]大小 9.5,252792325.1,大 9.5,A,9.5,1.66,50,33,A,9.5,
2026-07-04,2026-07-04T13:50:58,台灣運彩,,3476846.1,144,2026-07-04T17:00:00+08:00,NC恐龍,起亞老虎,NC恐龍 @ 起亞老虎,51428128.1,360,[總分]大小 9.5,252792324.1,小 9.5,H,9.5,1.76,25,19,H,9.5,
2026-07-04,2026-07-04T13:50:58,台灣運彩,,3476846.1,144,2026-07-04T17:00:00+08:00,NC恐龍,起亞老虎,NC恐龍 @ 起亞老虎,51428124.1,362,起亞老虎 大小 3.5,252792317.1,大 3.5,A,3.5,1.60,5,3,A,3.5,
2026-07-04,2026-07-04T13:50:58,台灣運彩,,3476846.1,144,2026-07-04T17:00:00+08:00,NC恐龍,起亞老虎,NC恐龍 @ 起亞老虎,51428124.1,362,起亞老虎 大小 3.5,252792316.1,小 3.5,H,3.5,1.85,20,17,H,3.5,
2026-07-04,2026-07-04T13:50:58,台灣運彩,,3476846.1,144,2026-07-04T17:00:00+08:00,NC恐龍,起亞老虎,NC恐龍 @ 起亞老虎,51428126.1,363,NC恐龍 大小 5.5,252792321.1,大 5.5,A,5.5,1.82,50,41,A,5.5,
2026-07-04,2026-07-04T13:50:58,台灣運彩,,3476846.1,144,2026-07-04T17:00:00+08:00,NC恐龍,起亞老虎,NC恐龍 @ 起亞老虎,51428126.1,363,NC恐龍 大小 5.5,252792320.1,小 5.5,H,5.5,1.62,50,31,H,5.5,
2026-07-04,2026-07-04T13:50:58,台灣運彩,,3476846.1,144,2026-07-04T17:00:00+08:00,NC恐龍,起亞老虎,NC恐龍 @ 起亞老虎,51428121.1,366,[總分]單雙,252792311.1,單,,,1.55,20,11,,,
2026-07-04,2026-07-04T13:50:58,台灣運彩,,3476846.1,144,2026-07-04T17:00:00+08:00,NC恐龍,起亞老虎,NC恐龍 @ 起亞老虎,51428121.1,366,[總分]單雙,252792310.1,雙,,,1.90,10,9,,,
2026-07-04,2026-07-04T13:50:58,台灣運彩,,3476846.1,144,2026-07-04T17:00:00+08:00,NC恐龍,起亞老虎,NC恐龍 @ 起亞老虎,51428136.1,376,[1-5局] 不讓分,252792340.1,起亞老虎,H,,2.25,4,5,H,,1
2026-07-04,2026-07-04T13:50:58,台灣運彩,,3476846.1,144,2026-07-04T17:00:00+08:00,NC恐龍,起亞老虎,NC恐龍 @ 起亞老虎,51428136.1,376,[1-5局] 不讓分,252792343.1,NC恐龍,A,,1.60,5,3,A,,2
2026-07-04,2026-07-04T13:50:58,台灣運彩,,3476846.1,144,2026-07-04T17:00:00+08:00,NC恐龍,起亞老虎,NC恐龍 @ 起亞老虎,51428136.1,376,[1-5局] 不讓分,252792342.1,和局,D,,5.40,5,22,D,,
2026-07-04,2026-07-04T13:50:58,台灣運彩,,3476846.1,144,2026-07-04T17:00:00+08:00,NC恐龍,起亞老虎,NC恐龍 @ 起亞老虎,51428132.1,377,[1-5局] 讓分 0.5,252792332.1,起亞老虎 +0.5,H,0.5,1.78,50,39,H,0.5,1
2026-07-04,2026-07-04T13:50:58,台灣運彩,,3476846.1,144,2026-07-04T17:00:00+08:00,NC恐龍,起亞老虎,NC恐龍 @ 起亞老虎,51428132.1,377,[1-5局] 讓分 0.5,252792334.1,NC恐龍 -0.5,A,0.5,1.65,20,13,A,0.5,2
2026-07-04,2026-07-04T13:50:58,台灣運彩,,3476846.1,144,2026-07-04T17:00:00+08:00,NC恐龍,起亞老虎,NC恐龍 @ 起亞老虎,51428142.1,378,[1-5局] 大小 5.5,252792356.1,大 5.5,A,5.5,1.82,50,41,A,5.5,
2026-07-04,2026-07-04T13:50:58,台灣運彩,,3476846.1,144,2026-07-04T17:00:00+08:00,NC恐龍,起亞老虎,NC恐龍 @ 起亞老虎,51428142.1,378,[1-5局] 大小 5.5,252792354.1,小 5.5,H,5.5,1.62,50,31,H,5.5,
2026-07-04,2026-07-04T13:50:58,台灣運彩,,3476846.1,144,2026-07-04T17:00:00+08:00,NC恐龍,起亞老虎,NC恐龍 @ 起亞老虎,51428130.1,379,[1-5局] 起亞老虎 大小 1.5,252792329.1,大 1.5,A,1.5,1.52,25,13,A,1.5,
2026-07-04,2026-07-04T13:50:58,台灣運彩,,3476846.1,144,2026-07-04T17:00:00+08:00,NC恐龍,起亞老虎,NC恐龍 @ 起亞老虎,51428130.1,379,[1-5局] 起亞老虎 大小 1.5,252792328.1,小 1.5,H,1.5,1.94,50,47,H,1.5,
2026-07-04,2026-07-04T13:50:58,台灣運彩,,3476846.1,144,2026-07-04T17:00:00+08:00,NC恐龍,起亞老虎,NC恐龍 @ 起亞老虎,51428138.1,380,[1-5局] NC恐龍 大小 2.5,252792347.1,大 2.5,A,2.5,1.65,20,13,A,2.5,
2026-07-04,2026-07-04T13:50:58,台灣運彩,,3476846.1,144,2026-07-04T17:00:00+08:00,NC恐龍,起亞老虎,NC恐龍 @ 起亞老虎,51428138.1,380,[1-5局] NC恐龍 大小 2.5,252792345.1,小 2.5,H,2.5,1.78,50,39,H,2.5,
2026-07-04,2026-07-04T13:50:58,台灣運彩,,3476846.1,144,2026-07-04T17:00:00+08:00,NC恐龍,起亞老虎,NC恐龍 @ 起亞老虎,51428140.1,389,[第1局] 不讓分,252792349.1,起亞老虎,H,,3.55,20,51,H,,1
2026-07-04,2026-07-04T13:50:58,台灣運彩,,3476846.1,144,2026-07-04T17:00:00+08:00,NC恐龍,起亞老虎,NC恐龍 @ 起亞老虎,51428140.1,389,[第1局] 不讓分,252792352.1,NC恐龍,A,,2.70,10,17,A,,2
2026-07-04,2026-07-04T13:50:58,台灣運彩,,3476846.1,144,2026-07-04T17:00:00+08:00,NC恐龍,起亞老虎,NC恐龍 @ 起亞老虎,51428140.1,389,[第1局] 不讓分,252792351.1,和局,D,,1.65,20,13,D,,
2026-07-04,2026-07-04T13:50:58,台灣運彩,,3476847.1,145,2026-07-04T17:00:00+08:00,斗山熊,培證英雄,斗山熊 @ 培證英雄,51428125.1,354,不讓分,252792318.1,培證英雄,H,,2.05,20,21,H,,1
2026-07-04,2026-07-04T13:50:58,台灣運彩,,3476847.1,145,2026-07-04T17:00:00+08:00,斗山熊,培證英雄,斗山熊 @ 培證英雄,51428125.1,354,不讓分,252792319.1,斗山熊,A,,1.46,50,23,A,,2
2026-07-04,2026-07-04T13:50:58,台灣運彩,,3476847.1,145,2026-07-04T17:00:00+08:00,斗山熊,培證英雄,斗山熊 @ 培證英雄,51428143.1,358,讓分 1.5,252792357.1,培證英雄 +1.5,H,1.5,1.60,5,3,H,1.5,1
2026-07-04,2026-07-04T13:50:58,台灣運彩,,3476847.1,145,2026-07-04T17:00:00+08:00,斗山熊,培證英雄,斗山熊 @ 培證英雄,51428143.1,358,讓分 1.5,252792358.1,斗山熊 -1.5,A,1.5,1.85,20,17,A,1.5,2
2026-07-04,2026-07-04T13:50:58,台灣運彩,,3476847.1,145,2026-07-04T17:00:00+08:00,斗山熊,培證英雄,斗山熊 @ 培證英雄,51428137.1,360,[總分]大小 8.5,252792346.1,大 8.5,A,8.5,1.80,5,4,A,8.5,
2026-07-04,2026-07-04T13:50:58,台灣運彩,,3476847.1,145,2026-07-04T17:00:00+08:00,斗山熊,培證英雄,斗山熊 @ 培證英雄,51428137.1,360,[總分]大小 8.5,252792344.1,小 8.5,H,8.5,1.63,100,63,H,8.5,
2026-07-04,2026-07-04T13:50:58,台灣運彩,,3476847.1,145,2026-07-04T17:00:00+08:00,斗山熊,培證英雄,斗山熊 @ 培證英雄,51428141.1,362,培證英雄 大小 3.5,252792355.1,大 3.5,A,3.5,1.90,10,9,A,3.5,
2026-07-04,2026-07-04T13:50:58,台灣運彩,,3476847.1,145,2026-07-04T17:00:00+08:00,斗山熊,培證英雄,斗山熊 @ 培證英雄,51428141.1,362,培證英雄 大小 3.5,252792353.1,小 3.5,H,3.5,1.55,20,11,H,3.5,
2026-07-04,2026-07-04T13:50:58,台灣運彩,,3476847.1,145,2026-07-04T17:00:00+08:00,斗山熊,培證英雄,斗山熊 @ 培證英雄,51428127.1,363,斗山熊 大小 4.5,252792323.1,大 4.5,A,4.5,1.80,5,4,A,4.5,
2026-07-04,2026-07-04T13:50:58,台灣運彩,,3476847.1,145,2026-07-04T17:00:00+08:00,斗山熊,培證英雄,斗山熊 @ 培證英雄,51428127.1,363,斗山熊 大小 4.5,252792322.1,小 4.5,H,4.5,1.63,100,63,H,4.5,
2026-07-04,2026-07-04T13:50:58,台灣運彩,,3476847.1,145,2026-07-04T17:00:00+08:00,斗山熊,培證英雄,斗山熊 @ 培證英雄,51428122.1,366,[總分]單雙,252792315.1,單,,,1.55,20,11,,,
2026-07-04,2026-07-04T13:50:58,台灣運彩,,3476847.1,145,2026-07-04T17:00:00+08:00,斗山熊,培證英雄,斗山熊 @ 培證英雄,51428122.1,366,[總分]單雙,252792314.1,雙,,,1.90,10,9,,,
2026-07-04,2026-07-04T13:50:58,台灣運彩,,3476847.1,145,2026-07-04T17:00:00+08:00,斗山熊,培證英雄,斗山熊 @ 培證英雄,51428144.1,376,[1-5局] 不讓分,252792359.1,培證英雄,H,,2.20,5,6,H,,1
2026-07-04,2026-07-04T13:50:58,台灣運彩,,3476847.1,145,2026-07-04T17:00:00+08:00,斗山熊,培證英雄,斗山熊 @ 培證英雄,51428144.1,376,[1-5局] 不讓分,252792361.1,斗山熊,A,,1.70,10,7,A,,2
2026-07-04,2026-07-04T13:50:58,台灣運彩,,3476847.1,145,2026-07-04T17:00:00+08:00,斗山熊,培證英雄,斗山熊 @ 培證英雄,51428144.1,376,[1-5局] 不讓分,252792360.1,和局,D,,4.70,10,37,D,,
2026-07-04,2026-07-04T13:50:58,台灣運彩,,3476847.1,145,2026-07-04T17:00:00+08:00,斗山熊,培證英雄,斗山熊 @ 培證英雄,51428133.1,377,[1-5局] 讓分 0.5,252792335.1,培證英雄 +0.5,H,0.5,1.68,25,17,H,0.5,1
2026-07-04,2026-07-04T13:50:58,台灣運彩,,3476847.1,145,2026-07-04T17:00:00+08:00,斗山熊,培證英雄,斗山熊 @ 培證英雄,51428133.1,377,[1-5局] 讓分 0.5,252792337.1,斗山熊 -0.5,A,0.5,1.75,4,3,A,0.5,2
2026-07-04,2026-07-04T13:50:58,台灣運彩,,3476847.1,145,2026-07-04T17:00:00+08:00,斗山熊,培證英雄,斗山熊 @ 培證英雄,51428129.1,378,[1-5局] 大小 4.5,252792327.1,大 4.5,A,4.5,1.85,20,17,A,4.5,
2026-07-04,2026-07-04T13:50:58,台灣運彩,,3476847.1,145,2026-07-04T17:00:00+08:00,斗山熊,培證英雄,斗山熊 @ 培證英雄,51428129.1,378,[1-5局] 大小 4.5,252792326.1,小 4.5,H,4.5,1.60,5,3,H,4.5,
2026-07-04,2026-07-04T13:50:58,台灣運彩,,3476847.1,145,2026-07-04T17:00:00+08:00,斗山熊,培證英雄,斗山熊 @ 培證英雄,51428135.1,379,[1-5局] 培證英雄 大小 1.5,252792341.1,大 1.5,A,1.5,1.70,10,7,A,1.5,
2026-07-04,2026-07-04T13:50:58,台灣運彩,,3476847.1,145,2026-07-04T17:00:00+08:00,斗山熊,培證英雄,斗山熊 @ 培證英雄,51428135.1,379,[1-5局] 培證英雄 大小 1.5,252792339.1,小 1.5,H,1.5,1.73,100,73,H,1.5,
2026-07-04,2026-07-04T13:50:58,台灣運彩,,3476847.1,145,2026-07-04T17:00:00+08:00,斗山熊,培證英雄,斗山熊 @ 培證英雄,51428139.1,380,[1-5局] 斗山熊 大小 2.5,252792350.1,大 2.5,A,2.5,1.94,50,47,A,2.5,
2026-07-04,2026-07-04T13:50:58,台灣運彩,,3476847.1,145,2026-07-04T17:00:00+08:00,斗山熊,培證英雄,斗山熊 @ 培證英雄,51428139.1,380,[1-5局] 斗山熊 大小 2.5,252792348.1,小 2.5,H,2.5,1.52,25,13,H,2.5,
2026-07-04,2026-07-04T13:50:58,台灣運彩,,3476847.1,145,2026-07-04T17:00:00+08:00,斗山熊,培證英雄,斗山熊 @ 培證英雄,51428131.1,389,[第1局] 不讓分,252792330.1,培證英雄,H,,3.70,10,27,H,,1
2026-07-04,2026-07-04T13:50:58,台灣運彩,,3476847.1,145,2026-07-04T17:00:00+08:00,斗山熊,培證英雄,斗山熊 @ 培證英雄,51428131.1,389,[第1局] 不讓分,252792333.1,斗山熊,A,,3.05,20,41,A,,2
2026-07-04,2026-07-04T13:50:58,台灣運彩,,3476847.1,145,2026-07-04T17:00:00+08:00,斗山熊,培證英雄,斗山熊 @ 培證英雄,51428131.1,389,[第1局] 不讓分,252792331.1,和局,D,,1.55,20,11,D,,
2026-07-04,2026-07-04T13:50:58,台灣運彩,,3476848.1,146,2026-07-04T17:05:00+08:00,樂天桃猿,中信兄弟,樂天桃猿 @ 中信兄弟,51428148.1,354,不讓分,252792369.1,中信兄弟,H,,1.66,50,33,H,,1
2026-07-04,2026-07-04T13:50:58,台灣運彩,,3476848.1,146,2026-07-04T17:05:00+08:00,樂天桃猿,中信兄弟,樂天桃猿 @ 中信兄弟,51428148.1,354,不讓分,252792370.1,樂天桃猿,A,,1.76,25,19,A,,2
2026-07-04,2026-07-04T13:50:58,台灣運彩,,3476848.1,146,2026-07-04T17:05:00+08:00,樂天桃猿,中信兄弟,樂天桃猿 @ 中信兄弟,51428150.1,358,讓分 1.5,252792373.1,中信兄弟 +1.5,H,1.5,1.32,25,8,H,1.5,1
2026-07-04,2026-07-04T13:50:58,台灣運彩,,3476848.1,146,2026-07-04T17:05:00+08:00,樂天桃猿,中信兄弟,樂天桃猿 @ 中信兄弟,51428150.1,358,讓分 1.5,252792374.1,樂天桃猿 -1.5,A,1.5,2.40,5,7,A,1.5,2
2026-07-04,2026-07-04T13:50:58,台灣運彩,,3476848.1,146,2026-07-04T17:05:00+08:00,樂天桃猿,中信兄弟,樂天桃猿 @ 中信兄弟,51428149.1,360,[總分]大小 6.5,252792372.1,大 6.5,A,6.5,1.82,50,41,A,6.5,
2026-07-04,2026-07-04T13:50:58,台灣運彩,,3476848.1,146,2026-07-04T17:05:00+08:00,樂天桃猿,中信兄弟,樂天桃猿 @ 中信兄弟,51428149.1,360,[總分]大小 6.5,252792371.1,小 6.5,H,6.5,1.62,50,31,H,6.5,
2026-07-04,2026-07-04T13:50:58,台灣運彩,,3476848.1,146,2026-07-04T17:05:00+08:00,樂天桃猿,中信兄弟,樂天桃猿 @ 中信兄弟,51428147.1,366,[總分]單雙,252792368.1,單,,,1.48,25,12,,,
2026-07-04,2026-07-04T13:50:58,台灣運彩,,3476848.1,146,2026-07-04T17:05:00+08:00,樂天桃猿,中信兄弟,樂天桃猿 @ 中信兄弟,51428147.1,366,[總分]單雙,252792367.1,雙,,,2.00,1,1,,,
2026-07-04,2026-07-04T13:50:58,台灣運彩,,3476849.1,147,2026-07-04T17:05:00+08:00,富邦悍將,味全龍,富邦悍將 @ 味全龍,51428151.1,354,不讓分,252792375.1,味全龍,H,,1.75,4,3,H,,1
2026-07-04,2026-07-04T13:50:58,台灣運彩,,3476849.1,147,2026-07-04T17:05:00+08:00,富邦悍將,味全龍,富邦悍將 @ 味全龍,51428151.1,354,不讓分,252792376.1,富邦悍將,A,,1.68,25,17,A,,2
2026-07-04,2026-07-04T13:50:58,台灣運彩,,3476849.1,147,2026-07-04T17:05:00+08:00,富邦悍將,味全龍,富邦悍將 @ 味全龍,51428154.1,358,讓分 1.5,252792381.1,味全龍 +1.5,H,1.5,1.40,5,2,H,1.5,1
2026-07-04,2026-07-04T13:50:58,台灣運彩,,3476849.1,147,2026-07-04T17:05:00+08:00,富邦悍將,味全龍,富邦悍將 @ 味全龍,51428154.1,358,讓分 1.5,252792382.1,富邦悍將 -1.5,A,1.5,2.20,5,6,A,1.5,2
2026-07-04,2026-07-04T13:50:58,台灣運彩,,3476849.1,147,2026-07-04T17:05:00+08:00,富邦悍將,味全龍,富邦悍將 @ 味全龍,51428152.1,360,[總分]大小 7.5,252792378.1,大 7.5,A,7.5,1.82,50,41,A,7.5,
2026-07-04,2026-07-04T13:50:58,台灣運彩,,3476849.1,147,2026-07-04T17:05:00+08:00,富邦悍將,味全龍,富邦悍將 @ 味全龍,51428152.1,360,[總分]大小 7.5,252792377.1,小 7.5,H,7.5,1.62,50,31,H,7.5,
2026-07-04,2026-07-04T13:50:58,台灣運彩,,3476849.1,147,2026-07-04T17:05:00+08:00,富邦悍將,味全龍,富邦悍將 @ 味全龍,51428153.1,366,[總分]單雙,252792380.1,單,,,1.52,25,13,,,
2026-07-04,2026-07-04T13:50:58,台灣運彩,,3476849.1,147,2026-07-04T17:05:00+08:00,富邦悍將,味全龍,富邦悍將 @ 味全龍,51428153.1,366,[總分]單雙,252792379.1,雙,,,1.94,50,47,,,
2026-07-04,2026-07-04T13:50:58,台灣運彩,822716,3476782.1,106,2026-07-04T23:05:00+08:00,匹茲堡海盜,華盛頓國民,匹茲堡海盜 @ 華盛頓國民,51427159.1,354,不讓分,252789505.1,華盛頓國民,H,,2.15,20,23,H,,1
2026-07-04,2026-07-04T13:50:58,台灣運彩,822716,3476782.1,106,2026-07-04T23:05:00+08:00,匹茲堡海盜,華盛頓國民,匹茲堡海盜 @ 華盛頓國民,51427159.1,354,不讓分,252789506.1,匹茲堡海盜,A,,1.43,100,43,A,,2
2026-07-04,2026-07-04T13:50:58,台灣運彩,822716,3476782.1,106,2026-07-04T23:05:00+08:00,匹茲堡海盜,華盛頓國民,匹茲堡海盜 @ 華盛頓國民,51427173.1,357,勝分差,252789542.1,匹茲堡海盜 1 分,A,,5.90,10,49,A,,
2026-07-04,2026-07-04T13:50:58,台灣運彩,822716,3476782.1,106,2026-07-04T23:05:00+08:00,匹茲堡海盜,華盛頓國民,匹茲堡海盜 @ 華盛頓國民,51427173.1,357,勝分差,252789543.1,匹茲堡海盜 2 分,A,,6.75,4,23,A,,
2026-07-04,2026-07-04T13:50:58,台灣運彩,822716,3476782.1,106,2026-07-04T23:05:00+08:00,匹茲堡海盜,華盛頓國民,匹茲堡海盜 @ 華盛頓國民,51427173.1,357,勝分差,252789544.1,匹茲堡海盜 > 2分,A,,1.90,10,9,A,,
2026-07-04,2026-07-04T13:50:58,台灣運彩,822716,3476782.1,106,2026-07-04T23:05:00+08:00,匹茲堡海盜,華盛頓國民,匹茲堡海盜 @ 華盛頓國民,51427173.1,357,勝分差,252789539.1,華盛頓國民 1 分,H,,4.60,5,18,H,,
2026-07-04,2026-07-04T13:50:58,台灣運彩,822716,3476782.1,106,2026-07-04T23:05:00+08:00,匹茲堡海盜,華盛頓國民,匹茲堡海盜 @ 華盛頓國民,51427173.1,357,勝分差,252789540.1,華盛頓國民 2 分,H,,8.75,4,31,H,,
2026-07-04,2026-07-04T13:50:58,台灣運彩,822716,3476782.1,106,2026-07-04T23:05:00+08:00,匹茲堡海盜,華盛頓國民,匹茲堡海盜 @ 華盛頓國民,51427173.1,357,勝分差,252789541.1,華盛頓國民 > 2分,H,,3.65,20,53,H,,
2026-07-04,2026-07-04T13:50:58,台灣運彩,822716,3476782.1,106,2026-07-04T23:05:00+08:00,匹茲堡海盜,華盛頓國民,匹茲堡海盜 @ 華盛頓國民,51427172.1,358,讓分 1.5,252789537.1,華盛頓國民 +1.5,H,1.5,1.77,100,77,H,1.5,1
2026-07-04,2026-07-04T13:50:58,台灣運彩,822716,3476782.1,106,2026-07-04T23:05:00+08:00,匹茲堡海盜,華盛頓國民,匹茲堡海盜 @ 華盛頓國民,51427172.1,358,讓分 1.5,252789538.1,匹茲堡海盜 -1.5,A,1.5,1.73,100,73,A,1.5,2
2026-07-04,2026-07-04T13:50:58,台灣運彩,822716,3476782.1,106,2026-07-04T23:05:00+08:00,匹茲堡海盜,華盛頓國民,匹茲堡海盜 @ 華盛頓國民,51427175.1,358,讓分 2.5,252789547.1,華盛頓國民 +2.5,H,2.5,1.50,2,1,H,2.5,1
2026-07-04,2026-07-04T13:50:58,台灣運彩,822716,3476782.1,106,2026-07-04T23:05:00+08:00,匹茲堡海盜,華盛頓國民,匹茲堡海盜 @ 華盛頓國民,51427175.1,358,讓分 2.5,252789548.1,匹茲堡海盜 -2.5,A,2.5,2.00,1,1,A,2.5,2
2026-07-04,2026-07-04T13:50:58,台灣運彩,822716,3476782.1,106,2026-07-04T23:05:00+08:00,匹茲堡海盜,華盛頓國民,匹茲堡海盜 @ 華盛頓國民,51427168.1,360,[總分]大小 10.5,252789530.1,大 10.5,A,10.5,1.92,25,23,A,10.5,
2026-07-04,2026-07-04T13:50:58,台灣運彩,822716,3476782.1,106,2026-07-04T23:05:00+08:00,匹茲堡海盜,華盛頓國民,匹茲堡海盜 @ 華盛頓國民,51427168.1,360,[總分]大小 10.5,252789529.1,小 10.5,H,10.5,1.58,50,29,H,10.5,
2026-07-04,2026-07-04T13:50:58,台灣運彩,822716,3476782.1,106,2026-07-04T23:05:00+08:00,匹茲堡海盜,華盛頓國民,匹茲堡海盜 @ 華盛頓國民,51427169.1,360,[總分]大小 8.5,252789532.1,大 8.5,A,8.5,1.43,100,43,A,8.5,
2026-07-04,2026-07-04T13:50:58,台灣運彩,822716,3476782.1,106,2026-07-04T23:05:00+08:00,匹茲堡海盜,華盛頓國民,匹茲堡海盜 @ 華盛頓國民,51427169.1,360,[總分]大小 8.5,252789531.1,小 8.5,H,8.5,2.15,20,23,H,8.5,
2026-07-04,2026-07-04T13:50:58,台灣運彩,822716,3476782.1,106,2026-07-04T23:05:00+08:00,匹茲堡海盜,華盛頓國民,匹茲堡海盜 @ 華盛頓國民,51427171.1,360,[總分]大小 9.5,252789536.1,大 9.5,A,9.5,1.70,10,7,A,9.5,
2026-07-04,2026-07-04T13:50:58,台灣運彩,822716,3476782.1,106,2026-07-04T23:05:00+08:00,匹茲堡海盜,華盛頓國民,匹茲堡海盜 @ 華盛頓國民,51427171.1,360,[總分]大小 9.5,252789535.1,小 9.5,H,9.5,1.80,5,4,H,9.5,
2026-07-04,2026-07-04T13:50:58,台灣運彩,822716,3476782.1,106,2026-07-04T23:05:00+08:00,匹茲堡海盜,華盛頓國民,匹茲堡海盜 @ 華盛頓國民,51427166.1,362,華盛頓國民 大小 3.5,252789526.1,大 3.5,A,3.5,1.55,20,11,A,3.5,
2026-07-04,2026-07-04T13:50:58,台灣運彩,822716,3476782.1,106,2026-07-04T23:05:00+08:00,匹茲堡海盜,華盛頓國民,匹茲堡海盜 @ 華盛頓國民,51427166.1,362,華盛頓國民 大小 3.5,252789525.1,小 3.5,H,3.5,1.90,10,9,H,3.5,
2026-07-04,2026-07-04T13:50:58,台灣運彩,822716,3476782.1,106,2026-07-04T23:05:00+08:00,匹茲堡海盜,華盛頓國民,匹茲堡海盜 @ 華盛頓國民,51427174.1,363,匹茲堡海盜 大小 5.5,252789546.1,大 5.5,A,5.5,1.76,25,19,A,5.5,
2026-07-04,2026-07-04T13:50:58,台灣運彩,822716,3476782.1,106,2026-07-04T23:05:00+08:00,匹茲堡海盜,華盛頓國民,匹茲堡海盜 @ 華盛頓國民,51427174.1,363,匹茲堡海盜 大小 5.5,252789545.1,小 5.5,H,5.5,1.66,50,33,H,5.5,
2026-07-04,2026-07-04T13:50:58,台灣運彩,822716,3476782.1,106,2026-07-04T23:05:00+08:00,匹茲堡海盜,華盛頓國民,匹茲堡海盜 @ 華盛頓國民,51427167.1,366,[總分]單雙,252789528.1,單,,,1.50,2,1,,,
2026-07-04,2026-07-04T13:50:58,台灣運彩,822716,3476782.1,106,2026-07-04T23:05:00+08:00,匹茲堡海盜,華盛頓國民,匹茲堡海盜 @ 華盛頓國民,51427167.1,366,[總分]單雙,252789527.1,雙,,,1.96,25,24,,,
2026-07-04,2026-07-04T13:50:58,台灣運彩,822716,3476782.1,106,2026-07-04T23:05:00+08:00,匹茲堡海盜,華盛頓國民,匹茲堡海盜 @ 華盛頓國民,51427924.1,374,得分最高單局(不含延長賽),252791786.1,一樣多,,,2.35,20,27,,,
2026-07-04,2026-07-04T13:50:58,台灣運彩,822716,3476782.1,106,2026-07-04T23:05:00+08:00,匹茲堡海盜,華盛頓國民,匹茲堡海盜 @ 華盛頓國民,51427924.1,374,得分最高單局(不含延長賽),252791777.1,第1局,,,5.65,20,93,,,
2026-07-04,2026-07-04T13:50:58,台灣運彩,822716,3476782.1,106,2026-07-04T23:05:00+08:00,匹茲堡海盜,華盛頓國民,匹茲堡海盜 @ 華盛頓國民,51427924.1,374,得分最高單局(不含延長賽),252791778.1,第2局,,,6.50,2,11,,,
2026-07-04,2026-07-04T13:50:58,台灣運彩,822716,3476782.1,106,2026-07-04T23:05:00+08:00,匹茲堡海盜,華盛頓國民,匹茲堡海盜 @ 華盛頓國民,51427924.1,374,得分最高單局(不含延長賽),252791779.1,第3局,,,5.85,20,97,,,
2026-07-04,2026-07-04T13:50:58,台灣運彩,822716,3476782.1,106,2026-07-04T23:05:00+08:00,匹茲堡海盜,華盛頓國民,匹茲堡海盜 @ 華盛頓國民,51427924.1,374,得分最高單局(不含延長賽),252791780.1,第4局,,,6.25,4,21,,,
2026-07-04,2026-07-04T13:50:58,台灣運彩,822716,3476782.1,106,2026-07-04T23:05:00+08:00,匹茲堡海盜,華盛頓國民,匹茲堡海盜 @ 華盛頓國民,51427924.1,374,得分最高單局(不含延長賽),252791781.1,第5局,,,6.00,1,5,,,
2026-07-04,2026-07-04T13:50:58,台灣運彩,822716,3476782.1,106,2026-07-04T23:05:00+08:00,匹茲堡海盜,華盛頓國民,匹茲堡海盜 @ 華盛頓國民,51427924.1,374,得分最高單局(不含延長賽),252791782.1,第6局,,,5.80,5,24,,,
2026-07-04,2026-07-04T13:50:58,台灣運彩,822716,3476782.1,106,2026-07-04T23:05:00+08:00,匹茲堡海盜,華盛頓國民,匹茲堡海盜 @ 華盛頓國民,51427924.1,374,得分最高單局(不含延長賽),252791783.1,第7局,,,5.85,20,97,,,
2026-07-04,2026-07-04T13:50:58,台灣運彩,822716,3476782.1,106,2026-07-04T23:05:00+08:00,匹茲堡海盜,華盛頓國民,匹茲堡海盜 @ 華盛頓國民,51427924.1,374,得分最高單局(不含延長賽),252791784.1,第8局,,,5.70,10,47,,,
2026-07-04,2026-07-04T13:50:58,台灣運彩,822716,3476782.1,106,2026-07-04T23:05:00+08:00,匹茲堡海盜,華盛頓國民,匹茲堡海盜 @ 華盛頓國民,51427924.1,374,得分最高單局(不含延長賽),252791785.1,第9局,,,7.75,4,27,,,
2026-07-04,2026-07-04T13:50:58,台灣運彩,822716,3476782.1,106,2026-07-04T23:05:00+08:00,匹茲堡海盜,華盛頓國民,匹茲堡海盜 @ 華盛頓國民,51427923.1,376,[1-5局] 不讓分,252791774.1,華盛頓國民,H,,2.25,4,5,H,,1
2026-07-04,2026-07-04T13:50:58,台灣運彩,822716,3476782.1,106,2026-07-04T23:05:00+08:00,匹茲堡海盜,華盛頓國民,匹茲堡海盜 @ 華盛頓國民,51427923.1,376,[1-5局] 不讓分,252791776.1,匹茲堡海盜,A,,1.55,20,11,A,,2
2026-07-04,2026-07-04T13:50:58,台灣運彩,822716,3476782.1,106,2026-07-04T23:05:00+08:00,匹茲堡海盜,華盛頓國民,匹茲堡海盜 @ 華盛頓國民,51427923.1,376,[1-5局] 不讓分,252791775.1,和局,D,,5.10,10,41,D,,
2026-07-04,2026-07-04T13:50:58,台灣運彩,822716,3476782.1,106,2026-07-04T23:05:00+08:00,匹茲堡海盜,華盛頓國民,匹茲堡海盜 @ 華盛頓國民,51427918.1,378,[1-5局] 大小 5.5,252791764.1,大 5.5,A,5.5,1.78,50,39,A,5.5,
2026-07-04,2026-07-04T13:50:58,台灣運彩,822716,3476782.1,106,2026-07-04T23:05:00+08:00,匹茲堡海盜,華盛頓國民,匹茲堡海盜 @ 華盛頓國民,51427918.1,378,[1-5局] 大小 5.5,252791763.1,小 5.5,H,5.5,1.56,25,14,H,5.5,
2026-07-04,2026-07-04T13:50:58,台灣運彩,822716,3476782.1,106,2026-07-04T23:05:00+08:00,匹茲堡海盜,華盛頓國民,匹茲堡海盜 @ 華盛頓國民,51427922.1,379,[1-5局] 華盛頓國民 大小 1.5,252791773.1,大 1.5,A,1.5,1.56,25,14,A,1.5,
2026-07-04,2026-07-04T13:50:58,台灣運彩,822716,3476782.1,106,2026-07-04T23:05:00+08:00,匹茲堡海盜,華盛頓國民,匹茲堡海盜 @ 華盛頓國民,51427922.1,379,[1-5局] 華盛頓國民 大小 1.5,252791772.1,小 1.5,H,1.5,1.88,25,22,H,1.5,
2026-07-04,2026-07-04T13:50:58,台灣運彩,822716,3476782.1,106,2026-07-04T23:05:00+08:00,匹茲堡海盜,華盛頓國民,匹茲堡海盜 @ 華盛頓國民,51427919.1,380,[1-5局] 匹茲堡海盜 大小 2.5,252791766.1,大 2.5,A,2.5,1.62,50,31,A,2.5,
2026-07-04,2026-07-04T13:50:58,台灣運彩,822716,3476782.1,106,2026-07-04T23:05:00+08:00,匹茲堡海盜,華盛頓國民,匹茲堡海盜 @ 華盛頓國民,51427919.1,380,[1-5局] 匹茲堡海盜 大小 2.5,252791765.1,小 2.5,H,2.5,1.82,50,41,H,2.5,
2026-07-04,2026-07-04T13:50:58,台灣運彩,822716,3476782.1,106,2026-07-04T23:05:00+08:00,匹茲堡海盜,華盛頓國民,匹茲堡海盜 @ 華盛頓國民,51427921.1,389,[第1局] 不讓分,252791769.1,華盛頓國民,H,,3.50,2,5,H,,1
2026-07-04,2026-07-04T13:50:58,台灣運彩,822716,3476782.1,106,2026-07-04T23:05:00+08:00,匹茲堡海盜,華盛頓國民,匹茲堡海盜 @ 華盛頓國民,51427921.1,389,[第1局] 不讓分,252791771.1,匹茲堡海盜,A,,2.50,2,3,A,,2
2026-07-04,2026-07-04T13:50:58,台灣運彩,822716,3476782.1,106,2026-07-04T23:05:00+08:00,匹茲堡海盜,華盛頓國民,匹茲堡海盜 @ 華盛頓國民,51427921.1,389,[第1局] 不讓分,252791770.1,和局,D,,1.65,20,13,D,,
2026-07-04,2026-07-04T13:50:58,台灣運彩,822716,3476782.1,106,2026-07-04T23:05:00+08:00,匹茲堡海盜,華盛頓國民,匹茲堡海盜 @ 華盛頓國民,51427920.1,398,[第1局] 大小 0.5,252791768.1,大 0.5,A,0.5,1.58,50,29,A,0.5,
2026-07-04,2026-07-04T13:50:58,台灣運彩,822716,3476782.1,106,2026-07-04T23:05:00+08:00,匹茲堡海盜,華盛頓國民,匹茲堡海盜 @ 華盛頓國民,51427920.1,398,[第1局] 大小 0.5,252791767.1,小 0.5,H,0.5,1.75,4,3,H,0.5,
2026-07-04,2026-07-04T13:50:58,台灣運彩,823526,3476784.1,107,2026-07-05T01:35:00+08:00,明尼蘇達雙城,紐約洋基,明尼蘇達雙城 @ 紐約洋基,51427191.1,354,不讓分,252789597.1,紐約洋基,H,,1.38,50,19,H,,1
2026-07-04,2026-07-04T13:50:58,台灣運彩,823526,3476784.1,107,2026-07-05T01:35:00+08:00,明尼蘇達雙城,紐約洋基,明尼蘇達雙城 @ 紐約洋基,51427191.1,354,不讓分,252789598.1,明尼蘇達雙城,A,,2.33,100,133,A,,2
2026-07-04,2026-07-04T13:50:58,台灣運彩,823526,3476784.1,107,2026-07-05T01:35:00+08:00,明尼蘇達雙城,紐約洋基,明尼蘇達雙城 @ 紐約洋基,51427209.1,357,勝分差,252789641.1,明尼蘇達雙城 1 分,A,,7.00,1,6,A,,
2026-07-04,2026-07-04T13:50:58,台灣運彩,823526,3476784.1,107,2026-07-05T01:35:00+08:00,明尼蘇達雙城,紐約洋基,明尼蘇達雙城 @ 紐約洋基,51427209.1,357,勝分差,252789642.1,明尼蘇達雙城 2 分,A,,9.25,4,33,A,,
2026-07-04,2026-07-04T13:50:58,台灣運彩,823526,3476784.1,107,2026-07-05T01:35:00+08:00,明尼蘇達雙城,紐約洋基,明尼蘇達雙城 @ 紐約洋基,51427209.1,357,勝分差,252789643.1,明尼蘇達雙城 > 2分,A,,3.55,20,51,A,,
2026-07-04,2026-07-04T13:50:58,台灣運彩,823526,3476784.1,107,2026-07-05T01:35:00+08:00,明尼蘇達雙城,紐約洋基,明尼蘇達雙城 @ 紐約洋基,51427209.1,357,勝分差,252789637.1,紐約洋基 1 分,H,,4.20,5,16,H,,
2026-07-04,2026-07-04T13:50:58,台灣運彩,823526,3476784.1,107,2026-07-05T01:35:00+08:00,明尼蘇達雙城,紐約洋基,明尼蘇達雙城 @ 紐約洋基,51427209.1,357,勝分差,252789639.1,紐約洋基 2 分,H,,6.75,4,23,H,,
2026-07-04,2026-07-04T13:50:58,台灣運彩,823526,3476784.1,107,2026-07-05T01:35:00+08:00,明尼蘇達雙城,紐約洋基,明尼蘇達雙城 @ 紐約洋基,51427209.1,357,勝分差,252789640.1,紐約洋基 > 2分,H,,1.90,10,9,H,,
2026-07-04,2026-07-04T13:50:58,台灣運彩,823526,3476784.1,107,2026-07-05T01:35:00+08:00,明尼蘇達雙城,紐約洋基,明尼蘇達雙城 @ 紐約洋基,51427196.1,358,讓分 -2.5,252789607.1,紐約洋基 -2.5,H,-2.5,2.05,20,21,H,-2.5,1
2026-07-04,2026-07-04T13:50:58,台灣運彩,823526,3476784.1,107,2026-07-05T01:35:00+08:00,明尼蘇達雙城,紐約洋基,明尼蘇達雙城 @ 紐約洋基,51427196.1,358,讓分 -2.5,252789608.1,明尼蘇達雙城 +2.5,A,-2.5,1.48,25,12,A,-2.5,2
2026-07-04,2026-07-04T13:50:58,台灣運彩,823526,3476784.1,107,2026-07-05T01:35:00+08:00,明尼蘇達雙城,紐約洋基,明尼蘇達雙城 @ 紐約洋基,51427200.1,358,讓分 -1.5,252789616.1,紐約洋基 -1.5,H,-1.5,1.76,25,19,H,-1.5,1
2026-07-04,2026-07-04T13:50:58,台灣運彩,823526,3476784.1,107,2026-07-05T01:35:00+08:00,明尼蘇達雙城,紐約洋基,明尼蘇達雙城 @ 紐約洋基,51427200.1,358,讓分 -1.5,252789617.1,明尼蘇達雙城 +1.5,A,-1.5,1.74,50,37,A,-1.5,2
2026-07-04,2026-07-04T13:50:58,台灣運彩,823526,3476784.1,107,2026-07-05T01:35:00+08:00,明尼蘇達雙城,紐約洋基,明尼蘇達雙城 @ 紐約洋基,51427202.1,360,[總分]大小 9.5,252789622.1,大 9.5,A,9.5,1.68,25,17,A,9.5,
2026-07-04,2026-07-04T13:50:58,台灣運彩,823526,3476784.1,107,2026-07-05T01:35:00+08:00,明尼蘇達雙城,紐約洋基,明尼蘇達雙城 @ 紐約洋基,51427202.1,360,[總分]大小 9.5,252789620.1,小 9.5,H,9.5,1.82,50,41,H,9.5,
2026-07-04,2026-07-04T13:50:58,台灣運彩,823526,3476784.1,107,2026-07-05T01:35:00+08:00,明尼蘇達雙城,紐約洋基,明尼蘇達雙城 @ 紐約洋基,51427204.1,360,[總分]大小 10.5,252789626.1,大 10.5,A,10.5,1.90,10,9,A,10.5,
2026-07-04,2026-07-04T13:50:58,台灣運彩,823526,3476784.1,107,2026-07-05T01:35:00+08:00,明尼蘇達雙城,紐約洋基,明尼蘇達雙城 @ 紐約洋基,51427204.1,360,[總分]大小 10.5,252789624.1,小 10.5,H,10.5,1.60,5,3,H,10.5,
2026-07-04,2026-07-04T13:50:58,台灣運彩,823526,3476784.1,107,2026-07-05T01:35:00+08:00,明尼蘇達雙城,紐約洋基,明尼蘇達雙城 @ 紐約洋基,51427205.1,360,[總分]大小 8.5,252789630.1,大 8.5,A,8.5,1.42,50,21,A,8.5,
2026-07-04,2026-07-04T13:50:58,台灣運彩,823526,3476784.1,107,2026-07-05T01:35:00+08:00,明尼蘇達雙城,紐約洋基,明尼蘇達雙城 @ 紐約洋基,51427205.1,360,[總分]大小 8.5,252789628.1,小 8.5,H,8.5,2.20,5,6,H,8.5,
2026-07-04,2026-07-04T13:50:58,台灣運彩,823526,3476784.1,107,2026-07-05T01:35:00+08:00,明尼蘇達雙城,紐約洋基,明尼蘇達雙城 @ 紐約洋基,51427194.1,362,紐約洋基 大小 5.5,252789604.1,大 5.5,A,5.5,1.72,25,18,A,5.5,
2026-07-04,2026-07-04T13:50:58,台灣運彩,823526,3476784.1,107,2026-07-05T01:35:00+08:00,明尼蘇達雙城,紐約洋基,明尼蘇達雙城 @ 紐約洋基,51427194.1,362,紐約洋基 大小 5.5,252789603.1,小 5.5,H,5.5,1.72,25,18,H,5.5,
2026-07-04,2026-07-04T13:50:58,台灣運彩,823526,3476784.1,107,2026-07-05T01:35:00+08:00,明尼蘇達雙城,紐約洋基,明尼蘇達雙城 @ 紐約洋基,51427190.1,363,明尼蘇達雙城 大小 4.5,252789596.1,大 4.5,A,4.5,1.82,50,41,A,4.5,
2026-07-04,2026-07-04T13:50:58,台灣運彩,823526,3476784.1,107,2026-07-05T01:35:00+08:00,明尼蘇達雙城,紐約洋基,明尼蘇達雙城 @ 紐約洋基,51427190.1,363,明尼蘇達雙城 大小 4.5,252789595.1,小 4.5,H,4.5,1.62,50,31,H,4.5,
2026-07-04,2026-07-04T13:50:58,台灣運彩,823526,3476784.1,107,2026-07-05T01:35:00+08:00,明尼蘇達雙城,紐約洋基,明尼蘇達雙城 @ 紐約洋基,51428008.1,363,明尼蘇達雙城 大小 3.5,252792027.1,大 3.5,A,3.5,1.60,5,3,A,3.5,
2026-07-04,2026-07-04T13:50:58,台灣運彩,823526,3476784.1,107,2026-07-05T01:35:00+08:00,明尼蘇達雙城,紐約洋基,明尼蘇達雙城 @ 紐約洋基,51428008.1,363,明尼蘇達雙城 大小 3.5,252792026.1,小 3.5,H,3.5,1.85,20,17,H,3.5,
2026-07-04,2026-07-04T13:50:58,台灣運彩,823526,3476784.1,107,2026-07-05T01:35:00+08:00,明尼蘇達雙城,紐約洋基,明尼蘇達雙城 @ 紐約洋基,51427193.1,366,[總分]單雙,252789601.1,單,,,1.50,2,1,,,
2026-07-04,2026-07-04T13:50:58,台灣運彩,823526,3476784.1,107,2026-07-05T01:35:00+08:00,明尼蘇達雙城,紐約洋基,明尼蘇達雙城 @ 紐約洋基,51427193.1,366,[總分]單雙,252789600.1,雙,,,1.96,25,24,,,
2026-07-04,2026-07-04T13:50:58,台灣運彩,823526,3476784.1,107,2026-07-05T01:35:00+08:00,明尼蘇達雙城,紐約洋基,明尼蘇達雙城 @ 紐約洋基,51428197.1,374,得分最高單局(不含延長賽),252792527.1,一樣多,,,2.30,10,13,,,
2026-07-04,2026-07-04T13:50:58,台灣運彩,823526,3476784.1,107,2026-07-05T01:35:00+08:00,明尼蘇達雙城,紐約洋基,明尼蘇達雙城 @ 紐約洋基,51428197.1,374,得分最高單局(不含延長賽),252792518.1,第1局,,,5.30,10,43,,,
2026-07-04,2026-07-04T13:50:58,台灣運彩,823526,3476784.1,107,2026-07-05T01:35:00+08:00,明尼蘇達雙城,紐約洋基,明尼蘇達雙城 @ 紐約洋基,51428197.1,374,得分最高單局(不含延長賽),252792519.1,第2局,,,6.25,4,21,,,
2026-07-04,2026-07-04T13:50:58,台灣運彩,823526,3476784.1,107,2026-07-05T01:35:00+08:00,明尼蘇達雙城,紐約洋基,明尼蘇達雙城 @ 紐約洋基,51428197.1,374,得分最高單局(不含延長賽),252792520.1,第3局,,,5.65,20,93,,,
2026-07-04,2026-07-04T13:50:58,台灣運彩,823526,3476784.1,107,2026-07-05T01:35:00+08:00,明尼蘇達雙城,紐約洋基,明尼蘇達雙城 @ 紐約洋基,51428197.1,374,得分最高單局(不含延長賽),252792521.1,第4局,,,6.25,4,21,,,
2026-07-04,2026-07-04T13:50:58,台灣運彩,823526,3476784.1,107,2026-07-05T01:35:00+08:00,明尼蘇達雙城,紐約洋基,明尼蘇達雙城 @ 紐約洋基,51428197.1,374,得分最高單局(不含延長賽),252792522.1,第5局,,,5.80,5,24,,,
2026-07-04,2026-07-04T13:50:58,台灣運彩,823526,3476784.1,107,2026-07-05T01:35:00+08:00,明尼蘇達雙城,紐約洋基,明尼蘇達雙城 @ 紐約洋基,51428197.1,374,得分最高單局(不含延長賽),252792523.1,第6局,,,5.80,5,24,,,
2026-07-04,2026-07-04T13:50:58,台灣運彩,823526,3476784.1,107,2026-07-05T01:35:00+08:00,明尼蘇達雙城,紐約洋基,明尼蘇達雙城 @ 紐約洋基,51428197.1,374,得分最高單局(不含延長賽),252792524.1,第7局,,,5.85,20,97,,,
2026-07-04,2026-07-04T13:50:58,台灣運彩,823526,3476784.1,107,2026-07-05T01:35:00+08:00,明尼蘇達雙城,紐約洋基,明尼蘇達雙城 @ 紐約洋基,51428197.1,374,得分最高單局(不含延長賽),252792525.1,第8局,,,5.85,20,97,,,
2026-07-04,2026-07-04T13:50:58,台灣運彩,823526,3476784.1,107,2026-07-05T01:35:00+08:00,明尼蘇達雙城,紐約洋基,明尼蘇達雙城 @ 紐約洋基,51428197.1,374,得分最高單局(不含延長賽),252792526.1,第9局,,,8.00,1,7,,,
2026-07-04,2026-07-04T13:50:58,台灣運彩,823526,3476784.1,107,2026-07-05T01:35:00+08:00,明尼蘇達雙城,紐約洋基,明尼蘇達雙城 @ 紐約洋基,51428193.1,376,[1-5局] 不讓分,252792509.1,紐約洋基,H,,1.45,20,9,H,,1
2026-07-04,2026-07-04T13:50:58,台灣運彩,823526,3476784.1,107,2026-07-05T01:35:00+08:00,明尼蘇達雙城,紐約洋基,明尼蘇達雙城 @ 紐約洋基,51428193.1,376,[1-5局] 不讓分,252792511.1,明尼蘇達雙城,A,,2.40,5,7,A,,2
2026-07-04,2026-07-04T13:50:58,台灣運彩,823526,3476784.1,107,2026-07-05T01:35:00+08:00,明尼蘇達雙城,紐約洋基,明尼蘇達雙城 @ 紐約洋基,51428193.1,376,[1-5局] 不讓分,252792510.1,和局,D,,5.30,10,43,D,,
2026-07-04,2026-07-04T13:50:58,台灣運彩,823526,3476784.1,107,2026-07-05T01:35:00+08:00,明尼蘇達雙城,紐約洋基,明尼蘇達雙城 @ 紐約洋基,51428196.1,378,[1-5局] 大小 5.5,252792517.1,大 5.5,A,5.5,1.70,10,7,A,5.5,
2026-07-04,2026-07-04T13:50:58,台灣運彩,823526,3476784.1,107,2026-07-05T01:35:00+08:00,明尼蘇達雙城,紐約洋基,明尼蘇達雙城 @ 紐約洋基,51428196.1,378,[1-5局] 大小 5.5,252792516.1,小 5.5,H,5.5,1.63,100,63,H,5.5,
2026-07-04,2026-07-04T13:50:58,台灣運彩,823526,3476784.1,107,2026-07-05T01:35:00+08:00,明尼蘇達雙城,紐約洋基,明尼蘇達雙城 @ 紐約洋基,51428194.1,379,[1-5局] 紐約洋基 大小 3.5,252792513.1,大 3.5,A,3.5,1.88,25,22,A,3.5,
2026-07-04,2026-07-04T13:50:58,台灣運彩,823526,3476784.1,107,2026-07-05T01:35:00+08:00,明尼蘇達雙城,紐約洋基,明尼蘇達雙城 @ 紐約洋基,51428194.1,379,[1-5局] 紐約洋基 大小 3.5,252792512.1,小 3.5,H,3.5,1.56,25,14,H,3.5,
2026-07-04,2026-07-04T13:50:58,台灣運彩,823526,3476784.1,107,2026-07-05T01:35:00+08:00,明尼蘇達雙城,紐約洋基,明尼蘇達雙城 @ 紐約洋基,51428191.1,380,[1-5局] 明尼蘇達雙城 大小 1.5,252792505.1,大 1.5,A,1.5,1.58,50,29,A,1.5,
2026-07-04,2026-07-04T13:50:58,台灣運彩,823526,3476784.1,107,2026-07-05T01:35:00+08:00,明尼蘇達雙城,紐約洋基,明尼蘇達雙城 @ 紐約洋基,51428191.1,380,[1-5局] 明尼蘇達雙城 大小 1.5,252792504.1,小 1.5,H,1.5,1.86,50,43,H,1.5,
2026-07-04,2026-07-04T13:50:58,台灣運彩,823526,3476784.1,107,2026-07-05T01:35:00+08:00,明尼蘇達雙城,紐約洋基,明尼蘇達雙城 @ 紐約洋基,51428192.1,389,[第1局] 不讓分,252792506.1,紐約洋基,H,,2.25,4,5,H,,1
2026-07-04,2026-07-04T13:50:58,台灣運彩,823526,3476784.1,107,2026-07-05T01:35:00+08:00,明尼蘇達雙城,紐約洋基,明尼蘇達雙城 @ 紐約洋基,51428192.1,389,[第1局] 不讓分,252792508.1,明尼蘇達雙城,A,,3.80,5,14,A,,2
2026-07-04,2026-07-04T13:50:58,台灣運彩,823526,3476784.1,107,2026-07-05T01:35:00+08:00,明尼蘇達雙城,紐約洋基,明尼蘇達雙城 @ 紐約洋基,51428192.1,389,[第1局] 不讓分,252792507.1,和局,D,,1.65,20,13,D,,
2026-07-04,2026-07-04T13:50:58,台灣運彩,823526,3476784.1,107,2026-07-05T01:35:00+08:00,明尼蘇達雙城,紐約洋基,明尼蘇達雙城 @ 紐約洋基,51428195.1,398,[第1局] 大小 0.5,252792515.1,大 0.5,A,0.5,1.55,20,11,A,0.5,
2026-07-04,2026-07-04T13:50:58,台灣運彩,823526,3476784.1,107,2026-07-05T01:35:00+08:00,明尼蘇達雙城,紐約洋基,明尼蘇達雙城 @ 紐約洋基,51428195.1,398,[第1局] 大小 0.5,252792514.1,小 0.5,H,0.5,1.80,5,4,H,0.5,
2026-07-04,2026-07-04T13:50:58,台灣運彩,822882,3476799.1,108,2026-07-05T04:05:00+08:00,底特律老虎,德州遊騎兵,底特律老虎 @ 德州遊騎兵,51427534.1,354,不讓分,252790701.1,德州遊騎兵,H,,1.85,20,17,H,,1
2026-07-04,2026-07-04T13:50:58,台灣運彩,822882,3476799.1,108,2026-07-05T04:05:00+08:00,底特律老虎,德州遊騎兵,底特律老虎 @ 德州遊騎兵,51427534.1,354,不讓分,252790702.1,底特律老虎,A,,1.65,20,13,A,,2
2026-07-04,2026-07-04T13:50:58,台灣運彩,822882,3476799.1,108,2026-07-05T04:05:00+08:00,底特律老虎,德州遊騎兵,底特律老虎 @ 德州遊騎兵,51427543.1,357,勝分差,252790722.1,底特律老虎 1 分,A,,5.35,20,87,A,,
2026-07-04,2026-07-04T13:50:58,台灣運彩,822882,3476799.1,108,2026-07-05T04:05:00+08:00,底特律老虎,德州遊騎兵,底特律老虎 @ 德州遊騎兵,51427543.1,357,勝分差,252790723.1,底特律老虎 2 分,A,,6.75,4,23,A,,
2026-07-04,2026-07-04T13:50:58,台灣運彩,822882,3476799.1,108,2026-07-05T04:05:00+08:00,底特律老虎,德州遊騎兵,底特律老虎 @ 德州遊騎兵,51427543.1,357,勝分差,252790724.1,底特律老虎 > 2分,A,,2.45,20,29,A,,
2026-07-04,2026-07-04T13:50:58,台灣運彩,822882,3476799.1,108,2026-07-05T04:05:00+08:00,底特律老虎,德州遊騎兵,底特律老虎 @ 德州遊騎兵,51427543.1,357,勝分差,252790719.1,德州遊騎兵 1 分,H,,4.05,20,61,H,,
2026-07-04,2026-07-04T13:50:58,台灣運彩,822882,3476799.1,108,2026-07-05T04:05:00+08:00,底特律老虎,德州遊騎兵,底特律老虎 @ 德州遊騎兵,51427543.1,357,勝分差,252790720.1,德州遊騎兵 2 分,H,,7.25,4,25,H,,
2026-07-04,2026-07-04T13:50:58,台灣運彩,822882,3476799.1,108,2026-07-05T04:05:00+08:00,底特律老虎,德州遊騎兵,底特律老虎 @ 德州遊騎兵,51427543.1,357,勝分差,252790721.1,德州遊騎兵 > 2分,H,,3.05,20,41,H,,
2026-07-04,2026-07-04T13:50:58,台灣運彩,822882,3476799.1,108,2026-07-05T04:05:00+08:00,底特律老虎,德州遊騎兵,底特律老虎 @ 德州遊騎兵,51427538.1,358,讓分 1.5,252790709.1,德州遊騎兵 +1.5,H,1.5,1.48,25,12,H,1.5,1
2026-07-04,2026-07-04T13:50:58,台灣運彩,822882,3476799.1,108,2026-07-05T04:05:00+08:00,底特律老虎,德州遊騎兵,底特律老虎 @ 德州遊騎兵,51427538.1,358,讓分 1.5,252790710.1,底特律老虎 -1.5,A,1.5,2.05,20,21,A,1.5,2
2026-07-04,2026-07-04T13:50:58,台灣運彩,822882,3476799.1,108,2026-07-05T04:05:00+08:00,底特律老虎,德州遊騎兵,底特律老虎 @ 德州遊騎兵,51427542.1,358,讓分 2.5,252790717.1,德州遊騎兵 +2.5,H,2.5,1.32,25,8,H,2.5,1
2026-07-04,2026-07-04T13:50:58,台灣運彩,822882,3476799.1,108,2026-07-05T04:05:00+08:00,底特律老虎,德州遊騎兵,底特律老虎 @ 德州遊騎兵,51427542.1,358,讓分 2.5,252790718.1,底特律老虎 -2.5,A,2.5,2.50,2,3,A,2.5,2
2026-07-04,2026-07-04T13:50:58,台灣運彩,822882,3476799.1,108,2026-07-05T04:05:00+08:00,底特律老虎,德州遊騎兵,底特律老虎 @ 德州遊騎兵,51427537.1,360,[總分]大小 7.5,252790708.1,大 7.5,A,7.5,1.65,20,13,A,7.5,
2026-07-04,2026-07-04T13:50:58,台灣運彩,822882,3476799.1,108,2026-07-05T04:05:00+08:00,底特律老虎,德州遊騎兵,底特律老虎 @ 德州遊騎兵,51427537.1,360,[總分]大小 7.5,252790707.1,小 7.5,H,7.5,1.85,20,17,H,7.5,
2026-07-04,2026-07-04T13:50:58,台灣運彩,822882,3476799.1,108,2026-07-05T04:05:00+08:00,底特律老虎,德州遊騎兵,底特律老虎 @ 德州遊騎兵,51427539.1,360,[總分]大小 6.5,252790712.1,大 6.5,A,6.5,1.38,50,19,A,6.5,
2026-07-04,2026-07-04T13:50:58,台灣運彩,822882,3476799.1,108,2026-07-05T04:05:00+08:00,底特律老虎,德州遊騎兵,底特律老虎 @ 德州遊騎兵,51427539.1,360,[總分]大小 6.5,252790711.1,小 6.5,H,6.5,2.33,100,133,H,6.5,
2026-07-04,2026-07-04T13:50:58,台灣運彩,822882,3476799.1,108,2026-07-05T04:05:00+08:00,底特律老虎,德州遊騎兵,底特律老虎 @ 德州遊騎兵,51427541.1,360,[總分]大小 8.5,252790716.1,大 8.5,A,8.5,1.88,25,22,A,8.5,
2026-07-04,2026-07-04T13:50:58,台灣運彩,822882,3476799.1,108,2026-07-05T04:05:00+08:00,底特律老虎,德州遊騎兵,底特律老虎 @ 德州遊騎兵,51427541.1,360,[總分]大小 8.5,252790715.1,小 8.5,H,8.5,1.62,50,31,H,8.5,
2026-07-04,2026-07-04T13:50:58,台灣運彩,822882,3476799.1,108,2026-07-05T04:05:00+08:00,底特律老虎,德州遊騎兵,底特律老虎 @ 德州遊騎兵,51427536.1,362,德州遊騎兵 大小 3.5,252790706.1,大 3.5,A,3.5,1.68,25,17,A,3.5,
2026-07-04,2026-07-04T13:50:58,台灣運彩,822882,3476799.1,108,2026-07-05T04:05:00+08:00,底特律老虎,德州遊騎兵,底特律老虎 @ 德州遊騎兵,51427536.1,362,德州遊騎兵 大小 3.5,252790705.1,小 3.5,H,3.5,1.75,4,3,H,3.5,
2026-07-04,2026-07-04T13:50:58,台灣運彩,822882,3476799.1,108,2026-07-05T04:05:00+08:00,底特律老虎,德州遊騎兵,底特律老虎 @ 德州遊騎兵,51427533.1,363,底特律老虎 大小 3.5,252790700.1,大 3.5,A,3.5,1.56,25,14,A,3.5,
2026-07-04,2026-07-04T13:50:58,台灣運彩,822882,3476799.1,108,2026-07-05T04:05:00+08:00,底特律老虎,德州遊騎兵,底特律老虎 @ 德州遊騎兵,51427533.1,363,底特律老虎 大小 3.5,252790699.1,小 3.5,H,3.5,1.88,25,22,H,3.5,
2026-07-04,2026-07-04T13:50:58,台灣運彩,822882,3476799.1,108,2026-07-05T04:05:00+08:00,底特律老虎,德州遊騎兵,底特律老虎 @ 德州遊騎兵,51427535.1,366,[總分]單雙,252790704.1,單,,,1.46,50,23,,,
2026-07-04,2026-07-04T13:50:58,台灣運彩,822882,3476799.1,108,2026-07-05T04:05:00+08:00,底特律老虎,德州遊騎兵,底特律老虎 @ 德州遊騎兵,51427535.1,366,[總分]單雙,252790703.1,雙,,,2.05,20,21,,,
2026-07-04,2026-07-04T13:50:58,台灣運彩,822882,3476799.1,108,2026-07-05T04:05:00+08:00,底特律老虎,德州遊騎兵,底特律老虎 @ 德州遊騎兵,51427930.1,374,得分最高單局(不含延長賽),252791808.1,一樣多,,,2.20,5,6,,,
2026-07-04,2026-07-04T13:50:58,台灣運彩,822882,3476799.1,108,2026-07-05T04:05:00+08:00,底特律老虎,德州遊騎兵,底特律老虎 @ 德州遊騎兵,51427930.1,374,得分最高單局(不含延長賽),252791799.1,第1局,,,5.65,20,93,,,
2026-07-04,2026-07-04T13:50:58,台灣運彩,822882,3476799.1,108,2026-07-05T04:05:00+08:00,底特律老虎,德州遊騎兵,底特律老虎 @ 德州遊騎兵,51427930.1,374,得分最高單局(不含延長賽),252791800.1,第2局,,,6.75,4,23,,,
2026-07-04,2026-07-04T13:50:58,台灣運彩,822882,3476799.1,108,2026-07-05T04:05:00+08:00,底特律老虎,德州遊騎兵,底特律老虎 @ 德州遊騎兵,51427930.1,374,得分最高單局(不含延長賽),252791801.1,第3局,,,5.80,5,24,,,
2026-07-04,2026-07-04T13:50:58,台灣運彩,822882,3476799.1,108,2026-07-05T04:05:00+08:00,底特律老虎,德州遊騎兵,底特律老虎 @ 德州遊騎兵,51427930.1,374,得分最高單局(不含延長賽),252791802.1,第4局,,,6.25,4,21,,,
2026-07-04,2026-07-04T13:50:58,台灣運彩,822882,3476799.1,108,2026-07-05T04:05:00+08:00,底特律老虎,德州遊騎兵,底特律老虎 @ 德州遊騎兵,51427930.1,374,得分最高單局(不含延長賽),252791803.1,第5局,,,6.00,1,5,,,
2026-07-04,2026-07-04T13:50:58,台灣運彩,822882,3476799.1,108,2026-07-05T04:05:00+08:00,底特律老虎,德州遊騎兵,底特律老虎 @ 德州遊騎兵,51427930.1,374,得分最高單局(不含延長賽),252791804.1,第6局,,,5.95,20,99,,,
2026-07-04,2026-07-04T13:50:58,台灣運彩,822882,3476799.1,108,2026-07-05T04:05:00+08:00,底特律老虎,德州遊騎兵,底特律老虎 @ 德州遊騎兵,51427930.1,374,得分最高單局(不含延長賽),252791805.1,第7局,,,6.00,1,5,,,
2026-07-04,2026-07-04T13:50:58,台灣運彩,822882,3476799.1,108,2026-07-05T04:05:00+08:00,底特律老虎,德州遊騎兵,底特律老虎 @ 德州遊騎兵,51427930.1,374,得分最高單局(不含延長賽),252791806.1,第8局,,,5.60,5,23,,,
2026-07-04,2026-07-04T13:50:58,台灣運彩,822882,3476799.1,108,2026-07-05T04:05:00+08:00,底特律老虎,德州遊騎兵,底特律老虎 @ 德州遊騎兵,51427930.1,374,得分最高單局(不含延長賽),252791807.1,第9局,,,8.00,1,7,,,
2026-07-04,2026-07-04T13:50:58,台灣運彩,822882,3476799.1,108,2026-07-05T04:05:00+08:00,底特律老虎,德州遊騎兵,底特律老虎 @ 德州遊騎兵,51427926.1,376,[1-5局] 不讓分,252791789.1,德州遊騎兵,H,,1.90,10,9,H,,1
2026-07-04,2026-07-04T13:50:58,台灣運彩,822882,3476799.1,108,2026-07-05T04:05:00+08:00,底特律老虎,德州遊騎兵,底特律老虎 @ 德州遊騎兵,51427926.1,376,[1-5局] 不讓分,252791791.1,底特律老虎,A,,1.80,5,4,A,,2
2026-07-04,2026-07-04T13:50:58,台灣運彩,822882,3476799.1,108,2026-07-05T04:05:00+08:00,底特律老虎,德州遊騎兵,底特律老虎 @ 德州遊騎兵,51427926.1,376,[1-5局] 不讓分,252791790.1,和局,D,,4.40,5,17,D,,
2026-07-04,2026-07-04T13:50:58,台灣運彩,822882,3476799.1,108,2026-07-05T04:05:00+08:00,底特律老虎,德州遊騎兵,底特律老虎 @ 德州遊騎兵,51427927.1,378,[1-5局] 大小 4.5,252791793.1,大 4.5,A,4.5,1.80,5,4,A,4.5,
2026-07-04,2026-07-04T13:50:58,台灣運彩,822882,3476799.1,108,2026-07-05T04:05:00+08:00,底特律老虎,德州遊騎兵,底特律老虎 @ 德州遊騎兵,51427927.1,378,[1-5局] 大小 4.5,252791792.1,小 4.5,H,4.5,1.55,20,11,H,4.5,
2026-07-04,2026-07-04T13:50:58,台灣運彩,822882,3476799.1,108,2026-07-05T04:05:00+08:00,底特律老虎,德州遊騎兵,底特律老虎 @ 德州遊騎兵,51427931.1,379,[1-5局] 德州遊騎兵 大小 1.5,252791810.1,大 1.5,A,1.5,1.60,5,3,A,1.5,
2026-07-04,2026-07-04T13:50:58,台灣運彩,822882,3476799.1,108,2026-07-05T04:05:00+08:00,底特律老虎,德州遊騎兵,底特律老虎 @ 德州遊騎兵,51427931.1,379,[1-5局] 德州遊騎兵 大小 1.5,252791809.1,小 1.5,H,1.5,1.85,20,17,H,1.5,
2026-07-04,2026-07-04T13:50:58,台灣運彩,822882,3476799.1,108,2026-07-05T04:05:00+08:00,底特律老虎,德州遊騎兵,底特律老虎 @ 德州遊騎兵,51427928.1,380,[1-5局] 底特律老虎 大小 1.5,252791795.1,大 1.5,A,1.5,1.53,100,53,A,1.5,
2026-07-04,2026-07-04T13:50:58,台灣運彩,822882,3476799.1,108,2026-07-05T04:05:00+08:00,底特律老虎,德州遊騎兵,底特律老虎 @ 德州遊騎兵,51427928.1,380,[1-5局] 底特律老虎 大小 1.5,252791794.1,小 1.5,H,1.5,1.93,100,93,H,1.5,
2026-07-04,2026-07-04T13:50:58,台灣運彩,822882,3476799.1,108,2026-07-05T04:05:00+08:00,底特律老虎,德州遊騎兵,底特律老虎 @ 德州遊騎兵,51427929.1,389,[第1局] 不讓分,252791796.1,德州遊騎兵,H,,3.20,5,11,H,,1
2026-07-04,2026-07-04T13:50:58,台灣運彩,822882,3476799.1,108,2026-07-05T04:05:00+08:00,底特律老虎,德州遊騎兵,底特律老虎 @ 德州遊騎兵,51427929.1,389,[第1局] 不讓分,252791798.1,底特律老虎,A,,3.20,5,11,A,,2
2026-07-04,2026-07-04T13:50:58,台灣運彩,822882,3476799.1,108,2026-07-05T04:05:00+08:00,底特律老虎,德州遊騎兵,底特律老虎 @ 德州遊騎兵,51427929.1,389,[第1局] 不讓分,252791797.1,和局,D,,1.50,2,1,D,,
2026-07-04,2026-07-04T13:50:58,台灣運彩,822882,3476799.1,108,2026-07-05T04:05:00+08:00,底特律老虎,德州遊騎兵,底特律老虎 @ 德州遊騎兵,51427925.1,398,[第1局] 大小 0.5,252791788.1,大 0.5,A,0.5,1.75,4,3,A,0.5,
2026-07-04,2026-07-04T13:50:58,台灣運彩,822882,3476799.1,108,2026-07-05T04:05:00+08:00,底特律老虎,德州遊騎兵,底特律老虎 @ 德州遊騎兵,51427925.1,398,[第1局] 大小 0.5,252791787.1,小 0.5,H,0.5,1.58,50,29,H,0.5,
2026-07-04,2026-07-04T13:50:58,台灣運彩,823118,3476800.1,109,2026-07-05T04:10:00+08:00,多倫多藍鳥,西雅圖水手,多倫多藍鳥 @ 西雅圖水手,51427550.1,354,不讓分,252790743.1,西雅圖水手,H,,1.45,20,9,H,,1
2026-07-04,2026-07-04T13:50:58,台灣運彩,823118,3476800.1,109,2026-07-05T04:10:00+08:00,多倫多藍鳥,西雅圖水手,多倫多藍鳥 @ 西雅圖水手,51427550.1,354,不讓分,252790744.1,多倫多藍鳥,A,,2.10,10,11,A,,2
2026-07-04,2026-07-04T13:50:58,台灣運彩,823118,3476800.1,109,2026-07-05T04:10:00+08:00,多倫多藍鳥,西雅圖水手,多倫多藍鳥 @ 西雅圖水手,51427560.1,357,勝分差,252790766.1,多倫多藍鳥 1 分,A,,5.70,10,47,A,,
2026-07-04,2026-07-04T13:50:58,台灣運彩,823118,3476800.1,109,2026-07-05T04:10:00+08:00,多倫多藍鳥,西雅圖水手,多倫多藍鳥 @ 西雅圖水手,51427560.1,357,勝分差,252790767.1,多倫多藍鳥 2 分,A,,7.50,2,13,A,,
2026-07-04,2026-07-04T13:50:58,台灣運彩,823118,3476800.1,109,2026-07-05T04:10:00+08:00,多倫多藍鳥,西雅圖水手,多倫多藍鳥 @ 西雅圖水手,51427560.1,357,勝分差,252790768.1,多倫多藍鳥 > 2分,A,,3.30,10,23,A,,
2026-07-04,2026-07-04T13:50:58,台灣運彩,823118,3476800.1,109,2026-07-05T04:10:00+08:00,多倫多藍鳥,西雅圖水手,多倫多藍鳥 @ 西雅圖水手,51427560.1,357,勝分差,252790763.1,西雅圖水手 1 分,H,,3.85,20,57,H,,
2026-07-04,2026-07-04T13:50:58,台灣運彩,823118,3476800.1,109,2026-07-05T04:10:00+08:00,多倫多藍鳥,西雅圖水手,多倫多藍鳥 @ 西雅圖水手,51427560.1,357,勝分差,252790764.1,西雅圖水手 2 分,H,,6.50,2,11,H,,
2026-07-04,2026-07-04T13:50:58,台灣運彩,823118,3476800.1,109,2026-07-05T04:10:00+08:00,多倫多藍鳥,西雅圖水手,多倫多藍鳥 @ 西雅圖水手,51427560.1,357,勝分差,252790765.1,西雅圖水手 > 2分,H,,2.35,20,27,H,,
2026-07-04,2026-07-04T13:50:58,台灣運彩,823118,3476800.1,109,2026-07-05T04:10:00+08:00,多倫多藍鳥,西雅圖水手,多倫多藍鳥 @ 西雅圖水手,51427556.1,358,讓分 -1.5,252790755.1,西雅圖水手 -1.5,H,-1.5,1.97,100,97,H,-1.5,1
2026-07-04,2026-07-04T13:50:58,台灣運彩,823118,3476800.1,109,2026-07-05T04:10:00+08:00,多倫多藍鳥,西雅圖水手,多倫多藍鳥 @ 西雅圖水手,51427556.1,358,讓分 -1.5,252790756.1,多倫多藍鳥 +1.5,A,-1.5,1.53,100,53,A,-1.5,2
2026-07-04,2026-07-04T13:50:58,台灣運彩,823118,3476800.1,109,2026-07-05T04:10:00+08:00,多倫多藍鳥,西雅圖水手,多倫多藍鳥 @ 西雅圖水手,51427558.1,358,讓分 -2.5,252790759.1,西雅圖水手 -2.5,H,-2.5,2.45,20,29,H,-2.5,1
2026-07-04,2026-07-04T13:50:58,台灣運彩,823118,3476800.1,109,2026-07-05T04:10:00+08:00,多倫多藍鳥,西雅圖水手,多倫多藍鳥 @ 西雅圖水手,51427558.1,358,讓分 -2.5,252790760.1,多倫多藍鳥 +2.5,A,-2.5,1.35,20,7,A,-2.5,2
2026-07-04,2026-07-04T13:50:58,台灣運彩,823118,3476800.1,109,2026-07-05T04:10:00+08:00,多倫多藍鳥,西雅圖水手,多倫多藍鳥 @ 西雅圖水手,51427553.1,360,[總分]大小 6.5,252790750.1,大 6.5,A,6.5,1.42,50,21,A,6.5,
2026-07-04,2026-07-04T13:50:58,台灣運彩,823118,3476800.1,109,2026-07-05T04:10:00+08:00,多倫多藍鳥,西雅圖水手,多倫多藍鳥 @ 西雅圖水手,51427553.1,360,[總分]大小 6.5,252790749.1,小 6.5,H,6.5,2.20,5,6,H,6.5,
2026-07-04,2026-07-04T13:50:58,台灣運彩,823118,3476800.1,109,2026-07-05T04:10:00+08:00,多倫多藍鳥,西雅圖水手,多倫多藍鳥 @ 西雅圖水手,51427554.1,360,[總分]大小 8.5,252790752.1,大 8.5,A,8.5,1.94,50,47,A,8.5,
2026-07-04,2026-07-04T13:50:58,台灣運彩,823118,3476800.1,109,2026-07-05T04:10:00+08:00,多倫多藍鳥,西雅圖水手,多倫多藍鳥 @ 西雅圖水手,51427554.1,360,[總分]大小 8.5,252790751.1,小 8.5,H,8.5,1.56,25,14,H,8.5,
2026-07-04,2026-07-04T13:50:58,台灣運彩,823118,3476800.1,109,2026-07-05T04:10:00+08:00,多倫多藍鳥,西雅圖水手,多倫多藍鳥 @ 西雅圖水手,51427559.1,360,[總分]大小 7.5,252790762.1,大 7.5,A,7.5,1.71,100,71,A,7.5,
2026-07-04,2026-07-04T13:50:58,台灣運彩,823118,3476800.1,109,2026-07-05T04:10:00+08:00,多倫多藍鳥,西雅圖水手,多倫多藍鳥 @ 西雅圖水手,51427559.1,360,[總分]大小 7.5,252790761.1,小 7.5,H,7.5,1.79,100,79,H,7.5,
2026-07-04,2026-07-04T13:50:58,台灣運彩,823118,3476800.1,109,2026-07-05T04:10:00+08:00,多倫多藍鳥,西雅圖水手,多倫多藍鳥 @ 西雅圖水手,51427552.1,362,西雅圖水手 大小 4.5,252790748.1,大 4.5,A,4.5,1.93,100,93,A,4.5,
2026-07-04,2026-07-04T13:50:58,台灣運彩,823118,3476800.1,109,2026-07-05T04:10:00+08:00,多倫多藍鳥,西雅圖水手,多倫多藍鳥 @ 西雅圖水手,51427552.1,362,西雅圖水手 大小 4.5,252790747.1,小 4.5,H,4.5,1.53,100,53,H,4.5,
2026-07-04,2026-07-04T13:50:58,台灣運彩,823118,3476800.1,109,2026-07-05T04:10:00+08:00,多倫多藍鳥,西雅圖水手,多倫多藍鳥 @ 西雅圖水手,51427555.1,363,多倫多藍鳥 大小 3.5,252790754.1,大 3.5,A,3.5,1.82,50,41,A,3.5,
2026-07-04,2026-07-04T13:50:58,台灣運彩,823118,3476800.1,109,2026-07-05T04:10:00+08:00,多倫多藍鳥,西雅圖水手,多倫多藍鳥 @ 西雅圖水手,51427555.1,363,多倫多藍鳥 大小 3.5,252790753.1,小 3.5,H,3.5,1.62,50,31,H,3.5,
2026-07-04,2026-07-04T13:50:58,台灣運彩,823118,3476800.1,109,2026-07-05T04:10:00+08:00,多倫多藍鳥,西雅圖水手,多倫多藍鳥 @ 西雅圖水手,51427551.1,366,[總分]單雙,252790746.1,單,,,1.48,25,12,,,
2026-07-04,2026-07-04T13:50:58,台灣運彩,823118,3476800.1,109,2026-07-05T04:10:00+08:00,多倫多藍鳥,西雅圖水手,多倫多藍鳥 @ 西雅圖水手,51427551.1,366,[總分]單雙,252790745.1,雙,,,2.00,1,1,,,
2026-07-04,2026-07-04T13:50:58,台灣運彩,823118,3476800.1,109,2026-07-05T04:10:00+08:00,多倫多藍鳥,西雅圖水手,多倫多藍鳥 @ 西雅圖水手,51427938.1,374,得分最高單局(不含延長賽),252791834.1,一樣多,,,2.20,5,6,,,
2026-07-04,2026-07-04T13:50:58,台灣運彩,823118,3476800.1,109,2026-07-05T04:10:00+08:00,多倫多藍鳥,西雅圖水手,多倫多藍鳥 @ 西雅圖水手,51427938.1,374,得分最高單局(不含延長賽),252791825.1,第1局,,,5.40,5,22,,,
2026-07-04,2026-07-04T13:50:58,台灣運彩,823118,3476800.1,109,2026-07-05T04:10:00+08:00,多倫多藍鳥,西雅圖水手,多倫多藍鳥 @ 西雅圖水手,51427938.1,374,得分最高單局(不含延長賽),252791826.1,第2局,,,6.25,4,21,,,
2026-07-04,2026-07-04T13:50:58,台灣運彩,823118,3476800.1,109,2026-07-05T04:10:00+08:00,多倫多藍鳥,西雅圖水手,多倫多藍鳥 @ 西雅圖水手,51427938.1,374,得分最高單局(不含延長賽),252791827.1,第3局,,,5.65,20,93,,,
2026-07-04,2026-07-04T13:50:58,台灣運彩,823118,3476800.1,109,2026-07-05T04:10:00+08:00,多倫多藍鳥,西雅圖水手,多倫多藍鳥 @ 西雅圖水手,51427938.1,374,得分最高單局(不含延長賽),252791828.1,第4局,,,6.25,4,21,,,
2026-07-04,2026-07-04T13:50:58,台灣運彩,823118,3476800.1,109,2026-07-05T04:10:00+08:00,多倫多藍鳥,西雅圖水手,多倫多藍鳥 @ 西雅圖水手,51427938.1,374,得分最高單局(不含延長賽),252791829.1,第5局,,,5.80,5,24,,,
2026-07-04,2026-07-04T13:50:58,台灣運彩,823118,3476800.1,109,2026-07-05T04:10:00+08:00,多倫多藍鳥,西雅圖水手,多倫多藍鳥 @ 西雅圖水手,51427938.1,374,得分最高單局(不含延長賽),252791830.1,第6局,,,6.00,1,5,,,
2026-07-04,2026-07-04T13:50:58,台灣運彩,823118,3476800.1,109,2026-07-05T04:10:00+08:00,多倫多藍鳥,西雅圖水手,多倫多藍鳥 @ 西雅圖水手,51427938.1,374,得分最高單局(不含延長賽),252791831.1,第7局,,,6.25,4,21,,,
2026-07-04,2026-07-04T13:50:58,台灣運彩,823118,3476800.1,109,2026-07-05T04:10:00+08:00,多倫多藍鳥,西雅圖水手,多倫多藍鳥 @ 西雅圖水手,51427938.1,374,得分最高單局(不含延長賽),252791832.1,第8局,,,5.90,10,49,,,
2026-07-04,2026-07-04T13:50:58,台灣運彩,823118,3476800.1,109,2026-07-05T04:10:00+08:00,多倫多藍鳥,西雅圖水手,多倫多藍鳥 @ 西雅圖水手,51427938.1,374,得分最高單局(不含延長賽),252791833.1,第9局,,,8.00,1,7,,,
2026-07-04,2026-07-04T13:50:58,台灣運彩,823118,3476800.1,109,2026-07-05T04:10:00+08:00,多倫多藍鳥,西雅圖水手,多倫多藍鳥 @ 西雅圖水手,51427932.1,376,[1-5局] 不讓分,252791811.1,西雅圖水手,H,,1.60,5,3,H,,1
2026-07-04,2026-07-04T13:50:58,台灣運彩,823118,3476800.1,109,2026-07-05T04:10:00+08:00,多倫多藍鳥,西雅圖水手,多倫多藍鳥 @ 西雅圖水手,51427932.1,376,[1-5局] 不讓分,252791813.1,多倫多藍鳥,A,,2.20,5,6,A,,2
2026-07-04,2026-07-04T13:50:58,台灣運彩,823118,3476800.1,109,2026-07-05T04:10:00+08:00,多倫多藍鳥,西雅圖水手,多倫多藍鳥 @ 西雅圖水手,51427932.1,376,[1-5局] 不讓分,252791812.1,和局,D,,4.45,20,69,D,,
2026-07-04,2026-07-04T13:50:58,台灣運彩,823118,3476800.1,109,2026-07-05T04:10:00+08:00,多倫多藍鳥,西雅圖水手,多倫多藍鳥 @ 西雅圖水手,51427934.1,378,[1-5局] 大小 4.5,252791817.1,大 4.5,A,4.5,1.78,50,39,A,4.5,
2026-07-04,2026-07-04T13:50:58,台灣運彩,823118,3476800.1,109,2026-07-05T04:10:00+08:00,多倫多藍鳥,西雅圖水手,多倫多藍鳥 @ 西雅圖水手,51427934.1,378,[1-5局] 大小 4.5,252791816.1,小 4.5,H,4.5,1.56,25,14,H,4.5,
2026-07-04,2026-07-04T13:50:58,台灣運彩,823118,3476800.1,109,2026-07-05T04:10:00+08:00,多倫多藍鳥,西雅圖水手,多倫多藍鳥 @ 西雅圖水手,51427933.1,379,[1-5局] 西雅圖水手 大小 2.5,252791815.1,大 2.5,A,2.5,1.90,10,9,A,2.5,
2026-07-04,2026-07-04T13:50:58,台灣運彩,823118,3476800.1,109,2026-07-05T04:10:00+08:00,多倫多藍鳥,西雅圖水手,多倫多藍鳥 @ 西雅圖水手,51427933.1,379,[1-5局] 西雅圖水手 大小 2.5,252791814.1,小 2.5,H,2.5,1.55,20,11,H,2.5,
2026-07-04,2026-07-04T13:50:58,台灣運彩,823118,3476800.1,109,2026-07-05T04:10:00+08:00,多倫多藍鳥,西雅圖水手,多倫多藍鳥 @ 西雅圖水手,51427936.1,380,[1-5局] 多倫多藍鳥 大小 1.5,252791821.1,大 1.5,A,1.5,1.73,100,73,A,1.5,
2026-07-04,2026-07-04T13:50:58,台灣運彩,823118,3476800.1,109,2026-07-05T04:10:00+08:00,多倫多藍鳥,西雅圖水手,多倫多藍鳥 @ 西雅圖水手,51427936.1,380,[1-5局] 多倫多藍鳥 大小 1.5,252791820.1,小 1.5,H,1.5,1.70,10,7,H,1.5,
2026-07-04,2026-07-04T13:50:58,台灣運彩,823118,3476800.1,109,2026-07-05T04:10:00+08:00,多倫多藍鳥,西雅圖水手,多倫多藍鳥 @ 西雅圖水手,51427937.1,389,[第1局] 不讓分,252791822.1,西雅圖水手,H,,2.75,4,7,H,,1
2026-07-04,2026-07-04T13:50:58,台灣運彩,823118,3476800.1,109,2026-07-05T04:10:00+08:00,多倫多藍鳥,西雅圖水手,多倫多藍鳥 @ 西雅圖水手,51427937.1,389,[第1局] 不讓分,252791824.1,多倫多藍鳥,A,,3.75,4,11,A,,2
2026-07-04,2026-07-04T13:50:58,台灣運彩,823118,3476800.1,109,2026-07-05T04:10:00+08:00,多倫多藍鳥,西雅圖水手,多倫多藍鳥 @ 西雅圖水手,51427937.1,389,[第1局] 不讓分,252791823.1,和局,D,,1.50,2,1,D,,
2026-07-04,2026-07-04T13:50:58,台灣運彩,823118,3476800.1,109,2026-07-05T04:10:00+08:00,多倫多藍鳥,西雅圖水手,多倫多藍鳥 @ 西雅圖水手,51427935.1,398,[第1局] 大小 0.5,252791819.1,大 0.5,A,0.5,1.75,4,3,A,0.5,
2026-07-04,2026-07-04T13:50:58,台灣運彩,823118,3476800.1,109,2026-07-05T04:10:00+08:00,多倫多藍鳥,西雅圖水手,多倫多藍鳥 @ 西雅圖水手,51427935.1,398,[第1局] 大小 0.5,252791818.1,小 0.5,H,0.5,1.58,50,29,H,0.5,
2026-07-04,2026-07-04T13:50:58,台灣運彩,824415,3476812.1,115,2026-07-05T07:10:00+08:00,芝加哥白襪,克里夫蘭守護者,芝加哥白襪 @ 克里夫蘭守護者,51427710.1,354,不讓分,252791204.1,克里夫蘭守護者,H,,1.50,2,1,H,,1
2026-07-04,2026-07-04T13:50:58,台灣運彩,824415,3476812.1,115,2026-07-05T07:10:00+08:00,芝加哥白襪,克里夫蘭守護者,芝加哥白襪 @ 克里夫蘭守護者,51427710.1,354,不讓分,252791205.1,芝加哥白襪,A,,2.00,1,1,A,,2
2026-07-04,2026-07-04T13:50:58,台灣運彩,824415,3476812.1,115,2026-07-05T07:10:00+08:00,芝加哥白襪,克里夫蘭守護者,芝加哥白襪 @ 克里夫蘭守護者,51427726.1,357,勝分差,252791238.1,克里夫蘭守護者 1 分,H,,3.80,5,14,H,,
2026-07-04,2026-07-04T13:50:58,台灣運彩,824415,3476812.1,115,2026-07-05T07:10:00+08:00,芝加哥白襪,克里夫蘭守護者,芝加哥白襪 @ 克里夫蘭守護者,51427726.1,357,勝分差,252791239.1,克里夫蘭守護者 2 分,H,,6.50,2,11,H,,
2026-07-04,2026-07-04T13:50:58,台灣運彩,824415,3476812.1,115,2026-07-05T07:10:00+08:00,芝加哥白襪,克里夫蘭守護者,芝加哥白襪 @ 克里夫蘭守護者,51427726.1,357,勝分差,252791240.1,克里夫蘭守護者 > 2分,H,,2.45,20,29,H,,
2026-07-04,2026-07-04T13:50:58,台灣運彩,824415,3476812.1,115,2026-07-05T07:10:00+08:00,芝加哥白襪,克里夫蘭守護者,芝加哥白襪 @ 克里夫蘭守護者,51427726.1,357,勝分差,252791241.1,芝加哥白襪 1 分,A,,5.65,20,93,A,,
2026-07-04,2026-07-04T13:50:58,台灣運彩,824415,3476812.1,115,2026-07-05T07:10:00+08:00,芝加哥白襪,克里夫蘭守護者,芝加哥白襪 @ 克里夫蘭守護者,51427726.1,357,勝分差,252791242.1,芝加哥白襪 2 分,A,,7.50,2,13,A,,
2026-07-04,2026-07-04T13:50:58,台灣運彩,824415,3476812.1,115,2026-07-05T07:10:00+08:00,芝加哥白襪,克里夫蘭守護者,芝加哥白襪 @ 克里夫蘭守護者,51427726.1,357,勝分差,252791243.1,芝加哥白襪 > 2分,A,,3.15,20,43,A,,
2026-07-04,2026-07-04T13:50:58,台灣運彩,824415,3476812.1,115,2026-07-05T07:10:00+08:00,芝加哥白襪,克里夫蘭守護者,芝加哥白襪 @ 克里夫蘭守護者,51427716.1,358,讓分 -1.5,252791217.1,克里夫蘭守護者 -1.5,H,-1.5,2.00,1,1,H,-1.5,1
2026-07-04,2026-07-04T13:50:58,台灣運彩,824415,3476812.1,115,2026-07-05T07:10:00+08:00,芝加哥白襪,克里夫蘭守護者,芝加哥白襪 @ 克里夫蘭守護者,51427716.1,358,讓分 -1.5,252791218.1,芝加哥白襪 +1.5,A,-1.5,1.50,2,1,A,-1.5,2
2026-07-04,2026-07-04T13:50:58,台灣運彩,824415,3476812.1,115,2026-07-05T07:10:00+08:00,芝加哥白襪,克里夫蘭守護者,芝加哥白襪 @ 克里夫蘭守護者,51427718.1,358,讓分 -2.5,252791221.1,克里夫蘭守護者 -2.5,H,-2.5,2.50,2,3,H,-2.5,1
2026-07-04,2026-07-04T13:50:58,台灣運彩,824415,3476812.1,115,2026-07-05T07:10:00+08:00,芝加哥白襪,克里夫蘭守護者,芝加哥白襪 @ 克里夫蘭守護者,51427718.1,358,讓分 -2.5,252791222.1,芝加哥白襪 +2.5,A,-2.5,1.32,25,8,A,-2.5,2
2026-07-04,2026-07-04T13:50:58,台灣運彩,824415,3476812.1,115,2026-07-05T07:10:00+08:00,芝加哥白襪,克里夫蘭守護者,芝加哥白襪 @ 克里夫蘭守護者,51427712.1,360,[總分]大小 7.5,252791209.1,大 7.5,A,7.5,1.71,100,71,A,7.5,
2026-07-04,2026-07-04T13:50:58,台灣運彩,824415,3476812.1,115,2026-07-05T07:10:00+08:00,芝加哥白襪,克里夫蘭守護者,芝加哥白襪 @ 克里夫蘭守護者,51427712.1,360,[總分]大小 7.5,252791208.1,小 7.5,H,7.5,1.79,100,79,H,7.5,
2026-07-04,2026-07-04T13:50:58,台灣運彩,824415,3476812.1,115,2026-07-05T07:10:00+08:00,芝加哥白襪,克里夫蘭守護者,芝加哥白襪 @ 克里夫蘭守護者,51427715.1,360,[總分]大小 8.5,252791216.1,大 8.5,A,8.5,1.95,20,19,A,8.5,
2026-07-04,2026-07-04T13:50:58,台灣運彩,824415,3476812.1,115,2026-07-05T07:10:00+08:00,芝加哥白襪,克里夫蘭守護者,芝加哥白襪 @ 克里夫蘭守護者,51427715.1,360,[總分]大小 8.5,252791215.1,小 8.5,H,8.5,1.55,20,11,H,8.5,
2026-07-04,2026-07-04T13:50:58,台灣運彩,824415,3476812.1,115,2026-07-05T07:10:00+08:00,芝加哥白襪,克里夫蘭守護者,芝加哥白襪 @ 克里夫蘭守護者,51427724.1,360,[總分]大小 6.5,252791235.1,大 6.5,A,6.5,1.42,50,21,A,6.5,
2026-07-04,2026-07-04T13:50:58,台灣運彩,824415,3476812.1,115,2026-07-05T07:10:00+08:00,芝加哥白襪,克里夫蘭守護者,芝加哥白襪 @ 克里夫蘭守護者,51427724.1,360,[總分]大小 6.5,252791234.1,小 6.5,H,6.5,2.20,5,6,H,6.5,
2026-07-04,2026-07-04T13:50:58,台灣運彩,824415,3476812.1,115,2026-07-05T07:10:00+08:00,芝加哥白襪,克里夫蘭守護者,芝加哥白襪 @ 克里夫蘭守護者,51427725.1,362,克里夫蘭守護者 大小 3.5,252791237.1,大 3.5,A,3.5,1.56,25,14,A,3.5,
2026-07-04,2026-07-04T13:50:58,台灣運彩,824415,3476812.1,115,2026-07-05T07:10:00+08:00,芝加哥白襪,克里夫蘭守護者,芝加哥白襪 @ 克里夫蘭守護者,51427725.1,362,克里夫蘭守護者 大小 3.5,252791236.1,小 3.5,H,3.5,1.88,25,22,H,3.5,
2026-07-04,2026-07-04T13:50:58,台灣運彩,824415,3476812.1,115,2026-07-05T07:10:00+08:00,芝加哥白襪,克里夫蘭守護者,芝加哥白襪 @ 克里夫蘭守護者,51427714.1,363,芝加哥白襪 大小 3.5,252791214.1,大 3.5,A,3.5,1.78,50,39,A,3.5,
2026-07-04,2026-07-04T13:50:58,台灣運彩,824415,3476812.1,115,2026-07-05T07:10:00+08:00,芝加哥白襪,克里夫蘭守護者,芝加哥白襪 @ 克里夫蘭守護者,51427714.1,363,芝加哥白襪 大小 3.5,252791213.1,小 3.5,H,3.5,1.65,20,13,H,3.5,
2026-07-04,2026-07-04T13:50:58,台灣運彩,824415,3476812.1,115,2026-07-05T07:10:00+08:00,芝加哥白襪,克里夫蘭守護者,芝加哥白襪 @ 克里夫蘭守護者,51427711.1,366,[總分]單雙,252791207.1,單,,,1.48,25,12,,,
2026-07-04,2026-07-04T13:50:58,台灣運彩,824415,3476812.1,115,2026-07-05T07:10:00+08:00,芝加哥白襪,克里夫蘭守護者,芝加哥白襪 @ 克里夫蘭守護者,51427711.1,366,[總分]單雙,252791206.1,雙,,,2.00,1,1,,,
2026-07-04,2026-07-04T13:50:58,台灣運彩,824415,3476812.1,115,2026-07-05T07:10:00+08:00,芝加哥白襪,克里夫蘭守護者,芝加哥白襪 @ 克里夫蘭守護者,51427727.1,374,得分最高單局(不含延長賽),252791253.1,一樣多,,,2.20,5,6,,,
2026-07-04,2026-07-04T13:50:58,台灣運彩,824415,3476812.1,115,2026-07-05T07:10:00+08:00,芝加哥白襪,克里夫蘭守護者,芝加哥白襪 @ 克里夫蘭守護者,51427727.1,374,得分最高單局(不含延長賽),252791244.1,第1局,,,5.55,20,91,,,
2026-07-04,2026-07-04T13:50:58,台灣運彩,824415,3476812.1,115,2026-07-05T07:10:00+08:00,芝加哥白襪,克里夫蘭守護者,芝加哥白襪 @ 克里夫蘭守護者,51427727.1,374,得分最高單局(不含延長賽),252791245.1,第2局,,,6.50,2,11,,,
2026-07-04,2026-07-04T13:50:58,台灣運彩,824415,3476812.1,115,2026-07-05T07:10:00+08:00,芝加哥白襪,克里夫蘭守護者,芝加哥白襪 @ 克里夫蘭守護者,51427727.1,374,得分最高單局(不含延長賽),252791246.1,第3局,,,5.80,5,24,,,
2026-07-04,2026-07-04T13:50:58,台灣運彩,824415,3476812.1,115,2026-07-05T07:10:00+08:00,芝加哥白襪,克里夫蘭守護者,芝加哥白襪 @ 克里夫蘭守護者,51427727.1,374,得分最高單局(不含延長賽),252791247.1,第4局,,,6.50,2,11,,,
2026-07-04,2026-07-04T13:50:58,台灣運彩,824415,3476812.1,115,2026-07-05T07:10:00+08:00,芝加哥白襪,克里夫蘭守護者,芝加哥白襪 @ 克里夫蘭守護者,51427727.1,374,得分最高單局(不含延長賽),252791248.1,第5局,,,6.00,1,5,,,
2026-07-04,2026-07-04T13:50:58,台灣運彩,824415,3476812.1,115,2026-07-05T07:10:00+08:00,芝加哥白襪,克里夫蘭守護者,芝加哥白襪 @ 克里夫蘭守護者,51427727.1,374,得分最高單局(不含延長賽),252791249.1,第6局,,,5.80,5,24,,,
2026-07-04,2026-07-04T13:50:58,台灣運彩,824415,3476812.1,115,2026-07-05T07:10:00+08:00,芝加哥白襪,克里夫蘭守護者,芝加哥白襪 @ 克里夫蘭守護者,51427727.1,374,得分最高單局(不含延長賽),252791250.1,第7局,,,6.00,1,5,,,
2026-07-04,2026-07-04T13:50:58,台灣運彩,824415,3476812.1,115,2026-07-05T07:10:00+08:00,芝加哥白襪,克里夫蘭守護者,芝加哥白襪 @ 克里夫蘭守護者,51427727.1,374,得分最高單局(不含延長賽),252791251.1,第8局,,,5.65,20,93,,,
2026-07-04,2026-07-04T13:50:58,台灣運彩,824415,3476812.1,115,2026-07-05T07:10:00+08:00,芝加哥白襪,克里夫蘭守護者,芝加哥白襪 @ 克里夫蘭守護者,51427727.1,374,得分最高單局(不含延長賽),252791252.1,第9局,,,8.00,1,7,,,
2026-07-04,2026-07-04T13:50:58,台灣運彩,824415,3476812.1,115,2026-07-05T07:10:00+08:00,芝加哥白襪,克里夫蘭守護者,芝加哥白襪 @ 克里夫蘭守護者,51427713.1,376,[1-5局] 不讓分,252791210.1,克里夫蘭守護者,H,,1.65,20,13,H,,1
2026-07-04,2026-07-04T13:50:58,台灣運彩,824415,3476812.1,115,2026-07-05T07:10:00+08:00,芝加哥白襪,克里夫蘭守護者,芝加哥白襪 @ 克里夫蘭守護者,51427713.1,376,[1-5局] 不讓分,252791212.1,芝加哥白襪,A,,2.15,20,23,A,,2
2026-07-04,2026-07-04T13:50:58,台灣運彩,824415,3476812.1,115,2026-07-05T07:10:00+08:00,芝加哥白襪,克里夫蘭守護者,芝加哥白襪 @ 克里夫蘭守護者,51427713.1,376,[1-5局] 不讓分,252791211.1,和局,D,,4.30,10,33,D,,
2026-07-04,2026-07-04T13:50:58,台灣運彩,824415,3476812.1,115,2026-07-05T07:10:00+08:00,芝加哥白襪,克里夫蘭守護者,芝加哥白襪 @ 克里夫蘭守護者,51427721.1,378,[1-5局] 大小 4.5,252791228.1,大 4.5,A,4.5,1.83,100,83,A,4.5,
2026-07-04,2026-07-04T13:50:58,台灣運彩,824415,3476812.1,115,2026-07-05T07:10:00+08:00,芝加哥白襪,克里夫蘭守護者,芝加哥白襪 @ 克里夫蘭守護者,51427721.1,378,[1-5局] 大小 4.5,252791227.1,小 4.5,H,4.5,1.52,25,13,H,4.5,
2026-07-04,2026-07-04T13:50:58,台灣運彩,824415,3476812.1,115,2026-07-05T07:10:00+08:00,芝加哥白襪,克里夫蘭守護者,芝加哥白襪 @ 克里夫蘭守護者,51427719.1,379,[1-5局] 克里夫蘭守護者 大小 2.5,252791224.1,大 2.5,A,2.5,2.00,1,1,A,2.5,
2026-07-04,2026-07-04T13:50:58,台灣運彩,824415,3476812.1,115,2026-07-05T07:10:00+08:00,芝加哥白襪,克里夫蘭守護者,芝加哥白襪 @ 克里夫蘭守護者,51427719.1,379,[1-5局] 克里夫蘭守護者 大小 2.5,252791223.1,小 2.5,H,2.5,1.48,25,12,H,2.5,
2026-07-04,2026-07-04T13:50:58,台灣運彩,824415,3476812.1,115,2026-07-05T07:10:00+08:00,芝加哥白襪,克里夫蘭守護者,芝加哥白襪 @ 克里夫蘭守護者,51427720.1,380,[1-5局] 芝加哥白襪 大小 1.5,252791226.1,大 1.5,A,1.5,1.73,100,73,A,1.5,
2026-07-04,2026-07-04T13:50:58,台灣運彩,824415,3476812.1,115,2026-07-05T07:10:00+08:00,芝加哥白襪,克里夫蘭守護者,芝加哥白襪 @ 克里夫蘭守護者,51427720.1,380,[1-5局] 芝加哥白襪 大小 1.5,252791225.1,小 1.5,H,1.5,1.70,10,7,H,1.5,
2026-07-04,2026-07-04T13:50:58,台灣運彩,824415,3476812.1,115,2026-07-05T07:10:00+08:00,芝加哥白襪,克里夫蘭守護者,芝加哥白襪 @ 克里夫蘭守護者,51427723.1,389,[第1局] 不讓分,252791231.1,克里夫蘭守護者,H,,2.85,20,37,H,,1
2026-07-04,2026-07-04T13:50:58,台灣運彩,824415,3476812.1,115,2026-07-05T07:10:00+08:00,芝加哥白襪,克里夫蘭守護者,芝加哥白襪 @ 克里夫蘭守護者,51427723.1,389,[第1局] 不讓分,252791233.1,芝加哥白襪,A,,3.65,20,53,A,,2
2026-07-04,2026-07-04T13:50:58,台灣運彩,824415,3476812.1,115,2026-07-05T07:10:00+08:00,芝加哥白襪,克里夫蘭守護者,芝加哥白襪 @ 克里夫蘭守護者,51427723.1,389,[第1局] 不讓分,252791232.1,和局,D,,1.50,2,1,D,,
2026-07-04,2026-07-04T13:50:58,台灣運彩,824415,3476812.1,115,2026-07-05T07:10:00+08:00,芝加哥白襪,克里夫蘭守護者,芝加哥白襪 @ 克里夫蘭守護者,51427717.1,398,[第1局] 大小 0.5,252791220.1,大 0.5,A,0.5,1.78,50,39,A,0.5,
2026-07-04,2026-07-04T13:50:58,台灣運彩,824415,3476812.1,115,2026-07-05T07:10:00+08:00,芝加哥白襪,克里夫蘭守護者,芝加哥白襪 @ 克里夫蘭守護者,51427717.1,398,[第1局] 大小 0.5,252791219.1,小 0.5,H,0.5,1.56,25,14,H,0.5,
2026-07-04,2026-07-04T13:50:58,台灣運彩,824171,3476813.1,117,2026-07-05T07:10:00+08:00,坦帕灣光芒,休士頓太空人,坦帕灣光芒 @ 休士頓太空人,51427730.1,354,不讓分,252791258.1,休士頓太空人,H,,1.75,4,3,H,,1
2026-07-04,2026-07-04T13:50:58,台灣運彩,824171,3476813.1,117,2026-07-05T07:10:00+08:00,坦帕灣光芒,休士頓太空人,坦帕灣光芒 @ 休士頓太空人,51427730.1,354,不讓分,252791259.1,坦帕灣光芒,A,,1.75,4,3,A,,2
2026-07-04,2026-07-04T13:50:58,台灣運彩,824171,3476813.1,117,2026-07-05T07:10:00+08:00,坦帕灣光芒,休士頓太空人,坦帕灣光芒 @ 休士頓太空人,51427748.1,357,勝分差,252791297.1,休士頓太空人 1 分,H,,3.80,5,14,H,,
2026-07-04,2026-07-04T13:50:58,台灣運彩,824171,3476813.1,117,2026-07-05T07:10:00+08:00,坦帕灣光芒,休士頓太空人,坦帕灣光芒 @ 休士頓太空人,51427748.1,357,勝分差,252791298.1,休士頓太空人 2 分,H,,7.00,1,6,H,,
2026-07-04,2026-07-04T13:50:58,台灣運彩,824171,3476813.1,117,2026-07-05T07:10:00+08:00,坦帕灣光芒,休士頓太空人,坦帕灣光芒 @ 休士頓太空人,51427748.1,357,勝分差,252791300.1,休士頓太空人 > 2分,H,,3.10,10,21,H,,
2026-07-04,2026-07-04T13:50:58,台灣運彩,824171,3476813.1,117,2026-07-05T07:10:00+08:00,坦帕灣光芒,休士頓太空人,坦帕灣光芒 @ 休士頓太空人,51427748.1,357,勝分差,252791301.1,坦帕灣光芒 1 分,A,,5.05,20,81,A,,
2026-07-04,2026-07-04T13:50:58,台灣運彩,824171,3476813.1,117,2026-07-05T07:10:00+08:00,坦帕灣光芒,休士頓太空人,坦帕灣光芒 @ 休士頓太空人,51427748.1,357,勝分差,252791302.1,坦帕灣光芒 2 分,A,,6.75,4,23,A,,
2026-07-04,2026-07-04T13:50:58,台灣運彩,824171,3476813.1,117,2026-07-05T07:10:00+08:00,坦帕灣光芒,休士頓太空人,坦帕灣光芒 @ 休士頓太空人,51427748.1,357,勝分差,252791303.1,坦帕灣光芒 > 2分,A,,2.65,20,33,A,,
2026-07-04,2026-07-04T13:50:58,台灣運彩,824171,3476813.1,117,2026-07-05T07:10:00+08:00,坦帕灣光芒,休士頓太空人,坦帕灣光芒 @ 休士頓太空人,51427741.1,358,讓分 1.5,252791281.1,休士頓太空人 +1.5,H,1.5,1.43,100,43,H,1.5,1
2026-07-04,2026-07-04T13:50:58,台灣運彩,824171,3476813.1,117,2026-07-05T07:10:00+08:00,坦帕灣光芒,休士頓太空人,坦帕灣光芒 @ 休士頓太空人,51427741.1,358,讓分 1.5,252791283.1,坦帕灣光芒 -1.5,A,1.5,2.15,20,23,A,1.5,2
2026-07-04,2026-07-04T13:50:58,台灣運彩,824171,3476813.1,117,2026-07-05T07:10:00+08:00,坦帕灣光芒,休士頓太空人,坦帕灣光芒 @ 休士頓太空人,51427745.1,360,[總分]大小 7.5,252791291.1,大 7.5,A,7.5,1.85,20,17,A,7.5,
2026-07-04,2026-07-04T13:50:58,台灣運彩,824171,3476813.1,117,2026-07-05T07:10:00+08:00,坦帕灣光芒,休士頓太空人,坦帕灣光芒 @ 休士頓太空人,51427745.1,360,[總分]大小 7.5,252791289.1,小 7.5,H,7.5,1.65,20,13,H,7.5,
2026-07-04,2026-07-04T13:50:58,台灣運彩,824171,3476813.1,117,2026-07-05T07:10:00+08:00,坦帕灣光芒,休士頓太空人,坦帕灣光芒 @ 休士頓太空人,51427728.1,362,休士頓太空人 大小 3.5,252791255.1,大 3.5,A,3.5,1.73,100,73,A,3.5,
2026-07-04,2026-07-04T13:50:58,台灣運彩,824171,3476813.1,117,2026-07-05T07:10:00+08:00,坦帕灣光芒,休士頓太空人,坦帕灣光芒 @ 休士頓太空人,51427728.1,362,休士頓太空人 大小 3.5,252791254.1,小 3.5,H,3.5,1.70,10,7,H,3.5,
2026-07-04,2026-07-04T13:50:58,台灣運彩,824171,3476813.1,117,2026-07-05T07:10:00+08:00,坦帕灣光芒,休士頓太空人,坦帕灣光芒 @ 休士頓太空人,51427739.1,363,坦帕灣光芒 大小 3.5,252791279.1,大 3.5,A,3.5,1.73,100,73,A,3.5,
2026-07-04,2026-07-04T13:50:58,台灣運彩,824171,3476813.1,117,2026-07-05T07:10:00+08:00,坦帕灣光芒,休士頓太空人,坦帕灣光芒 @ 休士頓太空人,51427739.1,363,坦帕灣光芒 大小 3.5,252791277.1,小 3.5,H,3.5,1.70,10,7,H,3.5,
2026-07-04,2026-07-04T13:50:58,台灣運彩,824171,3476813.1,117,2026-07-05T07:10:00+08:00,坦帕灣光芒,休士頓太空人,坦帕灣光芒 @ 休士頓太空人,51427729.1,366,[總分]單雙,252791257.1,單,,,1.43,100,43,,,
2026-07-04,2026-07-04T13:50:58,台灣運彩,824171,3476813.1,117,2026-07-05T07:10:00+08:00,坦帕灣光芒,休士頓太空人,坦帕灣光芒 @ 休士頓太空人,51427729.1,366,[總分]單雙,252791256.1,雙,,,1.98,50,49,,,
2026-07-04,2026-07-04T13:50:58,台灣運彩,824171,3476813.1,117,2026-07-05T07:10:00+08:00,坦帕灣光芒,休士頓太空人,坦帕灣光芒 @ 休士頓太空人,51427750.1,374,得分最高單局(不含延長賽),252791317.1,一樣多,,,2.25,4,5,,,
2026-07-04,2026-07-04T13:50:58,台灣運彩,824171,3476813.1,117,2026-07-05T07:10:00+08:00,坦帕灣光芒,休士頓太空人,坦帕灣光芒 @ 休士頓太空人,51427750.1,374,得分最高單局(不含延長賽),252791306.1,第1局,,,6.00,1,5,,,
2026-07-04,2026-07-04T13:50:58,台灣運彩,824171,3476813.1,117,2026-07-05T07:10:00+08:00,坦帕灣光芒,休士頓太空人,坦帕灣光芒 @ 休士頓太空人,51427750.1,374,得分最高單局(不含延長賽),252791307.1,第2局,,,7.25,4,25,,,
2026-07-04,2026-07-04T13:50:58,台灣運彩,824171,3476813.1,117,2026-07-05T07:10:00+08:00,坦帕灣光芒,休士頓太空人,坦帕灣光芒 @ 休士頓太空人,51427750.1,374,得分最高單局(不含延長賽),252791309.1,第3局,,,6.50,2,11,,,
2026-07-04,2026-07-04T13:50:58,台灣運彩,824171,3476813.1,117,2026-07-05T07:10:00+08:00,坦帕灣光芒,休士頓太空人,坦帕灣光芒 @ 休士頓太空人,51427750.1,374,得分最高單局(不含延長賽),252791310.1,第4局,,,6.75,4,23,,,
2026-07-04,2026-07-04T13:50:58,台灣運彩,824171,3476813.1,117,2026-07-05T07:10:00+08:00,坦帕灣光芒,休士頓太空人,坦帕灣光芒 @ 休士頓太空人,51427750.1,374,得分最高單局(不含延長賽),252791312.1,第5局,,,4.00,1,3,,,
2026-07-04,2026-07-04T13:50:58,台灣運彩,824171,3476813.1,117,2026-07-05T07:10:00+08:00,坦帕灣光芒,休士頓太空人,坦帕灣光芒 @ 休士頓太空人,51427750.1,374,得分最高單局(不含延長賽),252791313.1,第6局,,,6.00,1,5,,,
2026-07-04,2026-07-04T13:50:58,台灣運彩,824171,3476813.1,117,2026-07-05T07:10:00+08:00,坦帕灣光芒,休士頓太空人,坦帕灣光芒 @ 休士頓太空人,51427750.1,374,得分最高單局(不含延長賽),252791314.1,第7局,,,6.25,4,21,,,
2026-07-04,2026-07-04T13:50:58,台灣運彩,824171,3476813.1,117,2026-07-05T07:10:00+08:00,坦帕灣光芒,休士頓太空人,坦帕灣光芒 @ 休士頓太空人,51427750.1,374,得分最高單局(不含延長賽),252791315.1,第8局,,,5.95,20,99,,,
2026-07-04,2026-07-04T13:50:58,台灣運彩,824171,3476813.1,117,2026-07-05T07:10:00+08:00,坦帕灣光芒,休士頓太空人,坦帕灣光芒 @ 休士頓太空人,51427750.1,374,得分最高單局(不含延長賽),252791316.1,第9局,,,8.00,1,7,,,
2026-07-04,2026-07-04T13:50:58,台灣運彩,824171,3476813.1,117,2026-07-05T07:10:00+08:00,坦帕灣光芒,休士頓太空人,坦帕灣光芒 @ 休士頓太空人,51427736.1,376,[1-5局] 不讓分,252791271.1,休士頓太空人,H,,1.90,10,9,H,,1
2026-07-04,2026-07-04T13:50:58,台灣運彩,824171,3476813.1,117,2026-07-05T07:10:00+08:00,坦帕灣光芒,休士頓太空人,坦帕灣光芒 @ 休士頓太空人,51427736.1,376,[1-5局] 不讓分,252791275.1,坦帕灣光芒,A,,1.90,10,9,A,,2
2026-07-04,2026-07-04T13:50:58,台灣運彩,824171,3476813.1,117,2026-07-05T07:10:00+08:00,坦帕灣光芒,休士頓太空人,坦帕灣光芒 @ 休士頓太空人,51427736.1,376,[1-5局] 不讓分,252791273.1,和局,D,,4.05,20,61,D,,
2026-07-04,2026-07-04T13:50:58,台灣運彩,824171,3476813.1,117,2026-07-05T07:10:00+08:00,坦帕灣光芒,休士頓太空人,坦帕灣光芒 @ 休士頓太空人,51427731.1,378,[1-5局] 大小 3.5,252791261.1,大 3.5,A,3.5,1.60,5,3,A,3.5,
2026-07-04,2026-07-04T13:50:58,台灣運彩,824171,3476813.1,117,2026-07-05T07:10:00+08:00,坦帕灣光芒,休士頓太空人,坦帕灣光芒 @ 休士頓太空人,51427731.1,378,[1-5局] 大小 3.5,252791260.1,小 3.5,H,3.5,1.73,100,73,H,3.5,
2026-07-04,2026-07-04T13:50:58,台灣運彩,824171,3476813.1,117,2026-07-05T07:10:00+08:00,坦帕灣光芒,休士頓太空人,坦帕灣光芒 @ 休士頓太空人,51427733.1,379,[1-5局] 休士頓太空人 大小 1.5,252791264.1,大 1.5,A,1.5,1.70,10,7,A,1.5,
2026-07-04,2026-07-04T13:50:58,台灣運彩,824171,3476813.1,117,2026-07-05T07:10:00+08:00,坦帕灣光芒,休士頓太空人,坦帕灣光芒 @ 休士頓太空人,51427733.1,379,[1-5局] 休士頓太空人 大小 1.5,252791263.1,小 1.5,H,1.5,1.73,100,73,H,1.5,
2026-07-04,2026-07-04T13:50:58,台灣運彩,824171,3476813.1,117,2026-07-05T07:10:00+08:00,坦帕灣光芒,休士頓太空人,坦帕灣光芒 @ 休士頓太空人,51427734.1,380,[1-5局] 坦帕灣光芒 大小 1.5,252791269.1,大 1.5,A,1.5,1.68,25,17,A,1.5,
2026-07-04,2026-07-04T13:50:58,台灣運彩,824171,3476813.1,117,2026-07-05T07:10:00+08:00,坦帕灣光芒,休士頓太空人,坦帕灣光芒 @ 休士頓太空人,51427734.1,380,[1-5局] 坦帕灣光芒 大小 1.5,252791267.1,小 1.5,H,1.5,1.75,4,3,H,1.5,
2026-07-04,2026-07-04T13:50:58,台灣運彩,824171,3476813.1,117,2026-07-05T07:10:00+08:00,坦帕灣光芒,休士頓太空人,坦帕灣光芒 @ 休士頓太空人,51427743.1,389,[第1局] 不讓分,252791285.1,休士頓太空人,H,,3.30,10,23,H,,1
2026-07-04,2026-07-04T13:50:58,台灣運彩,824171,3476813.1,117,2026-07-05T07:10:00+08:00,坦帕灣光芒,休士頓太空人,坦帕灣光芒 @ 休士頓太空人,51427743.1,389,[第1局] 不讓分,252791288.1,坦帕灣光芒,A,,3.40,5,12,A,,2
2026-07-04,2026-07-04T13:50:58,台灣運彩,824171,3476813.1,117,2026-07-05T07:10:00+08:00,坦帕灣光芒,休士頓太空人,坦帕灣光芒 @ 休士頓太空人,51427743.1,389,[第1局] 不讓分,252791287.1,和局,D,,1.45,20,9,D,,
2026-07-04,2026-07-04T13:50:58,台灣運彩,824171,3476813.1,117,2026-07-05T07:10:00+08:00,坦帕灣光芒,休士頓太空人,坦帕灣光芒 @ 休士頓太空人,51427754.1,398,[第1局] 大小 0.5,252791323.1,大 0.5,A,0.5,1.85,20,17,A,0.5,
2026-07-04,2026-07-04T13:50:58,台灣運彩,824171,3476813.1,117,2026-07-05T07:10:00+08:00,坦帕灣光芒,休士頓太空人,坦帕灣光芒 @ 休士頓太空人,51427754.1,398,[第1局] 大小 0.5,252791321.1,小 0.5,H,0.5,1.50,2,1,H,0.5,
2026-07-04,2026-07-04T13:50:58,台灣運彩,824499,3476814.1,120,2026-07-05T07:10:00+08:00,巴爾的摩金鶯,辛辛那提紅人,巴爾的摩金鶯 @ 辛辛那提紅人,51427744.1,354,不讓分,252791290.1,辛辛那堤紅人,H,,1.60,5,3,H,,1
2026-07-04,2026-07-04T13:50:58,台灣運彩,824499,3476814.1,120,2026-07-05T07:10:00+08:00,巴爾的摩金鶯,辛辛那提紅人,巴爾的摩金鶯 @ 辛辛那提紅人,51427744.1,354,不讓分,252791292.1,巴爾的摩金鶯,A,,1.90,10,9,A,,2
2026-07-04,2026-07-04T13:50:58,台灣運彩,824499,3476814.1,120,2026-07-05T07:10:00+08:00,巴爾的摩金鶯,辛辛那提紅人,巴爾的摩金鶯 @ 辛辛那提紅人,51427758.1,357,勝分差,252791333.1,巴爾的摩金鶯 1 分,A,,6.00,1,5,A,,
2026-07-04,2026-07-04T13:50:58,台灣運彩,824499,3476814.1,120,2026-07-05T07:10:00+08:00,巴爾的摩金鶯,辛辛那提紅人,巴爾的摩金鶯 @ 辛辛那提紅人,51427758.1,357,勝分差,252791334.1,巴爾的摩金鶯 2 分,A,,7.75,4,27,A,,
2026-07-04,2026-07-04T13:50:58,台灣運彩,824499,3476814.1,120,2026-07-05T07:10:00+08:00,巴爾的摩金鶯,辛辛那提紅人,巴爾的摩金鶯 @ 辛辛那提紅人,51427758.1,357,勝分差,252791335.1,巴爾的摩金鶯 > 2分,A,,2.65,20,33,A,,
2026-07-04,2026-07-04T13:50:58,台灣運彩,824499,3476814.1,120,2026-07-05T07:10:00+08:00,巴爾的摩金鶯,辛辛那提紅人,巴爾的摩金鶯 @ 辛辛那提紅人,51427758.1,357,勝分差,252791330.1,辛辛那堤紅人 1 分,H,,4.15,20,63,H,,
2026-07-04,2026-07-04T13:50:58,台灣運彩,824499,3476814.1,120,2026-07-05T07:10:00+08:00,巴爾的摩金鶯,辛辛那提紅人,巴爾的摩金鶯 @ 辛辛那提紅人,51427758.1,357,勝分差,252791331.1,辛辛那堤紅人 2 分,H,,7.25,4,25,H,,
2026-07-04,2026-07-04T13:50:58,台灣運彩,824499,3476814.1,120,2026-07-05T07:10:00+08:00,巴爾的摩金鶯,辛辛那提紅人,巴爾的摩金鶯 @ 辛辛那提紅人,51427758.1,357,勝分差,252791332.1,辛辛那堤紅人 > 2分,H,,2.50,2,3,H,,
2026-07-04,2026-07-04T13:50:58,台灣運彩,824499,3476814.1,120,2026-07-05T07:10:00+08:00,巴爾的摩金鶯,辛辛那提紅人,巴爾的摩金鶯 @ 辛辛那提紅人,51427732.1,358,讓分 -2.5,252791262.1,辛辛那堤紅人 -2.5,H,-2.5,2.60,5,8,H,-2.5,1
2026-07-04,2026-07-04T13:50:58,台灣運彩,824499,3476814.1,120,2026-07-05T07:10:00+08:00,巴爾的摩金鶯,辛辛那提紅人,巴爾的摩金鶯 @ 辛辛那提紅人,51427732.1,358,讓分 -2.5,252791265.1,巴爾的摩金鶯 +2.5,A,-2.5,1.30,10,3,A,-2.5,2
2026-07-04,2026-07-04T13:50:58,台灣運彩,824499,3476814.1,120,2026-07-05T07:10:00+08:00,巴爾的摩金鶯,辛辛那提紅人,巴爾的摩金鶯 @ 辛辛那提紅人,51427755.1,358,讓分 -1.5,252791324.1,辛辛那堤紅人 -1.5,H,-1.5,2.10,10,11,H,-1.5,1
2026-07-04,2026-07-04T13:50:58,台灣運彩,824499,3476814.1,120,2026-07-05T07:10:00+08:00,巴爾的摩金鶯,辛辛那提紅人,巴爾的摩金鶯 @ 辛辛那提紅人,51427755.1,358,讓分 -1.5,252791325.1,巴爾的摩金鶯 +1.5,A,-1.5,1.45,20,9,A,-1.5,2
2026-07-04,2026-07-04T13:50:58,台灣運彩,824499,3476814.1,120,2026-07-05T07:10:00+08:00,巴爾的摩金鶯,辛辛那提紅人,巴爾的摩金鶯 @ 辛辛那提紅人,51428048.1,358,讓分 -3.5,252792135.1,辛辛那堤紅人 -3.5,H,-3.5,3.10,10,21,H,-3.5,1
2026-07-04,2026-07-04T13:50:58,台灣運彩,824499,3476814.1,120,2026-07-05T07:10:00+08:00,巴爾的摩金鶯,辛辛那提紅人,巴爾的摩金鶯 @ 辛辛那提紅人,51428048.1,358,讓分 -3.5,252792136.1,巴爾的摩金鶯 +3.5,A,-3.5,1.20,5,1,A,-3.5,2
2026-07-04,2026-07-04T13:50:58,台灣運彩,824499,3476814.1,120,2026-07-05T07:10:00+08:00,巴爾的摩金鶯,辛辛那提紅人,巴爾的摩金鶯 @ 辛辛那提紅人,51427742.1,360,[總分]大小 10.5,252791286.1,大 10.5,A,10.5,2.07,100,107,A,10.5,
2026-07-04,2026-07-04T13:50:58,台灣運彩,824499,3476814.1,120,2026-07-05T07:10:00+08:00,巴爾的摩金鶯,辛辛那提紅人,巴爾的摩金鶯 @ 辛辛那提紅人,51427742.1,360,[總分]大小 10.5,252791284.1,小 10.5,H,10.5,1.46,50,23,H,10.5,
2026-07-04,2026-07-04T13:50:58,台灣運彩,824499,3476814.1,120,2026-07-05T07:10:00+08:00,巴爾的摩金鶯,辛辛那提紅人,巴爾的摩金鶯 @ 辛辛那提紅人,51427749.1,360,[總分]大小 8.5,252791305.1,大 8.5,A,8.5,1.53,100,53,A,8.5,
2026-07-04,2026-07-04T13:50:58,台灣運彩,824499,3476814.1,120,2026-07-05T07:10:00+08:00,巴爾的摩金鶯,辛辛那提紅人,巴爾的摩金鶯 @ 辛辛那提紅人,51427749.1,360,[總分]大小 8.5,252791304.1,小 8.5,H,8.5,1.97,100,97,H,8.5,
2026-07-04,2026-07-04T13:50:58,台灣運彩,824499,3476814.1,120,2026-07-05T07:10:00+08:00,巴爾的摩金鶯,辛辛那提紅人,巴爾的摩金鶯 @ 辛辛那提紅人,51427756.1,360,[總分]大小 9.5,252791327.1,大 9.5,A,9.5,1.84,25,21,A,9.5,
2026-07-04,2026-07-04T13:50:58,台灣運彩,824499,3476814.1,120,2026-07-05T07:10:00+08:00,巴爾的摩金鶯,辛辛那提紅人,巴爾的摩金鶯 @ 辛辛那提紅人,51427756.1,360,[總分]大小 9.5,252791326.1,小 9.5,H,9.5,1.66,50,33,H,9.5,
2026-07-04,2026-07-04T13:50:58,台灣運彩,824499,3476814.1,120,2026-07-05T07:10:00+08:00,巴爾的摩金鶯,辛辛那提紅人,巴爾的摩金鶯 @ 辛辛那提紅人,51427737.1,362,辛辛那堤紅人 大小 4.5,252791274.1,大 4.5,A,4.5,1.70,10,7,A,4.5,
2026-07-04,2026-07-04T13:50:58,台灣運彩,824499,3476814.1,120,2026-07-05T07:10:00+08:00,巴爾的摩金鶯,辛辛那提紅人,巴爾的摩金鶯 @ 辛辛那提紅人,51427737.1,362,辛辛那堤紅人 大小 4.5,252791272.1,小 4.5,H,4.5,1.73,100,73,H,4.5,
2026-07-04,2026-07-04T13:50:58,台灣運彩,824499,3476814.1,120,2026-07-05T07:10:00+08:00,巴爾的摩金鶯,辛辛那提紅人,巴爾的摩金鶯 @ 辛辛那提紅人,51427752.1,363,巴爾的摩金鶯 大小 4.5,252791319.1,大 4.5,A,4.5,1.80,5,4,A,4.5,
2026-07-04,2026-07-04T13:50:58,台灣運彩,824499,3476814.1,120,2026-07-05T07:10:00+08:00,巴爾的摩金鶯,辛辛那提紅人,巴爾的摩金鶯 @ 辛辛那提紅人,51427752.1,363,巴爾的摩金鶯 大小 4.5,252791318.1,小 4.5,H,4.5,1.63,100,63,H,4.5,
2026-07-04,2026-07-04T13:50:58,台灣運彩,824499,3476814.1,120,2026-07-05T07:10:00+08:00,巴爾的摩金鶯,辛辛那提紅人,巴爾的摩金鶯 @ 辛辛那提紅人,51427738.1,366,[總分]單雙,252791278.1,單,,,1.48,25,12,,,
2026-07-04,2026-07-04T13:50:58,台灣運彩,824499,3476814.1,120,2026-07-05T07:10:00+08:00,巴爾的摩金鶯,辛辛那提紅人,巴爾的摩金鶯 @ 辛辛那提紅人,51427738.1,366,[總分]單雙,252791276.1,雙,,,2.00,1,1,,,
2026-07-04,2026-07-04T13:50:58,台灣運彩,824499,3476814.1,120,2026-07-05T07:10:00+08:00,巴爾的摩金鶯,辛辛那提紅人,巴爾的摩金鶯 @ 辛辛那提紅人,51427759.1,374,得分最高單局(不含延長賽),252791345.1,一樣多,,,2.30,10,13,,,
2026-07-04,2026-07-04T13:50:58,台灣運彩,824499,3476814.1,120,2026-07-05T07:10:00+08:00,巴爾的摩金鶯,辛辛那提紅人,巴爾的摩金鶯 @ 辛辛那提紅人,51427759.1,374,得分最高單局(不含延長賽),252791336.1,第1局,,,5.60,5,23,,,
2026-07-04,2026-07-04T13:50:58,台灣運彩,824499,3476814.1,120,2026-07-05T07:10:00+08:00,巴爾的摩金鶯,辛辛那提紅人,巴爾的摩金鶯 @ 辛辛那提紅人,51427759.1,374,得分最高單局(不含延長賽),252791337.1,第2局,,,7.00,1,6,,,
2026-07-04,2026-07-04T13:50:58,台灣運彩,824499,3476814.1,120,2026-07-05T07:10:00+08:00,巴爾的摩金鶯,辛辛那提紅人,巴爾的摩金鶯 @ 辛辛那提紅人,51427759.1,374,得分最高單局(不含延長賽),252791338.1,第3局,,,5.95,20,99,,,
2026-07-04,2026-07-04T13:50:58,台灣運彩,824499,3476814.1,120,2026-07-05T07:10:00+08:00,巴爾的摩金鶯,辛辛那提紅人,巴爾的摩金鶯 @ 辛辛那提紅人,51427759.1,374,得分最高單局(不含延長賽),252791339.1,第4局,,,6.50,2,11,,,
2026-07-04,2026-07-04T13:50:58,台灣運彩,824499,3476814.1,120,2026-07-05T07:10:00+08:00,巴爾的摩金鶯,辛辛那提紅人,巴爾的摩金鶯 @ 辛辛那提紅人,51427759.1,374,得分最高單局(不含延長賽),252791340.1,第5局,,,6.25,4,21,,,
2026-07-04,2026-07-04T13:50:58,台灣運彩,824499,3476814.1,120,2026-07-05T07:10:00+08:00,巴爾的摩金鶯,辛辛那提紅人,巴爾的摩金鶯 @ 辛辛那提紅人,51427759.1,374,得分最高單局(不含延長賽),252791341.1,第6局,,,5.45,20,89,,,
2026-07-04,2026-07-04T13:50:58,台灣運彩,824499,3476814.1,120,2026-07-05T07:10:00+08:00,巴爾的摩金鶯,辛辛那提紅人,巴爾的摩金鶯 @ 辛辛那提紅人,51427759.1,374,得分最高單局(不含延長賽),252791342.1,第7局,,,5.65,20,93,,,
2026-07-04,2026-07-04T13:50:58,台灣運彩,824499,3476814.1,120,2026-07-05T07:10:00+08:00,巴爾的摩金鶯,辛辛那提紅人,巴爾的摩金鶯 @ 辛辛那提紅人,51427759.1,374,得分最高單局(不含延長賽),252791343.1,第8局,,,5.50,2,9,,,
2026-07-04,2026-07-04T13:50:58,台灣運彩,824499,3476814.1,120,2026-07-05T07:10:00+08:00,巴爾的摩金鶯,辛辛那提紅人,巴爾的摩金鶯 @ 辛辛那提紅人,51427759.1,374,得分最高單局(不含延長賽),252791344.1,第9局,,,8.00,1,7,,,
2026-07-04,2026-07-04T13:50:58,台灣運彩,824499,3476814.1,120,2026-07-05T07:10:00+08:00,巴爾的摩金鶯,辛辛那提紅人,巴爾的摩金鶯 @ 辛辛那提紅人,51427735.1,376,[1-5局] 不讓分,252791266.1,辛辛那堤紅人,H,,1.65,20,13,H,,1
2026-07-04,2026-07-04T13:50:58,台灣運彩,824499,3476814.1,120,2026-07-05T07:10:00+08:00,巴爾的摩金鶯,辛辛那提紅人,巴爾的摩金鶯 @ 辛辛那提紅人,51427735.1,376,[1-5局] 不讓分,252791270.1,巴爾的摩金鶯,A,,2.00,1,1,A,,2
2026-07-04,2026-07-04T13:50:58,台灣運彩,824499,3476814.1,120,2026-07-05T07:10:00+08:00,巴爾的摩金鶯,辛辛那提紅人,巴爾的摩金鶯 @ 辛辛那提紅人,51427735.1,376,[1-5局] 不讓分,252791268.1,和局,D,,4.90,10,39,D,,
2026-07-04,2026-07-04T13:50:58,台灣運彩,824499,3476814.1,120,2026-07-05T07:10:00+08:00,巴爾的摩金鶯,辛辛那提紅人,巴爾的摩金鶯 @ 辛辛那提紅人,51427747.1,378,[1-5局] 大小 4.5,252791299.1,大 4.5,A,4.5,1.58,50,29,A,4.5,
2026-07-04,2026-07-04T13:50:58,台灣運彩,824499,3476814.1,120,2026-07-05T07:10:00+08:00,巴爾的摩金鶯,辛辛那提紅人,巴爾的摩金鶯 @ 辛辛那提紅人,51427747.1,378,[1-5局] 大小 4.5,252791296.1,小 4.5,H,4.5,1.75,4,3,H,4.5,
2026-07-04,2026-07-04T13:50:58,台灣運彩,824499,3476814.1,120,2026-07-05T07:10:00+08:00,巴爾的摩金鶯,辛辛那提紅人,巴爾的摩金鶯 @ 辛辛那提紅人,51427751.1,379,[1-5局] 辛辛那堤紅人 大小 2.5,252791311.1,大 2.5,A,2.5,1.80,5,4,A,2.5,
2026-07-04,2026-07-04T13:50:58,台灣運彩,824499,3476814.1,120,2026-07-05T07:10:00+08:00,巴爾的摩金鶯,辛辛那提紅人,巴爾的摩金鶯 @ 辛辛那提紅人,51427751.1,379,[1-5局] 辛辛那堤紅人 大小 2.5,252791308.1,小 2.5,H,2.5,1.63,100,63,H,2.5,
2026-07-04,2026-07-04T13:50:58,台灣運彩,824499,3476814.1,120,2026-07-05T07:10:00+08:00,巴爾的摩金鶯,辛辛那提紅人,巴爾的摩金鶯 @ 辛辛那提紅人,51427753.1,380,[1-5局] 巴爾的摩金鶯 大小 1.5,252791322.1,大 1.5,A,1.5,1.53,100,53,A,1.5,
2026-07-04,2026-07-04T13:50:58,台灣運彩,824499,3476814.1,120,2026-07-05T07:10:00+08:00,巴爾的摩金鶯,辛辛那提紅人,巴爾的摩金鶯 @ 辛辛那提紅人,51427753.1,380,[1-5局] 巴爾的摩金鶯 大小 1.5,252791320.1,小 1.5,H,1.5,1.93,100,93,H,1.5,
2026-07-04,2026-07-04T13:50:58,台灣運彩,824499,3476814.1,120,2026-07-05T07:10:00+08:00,巴爾的摩金鶯,辛辛那提紅人,巴爾的摩金鶯 @ 辛辛那提紅人,51427746.1,389,[第1局] 不讓分,252791293.1,辛辛那堤紅人,H,,2.75,4,7,H,,1
2026-07-04,2026-07-04T13:50:58,台灣運彩,824499,3476814.1,120,2026-07-05T07:10:00+08:00,巴爾的摩金鶯,辛辛那提紅人,巴爾的摩金鶯 @ 辛辛那提紅人,51427746.1,389,[第1局] 不讓分,252791295.1,巴爾的摩金鶯,A,,3.35,20,47,A,,2
2026-07-04,2026-07-04T13:50:58,台灣運彩,824499,3476814.1,120,2026-07-05T07:10:00+08:00,巴爾的摩金鶯,辛辛那提紅人,巴爾的摩金鶯 @ 辛辛那提紅人,51427746.1,389,[第1局] 不讓分,252791294.1,和局,D,,1.55,20,11,D,,
2026-07-04,2026-07-04T13:50:58,台灣運彩,824499,3476814.1,120,2026-07-05T07:10:00+08:00,巴爾的摩金鶯,辛辛那提紅人,巴爾的摩金鶯 @ 辛辛那提紅人,51427740.1,398,[第1局] 大小 0.5,252791282.1,大 0.5,A,0.5,1.65,20,13,A,0.5,
2026-07-04,2026-07-04T13:50:58,台灣運彩,824499,3476814.1,120,2026-07-05T07:10:00+08:00,巴爾的摩金鶯,辛辛那提紅人,巴爾的摩金鶯 @ 辛辛那提紅人,51427740.1,398,[第1局] 大小 0.5,252791280.1,小 0.5,H,0.5,1.68,25,17,H,0.5,
2026-07-04,2026-07-04T13:50:58,台灣運彩,824903,3476822.1,121,2026-07-05T08:08:00+08:00,紐約大都會,亞特蘭大勇士,紐約大都會 @ 亞特蘭大勇士,51427799.1,354,不讓分,252791440.1,亞特蘭大勇士,H,,1.43,100,43,H,,1
2026-07-04,2026-07-04T13:50:58,台灣運彩,824903,3476822.1,121,2026-07-05T08:08:00+08:00,紐約大都會,亞特蘭大勇士,紐約大都會 @ 亞特蘭大勇士,51427799.1,354,不讓分,252791441.1,紐約大都會,A,,2.15,20,23,A,,2
2026-07-04,2026-07-04T13:50:58,台灣運彩,824903,3476822.1,121,2026-07-05T08:08:00+08:00,紐約大都會,亞特蘭大勇士,紐約大都會 @ 亞特蘭大勇士,51427814.1,357,勝分差,252791471.1,亞特蘭大勇士 1 分,H,,3.90,10,29,H,,
2026-07-04,2026-07-04T13:50:58,台灣運彩,824903,3476822.1,121,2026-07-05T08:08:00+08:00,紐約大都會,亞特蘭大勇士,紐約大都會 @ 亞特蘭大勇士,51427814.1,357,勝分差,252791472.1,亞特蘭大勇士 2 分,H,,6.50,2,11,H,,
2026-07-04,2026-07-04T13:50:58,台灣運彩,824903,3476822.1,121,2026-07-05T08:08:00+08:00,紐約大都會,亞特蘭大勇士,紐約大都會 @ 亞特蘭大勇士,51427814.1,357,勝分差,252791473.1,亞特蘭大勇士 > 2分,H,,2.20,5,6,H,,
2026-07-04,2026-07-04T13:50:58,台灣運彩,824903,3476822.1,121,2026-07-05T08:08:00+08:00,紐約大都會,亞特蘭大勇士,紐約大都會 @ 亞特蘭大勇士,51427814.1,357,勝分差,252791474.1,紐約大都會 1 分,A,,5.90,10,49,A,,
2026-07-04,2026-07-04T13:50:58,台灣運彩,824903,3476822.1,121,2026-07-05T08:08:00+08:00,紐約大都會,亞特蘭大勇士,紐約大都會 @ 亞特蘭大勇士,51427814.1,357,勝分差,252791475.1,紐約大都會 2 分,A,,8.00,1,7,A,,
2026-07-04,2026-07-04T13:50:58,台灣運彩,824903,3476822.1,121,2026-07-05T08:08:00+08:00,紐約大都會,亞特蘭大勇士,紐約大都會 @ 亞特蘭大勇士,51427814.1,357,勝分差,252791476.1,紐約大都會 > 2分,A,,3.40,5,12,A,,
2026-07-04,2026-07-04T13:50:58,台灣運彩,824903,3476822.1,121,2026-07-05T08:08:00+08:00,紐約大都會,亞特蘭大勇士,紐約大都會 @ 亞特蘭大勇士,51427805.1,358,讓分 -2.5,252791452.1,亞特蘭大勇士 -2.5,H,-2.5,2.33,100,133,H,-2.5,1
2026-07-04,2026-07-04T13:50:58,台灣運彩,824903,3476822.1,121,2026-07-05T08:08:00+08:00,紐約大都會,亞特蘭大勇士,紐約大都會 @ 亞特蘭大勇士,51427805.1,358,讓分 -2.5,252791453.1,紐約大都會 +2.5,A,-2.5,1.38,50,19,A,-2.5,2
2026-07-04,2026-07-04T13:50:58,台灣運彩,824903,3476822.1,121,2026-07-05T08:08:00+08:00,紐約大都會,亞特蘭大勇士,紐約大都會 @ 亞特蘭大勇士,51427810.1,358,讓分 -1.5,252791462.1,亞特蘭大勇士 -1.5,H,-1.5,1.90,10,9,H,-1.5,1
2026-07-04,2026-07-04T13:50:58,台灣運彩,824903,3476822.1,121,2026-07-05T08:08:00+08:00,紐約大都會,亞特蘭大勇士,紐約大都會 @ 亞特蘭大勇士,51427810.1,358,讓分 -1.5,252791463.1,紐約大都會 +1.5,A,-1.5,1.60,5,3,A,-1.5,2
2026-07-04,2026-07-04T13:50:58,台灣運彩,824903,3476822.1,121,2026-07-05T08:08:00+08:00,紐約大都會,亞特蘭大勇士,紐約大都會 @ 亞特蘭大勇士,51427806.1,360,[總分]大小 9.5,252791455.1,大 9.5,A,9.5,2.20,5,6,A,9.5,
2026-07-04,2026-07-04T13:50:58,台灣運彩,824903,3476822.1,121,2026-07-05T08:08:00+08:00,紐約大都會,亞特蘭大勇士,紐約大都會 @ 亞特蘭大勇士,51427806.1,360,[總分]大小 9.5,252791454.1,小 9.5,H,9.5,1.42,50,21,H,9.5,
2026-07-04,2026-07-04T13:50:58,台灣運彩,824903,3476822.1,121,2026-07-05T08:08:00+08:00,紐約大都會,亞特蘭大勇士,紐約大都會 @ 亞特蘭大勇士,51427811.1,360,[總分]大小 7.5,252791465.1,大 7.5,A,7.5,1.58,50,29,A,7.5,
2026-07-04,2026-07-04T13:50:58,台灣運彩,824903,3476822.1,121,2026-07-05T08:08:00+08:00,紐約大都會,亞特蘭大勇士,紐約大都會 @ 亞特蘭大勇士,51427811.1,360,[總分]大小 7.5,252791464.1,小 7.5,H,7.5,1.92,25,23,H,7.5,
2026-07-04,2026-07-04T13:50:58,台灣運彩,824903,3476822.1,121,2026-07-05T08:08:00+08:00,紐約大都會,亞特蘭大勇士,紐約大都會 @ 亞特蘭大勇士,51427812.1,360,[總分]大小 8.5,252791467.1,大 8.5,A,8.5,1.82,50,41,A,8.5,
2026-07-04,2026-07-04T13:50:58,台灣運彩,824903,3476822.1,121,2026-07-05T08:08:00+08:00,紐約大都會,亞特蘭大勇士,紐約大都會 @ 亞特蘭大勇士,51427812.1,360,[總分]大小 8.5,252791466.1,小 8.5,H,8.5,1.68,25,17,H,8.5,
2026-07-04,2026-07-04T13:50:58,台灣運彩,824903,3476822.1,121,2026-07-05T08:08:00+08:00,紐約大都會,亞特蘭大勇士,紐約大都會 @ 亞特蘭大勇士,51427801.1,362,亞特蘭大勇士 大小 4.5,252791445.1,大 4.5,A,4.5,1.78,50,39,A,4.5,
2026-07-04,2026-07-04T13:50:58,台灣運彩,824903,3476822.1,121,2026-07-05T08:08:00+08:00,紐約大都會,亞特蘭大勇士,紐約大都會 @ 亞特蘭大勇士,51427801.1,362,亞特蘭大勇士 大小 4.5,252791444.1,小 4.5,H,4.5,1.65,20,13,H,4.5,
2026-07-04,2026-07-04T13:50:58,台灣運彩,824903,3476822.1,121,2026-07-05T08:08:00+08:00,紐約大都會,亞特蘭大勇士,紐約大都會 @ 亞特蘭大勇士,51427802.1,363,紐約大都會 大小 3.5,252791447.1,大 3.5,A,3.5,1.78,50,39,A,3.5,
2026-07-04,2026-07-04T13:50:58,台灣運彩,824903,3476822.1,121,2026-07-05T08:08:00+08:00,紐約大都會,亞特蘭大勇士,紐約大都會 @ 亞特蘭大勇士,51427802.1,363,紐約大都會 大小 3.5,252791446.1,小 3.5,H,3.5,1.65,20,13,H,3.5,
2026-07-04,2026-07-04T13:50:58,台灣運彩,824903,3476822.1,121,2026-07-05T08:08:00+08:00,紐約大都會,亞特蘭大勇士,紐約大都會 @ 亞特蘭大勇士,51427800.1,366,[總分]單雙,252791443.1,單,,,1.48,25,12,,,
2026-07-04,2026-07-04T13:50:58,台灣運彩,824903,3476822.1,121,2026-07-05T08:08:00+08:00,紐約大都會,亞特蘭大勇士,紐約大都會 @ 亞特蘭大勇士,51427800.1,366,[總分]單雙,252791442.1,雙,,,2.00,1,1,,,
2026-07-04,2026-07-04T13:50:58,台灣運彩,824903,3476822.1,121,2026-07-05T08:08:00+08:00,紐約大都會,亞特蘭大勇士,紐約大都會 @ 亞特蘭大勇士,51427815.1,374,得分最高單局(不含延長賽),252791486.1,一樣多,,,2.25,4,5,,,
2026-07-04,2026-07-04T13:50:58,台灣運彩,824903,3476822.1,121,2026-07-05T08:08:00+08:00,紐約大都會,亞特蘭大勇士,紐約大都會 @ 亞特蘭大勇士,51427815.1,374,得分最高單局(不含延長賽),252791477.1,第1局,,,5.30,10,43,,,
2026-07-04,2026-07-04T13:50:58,台灣運彩,824903,3476822.1,121,2026-07-05T08:08:00+08:00,紐約大都會,亞特蘭大勇士,紐約大都會 @ 亞特蘭大勇士,51427815.1,374,得分最高單局(不含延長賽),252791478.1,第2局,,,6.25,4,21,,,
2026-07-04,2026-07-04T13:50:58,台灣運彩,824903,3476822.1,121,2026-07-05T08:08:00+08:00,紐約大都會,亞特蘭大勇士,紐約大都會 @ 亞特蘭大勇士,51427815.1,374,得分最高單局(不含延長賽),252791479.1,第3局,,,5.65,20,93,,,
2026-07-04,2026-07-04T13:50:58,台灣運彩,824903,3476822.1,121,2026-07-05T08:08:00+08:00,紐約大都會,亞特蘭大勇士,紐約大都會 @ 亞特蘭大勇士,51427815.1,374,得分最高單局(不含延長賽),252791480.1,第4局,,,6.25,4,21,,,
2026-07-04,2026-07-04T13:50:58,台灣運彩,824903,3476822.1,121,2026-07-05T08:08:00+08:00,紐約大都會,亞特蘭大勇士,紐約大都會 @ 亞特蘭大勇士,51427815.1,374,得分最高單局(不含延長賽),252791481.1,第5局,,,5.90,10,49,,,
2026-07-04,2026-07-04T13:50:58,台灣運彩,824903,3476822.1,121,2026-07-05T08:08:00+08:00,紐約大都會,亞特蘭大勇士,紐約大都會 @ 亞特蘭大勇士,51427815.1,374,得分最高單局(不含延長賽),252791482.1,第6局,,,5.85,20,97,,,
2026-07-04,2026-07-04T13:50:58,台灣運彩,824903,3476822.1,121,2026-07-05T08:08:00+08:00,紐約大都會,亞特蘭大勇士,紐約大都會 @ 亞特蘭大勇士,51427815.1,374,得分最高單局(不含延長賽),252791483.1,第7局,,,6.25,4,21,,,
2026-07-04,2026-07-04T13:50:58,台灣運彩,824903,3476822.1,121,2026-07-05T08:08:00+08:00,紐約大都會,亞特蘭大勇士,紐約大都會 @ 亞特蘭大勇士,51427815.1,374,得分最高單局(不含延長賽),252791484.1,第8局,,,5.90,10,49,,,
2026-07-04,2026-07-04T13:50:58,台灣運彩,824903,3476822.1,121,2026-07-05T08:08:00+08:00,紐約大都會,亞特蘭大勇士,紐約大都會 @ 亞特蘭大勇士,51427815.1,374,得分最高單局(不含延長賽),252791485.1,第9局,,,8.00,1,7,,,
2026-07-04,2026-07-04T13:50:58,台灣運彩,824903,3476822.1,121,2026-07-05T08:08:00+08:00,紐約大都會,亞特蘭大勇士,紐約大都會 @ 亞特蘭大勇士,51427798.1,376,[1-5局] 不讓分,252791437.1,亞特蘭大勇士,H,,1.55,20,11,H,,1
2026-07-04,2026-07-04T13:50:58,台灣運彩,824903,3476822.1,121,2026-07-05T08:08:00+08:00,紐約大都會,亞特蘭大勇士,紐約大都會 @ 亞特蘭大勇士,51427798.1,376,[1-5局] 不讓分,252791439.1,紐約大都會,A,,2.25,4,5,A,,2
2026-07-04,2026-07-04T13:50:58,台灣運彩,824903,3476822.1,121,2026-07-05T08:08:00+08:00,紐約大都會,亞特蘭大勇士,紐約大都會 @ 亞特蘭大勇士,51427798.1,376,[1-5局] 不讓分,252791438.1,和局,D,,4.65,20,73,D,,
2026-07-04,2026-07-04T13:50:58,台灣運彩,824903,3476822.1,121,2026-07-05T08:08:00+08:00,紐約大都會,亞特蘭大勇士,紐約大都會 @ 亞特蘭大勇士,51427808.1,378,[1-5局] 大小 4.5,252791459.1,大 4.5,A,4.5,1.68,25,17,A,4.5,
2026-07-04,2026-07-04T13:50:58,台灣運彩,824903,3476822.1,121,2026-07-05T08:08:00+08:00,紐約大都會,亞特蘭大勇士,紐約大都會 @ 亞特蘭大勇士,51427808.1,378,[1-5局] 大小 4.5,252791458.1,小 4.5,H,4.5,1.65,20,13,H,4.5,
2026-07-04,2026-07-04T13:50:58,台灣運彩,824903,3476822.1,121,2026-07-05T08:08:00+08:00,紐約大都會,亞特蘭大勇士,紐約大都會 @ 亞特蘭大勇士,51427809.1,379,[1-5局] 亞特蘭大勇士 大小 2.5,252791461.1,大 2.5,A,2.5,1.80,5,4,A,2.5,
2026-07-04,2026-07-04T13:50:58,台灣運彩,824903,3476822.1,121,2026-07-05T08:08:00+08:00,紐約大都會,亞特蘭大勇士,紐約大都會 @ 亞特蘭大勇士,51427809.1,379,[1-5局] 亞特蘭大勇士 大小 2.5,252791460.1,小 2.5,H,2.5,1.63,100,63,H,2.5,
2026-07-04,2026-07-04T13:50:58,台灣運彩,824903,3476822.1,121,2026-07-05T08:08:00+08:00,紐約大都會,亞特蘭大勇士,紐約大都會 @ 亞特蘭大勇士,51427803.1,380,[1-5局] 紐約大都會 大小 1.5,252791449.1,大 1.5,A,1.5,1.70,10,7,A,1.5,
2026-07-04,2026-07-04T13:50:58,台灣運彩,824903,3476822.1,121,2026-07-05T08:08:00+08:00,紐約大都會,亞特蘭大勇士,紐約大都會 @ 亞特蘭大勇士,51427803.1,380,[1-5局] 紐約大都會 大小 1.5,252791448.1,小 1.5,H,1.5,1.73,100,73,H,1.5,
2026-07-04,2026-07-04T13:50:58,台灣運彩,824903,3476822.1,121,2026-07-05T08:08:00+08:00,紐約大都會,亞特蘭大勇士,紐約大都會 @ 亞特蘭大勇士,51427813.1,389,[第1局] 不讓分,252791468.1,亞特蘭大勇士,H,,2.65,20,33,H,,1
2026-07-04,2026-07-04T13:50:58,台灣運彩,824903,3476822.1,121,2026-07-05T08:08:00+08:00,紐約大都會,亞特蘭大勇士,紐約大都會 @ 亞特蘭大勇士,51427813.1,389,[第1局] 不讓分,252791470.1,紐約大都會,A,,3.75,4,11,A,,2
2026-07-04,2026-07-04T13:50:58,台灣運彩,824903,3476822.1,121,2026-07-05T08:08:00+08:00,紐約大都會,亞特蘭大勇士,紐約大都會 @ 亞特蘭大勇士,51427813.1,389,[第1局] 不讓分,252791469.1,和局,D,,1.50,2,1,D,,
2026-07-04,2026-07-04T13:50:58,台灣運彩,824903,3476822.1,121,2026-07-05T08:08:00+08:00,紐約大都會,亞特蘭大勇士,紐約大都會 @ 亞特蘭大勇士,51427807.1,398,[第1局] 大小 0.5,252791457.1,大 0.5,A,0.5,1.71,100,71,A,0.5,
2026-07-04,2026-07-04T13:50:58,台灣運彩,824903,3476822.1,121,2026-07-05T08:08:00+08:00,紐約大都會,亞特蘭大勇士,紐約大都會 @ 亞特蘭大勇士,51427807.1,398,[第1局] 大小 0.5,252791456.1,小 0.5,H,0.5,1.62,50,31,H,0.5,
2026-07-04,2026-07-04T13:50:58,台灣運彩,824658,3476823.1,125,2026-07-05T08:08:00+08:00,聖路易紅雀,芝加哥小熊,聖路易紅雀 @ 芝加哥小熊,51427816.1,354,不讓分,252791487.1,芝加哥小熊,H,,1.43,100,43,H,,1
2026-07-04,2026-07-04T13:50:58,台灣運彩,824658,3476823.1,125,2026-07-05T08:08:00+08:00,聖路易紅雀,芝加哥小熊,聖路易紅雀 @ 芝加哥小熊,51427816.1,354,不讓分,252791488.1,聖路易紅雀,A,,2.15,20,23,A,,2
2026-07-04,2026-07-04T13:50:58,台灣運彩,824658,3476823.1,125,2026-07-05T08:08:00+08:00,聖路易紅雀,芝加哥小熊,聖路易紅雀 @ 芝加哥小熊,51427830.1,357,勝分差,252791519.1,聖路易紅雀 1 分,A,,5.80,5,24,A,,
2026-07-04,2026-07-04T13:50:58,台灣運彩,824658,3476823.1,125,2026-07-05T08:08:00+08:00,聖路易紅雀,芝加哥小熊,聖路易紅雀 @ 芝加哥小熊,51427830.1,357,勝分差,252791520.1,聖路易紅雀 2 分,A,,8.00,1,7,A,,
2026-07-04,2026-07-04T13:50:58,台灣運彩,824658,3476823.1,125,2026-07-05T08:08:00+08:00,聖路易紅雀,芝加哥小熊,聖路易紅雀 @ 芝加哥小熊,51427830.1,357,勝分差,252791521.1,聖路易紅雀 > 2分,A,,3.35,20,47,A,,
2026-07-04,2026-07-04T13:50:58,台灣運彩,824658,3476823.1,125,2026-07-05T08:08:00+08:00,聖路易紅雀,芝加哥小熊,聖路易紅雀 @ 芝加哥小熊,51427830.1,357,勝分差,252791516.1,芝加哥小熊 1 分,H,,3.90,10,29,H,,
2026-07-04,2026-07-04T13:50:58,台灣運彩,824658,3476823.1,125,2026-07-05T08:08:00+08:00,聖路易紅雀,芝加哥小熊,聖路易紅雀 @ 芝加哥小熊,51427830.1,357,勝分差,252791517.1,芝加哥小熊 2 分,H,,6.50,2,11,H,,
2026-07-04,2026-07-04T13:50:58,台灣運彩,824658,3476823.1,125,2026-07-05T08:08:00+08:00,聖路易紅雀,芝加哥小熊,聖路易紅雀 @ 芝加哥小熊,51427830.1,357,勝分差,252791518.1,芝加哥小熊 > 2分,H,,2.25,4,5,H,,
2026-07-04,2026-07-04T13:50:58,台灣運彩,824658,3476823.1,125,2026-07-05T08:08:00+08:00,聖路易紅雀,芝加哥小熊,聖路易紅雀 @ 芝加哥小熊,51427827.1,358,讓分 -1.5,252791509.1,芝加哥小熊 -1.5,H,-1.5,1.92,25,23,H,-1.5,1
2026-07-04,2026-07-04T13:50:58,台灣運彩,824658,3476823.1,125,2026-07-05T08:08:00+08:00,聖路易紅雀,芝加哥小熊,聖路易紅雀 @ 芝加哥小熊,51427827.1,358,讓分 -1.5,252791510.1,聖路易紅雀 +1.5,A,-1.5,1.58,50,29,A,-1.5,2
2026-07-04,2026-07-04T13:50:58,台灣運彩,824658,3476823.1,125,2026-07-05T08:08:00+08:00,聖路易紅雀,芝加哥小熊,聖路易紅雀 @ 芝加哥小熊,51427829.1,358,讓分 -2.5,252791514.1,芝加哥小熊 -2.5,H,-2.5,2.33,100,133,H,-2.5,1
2026-07-04,2026-07-04T13:50:58,台灣運彩,824658,3476823.1,125,2026-07-05T08:08:00+08:00,聖路易紅雀,芝加哥小熊,聖路易紅雀 @ 芝加哥小熊,51427829.1,358,讓分 -2.5,252791515.1,聖路易紅雀 +2.5,A,-2.5,1.38,50,19,A,-2.5,2
2026-07-04,2026-07-04T13:50:58,台灣運彩,824658,3476823.1,125,2026-07-05T08:08:00+08:00,聖路易紅雀,芝加哥小熊,聖路易紅雀 @ 芝加哥小熊,51427820.1,360,[總分]大小 8.5,252791496.1,大 8.5,A,8.5,1.80,5,4,A,8.5,
2026-07-04,2026-07-04T13:50:58,台灣運彩,824658,3476823.1,125,2026-07-05T08:08:00+08:00,聖路易紅雀,芝加哥小熊,聖路易紅雀 @ 芝加哥小熊,51427820.1,360,[總分]大小 8.5,252791495.1,小 8.5,H,8.5,1.70,10,7,H,8.5,
2026-07-04,2026-07-04T13:50:58,台灣運彩,824658,3476823.1,125,2026-07-05T08:08:00+08:00,聖路易紅雀,芝加哥小熊,聖路易紅雀 @ 芝加哥小熊,51427821.1,360,[總分]大小 9.5,252791498.1,大 9.5,A,9.5,2.15,20,23,A,9.5,
2026-07-04,2026-07-04T13:50:58,台灣運彩,824658,3476823.1,125,2026-07-05T08:08:00+08:00,聖路易紅雀,芝加哥小熊,聖路易紅雀 @ 芝加哥小熊,51427821.1,360,[總分]大小 9.5,252791497.1,小 9.5,H,9.5,1.43,100,43,H,9.5,
2026-07-04,2026-07-04T13:50:58,台灣運彩,824658,3476823.1,125,2026-07-05T08:08:00+08:00,聖路易紅雀,芝加哥小熊,聖路易紅雀 @ 芝加哥小熊,51427823.1,360,[總分]大小 7.5,252791502.1,大 7.5,A,7.5,1.58,50,29,A,7.5,
2026-07-04,2026-07-04T13:50:58,台灣運彩,824658,3476823.1,125,2026-07-05T08:08:00+08:00,聖路易紅雀,芝加哥小熊,聖路易紅雀 @ 芝加哥小熊,51427823.1,360,[總分]大小 7.5,252791501.1,小 7.5,H,7.5,1.92,25,23,H,7.5,
2026-07-04,2026-07-04T13:50:58,台灣運彩,824658,3476823.1,125,2026-07-05T08:08:00+08:00,聖路易紅雀,芝加哥小熊,聖路易紅雀 @ 芝加哥小熊,51427833.1,362,芝加哥小熊 大小 4.5,252791536.1,大 4.5,A,4.5,1.78,50,39,A,4.5,
2026-07-04,2026-07-04T13:50:58,台灣運彩,824658,3476823.1,125,2026-07-05T08:08:00+08:00,聖路易紅雀,芝加哥小熊,聖路易紅雀 @ 芝加哥小熊,51427833.1,362,芝加哥小熊 大小 4.5,252791535.1,小 4.5,H,4.5,1.65,20,13,H,4.5,
2026-07-04,2026-07-04T13:50:58,台灣運彩,824658,3476823.1,125,2026-07-05T08:08:00+08:00,聖路易紅雀,芝加哥小熊,聖路易紅雀 @ 芝加哥小熊,51427819.1,363,聖路易紅雀 大小 3.5,252791494.1,大 3.5,A,3.5,1.75,4,3,A,3.5,
2026-07-04,2026-07-04T13:50:58,台灣運彩,824658,3476823.1,125,2026-07-05T08:08:00+08:00,聖路易紅雀,芝加哥小熊,聖路易紅雀 @ 芝加哥小熊,51427819.1,363,聖路易紅雀 大小 3.5,252791493.1,小 3.5,H,3.5,1.68,25,17,H,3.5,
2026-07-04,2026-07-04T13:50:58,台灣運彩,824658,3476823.1,125,2026-07-05T08:08:00+08:00,聖路易紅雀,芝加哥小熊,聖路易紅雀 @ 芝加哥小熊,51427817.1,366,[總分]單雙,252791490.1,單,,,1.48,25,12,,,
2026-07-04,2026-07-04T13:50:58,台灣運彩,824658,3476823.1,125,2026-07-05T08:08:00+08:00,聖路易紅雀,芝加哥小熊,聖路易紅雀 @ 芝加哥小熊,51427817.1,366,[總分]單雙,252791489.1,雙,,,2.00,1,1,,,
2026-07-04,2026-07-04T13:50:58,台灣運彩,824658,3476823.1,125,2026-07-05T08:08:00+08:00,聖路易紅雀,芝加哥小熊,聖路易紅雀 @ 芝加哥小熊,51427831.1,374,得分最高單局(不含延長賽),252791531.1,一樣多,,,2.20,5,6,,,
2026-07-04,2026-07-04T13:50:58,台灣運彩,824658,3476823.1,125,2026-07-05T08:08:00+08:00,聖路易紅雀,芝加哥小熊,聖路易紅雀 @ 芝加哥小熊,51427831.1,374,得分最高單局(不含延長賽),252791522.1,第1局,,,5.40,5,22,,,
2026-07-04,2026-07-04T13:50:58,台灣運彩,824658,3476823.1,125,2026-07-05T08:08:00+08:00,聖路易紅雀,芝加哥小熊,聖路易紅雀 @ 芝加哥小熊,51427831.1,374,得分最高單局(不含延長賽),252791523.1,第2局,,,6.25,4,21,,,
2026-07-04,2026-07-04T13:50:58,台灣運彩,824658,3476823.1,125,2026-07-05T08:08:00+08:00,聖路易紅雀,芝加哥小熊,聖路易紅雀 @ 芝加哥小熊,51427831.1,374,得分最高單局(不含延長賽),252791524.1,第3局,,,5.60,5,23,,,
2026-07-04,2026-07-04T13:50:58,台灣運彩,824658,3476823.1,125,2026-07-05T08:08:00+08:00,聖路易紅雀,芝加哥小熊,聖路易紅雀 @ 芝加哥小熊,51427831.1,374,得分最高單局(不含延長賽),252791525.1,第4局,,,6.00,1,5,,,
2026-07-04,2026-07-04T13:50:58,台灣運彩,824658,3476823.1,125,2026-07-05T08:08:00+08:00,聖路易紅雀,芝加哥小熊,聖路易紅雀 @ 芝加哥小熊,51427831.1,374,得分最高單局(不含延長賽),252791526.1,第5局,,,5.80,5,24,,,
2026-07-04,2026-07-04T13:50:58,台灣運彩,824658,3476823.1,125,2026-07-05T08:08:00+08:00,聖路易紅雀,芝加哥小熊,聖路易紅雀 @ 芝加哥小熊,51427831.1,374,得分最高單局(不含延長賽),252791527.1,第6局,,,6.00,1,5,,,
2026-07-04,2026-07-04T13:50:58,台灣運彩,824658,3476823.1,125,2026-07-05T08:08:00+08:00,聖路易紅雀,芝加哥小熊,聖路易紅雀 @ 芝加哥小熊,51427831.1,374,得分最高單局(不含延長賽),252791528.1,第7局,,,6.25,4,21,,,
2026-07-04,2026-07-04T13:50:58,台灣運彩,824658,3476823.1,125,2026-07-05T08:08:00+08:00,聖路易紅雀,芝加哥小熊,聖路易紅雀 @ 芝加哥小熊,51427831.1,374,得分最高單局(不含延長賽),252791529.1,第8局,,,6.00,1,5,,,
2026-07-04,2026-07-04T13:50:58,台灣運彩,824658,3476823.1,125,2026-07-05T08:08:00+08:00,聖路易紅雀,芝加哥小熊,聖路易紅雀 @ 芝加哥小熊,51427831.1,374,得分最高單局(不含延長賽),252791530.1,第9局,,,8.00,1,7,,,
2026-07-04,2026-07-04T13:50:58,台灣運彩,824658,3476823.1,125,2026-07-05T08:08:00+08:00,聖路易紅雀,芝加哥小熊,聖路易紅雀 @ 芝加哥小熊,51427828.1,376,[1-5局] 不讓分,252791511.1,芝加哥小熊,H,,1.60,5,3,H,,1
2026-07-04,2026-07-04T13:50:58,台灣運彩,824658,3476823.1,125,2026-07-05T08:08:00+08:00,聖路易紅雀,芝加哥小熊,聖路易紅雀 @ 芝加哥小熊,51427828.1,376,[1-5局] 不讓分,252791513.1,聖路易紅雀,A,,2.20,5,6,A,,2
2026-07-04,2026-07-04T13:50:58,台灣運彩,824658,3476823.1,125,2026-07-05T08:08:00+08:00,聖路易紅雀,芝加哥小熊,聖路易紅雀 @ 芝加哥小熊,51427828.1,376,[1-5局] 不讓分,252791512.1,和局,D,,4.65,20,73,D,,
2026-07-04,2026-07-04T13:50:58,台灣運彩,824658,3476823.1,125,2026-07-05T08:08:00+08:00,聖路易紅雀,芝加哥小熊,聖路易紅雀 @ 芝加哥小熊,51427824.1,378,[1-5局] 大小 4.5,252791504.1,大 4.5,A,4.5,1.68,25,17,A,4.5,
2026-07-04,2026-07-04T13:50:58,台灣運彩,824658,3476823.1,125,2026-07-05T08:08:00+08:00,聖路易紅雀,芝加哥小熊,聖路易紅雀 @ 芝加哥小熊,51427824.1,378,[1-5局] 大小 4.5,252791503.1,小 4.5,H,4.5,1.65,20,13,H,4.5,
2026-07-04,2026-07-04T13:50:58,台灣運彩,824658,3476823.1,125,2026-07-05T08:08:00+08:00,聖路易紅雀,芝加哥小熊,聖路易紅雀 @ 芝加哥小熊,51427825.1,379,[1-5局] 芝加哥小熊 大小 2.5,252791506.1,大 2.5,A,2.5,1.80,5,4,A,2.5,
2026-07-04,2026-07-04T13:50:58,台灣運彩,824658,3476823.1,125,2026-07-05T08:08:00+08:00,聖路易紅雀,芝加哥小熊,聖路易紅雀 @ 芝加哥小熊,51427825.1,379,[1-5局] 芝加哥小熊 大小 2.5,252791505.1,小 2.5,H,2.5,1.63,100,63,H,2.5,
2026-07-04,2026-07-04T13:50:58,台灣運彩,824658,3476823.1,125,2026-07-05T08:08:00+08:00,聖路易紅雀,芝加哥小熊,聖路易紅雀 @ 芝加哥小熊,51427822.1,380,[1-5局] 聖路易紅雀 大小 1.5,252791500.1,大 1.5,A,1.5,1.66,50,33,A,1.5,
2026-07-04,2026-07-04T13:50:58,台灣運彩,824658,3476823.1,125,2026-07-05T08:08:00+08:00,聖路易紅雀,芝加哥小熊,聖路易紅雀 @ 芝加哥小熊,51427822.1,380,[1-5局] 聖路易紅雀 大小 1.5,252791499.1,小 1.5,H,1.5,1.76,25,19,H,1.5,
2026-07-04,2026-07-04T13:50:58,台灣運彩,824658,3476823.1,125,2026-07-05T08:08:00+08:00,聖路易紅雀,芝加哥小熊,聖路易紅雀 @ 芝加哥小熊,51427832.1,389,[第1局] 不讓分,252791532.1,芝加哥小熊,H,,2.65,20,33,H,,1
2026-07-04,2026-07-04T13:50:58,台灣運彩,824658,3476823.1,125,2026-07-05T08:08:00+08:00,聖路易紅雀,芝加哥小熊,聖路易紅雀 @ 芝加哥小熊,51427832.1,389,[第1局] 不讓分,252791534.1,聖路易紅雀,A,,3.70,10,27,A,,2
2026-07-04,2026-07-04T13:50:58,台灣運彩,824658,3476823.1,125,2026-07-05T08:08:00+08:00,聖路易紅雀,芝加哥小熊,聖路易紅雀 @ 芝加哥小熊,51427832.1,389,[第1局] 不讓分,252791533.1,和局,D,,1.55,20,11,D,,
2026-07-04,2026-07-04T13:50:58,台灣運彩,824658,3476823.1,125,2026-07-05T08:08:00+08:00,聖路易紅雀,芝加哥小熊,聖路易紅雀 @ 芝加哥小熊,51427818.1,398,[第1局] 大小 0.5,252791492.1,大 0.5,A,0.5,1.68,25,17,A,0.5,
2026-07-04,2026-07-04T13:50:58,台灣運彩,824658,3476823.1,125,2026-07-05T08:08:00+08:00,聖路易紅雀,芝加哥小熊,聖路易紅雀 @ 芝加哥小熊,51427818.1,398,[第1局] 大小 0.5,252791491.1,小 0.5,H,0.5,1.65,20,13,H,0.5,
2026-07-04,2026-07-04T13:50:58,台灣運彩,824092,3476824.1,131,2026-07-05T08:10:00+08:00,費城費城人,堪薩斯市皇家,費城費城人 @ 堪薩斯市皇家,51427835.1,354,不讓分,252791539.1,堪薩斯皇家,H,,2.07,100,107,H,,1
2026-07-04,2026-07-04T13:50:58,台灣運彩,824092,3476824.1,131,2026-07-05T08:10:00+08:00,費城費城人,堪薩斯市皇家,費城費城人 @ 堪薩斯市皇家,51427835.1,354,不讓分,252791540.1,費城費城人,A,,1.46,50,23,A,,2
2026-07-04,2026-07-04T13:50:58,台灣運彩,824092,3476824.1,131,2026-07-05T08:10:00+08:00,費城費城人,堪薩斯市皇家,費城費城人 @ 堪薩斯市皇家,51427850.1,357,勝分差,252791571.1,堪薩斯皇家 1 分,H,,4.40,5,17,H,,
2026-07-04,2026-07-04T13:50:58,台灣運彩,824092,3476824.1,131,2026-07-05T08:10:00+08:00,費城費城人,堪薩斯市皇家,費城費城人 @ 堪薩斯市皇家,51427850.1,357,勝分差,252791572.1,堪薩斯皇家 2 分,H,,8.50,2,15,H,,
2026-07-04,2026-07-04T13:50:58,台灣運彩,824092,3476824.1,131,2026-07-05T08:10:00+08:00,費城費城人,堪薩斯市皇家,費城費城人 @ 堪薩斯市皇家,51427850.1,357,勝分差,252791573.1,堪薩斯皇家 > 2分,H,,3.60,5,13,H,,
2026-07-04,2026-07-04T13:50:58,台灣運彩,824092,3476824.1,131,2026-07-05T08:10:00+08:00,費城費城人,堪薩斯市皇家,費城費城人 @ 堪薩斯市皇家,51427850.1,357,勝分差,252791574.1,費城費城人 1 分,A,,5.50,2,9,A,,
2026-07-04,2026-07-04T13:50:58,台灣運彩,824092,3476824.1,131,2026-07-05T08:10:00+08:00,費城費城人,堪薩斯市皇家,費城費城人 @ 堪薩斯市皇家,51427850.1,357,勝分差,252791575.1,費城費城人 2 分,A,,6.50,2,11,A,,
2026-07-04,2026-07-04T13:50:58,台灣運彩,824092,3476824.1,131,2026-07-05T08:10:00+08:00,費城費城人,堪薩斯市皇家,費城費城人 @ 堪薩斯市皇家,51427850.1,357,勝分差,252791576.1,費城費城人 > 2分,A,,2.05,20,21,A,,
2026-07-04,2026-07-04T13:50:58,台灣運彩,824092,3476824.1,131,2026-07-05T08:10:00+08:00,費城費城人,堪薩斯市皇家,費城費城人 @ 堪薩斯市皇家,51427841.1,358,讓分 1.5,252791551.1,堪薩斯皇家 +1.5,H,1.5,1.70,10,7,H,1.5,1
2026-07-04,2026-07-04T13:50:58,台灣運彩,824092,3476824.1,131,2026-07-05T08:10:00+08:00,費城費城人,堪薩斯市皇家,費城費城人 @ 堪薩斯市皇家,51427841.1,358,讓分 1.5,252791552.1,費城費城人 -1.5,A,1.5,1.80,5,4,A,1.5,2
2026-07-04,2026-07-04T13:50:58,台灣運彩,824092,3476824.1,131,2026-07-05T08:10:00+08:00,費城費城人,堪薩斯市皇家,費城費城人 @ 堪薩斯市皇家,51427848.1,358,讓分 2.5,252791566.1,堪薩斯皇家 +2.5,H,2.5,1.45,20,9,H,2.5,1
2026-07-04,2026-07-04T13:50:58,台灣運彩,824092,3476824.1,131,2026-07-05T08:10:00+08:00,費城費城人,堪薩斯市皇家,費城費城人 @ 堪薩斯市皇家,51427848.1,358,讓分 2.5,252791567.1,費城費城人 -2.5,A,2.5,2.10,10,11,A,2.5,2
2026-07-04,2026-07-04T13:50:58,台灣運彩,824092,3476824.1,131,2026-07-05T08:10:00+08:00,費城費城人,堪薩斯市皇家,費城費城人 @ 堪薩斯市皇家,51427844.1,360,[總分]大小 9.5,252791559.1,大 9.5,A,9.5,1.92,25,23,A,9.5,
2026-07-04,2026-07-04T13:50:58,台灣運彩,824092,3476824.1,131,2026-07-05T08:10:00+08:00,費城費城人,堪薩斯市皇家,費城費城人 @ 堪薩斯市皇家,51427844.1,360,[總分]大小 9.5,252791558.1,小 9.5,H,9.5,1.58,50,29,H,9.5,
2026-07-04,2026-07-04T13:50:58,台灣運彩,824092,3476824.1,131,2026-07-05T08:10:00+08:00,費城費城人,堪薩斯市皇家,費城費城人 @ 堪薩斯市皇家,51427846.1,360,[總分]大小 7.5,252791563.1,大 7.5,A,7.5,1.42,50,21,A,7.5,
2026-07-04,2026-07-04T13:50:58,台灣運彩,824092,3476824.1,131,2026-07-05T08:10:00+08:00,費城費城人,堪薩斯市皇家,費城費城人 @ 堪薩斯市皇家,51427846.1,360,[總分]大小 7.5,252791562.1,小 7.5,H,7.5,2.20,5,6,H,7.5,
2026-07-04,2026-07-04T13:50:58,台灣運彩,824092,3476824.1,131,2026-07-05T08:10:00+08:00,費城費城人,堪薩斯市皇家,費城費城人 @ 堪薩斯市皇家,51427847.1,360,[總分]大小 8.5,252791565.1,大 8.5,A,8.5,1.60,5,3,A,8.5,
2026-07-04,2026-07-04T13:50:58,台灣運彩,824092,3476824.1,131,2026-07-05T08:10:00+08:00,費城費城人,堪薩斯市皇家,費城費城人 @ 堪薩斯市皇家,51427847.1,360,[總分]大小 8.5,252791564.1,小 8.5,H,8.5,1.90,10,9,H,8.5,
2026-07-04,2026-07-04T13:50:58,台灣運彩,824092,3476824.1,131,2026-07-05T08:10:00+08:00,費城費城人,堪薩斯市皇家,費城費城人 @ 堪薩斯市皇家,51427837.1,362,堪薩斯皇家 大小 3.5,252791544.1,大 3.5,A,3.5,1.65,20,13,A,3.5,
2026-07-04,2026-07-04T13:50:58,台灣運彩,824092,3476824.1,131,2026-07-05T08:10:00+08:00,費城費城人,堪薩斯市皇家,費城費城人 @ 堪薩斯市皇家,51427837.1,362,堪薩斯皇家 大小 3.5,252791543.1,小 3.5,H,3.5,1.78,50,39,H,3.5,
2026-07-04,2026-07-04T13:50:58,台灣運彩,824092,3476824.1,131,2026-07-05T08:10:00+08:00,費城費城人,堪薩斯市皇家,費城費城人 @ 堪薩斯市皇家,51427840.1,363,費城費城人 大小 4.5,252791550.1,大 4.5,A,4.5,1.62,50,31,A,4.5,
2026-07-04,2026-07-04T13:50:58,台灣運彩,824092,3476824.1,131,2026-07-05T08:10:00+08:00,費城費城人,堪薩斯市皇家,費城費城人 @ 堪薩斯市皇家,51427840.1,363,費城費城人 大小 4.5,252791549.1,小 4.5,H,4.5,1.82,50,41,H,4.5,
2026-07-04,2026-07-04T13:50:58,台灣運彩,824092,3476824.1,131,2026-07-05T08:10:00+08:00,費城費城人,堪薩斯市皇家,費城費城人 @ 堪薩斯市皇家,51427834.1,366,[總分]單雙,252791538.1,單,,,1.50,2,1,,,
2026-07-04,2026-07-04T13:50:58,台灣運彩,824092,3476824.1,131,2026-07-05T08:10:00+08:00,費城費城人,堪薩斯市皇家,費城費城人 @ 堪薩斯市皇家,51427834.1,366,[總分]單雙,252791537.1,雙,,,1.96,25,24,,,
2026-07-04,2026-07-04T13:50:58,台灣運彩,824092,3476824.1,131,2026-07-05T08:10:00+08:00,費城費城人,堪薩斯市皇家,費城費城人 @ 堪薩斯市皇家,51427851.1,374,得分最高單局(不含延長賽),252791586.1,一樣多,,,2.25,4,5,,,
2026-07-04,2026-07-04T13:50:58,台灣運彩,824092,3476824.1,131,2026-07-05T08:10:00+08:00,費城費城人,堪薩斯市皇家,費城費城人 @ 堪薩斯市皇家,51427851.1,374,得分最高單局(不含延長賽),252791577.1,第1局,,,5.60,5,23,,,
2026-07-04,2026-07-04T13:50:58,台灣運彩,824092,3476824.1,131,2026-07-05T08:10:00+08:00,費城費城人,堪薩斯市皇家,費城費城人 @ 堪薩斯市皇家,51427851.1,374,得分最高單局(不含延長賽),252791578.1,第2局,,,6.75,4,23,,,
2026-07-04,2026-07-04T13:50:58,台灣運彩,824092,3476824.1,131,2026-07-05T08:10:00+08:00,費城費城人,堪薩斯市皇家,費城費城人 @ 堪薩斯市皇家,51427851.1,374,得分最高單局(不含延長賽),252791579.1,第3局,,,6.00,1,5,,,
2026-07-04,2026-07-04T13:50:58,台灣運彩,824092,3476824.1,131,2026-07-05T08:10:00+08:00,費城費城人,堪薩斯市皇家,費城費城人 @ 堪薩斯市皇家,51427851.1,374,得分最高單局(不含延長賽),252791580.1,第4局,,,6.50,2,11,,,
2026-07-04,2026-07-04T13:50:58,台灣運彩,824092,3476824.1,131,2026-07-05T08:10:00+08:00,費城費城人,堪薩斯市皇家,費城費城人 @ 堪薩斯市皇家,51427851.1,374,得分最高單局(不含延長賽),252791581.1,第5局,,,6.00,1,5,,,
2026-07-04,2026-07-04T13:50:58,台灣運彩,824092,3476824.1,131,2026-07-05T08:10:00+08:00,費城費城人,堪薩斯市皇家,費城費城人 @ 堪薩斯市皇家,51427851.1,374,得分最高單局(不含延長賽),252791582.1,第6局,,,5.85,20,97,,,
2026-07-04,2026-07-04T13:50:58,台灣運彩,824092,3476824.1,131,2026-07-05T08:10:00+08:00,費城費城人,堪薩斯市皇家,費城費城人 @ 堪薩斯市皇家,51427851.1,374,得分最高單局(不含延長賽),252791583.1,第7局,,,5.85,20,97,,,
2026-07-04,2026-07-04T13:50:58,台灣運彩,824092,3476824.1,131,2026-07-05T08:10:00+08:00,費城費城人,堪薩斯市皇家,費城費城人 @ 堪薩斯市皇家,51427851.1,374,得分最高單局(不含延長賽),252791584.1,第8局,,,5.75,4,19,,,
2026-07-04,2026-07-04T13:50:58,台灣運彩,824092,3476824.1,131,2026-07-05T08:10:00+08:00,費城費城人,堪薩斯市皇家,費城費城人 @ 堪薩斯市皇家,51427851.1,374,得分最高單局(不含延長賽),252791585.1,第9局,,,7.75,4,27,,,
2026-07-04,2026-07-04T13:50:58,台灣運彩,824092,3476824.1,131,2026-07-05T08:10:00+08:00,費城費城人,堪薩斯市皇家,費城費城人 @ 堪薩斯市皇家,51427849.1,376,[1-5局] 不讓分,252791568.1,堪薩斯皇家,H,,2.15,20,23,H,,1
2026-07-04,2026-07-04T13:50:58,台灣運彩,824092,3476824.1,131,2026-07-05T08:10:00+08:00,費城費城人,堪薩斯市皇家,費城費城人 @ 堪薩斯市皇家,51427849.1,376,[1-5局] 不讓分,252791570.1,費城費城人,A,,1.60,5,3,A,,2
2026-07-04,2026-07-04T13:50:58,台灣運彩,824092,3476824.1,131,2026-07-05T08:10:00+08:00,費城費城人,堪薩斯市皇家,費城費城人 @ 堪薩斯市皇家,51427849.1,376,[1-5局] 不讓分,252791569.1,和局,D,,4.75,4,15,D,,
2026-07-04,2026-07-04T13:50:58,台灣運彩,824092,3476824.1,131,2026-07-05T08:10:00+08:00,費城費城人,堪薩斯市皇家,費城費城人 @ 堪薩斯市皇家,51427839.1,378,[1-5局] 大小 4.5,252791548.1,大 4.5,A,4.5,1.62,50,31,A,4.5,
2026-07-04,2026-07-04T13:50:58,台灣運彩,824092,3476824.1,131,2026-07-05T08:10:00+08:00,費城費城人,堪薩斯市皇家,費城費城人 @ 堪薩斯市皇家,51427839.1,378,[1-5局] 大小 4.5,252791547.1,小 4.5,H,4.5,1.71,100,71,H,4.5,
2026-07-04,2026-07-04T13:50:58,台灣運彩,824092,3476824.1,131,2026-07-05T08:10:00+08:00,費城費城人,堪薩斯市皇家,費城費城人 @ 堪薩斯市皇家,51427836.1,379,[1-5局] 堪薩斯皇家 大小 1.5,252791542.1,大 1.5,A,1.5,1.62,50,31,A,1.5,
2026-07-04,2026-07-04T13:50:58,台灣運彩,824092,3476824.1,131,2026-07-05T08:10:00+08:00,費城費城人,堪薩斯市皇家,費城費城人 @ 堪薩斯市皇家,51427836.1,379,[1-5局] 堪薩斯皇家 大小 1.5,252791541.1,小 1.5,H,1.5,1.82,50,41,H,1.5,
2026-07-04,2026-07-04T13:50:58,台灣運彩,824092,3476824.1,131,2026-07-05T08:10:00+08:00,費城費城人,堪薩斯市皇家,費城費城人 @ 堪薩斯市皇家,51427845.1,380,[1-5局] 費城費城人 大小 2.5,252791561.1,大 2.5,A,2.5,1.78,50,39,A,2.5,
2026-07-04,2026-07-04T13:50:58,台灣運彩,824092,3476824.1,131,2026-07-05T08:10:00+08:00,費城費城人,堪薩斯市皇家,費城費城人 @ 堪薩斯市皇家,51427845.1,380,[1-5局] 費城費城人 大小 2.5,252791560.1,小 2.5,H,2.5,1.65,20,13,H,2.5,
2026-07-04,2026-07-04T13:50:58,台灣運彩,824092,3476824.1,131,2026-07-05T08:10:00+08:00,費城費城人,堪薩斯市皇家,費城費城人 @ 堪薩斯市皇家,51427842.1,389,[第1局] 不讓分,252791553.1,堪薩斯皇家,H,,3.45,20,49,H,,1
2026-07-04,2026-07-04T13:50:58,台灣運彩,824092,3476824.1,131,2026-07-05T08:10:00+08:00,費城費城人,堪薩斯市皇家,費城費城人 @ 堪薩斯市皇家,51427842.1,389,[第1局] 不讓分,252791555.1,費城費城人,A,,2.70,10,17,A,,2
2026-07-04,2026-07-04T13:50:58,台灣運彩,824092,3476824.1,131,2026-07-05T08:10:00+08:00,費城費城人,堪薩斯市皇家,費城費城人 @ 堪薩斯市皇家,51427842.1,389,[第1局] 不讓分,252791554.1,和局,D,,1.55,20,11,D,,
2026-07-04,2026-07-04T13:50:58,台灣運彩,824092,3476824.1,131,2026-07-05T08:10:00+08:00,費城費城人,堪薩斯市皇家,費城費城人 @ 堪薩斯市皇家,51427843.1,398,[第1局] 大小 0.5,252791557.1,大 0.5,A,0.5,1.66,50,33,A,0.5,
2026-07-04,2026-07-04T13:50:58,台灣運彩,824092,3476824.1,131,2026-07-05T08:10:00+08:00,費城費城人,堪薩斯市皇家,費城費城人 @ 堪薩斯市皇家,51427843.1,398,[第1局] 大小 0.5,252791556.1,小 0.5,H,0.5,1.66,50,33,H,0.5,
2026-07-04,2026-07-04T13:50:58,台灣運彩,824334,3476825.1,132,2026-07-05T08:10:00+08:00,舊金山巨人,科羅拉多洛磯,舊金山巨人 @ 科羅拉多洛磯,51427856.1,354,不讓分,252791595.1,科羅拉多落磯,H,,1.92,25,23,H,,1
2026-07-04,2026-07-04T13:50:58,台灣運彩,824334,3476825.1,132,2026-07-05T08:10:00+08:00,舊金山巨人,科羅拉多洛磯,舊金山巨人 @ 科羅拉多洛磯,51427856.1,354,不讓分,252791596.1,舊金山巨人,A,,1.58,50,29,A,,2
2026-07-04,2026-07-04T13:50:58,台灣運彩,824334,3476825.1,132,2026-07-05T08:10:00+08:00,舊金山巨人,科羅拉多洛磯,舊金山巨人 @ 科羅拉多洛磯,51427861.1,357,勝分差,252791605.1,科羅拉多落磯 1 分,H,,4.65,20,73,H,,
2026-07-04,2026-07-04T13:50:58,台灣運彩,824334,3476825.1,132,2026-07-05T08:10:00+08:00,舊金山巨人,科羅拉多洛磯,舊金山巨人 @ 科羅拉多洛磯,51427861.1,357,勝分差,252791606.1,科羅拉多落磯 2 分,H,,8.50,2,15,H,,
2026-07-04,2026-07-04T13:50:58,台灣運彩,824334,3476825.1,132,2026-07-05T08:10:00+08:00,舊金山巨人,科羅拉多洛磯,舊金山巨人 @ 科羅拉多洛磯,51427861.1,357,勝分差,252791607.1,科羅拉多落磯 > 2分,H,,2.85,20,37,H,,
2026-07-04,2026-07-04T13:50:58,台灣運彩,824334,3476825.1,132,2026-07-05T08:10:00+08:00,舊金山巨人,科羅拉多洛磯,舊金山巨人 @ 科羅拉多洛磯,51427861.1,357,勝分差,252791608.1,舊金山巨人 1 分,A,,6.50,2,11,A,,
2026-07-04,2026-07-04T13:50:58,台灣運彩,824334,3476825.1,132,2026-07-05T08:10:00+08:00,舊金山巨人,科羅拉多洛磯,舊金山巨人 @ 科羅拉多洛磯,51427861.1,357,勝分差,252791609.1,舊金山巨人 2 分,A,,7.75,4,27,A,,
2026-07-04,2026-07-04T13:50:58,台灣運彩,824334,3476825.1,132,2026-07-05T08:10:00+08:00,舊金山巨人,科羅拉多洛磯,舊金山巨人 @ 科羅拉多洛磯,51427861.1,357,勝分差,252791610.1,舊金山巨人 > 2分,A,,2.05,20,21,A,,
2026-07-04,2026-07-04T13:50:58,台灣運彩,824334,3476825.1,132,2026-07-05T08:10:00+08:00,舊金山巨人,科羅拉多洛磯,舊金山巨人 @ 科羅拉多洛磯,51427858.1,358,讓分 2.5,252791599.1,科羅拉多落磯 +2.5,H,2.5,1.43,100,43,H,2.5,1
2026-07-04,2026-07-04T13:50:58,台灣運彩,824334,3476825.1,132,2026-07-05T08:10:00+08:00,舊金山巨人,科羅拉多洛磯,舊金山巨人 @ 科羅拉多洛磯,51427858.1,358,讓分 2.5,252791600.1,舊金山巨人 -2.5,A,2.5,2.15,20,23,A,2.5,2
2026-07-04,2026-07-04T13:50:58,台灣運彩,824334,3476825.1,132,2026-07-05T08:10:00+08:00,舊金山巨人,科羅拉多洛磯,舊金山巨人 @ 科羅拉多洛磯,51427859.1,358,讓分 1.5,252791601.1,科羅拉多落磯 +1.5,H,1.5,1.63,100,63,H,1.5,1
2026-07-04,2026-07-04T13:50:58,台灣運彩,824334,3476825.1,132,2026-07-05T08:10:00+08:00,舊金山巨人,科羅拉多洛磯,舊金山巨人 @ 科羅拉多洛磯,51427859.1,358,讓分 1.5,252791602.1,舊金山巨人 -1.5,A,1.5,1.87,100,87,A,1.5,2
2026-07-04,2026-07-04T13:50:58,台灣運彩,824334,3476825.1,132,2026-07-05T08:10:00+08:00,舊金山巨人,科羅拉多洛磯,舊金山巨人 @ 科羅拉多洛磯,51427853.1,360,[總分]大小 10.5,252791590.1,大 10.5,A,10.5,1.46,50,23,A,10.5,
2026-07-04,2026-07-04T13:50:58,台灣運彩,824334,3476825.1,132,2026-07-05T08:10:00+08:00,舊金山巨人,科羅拉多洛磯,舊金山巨人 @ 科羅拉多洛磯,51427853.1,360,[總分]大小 10.5,252791589.1,小 10.5,H,10.5,2.07,100,107,H,10.5,
2026-07-04,2026-07-04T13:50:58,台灣運彩,824334,3476825.1,132,2026-07-05T08:10:00+08:00,舊金山巨人,科羅拉多洛磯,舊金山巨人 @ 科羅拉多洛磯,51427855.1,360,[總分]大小 11.5,252791594.1,大 11.5,A,11.5,1.72,25,18,A,11.5,
2026-07-04,2026-07-04T13:50:58,台灣運彩,824334,3476825.1,132,2026-07-05T08:10:00+08:00,舊金山巨人,科羅拉多洛磯,舊金山巨人 @ 科羅拉多洛磯,51427855.1,360,[總分]大小 11.5,252791593.1,小 11.5,H,11.5,1.78,50,39,H,11.5,
2026-07-04,2026-07-04T13:50:58,台灣運彩,824334,3476825.1,132,2026-07-05T08:10:00+08:00,舊金山巨人,科羅拉多洛磯,舊金山巨人 @ 科羅拉多洛磯,51427860.1,360,[總分]大小 12.5,252791604.1,大 12.5,A,12.5,1.92,25,23,A,12.5,
2026-07-04,2026-07-04T13:50:58,台灣運彩,824334,3476825.1,132,2026-07-05T08:10:00+08:00,舊金山巨人,科羅拉多洛磯,舊金山巨人 @ 科羅拉多洛磯,51427860.1,360,[總分]大小 12.5,252791603.1,小 12.5,H,12.5,1.58,50,29,H,12.5,
2026-07-04,2026-07-04T13:50:58,台灣運彩,824334,3476825.1,132,2026-07-05T08:10:00+08:00,舊金山巨人,科羅拉多洛磯,舊金山巨人 @ 科羅拉多洛磯,51427857.1,362,科羅拉多落磯 大小 5.5,252791598.1,大 5.5,A,5.5,1.80,5,4,A,5.5,
2026-07-04,2026-07-04T13:50:58,台灣運彩,824334,3476825.1,132,2026-07-05T08:10:00+08:00,舊金山巨人,科羅拉多洛磯,舊金山巨人 @ 科羅拉多洛磯,51427857.1,362,科羅拉多落磯 大小 5.5,252791597.1,小 5.5,H,5.5,1.63,100,63,H,5.5,
2026-07-04,2026-07-04T13:50:58,台灣運彩,824334,3476825.1,132,2026-07-05T08:10:00+08:00,舊金山巨人,科羅拉多洛磯,舊金山巨人 @ 科羅拉多洛磯,51427862.1,363,舊金山巨人 大小 6.5,252791612.1,大 6.5,A,6.5,1.86,50,43,A,6.5,
2026-07-04,2026-07-04T13:50:58,台灣運彩,824334,3476825.1,132,2026-07-05T08:10:00+08:00,舊金山巨人,科羅拉多洛磯,舊金山巨人 @ 科羅拉多洛磯,51427862.1,363,舊金山巨人 大小 6.5,252791611.1,小 6.5,H,6.5,1.58,50,29,H,6.5,
2026-07-04,2026-07-04T13:50:58,台灣運彩,824334,3476825.1,132,2026-07-05T08:10:00+08:00,舊金山巨人,科羅拉多洛磯,舊金山巨人 @ 科羅拉多洛磯,51427852.1,366,[總分]單雙,252791588.1,單,,,1.50,2,1,,,
2026-07-04,2026-07-04T13:50:58,台灣運彩,824334,3476825.1,132,2026-07-05T08:10:00+08:00,舊金山巨人,科羅拉多洛磯,舊金山巨人 @ 科羅拉多洛磯,51427852.1,366,[總分]單雙,252791587.1,雙,,,1.96,25,24,,,
2026-07-04,2026-07-04T13:50:58,台灣運彩,824334,3476825.1,132,2026-07-05T08:10:00+08:00,舊金山巨人,科羅拉多洛磯,舊金山巨人 @ 科羅拉多洛磯,51428165.1,374,得分最高單局(不含延長賽),252792414.1,一樣多,,,2.40,5,7,,,
2026-07-04,2026-07-04T13:50:58,台灣運彩,824334,3476825.1,132,2026-07-05T08:10:00+08:00,舊金山巨人,科羅拉多洛磯,舊金山巨人 @ 科羅拉多洛磯,51428165.1,374,得分最高單局(不含延長賽),252792405.1,第1局,,,5.10,10,41,,,
2026-07-04,2026-07-04T13:50:58,台灣運彩,824334,3476825.1,132,2026-07-05T08:10:00+08:00,舊金山巨人,科羅拉多洛磯,舊金山巨人 @ 科羅拉多洛磯,51428165.1,374,得分最高單局(不含延長賽),252792406.1,第2局,,,6.25,4,21,,,
2026-07-04,2026-07-04T13:50:58,台灣運彩,824334,3476825.1,132,2026-07-05T08:10:00+08:00,舊金山巨人,科羅拉多洛磯,舊金山巨人 @ 科羅拉多洛磯,51428165.1,374,得分最高單局(不含延長賽),252792407.1,第3局,,,5.25,4,17,,,
2026-07-04,2026-07-04T13:50:58,台灣運彩,824334,3476825.1,132,2026-07-05T08:10:00+08:00,舊金山巨人,科羅拉多洛磯,舊金山巨人 @ 科羅拉多洛磯,51428165.1,374,得分最高單局(不含延長賽),252792408.1,第4局,,,5.85,20,97,,,
2026-07-04,2026-07-04T13:50:58,台灣運彩,824334,3476825.1,132,2026-07-05T08:10:00+08:00,舊金山巨人,科羅拉多洛磯,舊金山巨人 @ 科羅拉多洛磯,51428165.1,374,得分最高單局(不含延長賽),252792409.1,第5局,,,5.55,20,91,,,
2026-07-04,2026-07-04T13:50:58,台灣運彩,824334,3476825.1,132,2026-07-05T08:10:00+08:00,舊金山巨人,科羅拉多洛磯,舊金山巨人 @ 科羅拉多洛磯,51428165.1,374,得分最高單局(不含延長賽),252792410.1,第6局,,,6.50,2,11,,,
2026-07-04,2026-07-04T13:50:58,台灣運彩,824334,3476825.1,132,2026-07-05T08:10:00+08:00,舊金山巨人,科羅拉多洛磯,舊金山巨人 @ 科羅拉多洛磯,51428165.1,374,得分最高單局(不含延長賽),252792411.1,第7局,,,6.50,2,11,,,
2026-07-04,2026-07-04T13:50:58,台灣運彩,824334,3476825.1,132,2026-07-05T08:10:00+08:00,舊金山巨人,科羅拉多洛磯,舊金山巨人 @ 科羅拉多洛磯,51428165.1,374,得分最高單局(不含延長賽),252792412.1,第8局,,,6.25,4,21,,,
2026-07-04,2026-07-04T13:50:58,台灣運彩,824334,3476825.1,132,2026-07-05T08:10:00+08:00,舊金山巨人,科羅拉多洛磯,舊金山巨人 @ 科羅拉多洛磯,51428165.1,374,得分最高單局(不含延長賽),252792413.1,第9局,,,8.00,1,7,,,
2026-07-04,2026-07-04T13:50:58,台灣運彩,824334,3476825.1,132,2026-07-05T08:10:00+08:00,舊金山巨人,科羅拉多洛磯,舊金山巨人 @ 科羅拉多洛磯,51428164.1,376,[1-5局] 不讓分,252792402.1,科羅拉多落磯,H,,1.90,10,9,H,,1
2026-07-04,2026-07-04T13:50:58,台灣運彩,824334,3476825.1,132,2026-07-05T08:10:00+08:00,舊金山巨人,科羅拉多洛磯,舊金山巨人 @ 科羅拉多洛磯,51428164.1,376,[1-5局] 不讓分,252792404.1,舊金山巨人,A,,1.65,20,13,A,,2
2026-07-04,2026-07-04T13:50:58,台灣運彩,824334,3476825.1,132,2026-07-05T08:10:00+08:00,舊金山巨人,科羅拉多洛磯,舊金山巨人 @ 科羅拉多洛磯,51428164.1,376,[1-5局] 不讓分,252792403.1,和局,D,,6.00,1,5,D,,
2026-07-04,2026-07-04T13:50:58,台灣運彩,824334,3476825.1,132,2026-07-05T08:10:00+08:00,舊金山巨人,科羅拉多洛磯,舊金山巨人 @ 科羅拉多洛磯,51428163.1,378,[1-5局] 大小 6.5,252792401.1,大 6.5,A,6.5,1.63,100,63,A,6.5,
2026-07-04,2026-07-04T13:50:58,台灣運彩,824334,3476825.1,132,2026-07-05T08:10:00+08:00,舊金山巨人,科羅拉多洛磯,舊金山巨人 @ 科羅拉多洛磯,51428163.1,378,[1-5局] 大小 6.5,252792400.1,小 6.5,H,6.5,1.70,10,7,H,6.5,
2026-07-04,2026-07-04T13:50:58,台灣運彩,824334,3476825.1,132,2026-07-05T08:10:00+08:00,舊金山巨人,科羅拉多洛磯,舊金山巨人 @ 科羅拉多洛磯,51428159.1,379,[1-5局] 科羅拉多落磯 大小 2.5,252792392.1,大 2.5,A,2.5,1.58,50,29,A,2.5,
2026-07-04,2026-07-04T13:50:58,台灣運彩,824334,3476825.1,132,2026-07-05T08:10:00+08:00,舊金山巨人,科羅拉多洛磯,舊金山巨人 @ 科羅拉多洛磯,51428159.1,379,[1-5局] 科羅拉多落磯 大小 2.5,252792391.1,小 2.5,H,2.5,1.86,50,43,H,2.5,
2026-07-04,2026-07-04T13:50:58,台灣運彩,824334,3476825.1,132,2026-07-05T08:10:00+08:00,舊金山巨人,科羅拉多洛磯,舊金山巨人 @ 科羅拉多洛磯,51428160.1,380,[1-5局] 舊金山巨人 大小 3.5,252792394.1,大 3.5,A,3.5,1.85,20,17,A,3.5,
2026-07-04,2026-07-04T13:50:58,台灣運彩,824334,3476825.1,132,2026-07-05T08:10:00+08:00,舊金山巨人,科羅拉多洛磯,舊金山巨人 @ 科羅拉多洛磯,51428160.1,380,[1-5局] 舊金山巨人 大小 3.5,252792393.1,小 3.5,H,3.5,1.60,5,3,H,3.5,
2026-07-04,2026-07-04T13:50:58,台灣運彩,824334,3476825.1,132,2026-07-05T08:10:00+08:00,舊金山巨人,科羅拉多洛磯,舊金山巨人 @ 科羅拉多洛磯,51428162.1,389,[第1局] 不讓分,252792397.1,科羅拉多落磯,H,,2.75,4,7,H,,1
2026-07-04,2026-07-04T13:50:58,台灣運彩,824334,3476825.1,132,2026-07-05T08:10:00+08:00,舊金山巨人,科羅拉多洛磯,舊金山巨人 @ 科羅拉多洛磯,51428162.1,389,[第1局] 不讓分,252792399.1,舊金山巨人,A,,2.55,20,31,A,,2
2026-07-04,2026-07-04T13:50:58,台灣運彩,824334,3476825.1,132,2026-07-05T08:10:00+08:00,舊金山巨人,科羅拉多洛磯,舊金山巨人 @ 科羅拉多洛磯,51428162.1,389,[第1局] 不讓分,252792398.1,和局,D,,1.85,20,17,D,,
2026-07-04,2026-07-04T13:50:58,台灣運彩,824334,3476825.1,132,2026-07-05T08:10:00+08:00,舊金山巨人,科羅拉多洛磯,舊金山巨人 @ 科羅拉多洛磯,51428161.1,398,[第1局] 大小 0.5,252792396.1,大 0.5,A,0.5,1.42,50,21,A,0.5,
2026-07-04,2026-07-04T13:50:58,台灣運彩,824334,3476825.1,132,2026-07-05T08:10:00+08:00,舊金山巨人,科羅拉多洛磯,舊金山巨人 @ 科羅拉多洛磯,51428161.1,398,[第1局] 大小 0.5,252792395.1,小 0.5,H,0.5,2.00,1,1,H,0.5,
2026-07-04,2026-07-04T13:50:58,台灣運彩,824012,3476828.1,134,2026-07-05T09:38:00+08:00,波士頓紅襪,洛杉磯天使,波士頓紅襪 @ 洛杉磯天使,51427942.1,354,不讓分,252791841.1,洛杉磯天使,H,,2.10,10,11,H,,1
2026-07-04,2026-07-04T13:50:58,台灣運彩,824012,3476828.1,134,2026-07-05T09:38:00+08:00,波士頓紅襪,洛杉磯天使,波士頓紅襪 @ 洛杉磯天使,51427942.1,354,不讓分,252791842.1,波士頓紅襪,A,,1.45,20,9,A,,2
2026-07-04,2026-07-04T13:50:58,台灣運彩,824012,3476828.1,134,2026-07-05T09:38:00+08:00,波士頓紅襪,洛杉磯天使,波士頓紅襪 @ 洛杉磯天使,51427954.1,357,勝分差,252791870.1,波士頓紅襪 1 分,A,,5.15,20,83,A,,
2026-07-04,2026-07-04T13:50:58,台灣運彩,824012,3476828.1,134,2026-07-05T09:38:00+08:00,波士頓紅襪,洛杉磯天使,波士頓紅襪 @ 洛杉磯天使,51427954.1,357,勝分差,252791871.1,波士頓紅襪 2 分,A,,6.25,4,21,A,,
2026-07-04,2026-07-04T13:50:58,台灣運彩,824012,3476828.1,134,2026-07-05T09:38:00+08:00,波士頓紅襪,洛杉磯天使,波士頓紅襪 @ 洛杉磯天使,51427954.1,357,勝分差,252791872.1,波士頓紅襪 > 2分,A,,2.00,1,1,A,,
2026-07-04,2026-07-04T13:50:58,台灣運彩,824012,3476828.1,134,2026-07-05T09:38:00+08:00,波士頓紅襪,洛杉磯天使,波士頓紅襪 @ 洛杉磯天使,51427954.1,357,勝分差,252791867.1,洛杉磯天使 1 分,H,,4.55,20,71,H,,
2026-07-04,2026-07-04T13:50:58,台灣運彩,824012,3476828.1,134,2026-07-05T09:38:00+08:00,波士頓紅襪,洛杉磯天使,波士頓紅襪 @ 洛杉磯天使,51427954.1,357,勝分差,252791868.1,洛杉磯天使 2 分,H,,8.50,2,15,H,,
2026-07-04,2026-07-04T13:50:58,台灣運彩,824012,3476828.1,134,2026-07-05T09:38:00+08:00,波士頓紅襪,洛杉磯天使,波士頓紅襪 @ 洛杉磯天使,51427954.1,357,勝分差,252791869.1,洛杉磯天使 > 2分,H,,3.85,20,57,H,,
2026-07-04,2026-07-04T13:50:58,台灣運彩,824012,3476828.1,134,2026-07-05T09:38:00+08:00,波士頓紅襪,洛杉磯天使,波士頓紅襪 @ 洛杉磯天使,51427940.1,358,讓分 2.5,252791837.1,洛杉磯天使 +2.5,H,2.5,1.45,20,9,H,2.5,1
2026-07-04,2026-07-04T13:50:58,台灣運彩,824012,3476828.1,134,2026-07-05T09:38:00+08:00,波士頓紅襪,洛杉磯天使,波士頓紅襪 @ 洛杉磯天使,51427940.1,358,讓分 2.5,252791838.1,波士頓紅襪 -2.5,A,2.5,2.10,10,11,A,2.5,2
2026-07-04,2026-07-04T13:50:58,台灣運彩,824012,3476828.1,134,2026-07-05T09:38:00+08:00,波士頓紅襪,洛杉磯天使,波士頓紅襪 @ 洛杉磯天使,51427945.1,358,讓分 1.5,252791847.1,洛杉磯天使 +1.5,H,1.5,1.73,100,73,H,1.5,1
2026-07-04,2026-07-04T13:50:58,台灣運彩,824012,3476828.1,134,2026-07-05T09:38:00+08:00,波士頓紅襪,洛杉磯天使,波士頓紅襪 @ 洛杉磯天使,51427945.1,358,讓分 1.5,252791848.1,波士頓紅襪 -1.5,A,1.5,1.77,100,77,A,1.5,2
2026-07-04,2026-07-04T13:50:58,台灣運彩,824012,3476828.1,134,2026-07-05T09:38:00+08:00,波士頓紅襪,洛杉磯天使,波士頓紅襪 @ 洛杉磯天使,51427948.1,360,[總分]大小 8.5,252791856.1,大 8.5,A,8.5,1.77,100,77,A,8.5,
2026-07-04,2026-07-04T13:50:58,台灣運彩,824012,3476828.1,134,2026-07-05T09:38:00+08:00,波士頓紅襪,洛杉磯天使,波士頓紅襪 @ 洛杉磯天使,51427948.1,360,[總分]大小 8.5,252791855.1,小 8.5,H,8.5,1.73,100,73,H,8.5,
2026-07-04,2026-07-04T13:50:58,台灣運彩,824012,3476828.1,134,2026-07-05T09:38:00+08:00,波士頓紅襪,洛杉磯天使,波士頓紅襪 @ 洛杉磯天使,51427949.1,360,[總分]大小 9.5,252791858.1,大 9.5,A,9.5,2.10,10,11,A,9.5,
2026-07-04,2026-07-04T13:50:58,台灣運彩,824012,3476828.1,134,2026-07-05T09:38:00+08:00,波士頓紅襪,洛杉磯天使,波士頓紅襪 @ 洛杉磯天使,51427949.1,360,[總分]大小 9.5,252791857.1,小 9.5,H,9.5,1.45,20,9,H,9.5,
2026-07-04,2026-07-04T13:50:58,台灣運彩,824012,3476828.1,134,2026-07-05T09:38:00+08:00,波士頓紅襪,洛杉磯天使,波士頓紅襪 @ 洛杉磯天使,51427953.1,360,[總分]大小 7.5,252791866.1,大 7.5,A,7.5,1.53,100,53,A,7.5,
2026-07-04,2026-07-04T13:50:58,台灣運彩,824012,3476828.1,134,2026-07-05T09:38:00+08:00,波士頓紅襪,洛杉磯天使,波士頓紅襪 @ 洛杉磯天使,51427953.1,360,[總分]大小 7.5,252791865.1,小 7.5,H,7.5,1.97,100,97,H,7.5,
2026-07-04,2026-07-04T13:50:58,台灣運彩,824012,3476828.1,134,2026-07-05T09:38:00+08:00,波士頓紅襪,洛杉磯天使,波士頓紅襪 @ 洛杉磯天使,51427941.1,362,洛杉磯天使 大小 3.5,252791840.1,大 3.5,A,3.5,1.80,5,4,A,3.5,
2026-07-04,2026-07-04T13:50:58,台灣運彩,824012,3476828.1,134,2026-07-05T09:38:00+08:00,波士頓紅襪,洛杉磯天使,波士頓紅襪 @ 洛杉磯天使,51427941.1,362,洛杉磯天使 大小 3.5,252791839.1,小 3.5,H,3.5,1.63,100,63,H,3.5,
2026-07-04,2026-07-04T13:50:58,台灣運彩,824012,3476828.1,134,2026-07-05T09:38:00+08:00,波士頓紅襪,洛杉磯天使,波士頓紅襪 @ 洛杉磯天使,51427944.1,363,波士頓紅襪 大小 4.5,252791846.1,大 4.5,A,4.5,1.68,25,17,A,4.5,
2026-07-04,2026-07-04T13:50:58,台灣運彩,824012,3476828.1,134,2026-07-05T09:38:00+08:00,波士頓紅襪,洛杉磯天使,波士頓紅襪 @ 洛杉磯天使,51427944.1,363,波士頓紅襪 大小 4.5,252791845.1,小 4.5,H,4.5,1.75,4,3,H,4.5,
2026-07-04,2026-07-04T13:50:58,台灣運彩,824012,3476828.1,134,2026-07-05T09:38:00+08:00,波士頓紅襪,洛杉磯天使,波士頓紅襪 @ 洛杉磯天使,51427939.1,366,[總分]單雙,252791836.1,單,,,1.48,25,12,,,
2026-07-04,2026-07-04T13:50:58,台灣運彩,824012,3476828.1,134,2026-07-05T09:38:00+08:00,波士頓紅襪,洛杉磯天使,波士頓紅襪 @ 洛杉磯天使,51427939.1,366,[總分]單雙,252791835.1,雙,,,2.00,1,1,,,
2026-07-04,2026-07-04T13:50:58,台灣運彩,824012,3476828.1,134,2026-07-05T09:38:00+08:00,波士頓紅襪,洛杉磯天使,波士頓紅襪 @ 洛杉磯天使,51427955.1,374,得分最高單局(不含延長賽),252791882.1,一樣多,,,2.20,5,6,,,
2026-07-04,2026-07-04T13:50:58,台灣運彩,824012,3476828.1,134,2026-07-05T09:38:00+08:00,波士頓紅襪,洛杉磯天使,波士頓紅襪 @ 洛杉磯天使,51427955.1,374,得分最高單局(不含延長賽),252791873.1,第1局,,,5.40,5,22,,,
2026-07-04,2026-07-04T13:50:58,台灣運彩,824012,3476828.1,134,2026-07-05T09:38:00+08:00,波士頓紅襪,洛杉磯天使,波士頓紅襪 @ 洛杉磯天使,51427955.1,374,得分最高單局(不含延長賽),252791874.1,第2局,,,6.50,2,11,,,
2026-07-04,2026-07-04T13:50:58,台灣運彩,824012,3476828.1,134,2026-07-05T09:38:00+08:00,波士頓紅襪,洛杉磯天使,波士頓紅襪 @ 洛杉磯天使,51427955.1,374,得分最高單局(不含延長賽),252791875.1,第3局,,,5.65,20,93,,,
2026-07-04,2026-07-04T13:50:58,台灣運彩,824012,3476828.1,134,2026-07-05T09:38:00+08:00,波士頓紅襪,洛杉磯天使,波士頓紅襪 @ 洛杉磯天使,51427955.1,374,得分最高單局(不含延長賽),252791876.1,第4局,,,6.50,2,11,,,
2026-07-04,2026-07-04T13:50:58,台灣運彩,824012,3476828.1,134,2026-07-05T09:38:00+08:00,波士頓紅襪,洛杉磯天使,波士頓紅襪 @ 洛杉磯天使,51427955.1,374,得分最高單局(不含延長賽),252791877.1,第5局,,,5.90,10,49,,,
2026-07-04,2026-07-04T13:50:58,台灣運彩,824012,3476828.1,134,2026-07-05T09:38:00+08:00,波士頓紅襪,洛杉磯天使,波士頓紅襪 @ 洛杉磯天使,51427955.1,374,得分最高單局(不含延長賽),252791878.1,第6局,,,6.00,1,5,,,
2026-07-04,2026-07-04T13:50:58,台灣運彩,824012,3476828.1,134,2026-07-05T09:38:00+08:00,波士頓紅襪,洛杉磯天使,波士頓紅襪 @ 洛杉磯天使,51427955.1,374,得分最高單局(不含延長賽),252791879.1,第7局,,,6.25,4,21,,,
2026-07-04,2026-07-04T13:50:58,台灣運彩,824012,3476828.1,134,2026-07-05T09:38:00+08:00,波士頓紅襪,洛杉磯天使,波士頓紅襪 @ 洛杉磯天使,51427955.1,374,得分最高單局(不含延長賽),252791880.1,第8局,,,6.25,4,21,,,
2026-07-04,2026-07-04T13:50:58,台灣運彩,824012,3476828.1,134,2026-07-05T09:38:00+08:00,波士頓紅襪,洛杉磯天使,波士頓紅襪 @ 洛杉磯天使,51427955.1,374,得分最高單局(不含延長賽),252791881.1,第9局,,,8.00,1,7,,,
2026-07-04,2026-07-04T13:50:58,台灣運彩,824012,3476828.1,134,2026-07-05T09:38:00+08:00,波士頓紅襪,洛杉磯天使,波士頓紅襪 @ 洛杉磯天使,51427946.1,376,[1-5局] 不讓分,252791849.1,洛杉磯天使,H,,2.20,5,6,H,,1
2026-07-04,2026-07-04T13:50:58,台灣運彩,824012,3476828.1,134,2026-07-05T09:38:00+08:00,波士頓紅襪,洛杉磯天使,波士頓紅襪 @ 洛杉磯天使,51427946.1,376,[1-5局] 不讓分,252791851.1,波士頓紅襪,A,,1.60,5,3,A,,2
2026-07-04,2026-07-04T13:50:58,台灣運彩,824012,3476828.1,134,2026-07-05T09:38:00+08:00,波士頓紅襪,洛杉磯天使,波士頓紅襪 @ 洛杉磯天使,51427946.1,376,[1-5局] 不讓分,252791850.1,和局,D,,4.70,10,37,D,,
2026-07-04,2026-07-04T13:50:58,台灣運彩,824012,3476828.1,134,2026-07-05T09:38:00+08:00,波士頓紅襪,洛杉磯天使,波士頓紅襪 @ 洛杉磯天使,51427956.1,378,[1-5局] 大小 4.5,252791884.1,大 4.5,A,4.5,1.68,25,17,A,4.5,
2026-07-04,2026-07-04T13:50:58,台灣運彩,824012,3476828.1,134,2026-07-05T09:38:00+08:00,波士頓紅襪,洛杉磯天使,波士頓紅襪 @ 洛杉磯天使,51427956.1,378,[1-5局] 大小 4.5,252791883.1,小 4.5,H,4.5,1.65,20,13,H,4.5,
2026-07-04,2026-07-04T13:50:58,台灣運彩,824012,3476828.1,134,2026-07-05T09:38:00+08:00,波士頓紅襪,洛杉磯天使,波士頓紅襪 @ 洛杉磯天使,51427952.1,379,[1-5局] 洛杉磯天使 大小 1.5,252791864.1,大 1.5,A,1.5,1.68,25,17,A,1.5,
2026-07-04,2026-07-04T13:50:58,台灣運彩,824012,3476828.1,134,2026-07-05T09:38:00+08:00,波士頓紅襪,洛杉磯天使,波士頓紅襪 @ 洛杉磯天使,51427952.1,379,[1-5局] 洛杉磯天使 大小 1.5,252791863.1,小 1.5,H,1.5,1.75,4,3,H,1.5,
2026-07-04,2026-07-04T13:50:58,台灣運彩,824012,3476828.1,134,2026-07-05T09:38:00+08:00,波士頓紅襪,洛杉磯天使,波士頓紅襪 @ 洛杉磯天使,51427943.1,380,[1-5局] 波士頓紅襪 大小 2.5,252791844.1,大 2.5,A,2.5,1.80,5,4,A,2.5,
2026-07-04,2026-07-04T13:50:58,台灣運彩,824012,3476828.1,134,2026-07-05T09:38:00+08:00,波士頓紅襪,洛杉磯天使,波士頓紅襪 @ 洛杉磯天使,51427943.1,380,[1-5局] 波士頓紅襪 大小 2.5,252791843.1,小 2.5,H,2.5,1.63,100,63,H,2.5,
2026-07-04,2026-07-04T13:50:58,台灣運彩,824012,3476828.1,134,2026-07-05T09:38:00+08:00,波士頓紅襪,洛杉磯天使,波士頓紅襪 @ 洛杉磯天使,51427947.1,389,[第1局] 不讓分,252791852.1,洛杉磯天使,H,,3.55,20,51,H,,1
2026-07-04,2026-07-04T13:50:58,台灣運彩,824012,3476828.1,134,2026-07-05T09:38:00+08:00,波士頓紅襪,洛杉磯天使,波士頓紅襪 @ 洛杉磯天使,51427947.1,389,[第1局] 不讓分,252791854.1,波士頓紅襪,A,,2.70,10,17,A,,2
2026-07-04,2026-07-04T13:50:58,台灣運彩,824012,3476828.1,134,2026-07-05T09:38:00+08:00,波士頓紅襪,洛杉磯天使,波士頓紅襪 @ 洛杉磯天使,51427947.1,389,[第1局] 不讓分,252791853.1,和局,D,,1.55,20,11,D,,
2026-07-04,2026-07-04T13:50:58,台灣運彩,824012,3476828.1,134,2026-07-05T09:38:00+08:00,波士頓紅襪,洛杉磯天使,波士頓紅襪 @ 洛杉磯天使,51427951.1,398,[第1局] 大小 0.5,252791862.1,大 0.5,A,0.5,1.68,25,17,A,0.5,
2026-07-04,2026-07-04T13:50:58,台灣運彩,824012,3476828.1,134,2026-07-05T09:38:00+08:00,波士頓紅襪,洛杉磯天使,波士頓紅襪 @ 洛杉磯天使,51427951.1,398,[第1局] 大小 0.5,252791861.1,小 0.5,H,0.5,1.65,20,13,H,0.5,
2026-07-04,2026-07-04T13:50:58,台灣運彩,824983,3476829.1,136,2026-07-05T09:40:00+08:00,邁阿密馬林魚,運動家,邁阿密馬林魚 @ 運動家,51427968.1,354,不讓分,252791915.1,運動家,H,,1.84,25,21,H,,1
2026-07-04,2026-07-04T13:50:58,台灣運彩,824983,3476829.1,136,2026-07-05T09:40:00+08:00,邁阿密馬林魚,運動家,邁阿密馬林魚 @ 運動家,51427968.1,354,不讓分,252791917.1,邁阿密馬林魚,A,,1.66,50,33,A,,2
2026-07-04,2026-07-04T13:50:58,台灣運彩,824983,3476829.1,136,2026-07-05T09:40:00+08:00,邁阿密馬林魚,運動家,邁阿密馬林魚 @ 運動家,51427988.1,357,勝分差,252791958.1,運動家 1 分,H,,4.65,20,73,H,,
2026-07-04,2026-07-04T13:50:58,台灣運彩,824983,3476829.1,136,2026-07-05T09:40:00+08:00,邁阿密馬林魚,運動家,邁阿密馬林魚 @ 運動家,51427988.1,357,勝分差,252791959.1,運動家 2 分,H,,8.25,4,29,H,,
2026-07-04,2026-07-04T13:50:58,台灣運彩,824983,3476829.1,136,2026-07-05T09:40:00+08:00,邁阿密馬林魚,運動家,邁阿密馬林魚 @ 運動家,51427988.1,357,勝分差,252791960.1,運動家 > 2分,H,,2.75,4,7,H,,
2026-07-04,2026-07-04T13:50:58,台灣運彩,824983,3476829.1,136,2026-07-05T09:40:00+08:00,邁阿密馬林魚,運動家,邁阿密馬林魚 @ 運動家,51427988.1,357,勝分差,252791962.1,邁阿密馬林魚 1 分,A,,6.50,2,11,A,,
2026-07-04,2026-07-04T13:50:58,台灣運彩,824983,3476829.1,136,2026-07-05T09:40:00+08:00,邁阿密馬林魚,運動家,邁阿密馬林魚 @ 運動家,51427988.1,357,勝分差,252791963.1,邁阿密馬林魚 2 分,A,,7.50,2,13,A,,
2026-07-04,2026-07-04T13:50:58,台灣運彩,824983,3476829.1,136,2026-07-05T09:40:00+08:00,邁阿密馬林魚,運動家,邁阿密馬林魚 @ 運動家,51427988.1,357,勝分差,252791965.1,邁阿密馬林魚 > 2分,A,,2.15,20,23,A,,
2026-07-04,2026-07-04T13:50:58,台灣運彩,824983,3476829.1,136,2026-07-05T09:40:00+08:00,邁阿密馬林魚,運動家,邁阿密馬林魚 @ 運動家,51427980.1,358,讓分 1.5,252791940.1,運動家 +1.5,H,1.5,1.58,50,29,H,1.5,1
2026-07-04,2026-07-04T13:50:58,台灣運彩,824983,3476829.1,136,2026-07-05T09:40:00+08:00,邁阿密馬林魚,運動家,邁阿密馬林魚 @ 運動家,51427980.1,358,讓分 1.5,252791941.1,邁阿密馬林魚 -1.5,A,1.5,1.92,25,23,A,1.5,2
2026-07-04,2026-07-04T13:50:58,台灣運彩,824983,3476829.1,136,2026-07-05T09:40:00+08:00,邁阿密馬林魚,運動家,邁阿密馬林魚 @ 運動家,51427972.1,360,[總分]大小 10.5,252791924.1,大 10.5,A,10.5,1.62,50,31,A,10.5,
2026-07-04,2026-07-04T13:50:58,台灣運彩,824983,3476829.1,136,2026-07-05T09:40:00+08:00,邁阿密馬林魚,運動家,邁阿密馬林魚 @ 運動家,51427972.1,360,[總分]大小 10.5,252791923.1,小 10.5,H,10.5,1.88,25,22,H,10.5,
2026-07-04,2026-07-04T13:50:58,台灣運彩,824983,3476829.1,136,2026-07-05T09:40:00+08:00,邁阿密馬林魚,運動家,邁阿密馬林魚 @ 運動家,51427991.1,362,運動家 大小 4.5,252791972.1,大 4.5,A,4.5,1.52,25,13,A,4.5,
2026-07-04,2026-07-04T13:50:58,台灣運彩,824983,3476829.1,136,2026-07-05T09:40:00+08:00,邁阿密馬林魚,運動家,邁阿密馬林魚 @ 運動家,51427991.1,362,運動家 大小 4.5,252791970.1,小 4.5,H,4.5,1.94,50,47,H,4.5,
2026-07-04,2026-07-04T13:50:58,台灣運彩,824983,3476829.1,136,2026-07-05T09:40:00+08:00,邁阿密馬林魚,運動家,邁阿密馬林魚 @ 運動家,51427996.1,363,邁阿密馬林魚 大小 5.5,252791991.1,大 5.5,A,5.5,1.70,10,7,A,5.5,
2026-07-04,2026-07-04T13:50:58,台灣運彩,824983,3476829.1,136,2026-07-05T09:40:00+08:00,邁阿密馬林魚,運動家,邁阿密馬林魚 @ 運動家,51427996.1,363,邁阿密馬林魚 大小 5.5,252791990.1,小 5.5,H,5.5,1.73,100,73,H,5.5,
2026-07-04,2026-07-04T13:50:58,台灣運彩,824983,3476829.1,136,2026-07-05T09:40:00+08:00,邁阿密馬林魚,運動家,邁阿密馬林魚 @ 運動家,51427970.1,366,[總分]單雙,252791921.1,單,,,1.48,25,12,,,
2026-07-04,2026-07-04T13:50:58,台灣運彩,824983,3476829.1,136,2026-07-05T09:40:00+08:00,邁阿密馬林魚,運動家,邁阿密馬林魚 @ 運動家,51427970.1,366,[總分]單雙,252791919.1,雙,,,1.90,10,9,,,
2026-07-04,2026-07-04T13:50:58,台灣運彩,824983,3476829.1,136,2026-07-05T09:40:00+08:00,邁阿密馬林魚,運動家,邁阿密馬林魚 @ 運動家,51427993.1,374,得分最高單局(不含延長賽),252791987.1,一樣多,,,2.50,2,3,,,
2026-07-04,2026-07-04T13:50:58,台灣運彩,824983,3476829.1,136,2026-07-05T09:40:00+08:00,邁阿密馬林魚,運動家,邁阿密馬林魚 @ 運動家,51427993.1,374,得分最高單局(不含延長賽),252791977.1,第1局,,,5.35,20,87,,,
2026-07-04,2026-07-04T13:50:58,台灣運彩,824983,3476829.1,136,2026-07-05T09:40:00+08:00,邁阿密馬林魚,運動家,邁阿密馬林魚 @ 運動家,51427993.1,374,得分最高單局(不含延長賽),252791978.1,第2局,,,6.50,2,11,,,
2026-07-04,2026-07-04T13:50:58,台灣運彩,824983,3476829.1,136,2026-07-05T09:40:00+08:00,邁阿密馬林魚,運動家,邁阿密馬林魚 @ 運動家,51427993.1,374,得分最高單局(不含延長賽),252791979.1,第3局,,,5.65,20,93,,,
2026-07-04,2026-07-04T13:50:58,台灣運彩,824983,3476829.1,136,2026-07-05T09:40:00+08:00,邁阿密馬林魚,運動家,邁阿密馬林魚 @ 運動家,51427993.1,374,得分最高單局(不含延長賽),252791980.1,第4局,,,6.25,4,21,,,
2026-07-04,2026-07-04T13:50:58,台灣運彩,824983,3476829.1,136,2026-07-05T09:40:00+08:00,邁阿密馬林魚,運動家,邁阿密馬林魚 @ 運動家,51427993.1,374,得分最高單局(不含延長賽),252791981.1,第5局,,,4.00,1,3,,,
2026-07-04,2026-07-04T13:50:58,台灣運彩,824983,3476829.1,136,2026-07-05T09:40:00+08:00,邁阿密馬林魚,運動家,邁阿密馬林魚 @ 運動家,51427993.1,374,得分最高單局(不含延長賽),252791982.1,第6局,,,6.50,2,11,,,
2026-07-04,2026-07-04T13:50:58,台灣運彩,824983,3476829.1,136,2026-07-05T09:40:00+08:00,邁阿密馬林魚,運動家,邁阿密馬林魚 @ 運動家,51427993.1,374,得分最高單局(不含延長賽),252791983.1,第7局,,,6.50,2,11,,,
2026-07-04,2026-07-04T13:50:58,台灣運彩,824983,3476829.1,136,2026-07-05T09:40:00+08:00,邁阿密馬林魚,運動家,邁阿密馬林魚 @ 運動家,51427993.1,374,得分最高單局(不含延長賽),252791984.1,第8局,,,6.50,2,11,,,
2026-07-04,2026-07-04T13:50:58,台灣運彩,824983,3476829.1,136,2026-07-05T09:40:00+08:00,邁阿密馬林魚,運動家,邁阿密馬林魚 @ 運動家,51427993.1,374,得分最高單局(不含延長賽),252791986.1,第9局,,,8.00,1,7,,,
2026-07-04,2026-07-04T13:50:58,台灣運彩,824983,3476829.1,136,2026-07-05T09:40:00+08:00,邁阿密馬林魚,運動家,邁阿密馬林魚 @ 運動家,51427986.1,376,[1-5局] 不讓分,252791953.1,運動家,H,,1.85,20,17,H,,1
2026-07-04,2026-07-04T13:50:58,台灣運彩,824983,3476829.1,136,2026-07-05T09:40:00+08:00,邁阿密馬林魚,運動家,邁阿密馬林魚 @ 運動家,51427986.1,376,[1-5局] 不讓分,252791955.1,邁阿密馬林魚,A,,1.70,10,7,A,,2
2026-07-04,2026-07-04T13:50:58,台灣運彩,824983,3476829.1,136,2026-07-05T09:40:00+08:00,邁阿密馬林魚,運動家,邁阿密馬林魚 @ 運動家,51427986.1,376,[1-5局] 不讓分,252791954.1,和局,D,,5.65,20,93,D,,
2026-07-04,2026-07-04T13:50:58,台灣運彩,824983,3476829.1,136,2026-07-05T09:40:00+08:00,邁阿密馬林魚,運動家,邁阿密馬林魚 @ 運動家,51427974.1,378,[1-5局] 大小 5.5,252791928.1,大 5.5,A,5.5,1.55,20,11,A,5.5,
2026-07-04,2026-07-04T13:50:58,台灣運彩,824983,3476829.1,136,2026-07-05T09:40:00+08:00,邁阿密馬林魚,運動家,邁阿密馬林魚 @ 運動家,51427974.1,378,[1-5局] 大小 5.5,252791927.1,小 5.5,H,5.5,1.80,5,4,H,5.5,
2026-07-04,2026-07-04T13:50:58,台灣運彩,824983,3476829.1,136,2026-07-05T09:40:00+08:00,邁阿密馬林魚,運動家,邁阿密馬林魚 @ 運動家,51428158.1,378,[1-5局] 大小 6.5,252792390.1,大 6.5,A,6.5,1.80,5,4,A,6.5,
2026-07-04,2026-07-04T13:50:58,台灣運彩,824983,3476829.1,136,2026-07-05T09:40:00+08:00,邁阿密馬林魚,運動家,邁阿密馬林魚 @ 運動家,51428158.1,378,[1-5局] 大小 6.5,252792389.1,小 6.5,H,6.5,1.55,20,11,H,6.5,
2026-07-04,2026-07-04T13:50:58,台灣運彩,824983,3476829.1,136,2026-07-05T09:40:00+08:00,邁阿密馬林魚,運動家,邁阿密馬林魚 @ 運動家,51427976.1,379,[1-5局] 運動家 大小 2.5,252791932.1,大 2.5,A,2.5,1.65,20,13,A,2.5,
2026-07-04,2026-07-04T13:50:58,台灣運彩,824983,3476829.1,136,2026-07-05T09:40:00+08:00,邁阿密馬林魚,運動家,邁阿密馬林魚 @ 運動家,51427976.1,379,[1-5局] 運動家 大小 2.5,252791931.1,小 2.5,H,2.5,1.78,50,39,H,2.5,
2026-07-04,2026-07-04T13:50:58,台灣運彩,824983,3476829.1,136,2026-07-05T09:40:00+08:00,邁阿密馬林魚,運動家,邁阿密馬林魚 @ 運動家,51427978.1,380,[1-5局] 邁阿密馬林魚 大小 2.5,252791936.1,大 2.5,A,2.5,1.56,25,14,A,2.5,
2026-07-04,2026-07-04T13:50:58,台灣運彩,824983,3476829.1,136,2026-07-05T09:40:00+08:00,邁阿密馬林魚,運動家,邁阿密馬林魚 @ 運動家,51427978.1,380,[1-5局] 邁阿密馬林魚 大小 2.5,252791935.1,小 2.5,H,2.5,1.88,25,22,H,2.5,
2026-07-04,2026-07-04T13:50:58,台灣運彩,824983,3476829.1,136,2026-07-05T09:40:00+08:00,邁阿密馬林魚,運動家,邁阿密馬林魚 @ 運動家,51427982.1,389,[第1局] 不讓分,252791944.1,運動家,H,,2.80,5,9,H,,1
2026-07-04,2026-07-04T13:50:58,台灣運彩,824983,3476829.1,136,2026-07-05T09:40:00+08:00,邁阿密馬林魚,運動家,邁阿密馬林魚 @ 運動家,51427982.1,389,[第1局] 不讓分,252791946.1,邁阿密馬林魚,A,,2.65,20,33,A,,2
2026-07-04,2026-07-04T13:50:58,台灣運彩,824983,3476829.1,136,2026-07-05T09:40:00+08:00,邁阿密馬林魚,運動家,邁阿密馬林魚 @ 運動家,51427982.1,389,[第1局] 不讓分,252791945.1,和局,D,,1.75,4,3,D,,
2026-07-04,2026-07-04T13:50:58,台灣運彩,824983,3476829.1,136,2026-07-05T09:40:00+08:00,邁阿密馬林魚,運動家,邁阿密馬林魚 @ 運動家,51427984.1,398,[第1局] 大小 0.5,252791950.1,大 0.5,A,0.5,1.46,50,23,A,0.5,
2026-07-04,2026-07-04T13:50:58,台灣運彩,824983,3476829.1,136,2026-07-05T09:40:00+08:00,邁阿密馬林魚,運動家,邁阿密馬林魚 @ 運動家,51427984.1,398,[第1局] 大小 0.5,252791949.1,小 0.5,H,0.5,1.93,100,93,H,0.5,
2026-07-04,2026-07-04T13:50:58,台灣運彩,825063,3476830.1,137,2026-07-05T09:40:00+08:00,密爾瓦基釀酒人,亞利桑那響尾蛇,密爾瓦基釀酒人 @ 亞利桑那響尾蛇,51427987.1,354,不讓分,252791956.1,亞歷桑那響尾蛇,H,,2.00,1,1,H,,1
2026-07-04,2026-07-04T13:50:58,台灣運彩,825063,3476830.1,137,2026-07-05T09:40:00+08:00,密爾瓦基釀酒人,亞利桑那響尾蛇,密爾瓦基釀酒人 @ 亞利桑那響尾蛇,51427987.1,354,不讓分,252791957.1,密爾瓦基釀酒人,A,,1.50,2,1,A,,2
2026-07-04,2026-07-04T13:50:58,台灣運彩,825063,3476830.1,137,2026-07-05T09:40:00+08:00,密爾瓦基釀酒人,亞利桑那響尾蛇,密爾瓦基釀酒人 @ 亞利桑那響尾蛇,51427990.1,357,勝分差,252791966.1,亞歷桑那響尾蛇 1 分,H,,4.40,5,17,H,,
2026-07-04,2026-07-04T13:50:58,台灣運彩,825063,3476830.1,137,2026-07-05T09:40:00+08:00,密爾瓦基釀酒人,亞利桑那響尾蛇,密爾瓦基釀酒人 @ 亞利桑那響尾蛇,51427990.1,357,勝分差,252791967.1,亞歷桑那響尾蛇 2 分,H,,8.50,2,15,H,,
2026-07-04,2026-07-04T13:50:58,台灣運彩,825063,3476830.1,137,2026-07-05T09:40:00+08:00,密爾瓦基釀酒人,亞利桑那響尾蛇,密爾瓦基釀酒人 @ 亞利桑那響尾蛇,51427990.1,357,勝分差,252791968.1,亞歷桑那響尾蛇 > 2分,H,,3.35,20,47,H,,
2026-07-04,2026-07-04T13:50:58,台灣運彩,825063,3476830.1,137,2026-07-05T09:40:00+08:00,密爾瓦基釀酒人,亞利桑那響尾蛇,密爾瓦基釀酒人 @ 亞利桑那響尾蛇,51427990.1,357,勝分差,252791969.1,密爾瓦基釀酒人 1 分,A,,5.65,20,93,A,,
2026-07-04,2026-07-04T13:50:58,台灣運彩,825063,3476830.1,137,2026-07-05T09:40:00+08:00,密爾瓦基釀酒人,亞利桑那響尾蛇,密爾瓦基釀酒人 @ 亞利桑那響尾蛇,51427990.1,357,勝分差,252791971.1,密爾瓦基釀酒人 2 分,A,,6.75,4,23,A,,
2026-07-04,2026-07-04T13:50:58,台灣運彩,825063,3476830.1,137,2026-07-05T09:40:00+08:00,密爾瓦基釀酒人,亞利桑那響尾蛇,密爾瓦基釀酒人 @ 亞利桑那響尾蛇,51427990.1,357,勝分差,252791973.1,密爾瓦基釀酒人 > 2分,A,,2.10,10,11,A,,
2026-07-04,2026-07-04T13:50:58,台灣運彩,825063,3476830.1,137,2026-07-05T09:40:00+08:00,密爾瓦基釀酒人,亞利桑那響尾蛇,密爾瓦基釀酒人 @ 亞利桑那響尾蛇,51427983.1,358,讓分 2.5,252791947.1,亞歷桑那響尾蛇 +2.5,H,2.5,1.42,50,21,H,2.5,1
2026-07-04,2026-07-04T13:50:58,台灣運彩,825063,3476830.1,137,2026-07-05T09:40:00+08:00,密爾瓦基釀酒人,亞利桑那響尾蛇,密爾瓦基釀酒人 @ 亞利桑那響尾蛇,51427983.1,358,讓分 2.5,252791948.1,密爾瓦基釀酒人 -2.5,A,2.5,2.20,5,6,A,2.5,2
2026-07-04,2026-07-04T13:50:58,台灣運彩,825063,3476830.1,137,2026-07-05T09:40:00+08:00,密爾瓦基釀酒人,亞利桑那響尾蛇,密爾瓦基釀酒人 @ 亞利桑那響尾蛇,51427998.1,358,讓分 1.5,252792003.1,亞歷桑那響尾蛇 +1.5,H,1.5,1.65,20,13,H,1.5,1
2026-07-04,2026-07-04T13:50:58,台灣運彩,825063,3476830.1,137,2026-07-05T09:40:00+08:00,密爾瓦基釀酒人,亞利桑那響尾蛇,密爾瓦基釀酒人 @ 亞利桑那響尾蛇,51427998.1,358,讓分 1.5,252792004.1,密爾瓦基釀酒人 -1.5,A,1.5,1.85,20,17,A,1.5,2
2026-07-04,2026-07-04T13:50:58,台灣運彩,825063,3476830.1,137,2026-07-05T09:40:00+08:00,密爾瓦基釀酒人,亞利桑那響尾蛇,密爾瓦基釀酒人 @ 亞利桑那響尾蛇,51427971.1,360,[總分]大小 10.5,252791922.1,大 10.5,A,10.5,2.10,10,11,A,10.5,
2026-07-04,2026-07-04T13:50:58,台灣運彩,825063,3476830.1,137,2026-07-05T09:40:00+08:00,密爾瓦基釀酒人,亞利桑那響尾蛇,密爾瓦基釀酒人 @ 亞利桑那響尾蛇,51427971.1,360,[總分]大小 10.5,252791920.1,小 10.5,H,10.5,1.45,20,9,H,10.5,
2026-07-04,2026-07-04T13:50:58,台灣運彩,825063,3476830.1,137,2026-07-05T09:40:00+08:00,密爾瓦基釀酒人,亞利桑那響尾蛇,密爾瓦基釀酒人 @ 亞利桑那響尾蛇,51427985.1,360,[總分]大小 9.5,252791952.1,大 9.5,A,9.5,1.87,100,87,A,9.5,
2026-07-04,2026-07-04T13:50:58,台灣運彩,825063,3476830.1,137,2026-07-05T09:40:00+08:00,密爾瓦基釀酒人,亞利桑那響尾蛇,密爾瓦基釀酒人 @ 亞利桑那響尾蛇,51427985.1,360,[總分]大小 9.5,252791951.1,小 9.5,H,9.5,1.63,100,63,H,9.5,
2026-07-04,2026-07-04T13:50:58,台灣運彩,825063,3476830.1,137,2026-07-05T09:40:00+08:00,密爾瓦基釀酒人,亞利桑那響尾蛇,密爾瓦基釀酒人 @ 亞利桑那響尾蛇,51427999.1,360,[總分]大小 8.5,252792006.1,大 8.5,A,8.5,1.56,25,14,A,8.5,
2026-07-04,2026-07-04T13:50:58,台灣運彩,825063,3476830.1,137,2026-07-05T09:40:00+08:00,密爾瓦基釀酒人,亞利桑那響尾蛇,密爾瓦基釀酒人 @ 亞利桑那響尾蛇,51427999.1,360,[總分]大小 8.5,252792005.1,小 8.5,H,8.5,1.94,50,47,H,8.5,
2026-07-04,2026-07-04T13:50:58,台灣運彩,825063,3476830.1,137,2026-07-05T09:40:00+08:00,密爾瓦基釀酒人,亞利桑那響尾蛇,密爾瓦基釀酒人 @ 亞利桑那響尾蛇,51427989.1,362,亞歷桑那響尾蛇 大小 3.5,252791964.1,大 3.5,A,3.5,1.58,50,29,A,3.5,
2026-07-04,2026-07-04T13:50:58,台灣運彩,825063,3476830.1,137,2026-07-05T09:40:00+08:00,密爾瓦基釀酒人,亞利桑那響尾蛇,密爾瓦基釀酒人 @ 亞利桑那響尾蛇,51427989.1,362,亞歷桑那響尾蛇 大小 3.5,252791961.1,小 3.5,H,3.5,1.86,50,43,H,3.5,
2026-07-04,2026-07-04T13:50:58,台灣運彩,825063,3476830.1,137,2026-07-05T09:40:00+08:00,密爾瓦基釀酒人,亞利桑那響尾蛇,密爾瓦基釀酒人 @ 亞利桑那響尾蛇,51427975.1,363,密爾瓦基釀酒人 大小 4.5,252791930.1,大 4.5,A,4.5,1.62,50,31,A,4.5,
2026-07-04,2026-07-04T13:50:58,台灣運彩,825063,3476830.1,137,2026-07-05T09:40:00+08:00,密爾瓦基釀酒人,亞利桑那響尾蛇,密爾瓦基釀酒人 @ 亞利桑那響尾蛇,51427975.1,363,密爾瓦基釀酒人 大小 4.5,252791929.1,小 4.5,H,4.5,1.82,50,41,H,4.5,
2026-07-04,2026-07-04T13:50:58,台灣運彩,825063,3476830.1,137,2026-07-05T09:40:00+08:00,密爾瓦基釀酒人,亞利桑那響尾蛇,密爾瓦基釀酒人 @ 亞利桑那響尾蛇,51427969.1,366,[總分]單雙,252791918.1,單,,,1.50,2,1,,,
2026-07-04,2026-07-04T13:50:58,台灣運彩,825063,3476830.1,137,2026-07-05T09:40:00+08:00,密爾瓦基釀酒人,亞利桑那響尾蛇,密爾瓦基釀酒人 @ 亞利桑那響尾蛇,51427969.1,366,[總分]單雙,252791916.1,雙,,,1.96,25,24,,,
2026-07-04,2026-07-04T13:50:58,台灣運彩,825063,3476830.1,137,2026-07-05T09:40:00+08:00,密爾瓦基釀酒人,亞利桑那響尾蛇,密爾瓦基釀酒人 @ 亞利桑那響尾蛇,51427997.1,374,得分最高單局(不含延長賽),252792002.1,一樣多,,,2.30,10,13,,,
2026-07-04,2026-07-04T13:50:58,台灣運彩,825063,3476830.1,137,2026-07-05T09:40:00+08:00,密爾瓦基釀酒人,亞利桑那響尾蛇,密爾瓦基釀酒人 @ 亞利桑那響尾蛇,51427997.1,374,得分最高單局(不含延長賽),252791993.1,第1局,,,5.35,20,87,,,
2026-07-04,2026-07-04T13:50:58,台灣運彩,825063,3476830.1,137,2026-07-05T09:40:00+08:00,密爾瓦基釀酒人,亞利桑那響尾蛇,密爾瓦基釀酒人 @ 亞利桑那響尾蛇,51427997.1,374,得分最高單局(不含延長賽),252791994.1,第2局,,,6.00,1,5,,,
2026-07-04,2026-07-04T13:50:58,台灣運彩,825063,3476830.1,137,2026-07-05T09:40:00+08:00,密爾瓦基釀酒人,亞利桑那響尾蛇,密爾瓦基釀酒人 @ 亞利桑那響尾蛇,51427997.1,374,得分最高單局(不含延長賽),252791995.1,第3局,,,5.40,5,22,,,
2026-07-04,2026-07-04T13:50:58,台灣運彩,825063,3476830.1,137,2026-07-05T09:40:00+08:00,密爾瓦基釀酒人,亞利桑那響尾蛇,密爾瓦基釀酒人 @ 亞利桑那響尾蛇,51427997.1,374,得分最高單局(不含延長賽),252791996.1,第4局,,,6.25,4,21,,,
2026-07-04,2026-07-04T13:50:58,台灣運彩,825063,3476830.1,137,2026-07-05T09:40:00+08:00,密爾瓦基釀酒人,亞利桑那響尾蛇,密爾瓦基釀酒人 @ 亞利桑那響尾蛇,51427997.1,374,得分最高單局(不含延長賽),252791997.1,第5局,,,5.65,20,93,,,
2026-07-04,2026-07-04T13:50:58,台灣運彩,825063,3476830.1,137,2026-07-05T09:40:00+08:00,密爾瓦基釀酒人,亞利桑那響尾蛇,密爾瓦基釀酒人 @ 亞利桑那響尾蛇,51427997.1,374,得分最高單局(不含延長賽),252791998.1,第6局,,,6.25,4,21,,,
2026-07-04,2026-07-04T13:50:58,台灣運彩,825063,3476830.1,137,2026-07-05T09:40:00+08:00,密爾瓦基釀酒人,亞利桑那響尾蛇,密爾瓦基釀酒人 @ 亞利桑那響尾蛇,51427997.1,374,得分最高單局(不含延長賽),252791999.1,第7局,,,6.50,2,11,,,
2026-07-04,2026-07-04T13:50:58,台灣運彩,825063,3476830.1,137,2026-07-05T09:40:00+08:00,密爾瓦基釀酒人,亞利桑那響尾蛇,密爾瓦基釀酒人 @ 亞利桑那響尾蛇,51427997.1,374,得分最高單局(不含延長賽),252792000.1,第8局,,,6.25,4,21,,,
2026-07-04,2026-07-04T13:50:58,台灣運彩,825063,3476830.1,137,2026-07-05T09:40:00+08:00,密爾瓦基釀酒人,亞利桑那響尾蛇,密爾瓦基釀酒人 @ 亞利桑那響尾蛇,51427997.1,374,得分最高單局(不含延長賽),252792001.1,第9局,,,8.00,1,7,,,
2026-07-04,2026-07-04T13:50:58,台灣運彩,825063,3476830.1,137,2026-07-05T09:40:00+08:00,密爾瓦基釀酒人,亞利桑那響尾蛇,密爾瓦基釀酒人 @ 亞利桑那響尾蛇,51427979.1,376,[1-5局] 不讓分,252791937.1,亞歷桑那響尾蛇,H,,2.05,20,21,H,,1
2026-07-04,2026-07-04T13:50:58,台灣運彩,825063,3476830.1,137,2026-07-05T09:40:00+08:00,密爾瓦基釀酒人,亞利桑那響尾蛇,密爾瓦基釀酒人 @ 亞利桑那響尾蛇,51427979.1,376,[1-5局] 不讓分,252791939.1,密爾瓦基釀酒人,A,,1.65,20,13,A,,2
2026-07-04,2026-07-04T13:50:58,台灣運彩,825063,3476830.1,137,2026-07-05T09:40:00+08:00,密爾瓦基釀酒人,亞利桑那響尾蛇,密爾瓦基釀酒人 @ 亞利桑那響尾蛇,51427979.1,376,[1-5局] 不讓分,252791938.1,和局,D,,5.00,1,4,D,,
2026-07-04,2026-07-04T13:50:58,台灣運彩,825063,3476830.1,137,2026-07-05T09:40:00+08:00,密爾瓦基釀酒人,亞利桑那響尾蛇,密爾瓦基釀酒人 @ 亞利桑那響尾蛇,51428059.1,378,[1-5局] 大小 5.5,252792159.1,大 5.5,A,5.5,1.82,50,41,A,5.5,
2026-07-04,2026-07-04T13:50:58,台灣運彩,825063,3476830.1,137,2026-07-05T09:40:00+08:00,密爾瓦基釀酒人,亞利桑那響尾蛇,密爾瓦基釀酒人 @ 亞利桑那響尾蛇,51428059.1,378,[1-5局] 大小 5.5,252792158.1,小 5.5,H,5.5,1.53,100,53,H,5.5,
2026-07-04,2026-07-04T13:50:58,台灣運彩,825063,3476830.1,137,2026-07-05T09:40:00+08:00,密爾瓦基釀酒人,亞利桑那響尾蛇,密爾瓦基釀酒人 @ 亞利桑那響尾蛇,51427977.1,379,[1-5局] 亞歷桑那響尾蛇 大小 1.5,252791934.1,大 1.5,A,1.5,1.48,25,12,A,1.5,
2026-07-04,2026-07-04T13:50:58,台灣運彩,825063,3476830.1,137,2026-07-05T09:40:00+08:00,密爾瓦基釀酒人,亞利桑那響尾蛇,密爾瓦基釀酒人 @ 亞利桑那響尾蛇,51427977.1,379,[1-5局] 亞歷桑那響尾蛇 大小 1.5,252791933.1,小 1.5,H,1.5,2.00,1,1,H,1.5,
2026-07-04,2026-07-04T13:50:58,台灣運彩,825063,3476830.1,137,2026-07-05T09:40:00+08:00,密爾瓦基釀酒人,亞利桑那響尾蛇,密爾瓦基釀酒人 @ 亞利桑那響尾蛇,51427981.1,380,[1-5局] 密爾瓦基釀酒人 大小 2.5,252791943.1,大 2.5,A,2.5,1.72,25,18,A,2.5,
2026-07-04,2026-07-04T13:50:58,台灣運彩,825063,3476830.1,137,2026-07-05T09:40:00+08:00,密爾瓦基釀酒人,亞利桑那響尾蛇,密爾瓦基釀酒人 @ 亞利桑那響尾蛇,51427981.1,380,[1-5局] 密爾瓦基釀酒人 大小 2.5,252791942.1,小 2.5,H,2.5,1.72,25,18,H,2.5,
2026-07-04,2026-07-04T13:50:58,台灣運彩,825063,3476830.1,137,2026-07-05T09:40:00+08:00,密爾瓦基釀酒人,亞利桑那響尾蛇,密爾瓦基釀酒人 @ 亞利桑那響尾蛇,51427992.1,389,[第1局] 不讓分,252791974.1,亞歷桑那響尾蛇,H,,3.20,5,11,H,,1
2026-07-04,2026-07-04T13:50:58,台灣運彩,825063,3476830.1,137,2026-07-05T09:40:00+08:00,密爾瓦基釀酒人,亞利桑那響尾蛇,密爾瓦基釀酒人 @ 亞利桑那響尾蛇,51427992.1,389,[第1局] 不讓分,252791976.1,密爾瓦基釀酒人,A,,2.75,4,7,A,,2
2026-07-04,2026-07-04T13:50:58,台灣運彩,825063,3476830.1,137,2026-07-05T09:40:00+08:00,密爾瓦基釀酒人,亞利桑那響尾蛇,密爾瓦基釀酒人 @ 亞利桑那響尾蛇,51427992.1,389,[第1局] 不讓分,252791975.1,和局,D,,1.60,5,3,D,,
2026-07-04,2026-07-04T13:50:58,台灣運彩,825063,3476830.1,137,2026-07-05T09:40:00+08:00,密爾瓦基釀酒人,亞利桑那響尾蛇,密爾瓦基釀酒人 @ 亞利桑那響尾蛇,51427994.1,398,[第1局] 大小 0.5,252791988.1,大 0.5,A,0.5,1.62,50,31,A,0.5,
2026-07-04,2026-07-04T13:50:58,台灣運彩,825063,3476830.1,137,2026-07-05T09:40:00+08:00,密爾瓦基釀酒人,亞利桑那響尾蛇,密爾瓦基釀酒人 @ 亞利桑那響尾蛇,51427994.1,398,[第1局] 大小 0.5,252791985.1,小 0.5,H,0.5,1.71,100,71,H,0.5,
2026-07-04,2026-07-04T13:50:58,台灣運彩,823932,3476835.1,139,2026-07-05T10:10:00+08:00,聖地牙哥教士,洛杉磯道奇,聖地牙哥教士 @ 洛杉磯道奇,51428038.1,354,不讓分,252792100.1,洛杉磯道奇,H,,1.25,4,1,H,,1
2026-07-04,2026-07-04T13:50:58,台灣運彩,823932,3476835.1,139,2026-07-05T10:10:00+08:00,聖地牙哥教士,洛杉磯道奇,聖地牙哥教士 @ 洛杉磯道奇,51428038.1,354,不讓分,252792101.1,聖地牙哥教士,A,,2.85,20,37,A,,2
2026-07-04,2026-07-04T13:50:58,台灣運彩,823932,3476835.1,139,2026-07-05T10:10:00+08:00,聖地牙哥教士,洛杉磯道奇,聖地牙哥教士 @ 洛杉磯道奇,51428044.1,357,勝分差,252792113.1,洛杉磯道奇 1 分,H,,3.90,10,29,H,,
2026-07-04,2026-07-04T13:50:58,台灣運彩,823932,3476835.1,139,2026-07-05T10:10:00+08:00,聖地牙哥教士,洛杉磯道奇,聖地牙哥教士 @ 洛杉磯道奇,51428044.1,357,勝分差,252792114.1,洛杉磯道奇 2 分,H,,6.00,1,5,H,,
2026-07-04,2026-07-04T13:50:58,台灣運彩,823932,3476835.1,139,2026-07-05T10:10:00+08:00,聖地牙哥教士,洛杉磯道奇,聖地牙哥教士 @ 洛杉磯道奇,51428044.1,357,勝分差,252792115.1,洛杉磯道奇 > 2分,H,,1.70,10,7,H,,
2026-07-04,2026-07-04T13:50:58,台灣運彩,823932,3476835.1,139,2026-07-05T10:10:00+08:00,聖地牙哥教士,洛杉磯道奇,聖地牙哥教士 @ 洛杉磯道奇,51428044.1,357,勝分差,252792116.1,聖地牙哥教士 1 分,A,,7.00,1,6,A,,
2026-07-04,2026-07-04T13:50:58,台灣運彩,823932,3476835.1,139,2026-07-05T10:10:00+08:00,聖地牙哥教士,洛杉磯道奇,聖地牙哥教士 @ 洛杉磯道奇,51428044.1,357,勝分差,252792117.1,聖地牙哥教士 2 分,A,,10.00,1,9,A,,
2026-07-04,2026-07-04T13:50:58,台灣運彩,823932,3476835.1,139,2026-07-05T10:10:00+08:00,聖地牙哥教士,洛杉磯道奇,聖地牙哥教士 @ 洛杉磯道奇,51428044.1,357,勝分差,252792118.1,聖地牙哥教士 > 2分,A,,5.00,1,4,A,,
2026-07-04,2026-07-04T13:50:58,台灣運彩,823932,3476835.1,139,2026-07-05T10:10:00+08:00,聖地牙哥教士,洛杉磯道奇,聖地牙哥教士 @ 洛杉磯道奇,51428029.1,358,讓分 -1.5,252792081.1,洛杉磯道奇 -1.5,H,-1.5,1.58,50,29,H,-1.5,1
2026-07-04,2026-07-04T13:50:58,台灣運彩,823932,3476835.1,139,2026-07-05T10:10:00+08:00,聖地牙哥教士,洛杉磯道奇,聖地牙哥教士 @ 洛杉磯道奇,51428029.1,358,讓分 -1.5,252792082.1,聖地牙哥教士 +1.5,A,-1.5,1.92,25,23,A,-1.5,2
2026-07-04,2026-07-04T13:50:58,台灣運彩,823932,3476835.1,139,2026-07-05T10:10:00+08:00,聖地牙哥教士,洛杉磯道奇,聖地牙哥教士 @ 洛杉磯道奇,51428041.1,358,讓分 -2.5,252792107.1,洛杉磯道奇 -2.5,H,-2.5,1.88,25,22,H,-2.5,1
2026-07-04,2026-07-04T13:50:58,台灣運彩,823932,3476835.1,139,2026-07-05T10:10:00+08:00,聖地牙哥教士,洛杉磯道奇,聖地牙哥教士 @ 洛杉磯道奇,51428041.1,358,讓分 -2.5,252792108.1,聖地牙哥教士 +2.5,A,-2.5,1.62,50,31,A,-2.5,2
2026-07-04,2026-07-04T13:50:58,台灣運彩,823932,3476835.1,139,2026-07-05T10:10:00+08:00,聖地牙哥教士,洛杉磯道奇,聖地牙哥教士 @ 洛杉磯道奇,51428032.1,360,[總分]大小 7.5,252792088.1,大 7.5,A,7.5,1.50,2,1,A,7.5,
2026-07-04,2026-07-04T13:50:58,台灣運彩,823932,3476835.1,139,2026-07-05T10:10:00+08:00,聖地牙哥教士,洛杉磯道奇,聖地牙哥教士 @ 洛杉磯道奇,51428032.1,360,[總分]大小 7.5,252792087.1,小 7.5,H,7.5,2.00,1,1,H,7.5,
2026-07-04,2026-07-04T13:50:58,台灣運彩,823932,3476835.1,139,2026-07-05T10:10:00+08:00,聖地牙哥教士,洛杉磯道奇,聖地牙哥教士 @ 洛杉磯道奇,51428036.1,360,[總分]大小 8.5,252792097.1,大 8.5,A,8.5,1.73,100,73,A,8.5,
2026-07-04,2026-07-04T13:50:58,台灣運彩,823932,3476835.1,139,2026-07-05T10:10:00+08:00,聖地牙哥教士,洛杉磯道奇,聖地牙哥教士 @ 洛杉磯道奇,51428036.1,360,[總分]大小 8.5,252792096.1,小 8.5,H,8.5,1.77,100,77,H,8.5,
2026-07-04,2026-07-04T13:50:58,台灣運彩,823932,3476835.1,139,2026-07-05T10:10:00+08:00,聖地牙哥教士,洛杉磯道奇,聖地牙哥教士 @ 洛杉磯道奇,51428042.1,360,[總分]大小 9.5,252792110.1,大 9.5,A,9.5,2.05,20,21,A,9.5,
2026-07-04,2026-07-04T13:50:58,台灣運彩,823932,3476835.1,139,2026-07-05T10:10:00+08:00,聖地牙哥教士,洛杉磯道奇,聖地牙哥教士 @ 洛杉磯道奇,51428042.1,360,[總分]大小 9.5,252792109.1,小 9.5,H,9.5,1.48,25,12,H,9.5,
2026-07-04,2026-07-04T13:50:58,台灣運彩,823932,3476835.1,139,2026-07-05T10:10:00+08:00,聖地牙哥教士,洛杉磯道奇,聖地牙哥教士 @ 洛杉磯道奇,51428040.1,362,洛杉磯道奇 大小 5.5,252792106.1,大 5.5,A,5.5,1.85,20,17,A,5.5,
2026-07-04,2026-07-04T13:50:58,台灣運彩,823932,3476835.1,139,2026-07-05T10:10:00+08:00,聖地牙哥教士,洛杉磯道奇,聖地牙哥教士 @ 洛杉磯道奇,51428040.1,362,洛杉磯道奇 大小 5.5,252792105.1,小 5.5,H,5.5,1.60,5,3,H,5.5,
2026-07-04,2026-07-04T13:50:58,台灣運彩,823932,3476835.1,139,2026-07-05T10:10:00+08:00,聖地牙哥教士,洛杉磯道奇,聖地牙哥教士 @ 洛杉磯道奇,51428070.1,362,洛杉磯道奇 大小 4.5,252792189.1,大 4.5,A,4.5,1.55,20,11,A,4.5,
2026-07-04,2026-07-04T13:50:58,台灣運彩,823932,3476835.1,139,2026-07-05T10:10:00+08:00,聖地牙哥教士,洛杉磯道奇,聖地牙哥教士 @ 洛杉磯道奇,51428070.1,362,洛杉磯道奇 大小 4.5,252792188.1,小 4.5,H,4.5,1.90,10,9,H,4.5,
2026-07-04,2026-07-04T13:50:58,台灣運彩,823932,3476835.1,139,2026-07-05T10:10:00+08:00,聖地牙哥教士,洛杉磯道奇,聖地牙哥教士 @ 洛杉磯道奇,51428033.1,363,聖地牙哥教士 大小 3.5,252792090.1,大 3.5,A,3.5,1.88,25,22,A,3.5,
2026-07-04,2026-07-04T13:50:58,台灣運彩,823932,3476835.1,139,2026-07-05T10:10:00+08:00,聖地牙哥教士,洛杉磯道奇,聖地牙哥教士 @ 洛杉磯道奇,51428033.1,363,聖地牙哥教士 大小 3.5,252792089.1,小 3.5,H,3.5,1.56,25,14,H,3.5,
2026-07-04,2026-07-04T13:50:58,台灣運彩,823932,3476835.1,139,2026-07-05T10:10:00+08:00,聖地牙哥教士,洛杉磯道奇,聖地牙哥教士 @ 洛杉磯道奇,51428189.1,363,聖地牙哥教士 大小 2.5,252792501.1,大 2.5,A,2.5,1.60,5,3,A,2.5,
2026-07-04,2026-07-04T13:50:58,台灣運彩,823932,3476835.1,139,2026-07-05T10:10:00+08:00,聖地牙哥教士,洛杉磯道奇,聖地牙哥教士 @ 洛杉磯道奇,51428189.1,363,聖地牙哥教士 大小 2.5,252792500.1,小 2.5,H,2.5,1.85,20,17,H,2.5,
2026-07-04,2026-07-04T13:50:58,台灣運彩,823932,3476835.1,139,2026-07-05T10:10:00+08:00,聖地牙哥教士,洛杉磯道奇,聖地牙哥教士 @ 洛杉磯道奇,51428031.1,366,[總分]單雙,252792086.1,單,,,1.50,2,1,,,
2026-07-04,2026-07-04T13:50:58,台灣運彩,823932,3476835.1,139,2026-07-05T10:10:00+08:00,聖地牙哥教士,洛杉磯道奇,聖地牙哥教士 @ 洛杉磯道奇,51428031.1,366,[總分]單雙,252792085.1,雙,,,1.96,25,24,,,
2026-07-04,2026-07-04T13:50:58,台灣運彩,823932,3476835.1,139,2026-07-05T10:10:00+08:00,聖地牙哥教士,洛杉磯道奇,聖地牙哥教士 @ 洛杉磯道奇,51428045.1,374,得分最高單局(不含延長賽),252792128.1,一樣多,,,2.25,4,5,,,
2026-07-04,2026-07-04T13:50:58,台灣運彩,823932,3476835.1,139,2026-07-05T10:10:00+08:00,聖地牙哥教士,洛杉磯道奇,聖地牙哥教士 @ 洛杉磯道奇,51428045.1,374,得分最高單局(不含延長賽),252792119.1,第1局,,,5.25,4,17,,,
2026-07-04,2026-07-04T13:50:58,台灣運彩,823932,3476835.1,139,2026-07-05T10:10:00+08:00,聖地牙哥教士,洛杉磯道奇,聖地牙哥教士 @ 洛杉磯道奇,51428045.1,374,得分最高單局(不含延長賽),252792120.1,第2局,,,6.25,4,21,,,
2026-07-04,2026-07-04T13:50:58,台灣運彩,823932,3476835.1,139,2026-07-05T10:10:00+08:00,聖地牙哥教士,洛杉磯道奇,聖地牙哥教士 @ 洛杉磯道奇,51428045.1,374,得分最高單局(不含延長賽),252792121.1,第3局,,,5.80,5,24,,,
2026-07-04,2026-07-04T13:50:58,台灣運彩,823932,3476835.1,139,2026-07-05T10:10:00+08:00,聖地牙哥教士,洛杉磯道奇,聖地牙哥教士 @ 洛杉磯道奇,51428045.1,374,得分最高單局(不含延長賽),252792122.1,第4局,,,6.25,4,21,,,
2026-07-04,2026-07-04T13:50:58,台灣運彩,823932,3476835.1,139,2026-07-05T10:10:00+08:00,聖地牙哥教士,洛杉磯道奇,聖地牙哥教士 @ 洛杉磯道奇,51428045.1,374,得分最高單局(不含延長賽),252792123.1,第5局,,,5.80,5,24,,,
2026-07-04,2026-07-04T13:50:58,台灣運彩,823932,3476835.1,139,2026-07-05T10:10:00+08:00,聖地牙哥教士,洛杉磯道奇,聖地牙哥教士 @ 洛杉磯道奇,51428045.1,374,得分最高單局(不含延長賽),252792124.1,第6局,,,5.70,10,47,,,
2026-07-04,2026-07-04T13:50:58,台灣運彩,823932,3476835.1,139,2026-07-05T10:10:00+08:00,聖地牙哥教士,洛杉磯道奇,聖地牙哥教士 @ 洛杉磯道奇,51428045.1,374,得分最高單局(不含延長賽),252792125.1,第7局,,,5.85,20,97,,,
2026-07-04,2026-07-04T13:50:58,台灣運彩,823932,3476835.1,139,2026-07-05T10:10:00+08:00,聖地牙哥教士,洛杉磯道奇,聖地牙哥教士 @ 洛杉磯道奇,51428045.1,374,得分最高單局(不含延長賽),252792126.1,第8局,,,5.80,5,24,,,
2026-07-04,2026-07-04T13:50:58,台灣運彩,823932,3476835.1,139,2026-07-05T10:10:00+08:00,聖地牙哥教士,洛杉磯道奇,聖地牙哥教士 @ 洛杉磯道奇,51428045.1,374,得分最高單局(不含延長賽),252792127.1,第9局,,,8.00,1,7,,,
2026-07-04,2026-07-04T13:50:58,台灣運彩,823932,3476835.1,139,2026-07-05T10:10:00+08:00,聖地牙哥教士,洛杉磯道奇,聖地牙哥教士 @ 洛杉磯道奇,51428039.1,376,[1-5局] 不讓分,252792102.1,洛杉磯道奇,H,,1.35,20,7,H,,1
2026-07-04,2026-07-04T13:50:58,台灣運彩,823932,3476835.1,139,2026-07-05T10:10:00+08:00,聖地牙哥教士,洛杉磯道奇,聖地牙哥教士 @ 洛杉磯道奇,51428039.1,376,[1-5局] 不讓分,252792104.1,聖地牙哥教士,A,,2.75,4,7,A,,2
2026-07-04,2026-07-04T13:50:58,台灣運彩,823932,3476835.1,139,2026-07-05T10:10:00+08:00,聖地牙哥教士,洛杉磯道奇,聖地牙哥教士 @ 洛杉磯道奇,51428039.1,376,[1-5局] 不讓分,252792103.1,和局,D,,4.95,20,79,D,,
2026-07-04,2026-07-04T13:50:58,台灣運彩,823932,3476835.1,139,2026-07-05T10:10:00+08:00,聖地牙哥教士,洛杉磯道奇,聖地牙哥教士 @ 洛杉磯道奇,51428030.1,378,[1-5局] 大小 4.5,252792084.1,大 4.5,A,4.5,1.62,50,31,A,4.5,
2026-07-04,2026-07-04T13:50:58,台灣運彩,823932,3476835.1,139,2026-07-05T10:10:00+08:00,聖地牙哥教士,洛杉磯道奇,聖地牙哥教士 @ 洛杉磯道奇,51428030.1,378,[1-5局] 大小 4.5,252792083.1,小 4.5,H,4.5,1.71,100,71,H,4.5,
2026-07-04,2026-07-04T13:50:58,台灣運彩,823932,3476835.1,139,2026-07-05T10:10:00+08:00,聖地牙哥教士,洛杉磯道奇,聖地牙哥教士 @ 洛杉磯道奇,51428043.1,379,[1-5局] 洛杉磯道奇 大小 2.5,252792112.1,大 2.5,A,2.5,1.58,50,29,A,2.5,
2026-07-04,2026-07-04T13:50:58,台灣運彩,823932,3476835.1,139,2026-07-05T10:10:00+08:00,聖地牙哥教士,洛杉磯道奇,聖地牙哥教士 @ 洛杉磯道奇,51428043.1,379,[1-5局] 洛杉磯道奇 大小 2.5,252792111.1,小 2.5,H,2.5,1.86,50,43,H,2.5,
2026-07-04,2026-07-04T13:50:58,台灣運彩,823932,3476835.1,139,2026-07-05T10:10:00+08:00,聖地牙哥教士,洛杉磯道奇,聖地牙哥教士 @ 洛杉磯道奇,51428035.1,380,[1-5局] 聖地牙哥教士 大小 1.5,252792095.1,大 1.5,A,1.5,1.88,25,22,A,1.5,
2026-07-04,2026-07-04T13:50:58,台灣運彩,823932,3476835.1,139,2026-07-05T10:10:00+08:00,聖地牙哥教士,洛杉磯道奇,聖地牙哥教士 @ 洛杉磯道奇,51428035.1,380,[1-5局] 聖地牙哥教士 大小 1.5,252792094.1,小 1.5,H,1.5,1.56,25,14,H,1.5,
2026-07-04,2026-07-04T13:50:58,台灣運彩,823932,3476835.1,139,2026-07-05T10:10:00+08:00,聖地牙哥教士,洛杉磯道奇,聖地牙哥教士 @ 洛杉磯道奇,51428034.1,389,[第1局] 不讓分,252792091.1,洛杉磯道奇,H,,2.25,4,5,H,,1
2026-07-04,2026-07-04T13:50:58,台灣運彩,823932,3476835.1,139,2026-07-05T10:10:00+08:00,聖地牙哥教士,洛杉磯道奇,聖地牙哥教士 @ 洛杉磯道奇,51428034.1,389,[第1局] 不讓分,252792093.1,聖地牙哥教士,A,,4.55,20,71,A,,2
2026-07-04,2026-07-04T13:50:58,台灣運彩,823932,3476835.1,139,2026-07-05T10:10:00+08:00,聖地牙哥教士,洛杉磯道奇,聖地牙哥教士 @ 洛杉磯道奇,51428034.1,389,[第1局] 不讓分,252792092.1,和局,D,,1.55,20,11,D,,
2026-07-04,2026-07-04T13:50:58,台灣運彩,823932,3476835.1,139,2026-07-05T10:10:00+08:00,聖地牙哥教士,洛杉磯道奇,聖地牙哥教士 @ 洛杉磯道奇,51428037.1,398,[第1局] 大小 0.5,252792099.1,大 0.5,A,0.5,1.65,20,13,A,0.5,
2026-07-04,2026-07-04T13:50:58,台灣運彩,823932,3476835.1,139,2026-07-05T10:10:00+08:00,聖地牙哥教士,洛杉磯道奇,聖地牙哥教士 @ 洛杉磯道奇,51428037.1,398,[第1局] 大小 0.5,252792098.1,小 0.5,H,0.5,1.68,25,17,H,0.5,
