date,captured_at_tw,sportsbook,game_pk,official_event_id,event_no,kickoff_tw,away_zh,home_zh,matchup_zh,market_id,market_ti,market_name,selection_id,selection_name,selection_side,selection_line,odds_decimal,pd,pu,raw_v,raw_hv,raw_cn
2026-07-07,2026-07-07T13:51:07,台灣運彩,,3477171.1,108,2026-07-07T17:00:00+08:00,福岡軟銀鷹,歐力士猛牛,福岡軟銀鷹 @ 歐力士猛牛,51433725.1,354,不讓分,252808571.1,歐力士猛牛,H,,1.85,20,17,H,,1
2026-07-07,2026-07-07T13:51:07,台灣運彩,,3477171.1,108,2026-07-07T17:00:00+08:00,福岡軟銀鷹,歐力士猛牛,福岡軟銀鷹 @ 歐力士猛牛,51433725.1,354,不讓分,252808572.1,福岡軟銀鷹,A,,1.60,5,3,A,,2
2026-07-07,2026-07-07T13:51:07,台灣運彩,,3477171.1,108,2026-07-07T17:00:00+08:00,福岡軟銀鷹,歐力士猛牛,福岡軟銀鷹 @ 歐力士猛牛,51433732.1,358,讓分 1.5,252808587.1,歐力士猛牛 +1.5,H,1.5,1.43,100,43,H,1.5,1
2026-07-07,2026-07-07T13:51:07,台灣運彩,,3477171.1,108,2026-07-07T17:00:00+08:00,福岡軟銀鷹,歐力士猛牛,福岡軟銀鷹 @ 歐力士猛牛,51433732.1,358,讓分 1.5,252808588.1,福岡軟銀鷹 -1.5,A,1.5,2.10,10,11,A,1.5,2
2026-07-07,2026-07-07T13:51:07,台灣運彩,,3477171.1,108,2026-07-07T17:00:00+08:00,福岡軟銀鷹,歐力士猛牛,福岡軟銀鷹 @ 歐力士猛牛,51433728.1,360,[總分]大小 6.5,252808579.1,大 6.5,A,6.5,1.80,5,4,A,6.5,
2026-07-07,2026-07-07T13:51:07,台灣運彩,,3477171.1,108,2026-07-07T17:00:00+08:00,福岡軟銀鷹,歐力士猛牛,福岡軟銀鷹 @ 歐力士猛牛,51433728.1,360,[總分]大小 6.5,252808578.1,小 6.5,H,6.5,1.63,100,63,H,6.5,
2026-07-07,2026-07-07T13:51:07,台灣運彩,,3477171.1,108,2026-07-07T17:00:00+08:00,福岡軟銀鷹,歐力士猛牛,福岡軟銀鷹 @ 歐力士猛牛,51433730.1,362,歐力士猛牛 大小 2.5,252808584.1,大 2.5,A,2.5,1.66,50,33,A,2.5,
2026-07-07,2026-07-07T13:51:07,台灣運彩,,3477171.1,108,2026-07-07T17:00:00+08:00,福岡軟銀鷹,歐力士猛牛,福岡軟銀鷹 @ 歐力士猛牛,51433730.1,362,歐力士猛牛 大小 2.5,252808583.1,小 2.5,H,2.5,1.66,50,33,H,2.5,
2026-07-07,2026-07-07T13:51:07,台灣運彩,,3477171.1,108,2026-07-07T17:00:00+08:00,福岡軟銀鷹,歐力士猛牛,福岡軟銀鷹 @ 歐力士猛牛,51433731.1,363,福岡軟銀鷹 大小 2.5,252808586.1,大 2.5,A,2.5,1.50,2,1,A,2.5,
2026-07-07,2026-07-07T13:51:07,台灣運彩,,3477171.1,108,2026-07-07T17:00:00+08:00,福岡軟銀鷹,歐力士猛牛,福岡軟銀鷹 @ 歐力士猛牛,51433731.1,363,福岡軟銀鷹 大小 2.5,252808585.1,小 2.5,H,2.5,1.85,20,17,H,2.5,
2026-07-07,2026-07-07T13:51:07,台灣運彩,,3477171.1,108,2026-07-07T17:00:00+08:00,福岡軟銀鷹,歐力士猛牛,福岡軟銀鷹 @ 歐力士猛牛,51433726.1,366,[總分]單雙,252808574.1,單,,,1.50,2,1,,,
2026-07-07,2026-07-07T13:51:07,台灣運彩,,3477171.1,108,2026-07-07T17:00:00+08:00,福岡軟銀鷹,歐力士猛牛,福岡軟銀鷹 @ 歐力士猛牛,51433726.1,366,[總分]單雙,252808573.1,雙,,,1.96,25,24,,,
2026-07-07,2026-07-07T13:51:07,台灣運彩,,3477171.1,108,2026-07-07T17:00:00+08:00,福岡軟銀鷹,歐力士猛牛,福岡軟銀鷹 @ 歐力士猛牛,51433729.1,376,[1-5局] 不讓分,252808580.1,歐力士猛牛,H,,2.10,10,11,H,,1
2026-07-07,2026-07-07T13:51:07,台灣運彩,,3477171.1,108,2026-07-07T17:00:00+08:00,福岡軟銀鷹,歐力士猛牛,福岡軟銀鷹 @ 歐力士猛牛,51433729.1,376,[1-5局] 不讓分,252808582.1,福岡軟銀鷹,A,,1.80,5,4,A,,2
2026-07-07,2026-07-07T13:51:07,台灣運彩,,3477171.1,108,2026-07-07T17:00:00+08:00,福岡軟銀鷹,歐力士猛牛,福岡軟銀鷹 @ 歐力士猛牛,51433729.1,376,[1-5局] 不讓分,252808581.1,和局,D,,3.65,20,53,D,,
2026-07-07,2026-07-07T13:51:07,台灣運彩,,3477171.1,108,2026-07-07T17:00:00+08:00,福岡軟銀鷹,歐力士猛牛,福岡軟銀鷹 @ 歐力士猛牛,51434048.1,378,[1-5局] 大小 3.5,252809430.1,大 3.5,A,3.5,1.82,50,41,A,3.5,
2026-07-07,2026-07-07T13:51:07,台灣運彩,,3477171.1,108,2026-07-07T17:00:00+08:00,福岡軟銀鷹,歐力士猛牛,福岡軟銀鷹 @ 歐力士猛牛,51434048.1,378,[1-5局] 大小 3.5,252809429.1,小 3.5,H,3.5,1.53,100,53,H,3.5,
2026-07-07,2026-07-07T13:51:07,台灣運彩,,3477171.1,108,2026-07-07T17:00:00+08:00,福岡軟銀鷹,歐力士猛牛,福岡軟銀鷹 @ 歐力士猛牛,51433727.1,389,[第1局] 不讓分,252808575.1,歐力士猛牛,H,,3.70,10,27,H,,1
2026-07-07,2026-07-07T13:51:07,台灣運彩,,3477171.1,108,2026-07-07T17:00:00+08:00,福岡軟銀鷹,歐力士猛牛,福岡軟銀鷹 @ 歐力士猛牛,51433727.1,389,[第1局] 不讓分,252808577.1,福岡軟銀鷹,A,,3.45,20,49,A,,2
2026-07-07,2026-07-07T13:51:07,台灣運彩,,3477171.1,108,2026-07-07T17:00:00+08:00,福岡軟銀鷹,歐力士猛牛,福岡軟銀鷹 @ 歐力士猛牛,51433727.1,389,[第1局] 不讓分,252808576.1,和局,D,,1.35,20,7,D,,
2026-07-07,2026-07-07T13:51:07,台灣運彩,,3477172.1,110,2026-07-07T17:00:00+08:00,日本火腿鬥士,羅德海洋,日本火腿鬥士 @ 羅德海洋,51433733.1,354,不讓分,252808589.1,羅德海洋,H,,2.00,1,1,H,,1
2026-07-07,2026-07-07T13:51:07,台灣運彩,,3477172.1,110,2026-07-07T17:00:00+08:00,日本火腿鬥士,羅德海洋,日本火腿鬥士 @ 羅德海洋,51433733.1,354,不讓分,252808590.1,日本火腿鬥士,A,,1.48,25,12,A,,2
2026-07-07,2026-07-07T13:51:07,台灣運彩,,3477172.1,110,2026-07-07T17:00:00+08:00,日本火腿鬥士,羅德海洋,日本火腿鬥士 @ 羅德海洋,51433745.1,358,讓分 1.5,252808615.1,羅德海洋 +1.5,H,1.5,1.53,100,53,H,1.5,1
2026-07-07,2026-07-07T13:51:07,台灣運彩,,3477172.1,110,2026-07-07T17:00:00+08:00,日本火腿鬥士,羅德海洋,日本火腿鬥士 @ 羅德海洋,51433745.1,358,讓分 1.5,252808617.1,日本火腿鬥士 -1.5,A,1.5,1.93,100,93,A,1.5,2
2026-07-07,2026-07-07T13:51:07,台灣運彩,,3477172.1,110,2026-07-07T17:00:00+08:00,日本火腿鬥士,羅德海洋,日本火腿鬥士 @ 羅德海洋,51433735.1,360,[總分]大小 6.5,252808594.1,大 6.5,A,6.5,1.73,100,73,A,6.5,
2026-07-07,2026-07-07T13:51:07,台灣運彩,,3477172.1,110,2026-07-07T17:00:00+08:00,日本火腿鬥士,羅德海洋,日本火腿鬥士 @ 羅德海洋,51433735.1,360,[總分]大小 6.5,252808593.1,小 6.5,H,6.5,1.70,10,7,H,6.5,
2026-07-07,2026-07-07T13:51:07,台灣運彩,,3477172.1,110,2026-07-07T17:00:00+08:00,日本火腿鬥士,羅德海洋,日本火腿鬥士 @ 羅德海洋,51433739.1,362,羅德海洋 大小 2.5,252808602.1,大 2.5,A,2.5,1.70,10,7,A,2.5,
2026-07-07,2026-07-07T13:51:07,台灣運彩,,3477172.1,110,2026-07-07T17:00:00+08:00,日本火腿鬥士,羅德海洋,日本火腿鬥士 @ 羅德海洋,51433739.1,362,羅德海洋 大小 2.5,252808601.1,小 2.5,H,2.5,1.63,100,63,H,2.5,
2026-07-07,2026-07-07T13:51:07,台灣運彩,,3477172.1,110,2026-07-07T17:00:00+08:00,日本火腿鬥士,羅德海洋,日本火腿鬥士 @ 羅德海洋,51433740.1,363,日本火腿鬥士 大小 3.5,252808606.1,大 3.5,A,3.5,1.71,100,71,A,3.5,
2026-07-07,2026-07-07T13:51:07,台灣運彩,,3477172.1,110,2026-07-07T17:00:00+08:00,日本火腿鬥士,羅德海洋,日本火腿鬥士 @ 羅德海洋,51433740.1,363,日本火腿鬥士 大小 3.5,252808605.1,小 3.5,H,3.5,1.62,50,31,H,3.5,
2026-07-07,2026-07-07T13:51:07,台灣運彩,,3477172.1,110,2026-07-07T17:00:00+08:00,日本火腿鬥士,羅德海洋,日本火腿鬥士 @ 羅德海洋,51433734.1,366,[總分]單雙,252808592.1,單,,,1.52,25,13,,,
2026-07-07,2026-07-07T13:51:07,台灣運彩,,3477172.1,110,2026-07-07T17:00:00+08:00,日本火腿鬥士,羅德海洋,日本火腿鬥士 @ 羅德海洋,51433734.1,366,[總分]單雙,252808591.1,雙,,,1.94,50,47,,,
2026-07-07,2026-07-07T13:51:07,台灣運彩,,3477172.1,110,2026-07-07T17:00:00+08:00,日本火腿鬥士,羅德海洋,日本火腿鬥士 @ 羅德海洋,51433737.1,376,[1-5局] 不讓分,252808598.1,羅德海洋,H,,2.25,4,5,H,,1
2026-07-07,2026-07-07T13:51:07,台灣運彩,,3477172.1,110,2026-07-07T17:00:00+08:00,日本火腿鬥士,羅德海洋,日本火腿鬥士 @ 羅德海洋,51433737.1,376,[1-5局] 不讓分,252808600.1,日本火腿鬥士,A,,1.65,20,13,A,,2
2026-07-07,2026-07-07T13:51:07,台灣運彩,,3477172.1,110,2026-07-07T17:00:00+08:00,日本火腿鬥士,羅德海洋,日本火腿鬥士 @ 羅德海洋,51433737.1,376,[1-5局] 不讓分,252808599.1,和局,D,,3.85,20,57,D,,
2026-07-07,2026-07-07T13:51:07,台灣運彩,,3477172.1,110,2026-07-07T17:00:00+08:00,日本火腿鬥士,羅德海洋,日本火腿鬥士 @ 羅德海洋,51434047.1,378,[1-5局] 大小 3.5,252809428.1,大 3.5,A,3.5,1.73,100,73,A,3.5,
2026-07-07,2026-07-07T13:51:07,台灣運彩,,3477172.1,110,2026-07-07T17:00:00+08:00,日本火腿鬥士,羅德海洋,日本火腿鬥士 @ 羅德海洋,51434047.1,378,[1-5局] 大小 3.5,252809427.1,小 3.5,H,3.5,1.60,5,3,H,3.5,
2026-07-07,2026-07-07T13:51:07,台灣運彩,,3477172.1,110,2026-07-07T17:00:00+08:00,日本火腿鬥士,羅德海洋,日本火腿鬥士 @ 羅德海洋,51433736.1,389,[第1局] 不讓分,252808595.1,羅德海洋,H,,3.95,20,59,H,,1
2026-07-07,2026-07-07T13:51:07,台灣運彩,,3477172.1,110,2026-07-07T17:00:00+08:00,日本火腿鬥士,羅德海洋,日本火腿鬥士 @ 羅德海洋,51433736.1,389,[第1局] 不讓分,252808597.1,日本火腿鬥士,A,,3.10,10,21,A,,2
2026-07-07,2026-07-07T13:51:07,台灣運彩,,3477172.1,110,2026-07-07T17:00:00+08:00,日本火腿鬥士,羅德海洋,日本火腿鬥士 @ 羅德海洋,51433736.1,389,[第1局] 不讓分,252808596.1,和局,D,,1.40,5,2,D,,
2026-07-07,2026-07-07T13:51:07,台灣運彩,,3477173.1,113,2026-07-07T17:00:00+08:00,阪神虎,讀賣巨人,阪神虎 @ 讀賣巨人,51433749.1,354,不讓分,252808623.1,讀賣巨人,H,,2.10,10,11,H,,1
2026-07-07,2026-07-07T13:51:07,台灣運彩,,3477173.1,113,2026-07-07T17:00:00+08:00,阪神虎,讀賣巨人,阪神虎 @ 讀賣巨人,51433749.1,354,不讓分,252808625.1,阪神虎,A,,1.43,100,43,A,,2
2026-07-07,2026-07-07T13:51:07,台灣運彩,,3477173.1,113,2026-07-07T17:00:00+08:00,阪神虎,讀賣巨人,阪神虎 @ 讀賣巨人,51433750.1,358,讓分 1.5,252808628.1,讀賣巨人 +1.5,H,1.5,1.55,20,11,H,1.5,1
2026-07-07,2026-07-07T13:51:07,台灣運彩,,3477173.1,113,2026-07-07T17:00:00+08:00,阪神虎,讀賣巨人,阪神虎 @ 讀賣巨人,51433750.1,358,讓分 1.5,252808629.1,阪神虎 -1.5,A,1.5,1.90,10,9,A,1.5,2
2026-07-07,2026-07-07T13:51:07,台灣運彩,,3477173.1,113,2026-07-07T17:00:00+08:00,阪神虎,讀賣巨人,阪神虎 @ 讀賣巨人,51433741.1,360,[總分]大小 5.5,252808608.1,大 5.5,A,5.5,1.88,25,22,A,5.5,
2026-07-07,2026-07-07T13:51:07,台灣運彩,,3477173.1,113,2026-07-07T17:00:00+08:00,阪神虎,讀賣巨人,阪神虎 @ 讀賣巨人,51433741.1,360,[總分]大小 5.5,252808607.1,小 5.5,H,5.5,1.56,25,14,H,5.5,
2026-07-07,2026-07-07T13:51:07,台灣運彩,,3477173.1,113,2026-07-07T17:00:00+08:00,阪神虎,讀賣巨人,阪神虎 @ 讀賣巨人,51433746.1,363,阪神虎 大小 2.5,252808619.1,大 2.5,A,2.5,1.42,50,21,A,2.5,
2026-07-07,2026-07-07T13:51:07,台灣運彩,,3477173.1,113,2026-07-07T17:00:00+08:00,阪神虎,讀賣巨人,阪神虎 @ 讀賣巨人,51433746.1,363,阪神虎 大小 2.5,252808618.1,小 2.5,H,2.5,2.00,1,1,H,2.5,
2026-07-07,2026-07-07T13:51:07,台灣運彩,,3477173.1,113,2026-07-07T17:00:00+08:00,阪神虎,讀賣巨人,阪神虎 @ 讀賣巨人,51433738.1,366,[總分]單雙,252808604.1,單,,,1.52,25,13,,,
2026-07-07,2026-07-07T13:51:07,台灣運彩,,3477173.1,113,2026-07-07T17:00:00+08:00,阪神虎,讀賣巨人,阪神虎 @ 讀賣巨人,51433738.1,366,[總分]單雙,252808603.1,雙,,,1.94,50,47,,,
2026-07-07,2026-07-07T13:51:07,台灣運彩,,3477173.1,113,2026-07-07T17:00:00+08:00,阪神虎,讀賣巨人,阪神虎 @ 讀賣巨人,51433753.1,376,[1-5局] 不讓分,252808634.1,讀賣巨人,H,,2.30,10,13,H,,1
2026-07-07,2026-07-07T13:51:07,台灣運彩,,3477173.1,113,2026-07-07T17:00:00+08:00,阪神虎,讀賣巨人,阪神虎 @ 讀賣巨人,51433753.1,376,[1-5局] 不讓分,252808636.1,阪神虎,A,,1.80,5,4,A,,2
2026-07-07,2026-07-07T13:51:07,台灣運彩,,3477173.1,113,2026-07-07T17:00:00+08:00,阪神虎,讀賣巨人,阪神虎 @ 讀賣巨人,51433753.1,376,[1-5局] 不讓分,252808635.1,和局,D,,3.20,5,11,D,,
2026-07-07,2026-07-07T13:51:07,台灣運彩,,3477173.1,113,2026-07-07T17:00:00+08:00,阪神虎,讀賣巨人,阪神虎 @ 讀賣巨人,51434045.1,378,[1-5局] 大小 2.5,252809424.1,大 2.5,A,2.5,1.62,50,31,A,2.5,
2026-07-07,2026-07-07T13:51:07,台灣運彩,,3477173.1,113,2026-07-07T17:00:00+08:00,阪神虎,讀賣巨人,阪神虎 @ 讀賣巨人,51434045.1,378,[1-5局] 大小 2.5,252809423.1,小 2.5,H,2.5,1.71,100,71,H,2.5,
2026-07-07,2026-07-07T13:51:07,台灣運彩,,3477173.1,113,2026-07-07T17:00:00+08:00,阪神虎,讀賣巨人,阪神虎 @ 讀賣巨人,51433743.1,389,[第1局] 不讓分,252808611.1,讀賣巨人,H,,4.25,4,13,H,,1
2026-07-07,2026-07-07T13:51:07,台灣運彩,,3477173.1,113,2026-07-07T17:00:00+08:00,阪神虎,讀賣巨人,阪神虎 @ 讀賣巨人,51433743.1,389,[第1局] 不讓分,252808613.1,阪神虎,A,,3.50,2,5,A,,2
2026-07-07,2026-07-07T13:51:07,台灣運彩,,3477173.1,113,2026-07-07T17:00:00+08:00,阪神虎,讀賣巨人,阪神虎 @ 讀賣巨人,51433743.1,389,[第1局] 不讓分,252808612.1,和局,D,,1.29,100,29,D,,
2026-07-07,2026-07-07T13:51:07,台灣運彩,,3477174.1,115,2026-07-07T17:00:00+08:00,養樂多燕子,廣島東洋鯉魚,養樂多燕子 @ 廣島東洋鯉魚,51433755.1,354,不讓分,252808639.1,廣島東洋鯉魚,H,,1.68,25,17,H,,1
2026-07-07,2026-07-07T13:51:07,台灣運彩,,3477174.1,115,2026-07-07T17:00:00+08:00,養樂多燕子,廣島東洋鯉魚,養樂多燕子 @ 廣島東洋鯉魚,51433755.1,354,不讓分,252808640.1,養樂多燕子,A,,1.75,4,3,A,,2
2026-07-07,2026-07-07T13:51:07,台灣運彩,,3477174.1,115,2026-07-07T17:00:00+08:00,養樂多燕子,廣島東洋鯉魚,養樂多燕子 @ 廣島東洋鯉魚,51433756.1,358,讓分 1.5,252808641.1,廣島東洋鯉魚 +1.5,H,1.5,1.33,100,33,H,1.5,1
2026-07-07,2026-07-07T13:51:07,台灣運彩,,3477174.1,115,2026-07-07T17:00:00+08:00,養樂多燕子,廣島東洋鯉魚,養樂多燕子 @ 廣島東洋鯉魚,51433756.1,358,讓分 1.5,252808642.1,養樂多燕子 -1.5,A,1.5,2.35,20,27,A,1.5,2
2026-07-07,2026-07-07T13:51:07,台灣運彩,,3477174.1,115,2026-07-07T17:00:00+08:00,養樂多燕子,廣島東洋鯉魚,養樂多燕子 @ 廣島東洋鯉魚,51433754.1,360,[總分]大小 5.5,252808638.1,大 5.5,A,5.5,1.63,100,63,A,5.5,
2026-07-07,2026-07-07T13:51:07,台灣運彩,,3477174.1,115,2026-07-07T17:00:00+08:00,養樂多燕子,廣島東洋鯉魚,養樂多燕子 @ 廣島東洋鯉魚,51433754.1,360,[總分]大小 5.5,252808637.1,小 5.5,H,5.5,1.80,5,4,H,5.5,
2026-07-07,2026-07-07T13:51:07,台灣運彩,,3477174.1,115,2026-07-07T17:00:00+08:00,養樂多燕子,廣島東洋鯉魚,養樂多燕子 @ 廣島東洋鯉魚,51433744.1,362,廣島東洋鯉魚 大小 2.5,252808616.1,大 2.5,A,2.5,1.63,100,63,A,2.5,
2026-07-07,2026-07-07T13:51:07,台灣運彩,,3477174.1,115,2026-07-07T17:00:00+08:00,養樂多燕子,廣島東洋鯉魚,養樂多燕子 @ 廣島東洋鯉魚,51433744.1,362,廣島東洋鯉魚 大小 2.5,252808614.1,小 2.5,H,2.5,1.70,10,7,H,2.5,
2026-07-07,2026-07-07T13:51:07,台灣運彩,,3477174.1,115,2026-07-07T17:00:00+08:00,養樂多燕子,廣島東洋鯉魚,養樂多燕子 @ 廣島東洋鯉魚,51433751.1,363,養樂多燕子 大小 2.5,252808631.1,大 2.5,A,2.5,1.62,50,31,A,2.5,
2026-07-07,2026-07-07T13:51:07,台灣運彩,,3477174.1,115,2026-07-07T17:00:00+08:00,養樂多燕子,廣島東洋鯉魚,養樂多燕子 @ 廣島東洋鯉魚,51433751.1,363,養樂多燕子 大小 2.5,252808630.1,小 2.5,H,2.5,1.71,100,71,H,2.5,
2026-07-07,2026-07-07T13:51:07,台灣運彩,,3477174.1,115,2026-07-07T17:00:00+08:00,養樂多燕子,廣島東洋鯉魚,養樂多燕子 @ 廣島東洋鯉魚,51433742.1,366,[總分]單雙,252808610.1,單,,,1.50,2,1,,,
2026-07-07,2026-07-07T13:51:07,台灣運彩,,3477174.1,115,2026-07-07T17:00:00+08:00,養樂多燕子,廣島東洋鯉魚,養樂多燕子 @ 廣島東洋鯉魚,51433742.1,366,[總分]單雙,252808609.1,雙,,,1.96,25,24,,,
2026-07-07,2026-07-07T13:51:07,台灣運彩,,3477174.1,115,2026-07-07T17:00:00+08:00,養樂多燕子,廣島東洋鯉魚,養樂多燕子 @ 廣島東洋鯉魚,51433747.1,376,[1-5局] 不讓分,252808620.1,廣島東洋鯉魚,H,,1.95,20,19,H,,1
2026-07-07,2026-07-07T13:51:07,台灣運彩,,3477174.1,115,2026-07-07T17:00:00+08:00,養樂多燕子,廣島東洋鯉魚,養樂多燕子 @ 廣島東洋鯉魚,51433747.1,376,[1-5局] 不讓分,252808622.1,養樂多燕子,A,,2.00,1,1,A,,2
2026-07-07,2026-07-07T13:51:07,台灣運彩,,3477174.1,115,2026-07-07T17:00:00+08:00,養樂多燕子,廣島東洋鯉魚,養樂多燕子 @ 廣島東洋鯉魚,51433747.1,376,[1-5局] 不讓分,252808621.1,和局,D,,3.50,2,5,D,,
2026-07-07,2026-07-07T13:51:07,台灣運彩,,3477174.1,115,2026-07-07T17:00:00+08:00,養樂多燕子,廣島東洋鯉魚,養樂多燕子 @ 廣島東洋鯉魚,51434043.1,378,[1-5局] 大小 3.5,252809419.1,大 3.5,A,3.5,1.85,20,17,A,3.5,
2026-07-07,2026-07-07T13:51:07,台灣運彩,,3477174.1,115,2026-07-07T17:00:00+08:00,養樂多燕子,廣島東洋鯉魚,養樂多燕子 @ 廣島東洋鯉魚,51434043.1,378,[1-5局] 大小 3.5,252809418.1,小 3.5,H,3.5,1.50,2,1,H,3.5,
2026-07-07,2026-07-07T13:51:07,台灣運彩,,3477174.1,115,2026-07-07T17:00:00+08:00,養樂多燕子,廣島東洋鯉魚,養樂多燕子 @ 廣島東洋鯉魚,51433748.1,389,[第1局] 不讓分,252808624.1,廣島東洋鯉魚,H,,3.60,5,13,H,,1
2026-07-07,2026-07-07T13:51:07,台灣運彩,,3477174.1,115,2026-07-07T17:00:00+08:00,養樂多燕子,廣島東洋鯉魚,養樂多燕子 @ 廣島東洋鯉魚,51433748.1,389,[第1局] 不讓分,252808627.1,養樂多燕子,A,,3.65,20,53,A,,2
2026-07-07,2026-07-07T13:51:07,台灣運彩,,3477174.1,115,2026-07-07T17:00:00+08:00,養樂多燕子,廣島東洋鯉魚,養樂多燕子 @ 廣島東洋鯉魚,51433748.1,389,[第1局] 不讓分,252808626.1,和局,D,,1.35,20,7,D,,
2026-07-07,2026-07-07T13:51:07,台灣運彩,,3477175.1,116,2026-07-07T17:15:00+08:00,中日龍,橫濱海灣之星,中日龍 @ 橫濱海灣之星,51433758.1,354,不讓分,252808645.1,橫濱海灣之星,H,,1.52,25,13,H,,1
2026-07-07,2026-07-07T13:51:07,台灣運彩,,3477175.1,116,2026-07-07T17:15:00+08:00,中日龍,橫濱海灣之星,中日龍 @ 橫濱海灣之星,51433758.1,354,不讓分,252808646.1,中日龍,A,,1.94,50,47,A,,2
2026-07-07,2026-07-07T13:51:07,台灣運彩,,3477175.1,116,2026-07-07T17:15:00+08:00,中日龍,橫濱海灣之星,中日龍 @ 橫濱海灣之星,51433762.1,358,讓分 -1.5,252808654.1,橫濱海灣之星 -1.5,H,-1.5,2.15,20,23,H,-1.5,1
2026-07-07,2026-07-07T13:51:07,台灣運彩,,3477175.1,116,2026-07-07T17:15:00+08:00,中日龍,橫濱海灣之星,中日龍 @ 橫濱海灣之星,51433762.1,358,讓分 -1.5,252808655.1,中日龍 +1.5,A,-1.5,1.42,50,21,A,-1.5,2
2026-07-07,2026-07-07T13:51:07,台灣運彩,,3477175.1,116,2026-07-07T17:15:00+08:00,中日龍,橫濱海灣之星,中日龍 @ 橫濱海灣之星,51433759.1,360,[總分]大小 6.5,252808648.1,大 6.5,A,6.5,1.66,50,33,A,6.5,
2026-07-07,2026-07-07T13:51:07,台灣運彩,,3477175.1,116,2026-07-07T17:15:00+08:00,中日龍,橫濱海灣之星,中日龍 @ 橫濱海灣之星,51433759.1,360,[總分]大小 6.5,252808647.1,小 6.5,H,6.5,1.76,25,19,H,6.5,
2026-07-07,2026-07-07T13:51:07,台灣運彩,,3477175.1,116,2026-07-07T17:15:00+08:00,中日龍,橫濱海灣之星,中日龍 @ 橫濱海灣之星,51433760.1,362,橫濱海灣之星 大小 3.5,252808650.1,大 3.5,A,3.5,1.75,4,3,A,3.5,
2026-07-07,2026-07-07T13:51:07,台灣運彩,,3477175.1,116,2026-07-07T17:15:00+08:00,中日龍,橫濱海灣之星,中日龍 @ 橫濱海灣之星,51433760.1,362,橫濱海灣之星 大小 3.5,252808649.1,小 3.5,H,3.5,1.58,50,29,H,3.5,
2026-07-07,2026-07-07T13:51:07,台灣運彩,,3477175.1,116,2026-07-07T17:15:00+08:00,中日龍,橫濱海灣之星,中日龍 @ 橫濱海灣之星,51433763.1,363,中日龍 大小 2.5,252808657.1,大 2.5,A,2.5,1.58,50,29,A,2.5,
2026-07-07,2026-07-07T13:51:07,台灣運彩,,3477175.1,116,2026-07-07T17:15:00+08:00,中日龍,橫濱海灣之星,中日龍 @ 橫濱海灣之星,51433763.1,363,中日龍 大小 2.5,252808656.1,小 2.5,H,2.5,1.75,4,3,H,2.5,
2026-07-07,2026-07-07T13:51:07,台灣運彩,,3477175.1,116,2026-07-07T17:15:00+08:00,中日龍,橫濱海灣之星,中日龍 @ 橫濱海灣之星,51433757.1,366,[總分]單雙,252808644.1,單,,,1.50,2,1,,,
2026-07-07,2026-07-07T13:51:07,台灣運彩,,3477175.1,116,2026-07-07T17:15:00+08:00,中日龍,橫濱海灣之星,中日龍 @ 橫濱海灣之星,51433757.1,366,[總分]單雙,252808643.1,雙,,,1.96,25,24,,,
2026-07-07,2026-07-07T13:51:07,台灣運彩,,3477175.1,116,2026-07-07T17:15:00+08:00,中日龍,橫濱海灣之星,中日龍 @ 橫濱海灣之星,51433761.1,376,[1-5局] 不讓分,252808651.1,橫濱海灣之星,H,,1.70,10,7,H,,1
2026-07-07,2026-07-07T13:51:07,台灣運彩,,3477175.1,116,2026-07-07T17:15:00+08:00,中日龍,橫濱海灣之星,中日龍 @ 橫濱海灣之星,51433761.1,376,[1-5局] 不讓分,252808653.1,中日龍,A,,2.20,5,6,A,,2
2026-07-07,2026-07-07T13:51:07,台灣運彩,,3477175.1,116,2026-07-07T17:15:00+08:00,中日龍,橫濱海灣之星,中日龍 @ 橫濱海灣之星,51433761.1,376,[1-5局] 不讓分,252808652.1,和局,D,,3.90,10,29,D,,
2026-07-07,2026-07-07T13:51:07,台灣運彩,,3477175.1,116,2026-07-07T17:15:00+08:00,中日龍,橫濱海灣之星,中日龍 @ 橫濱海灣之星,51434046.1,378,[1-5局] 大小 3.5,252809426.1,大 3.5,A,3.5,1.66,50,33,A,3.5,
2026-07-07,2026-07-07T13:51:07,台灣運彩,,3477175.1,116,2026-07-07T17:15:00+08:00,中日龍,橫濱海灣之星,中日龍 @ 橫濱海灣之星,51434046.1,378,[1-5局] 大小 3.5,252809425.1,小 3.5,H,3.5,1.66,50,33,H,3.5,
2026-07-07,2026-07-07T13:51:07,台灣運彩,,3477175.1,116,2026-07-07T17:15:00+08:00,中日龍,橫濱海灣之星,中日龍 @ 橫濱海灣之星,51433764.1,389,[第1局] 不讓分,252808658.1,橫濱海灣之星,H,,3.05,20,41,H,,1
2026-07-07,2026-07-07T13:51:07,台灣運彩,,3477175.1,116,2026-07-07T17:15:00+08:00,中日龍,橫濱海灣之星,中日龍 @ 橫濱海灣之星,51433764.1,389,[第1局] 不讓分,252808660.1,中日龍,A,,3.85,20,57,A,,2
2026-07-07,2026-07-07T13:51:07,台灣運彩,,3477175.1,116,2026-07-07T17:15:00+08:00,中日龍,橫濱海灣之星,中日龍 @ 橫濱海灣之星,51433764.1,389,[第1局] 不讓分,252808659.1,和局,D,,1.40,5,2,D,,
2026-07-07,2026-07-07T13:51:07,台灣運彩,,3477176.1,117,2026-07-07T17:30:00+08:00,樂天金鷲,西武獅,樂天金鷲 @ 西武獅,51433767.1,354,不讓分,252808665.1,西武獅,H,,1.42,50,21,H,,1
2026-07-07,2026-07-07T13:51:07,台灣運彩,,3477176.1,117,2026-07-07T17:30:00+08:00,樂天金鷲,西武獅,樂天金鷲 @ 西武獅,51433767.1,354,不讓分,252808666.1,樂天金鷲,A,,2.15,20,23,A,,2
2026-07-07,2026-07-07T13:51:07,台灣運彩,,3477176.1,117,2026-07-07T17:30:00+08:00,樂天金鷲,西武獅,樂天金鷲 @ 西武獅,51433770.1,358,讓分 -1.5,252808671.1,西武獅 -1.5,H,-1.5,1.96,25,24,H,-1.5,1
2026-07-07,2026-07-07T13:51:07,台灣運彩,,3477176.1,117,2026-07-07T17:30:00+08:00,樂天金鷲,西武獅,樂天金鷲 @ 西武獅,51433770.1,358,讓分 -1.5,252808672.1,樂天金鷲 +1.5,A,-1.5,1.50,2,1,A,-1.5,2
2026-07-07,2026-07-07T13:51:07,台灣運彩,,3477176.1,117,2026-07-07T17:30:00+08:00,樂天金鷲,西武獅,樂天金鷲 @ 西武獅,51433769.1,360,[總分]大小 6.5,252808670.1,大 6.5,A,6.5,1.78,50,39,A,6.5,
2026-07-07,2026-07-07T13:51:07,台灣運彩,,3477176.1,117,2026-07-07T17:30:00+08:00,樂天金鷲,西武獅,樂天金鷲 @ 西武獅,51433769.1,360,[總分]大小 6.5,252808669.1,小 6.5,H,6.5,1.65,20,13,H,6.5,
2026-07-07,2026-07-07T13:51:07,台灣運彩,,3477176.1,117,2026-07-07T17:30:00+08:00,樂天金鷲,西武獅,樂天金鷲 @ 西武獅,51433771.1,362,西武獅 大小 3.5,252808674.1,大 3.5,A,3.5,1.75,4,3,A,3.5,
2026-07-07,2026-07-07T13:51:07,台灣運彩,,3477176.1,117,2026-07-07T17:30:00+08:00,樂天金鷲,西武獅,樂天金鷲 @ 西武獅,51433771.1,362,西武獅 大小 3.5,252808673.1,小 3.5,H,3.5,1.58,50,29,H,3.5,
2026-07-07,2026-07-07T13:51:07,台灣運彩,,3477176.1,117,2026-07-07T17:30:00+08:00,樂天金鷲,西武獅,樂天金鷲 @ 西武獅,51433774.1,363,樂天金鷲 大小 2.5,252808682.1,大 2.5,A,2.5,1.75,4,3,A,2.5,
2026-07-07,2026-07-07T13:51:07,台灣運彩,,3477176.1,117,2026-07-07T17:30:00+08:00,樂天金鷲,西武獅,樂天金鷲 @ 西武獅,51433774.1,363,樂天金鷲 大小 2.5,252808681.1,小 2.5,H,2.5,1.58,50,29,H,2.5,
2026-07-07,2026-07-07T13:51:07,台灣運彩,,3477176.1,117,2026-07-07T17:30:00+08:00,樂天金鷲,西武獅,樂天金鷲 @ 西武獅,51433768.1,366,[總分]單雙,252808668.1,單,,,1.50,2,1,,,
2026-07-07,2026-07-07T13:51:07,台灣運彩,,3477176.1,117,2026-07-07T17:30:00+08:00,樂天金鷲,西武獅,樂天金鷲 @ 西武獅,51433768.1,366,[總分]單雙,252808667.1,雙,,,1.96,25,24,,,
2026-07-07,2026-07-07T13:51:07,台灣運彩,,3477176.1,117,2026-07-07T17:30:00+08:00,樂天金鷲,西武獅,樂天金鷲 @ 西武獅,51433773.1,376,[1-5局] 不讓分,252808678.1,西武獅,H,,1.60,5,3,H,,1
2026-07-07,2026-07-07T13:51:07,台灣運彩,,3477176.1,117,2026-07-07T17:30:00+08:00,樂天金鷲,西武獅,樂天金鷲 @ 西武獅,51433773.1,376,[1-5局] 不讓分,252808680.1,樂天金鷲,A,,2.40,5,7,A,,2
2026-07-07,2026-07-07T13:51:07,台灣運彩,,3477176.1,117,2026-07-07T17:30:00+08:00,樂天金鷲,西武獅,樂天金鷲 @ 西武獅,51433773.1,376,[1-5局] 不讓分,252808679.1,和局,D,,3.80,5,14,D,,
2026-07-07,2026-07-07T13:51:07,台灣運彩,,3477176.1,117,2026-07-07T17:30:00+08:00,樂天金鷲,西武獅,樂天金鷲 @ 西武獅,51434049.1,378,[1-5局] 大小 3.5,252809432.1,大 3.5,A,3.5,1.73,100,73,A,3.5,
2026-07-07,2026-07-07T13:51:07,台灣運彩,,3477176.1,117,2026-07-07T17:30:00+08:00,樂天金鷲,西武獅,樂天金鷲 @ 西武獅,51434049.1,378,[1-5局] 大小 3.5,252809431.1,小 3.5,H,3.5,1.60,5,3,H,3.5,
2026-07-07,2026-07-07T13:51:07,台灣運彩,,3477176.1,117,2026-07-07T17:30:00+08:00,樂天金鷲,西武獅,樂天金鷲 @ 西武獅,51433772.1,389,[第1局] 不讓分,252808675.1,西武獅,H,,2.90,10,19,H,,1
2026-07-07,2026-07-07T13:51:07,台灣運彩,,3477176.1,117,2026-07-07T17:30:00+08:00,樂天金鷲,西武獅,樂天金鷲 @ 西武獅,51433772.1,389,[第1局] 不讓分,252808677.1,樂天金鷲,A,,4.35,20,67,A,,2
2026-07-07,2026-07-07T13:51:07,台灣運彩,,3477176.1,117,2026-07-07T17:30:00+08:00,樂天金鷲,西武獅,樂天金鷲 @ 西武獅,51433772.1,389,[第1局] 不讓分,252808676.1,和局,D,,1.40,5,2,D,,
2026-07-07,2026-07-07T13:51:07,台灣運彩,,3477200.1,136,2026-07-07T17:30:00+08:00,SSG登陸者,斗山熊,SSG登陸者 @ 斗山熊,51434485.1,354,不讓分,252810424.1,斗山熊,H,,1.35,20,7,H,,1
2026-07-07,2026-07-07T13:51:07,台灣運彩,,3477200.1,136,2026-07-07T17:30:00+08:00,SSG登陸者,斗山熊,SSG登陸者 @ 斗山熊,51434485.1,354,不讓分,252810425.1,SSG登陸者,A,,2.30,10,13,A,,2
2026-07-07,2026-07-07T13:51:07,台灣運彩,,3477200.1,136,2026-07-07T17:30:00+08:00,SSG登陸者,斗山熊,SSG登陸者 @ 斗山熊,51434480.1,358,讓分 -1.5,252810413.1,斗山熊 -1.5,H,-1.5,1.75,4,3,H,-1.5,1
2026-07-07,2026-07-07T13:51:07,台灣運彩,,3477200.1,136,2026-07-07T17:30:00+08:00,SSG登陸者,斗山熊,SSG登陸者 @ 斗山熊,51434480.1,358,讓分 -1.5,252810414.1,SSG登陸者 +1.5,A,-1.5,1.68,25,17,A,-1.5,2
2026-07-07,2026-07-07T13:51:07,台灣運彩,,3477200.1,136,2026-07-07T17:30:00+08:00,SSG登陸者,斗山熊,SSG登陸者 @ 斗山熊,51434483.1,360,[總分]大小 8.5,252810421.1,大 8.5,A,8.5,1.62,50,31,A,8.5,
2026-07-07,2026-07-07T13:51:07,台灣運彩,,3477200.1,136,2026-07-07T17:30:00+08:00,SSG登陸者,斗山熊,SSG登陸者 @ 斗山熊,51434483.1,360,[總分]大小 8.5,252810420.1,小 8.5,H,8.5,1.82,50,41,H,8.5,
2026-07-07,2026-07-07T13:51:07,台灣運彩,,3477200.1,136,2026-07-07T17:30:00+08:00,SSG登陸者,斗山熊,SSG登陸者 @ 斗山熊,51434476.1,362,斗山熊 大小 4.5,252810405.1,大 4.5,A,4.5,1.62,50,31,A,4.5,
2026-07-07,2026-07-07T13:51:07,台灣運彩,,3477200.1,136,2026-07-07T17:30:00+08:00,SSG登陸者,斗山熊,SSG登陸者 @ 斗山熊,51434476.1,362,斗山熊 大小 4.5,252810404.1,小 4.5,H,4.5,1.82,50,41,H,4.5,
2026-07-07,2026-07-07T13:51:07,台灣運彩,,3477200.1,136,2026-07-07T17:30:00+08:00,SSG登陸者,斗山熊,SSG登陸者 @ 斗山熊,51434475.1,363,SSG登陸者 大小 3.5,252810403.1,大 3.5,A,3.5,1.85,20,17,A,3.5,
2026-07-07,2026-07-07T13:51:07,台灣運彩,,3477200.1,136,2026-07-07T17:30:00+08:00,SSG登陸者,斗山熊,SSG登陸者 @ 斗山熊,51434475.1,363,SSG登陸者 大小 3.5,252810402.1,小 3.5,H,3.5,1.60,5,3,H,3.5,
2026-07-07,2026-07-07T13:51:07,台灣運彩,,3477200.1,136,2026-07-07T17:30:00+08:00,SSG登陸者,斗山熊,SSG登陸者 @ 斗山熊,51434474.1,366,[總分]單雙,252810401.1,單,,,1.55,20,11,,,
2026-07-07,2026-07-07T13:51:07,台灣運彩,,3477200.1,136,2026-07-07T17:30:00+08:00,SSG登陸者,斗山熊,SSG登陸者 @ 斗山熊,51434474.1,366,[總分]單雙,252810400.1,雙,,,1.90,10,9,,,
2026-07-07,2026-07-07T13:51:07,台灣運彩,,3477200.1,136,2026-07-07T17:30:00+08:00,SSG登陸者,斗山熊,SSG登陸者 @ 斗山熊,51434481.1,376,[1-5局] 不讓分,252810415.1,斗山熊,H,,1.50,2,1,H,,1
2026-07-07,2026-07-07T13:51:07,台灣運彩,,3477200.1,136,2026-07-07T17:30:00+08:00,SSG登陸者,斗山熊,SSG登陸者 @ 斗山熊,51434481.1,376,[1-5局] 不讓分,252810417.1,SSG登陸者,A,,2.60,5,8,A,,2
2026-07-07,2026-07-07T13:51:07,台灣運彩,,3477200.1,136,2026-07-07T17:30:00+08:00,SSG登陸者,斗山熊,SSG登陸者 @ 斗山熊,51434481.1,376,[1-5局] 不讓分,252810416.1,和局,D,,5.30,10,43,D,,
2026-07-07,2026-07-07T13:51:07,台灣運彩,,3477200.1,136,2026-07-07T17:30:00+08:00,SSG登陸者,斗山熊,SSG登陸者 @ 斗山熊,51434479.1,377,[1-5局] 讓分 -1.5,252810411.1,斗山熊 -1.5,H,-1.5,1.88,25,22,H,-1.5,1
2026-07-07,2026-07-07T13:51:07,台灣運彩,,3477200.1,136,2026-07-07T17:30:00+08:00,SSG登陸者,斗山熊,SSG登陸者 @ 斗山熊,51434479.1,377,[1-5局] 讓分 -1.5,252810412.1,SSG登陸者 +1.5,A,-1.5,1.56,25,14,A,-1.5,2
2026-07-07,2026-07-07T13:51:07,台灣運彩,,3477200.1,136,2026-07-07T17:30:00+08:00,SSG登陸者,斗山熊,SSG登陸者 @ 斗山熊,51434482.1,378,[1-5局] 大小 4.5,252810419.1,大 4.5,A,4.5,1.62,50,31,A,4.5,
2026-07-07,2026-07-07T13:51:07,台灣運彩,,3477200.1,136,2026-07-07T17:30:00+08:00,SSG登陸者,斗山熊,SSG登陸者 @ 斗山熊,51434482.1,378,[1-5局] 大小 4.5,252810418.1,小 4.5,H,4.5,1.82,50,41,H,4.5,
2026-07-07,2026-07-07T13:51:07,台灣運彩,,3477200.1,136,2026-07-07T17:30:00+08:00,SSG登陸者,斗山熊,SSG登陸者 @ 斗山熊,51434484.1,379,[1-5局] 斗山熊 大小 2.5,252810423.1,大 2.5,A,2.5,1.62,50,31,A,2.5,
2026-07-07,2026-07-07T13:51:07,台灣運彩,,3477200.1,136,2026-07-07T17:30:00+08:00,SSG登陸者,斗山熊,SSG登陸者 @ 斗山熊,51434484.1,379,[1-5局] 斗山熊 大小 2.5,252810422.1,小 2.5,H,2.5,1.82,50,41,H,2.5,
2026-07-07,2026-07-07T13:51:07,台灣運彩,,3477200.1,136,2026-07-07T17:30:00+08:00,SSG登陸者,斗山熊,SSG登陸者 @ 斗山熊,51434477.1,380,[1-5局] SSG登陸者 大小 1.5,252810407.1,大 1.5,A,1.5,1.73,100,73,A,1.5,
2026-07-07,2026-07-07T13:51:07,台灣運彩,,3477200.1,136,2026-07-07T17:30:00+08:00,SSG登陸者,斗山熊,SSG登陸者 @ 斗山熊,51434477.1,380,[1-5局] SSG登陸者 大小 1.5,252810406.1,小 1.5,H,1.5,1.70,10,7,H,1.5,
2026-07-07,2026-07-07T13:51:07,台灣運彩,,3477200.1,136,2026-07-07T17:30:00+08:00,SSG登陸者,斗山熊,SSG登陸者 @ 斗山熊,51434478.1,389,[第1局] 不讓分,252810408.1,斗山熊,H,,2.45,20,29,H,,1
2026-07-07,2026-07-07T13:51:07,台灣運彩,,3477200.1,136,2026-07-07T17:30:00+08:00,SSG登陸者,斗山熊,SSG登陸者 @ 斗山熊,51434478.1,389,[第1局] 不讓分,252810410.1,SSG登陸者,A,,4.30,10,33,A,,2
2026-07-07,2026-07-07T13:51:07,台灣運彩,,3477200.1,136,2026-07-07T17:30:00+08:00,SSG登陸者,斗山熊,SSG登陸者 @ 斗山熊,51434478.1,389,[第1局] 不讓分,252810409.1,和局,D,,1.65,20,13,D,,
2026-07-07,2026-07-07T13:51:07,台灣運彩,,3477201.1,137,2026-07-07T17:30:00+08:00,NC恐龍,韓華老鷹,NC恐龍 @ 韓華老鷹,51434491.1,354,不讓分,252810436.1,韓華老鷹,H,,1.78,50,39,H,,1
2026-07-07,2026-07-07T13:51:07,台灣運彩,,3477201.1,137,2026-07-07T17:30:00+08:00,NC恐龍,韓華老鷹,NC恐龍 @ 韓華老鷹,51434491.1,354,不讓分,252810437.1,NC恐龍,A,,1.65,20,13,A,,2
2026-07-07,2026-07-07T13:51:07,台灣運彩,,3477201.1,137,2026-07-07T17:30:00+08:00,NC恐龍,韓華老鷹,NC恐龍 @ 韓華老鷹,51434495.1,358,讓分 1.5,252810444.1,韓華老鷹 +1.5,H,1.5,1.50,2,1,H,1.5,1
2026-07-07,2026-07-07T13:51:07,台灣運彩,,3477201.1,137,2026-07-07T17:30:00+08:00,NC恐龍,韓華老鷹,NC恐龍 @ 韓華老鷹,51434495.1,358,讓分 1.5,252810446.1,NC恐龍 -1.5,A,1.5,1.96,25,24,A,1.5,2
2026-07-07,2026-07-07T13:51:07,台灣運彩,,3477201.1,137,2026-07-07T17:30:00+08:00,NC恐龍,韓華老鷹,NC恐龍 @ 韓華老鷹,51434493.1,360,[總分]大小 11.5,252810442.1,大 11.5,A,11.5,1.80,5,4,A,11.5,
2026-07-07,2026-07-07T13:51:07,台灣運彩,,3477201.1,137,2026-07-07T17:30:00+08:00,NC恐龍,韓華老鷹,NC恐龍 @ 韓華老鷹,51434493.1,360,[總分]大小 11.5,252810440.1,小 11.5,H,11.5,1.63,100,63,H,11.5,
2026-07-07,2026-07-07T13:51:07,台灣運彩,,3477201.1,137,2026-07-07T17:30:00+08:00,NC恐龍,韓華老鷹,NC恐龍 @ 韓華老鷹,51434506.1,362,韓華老鷹 大小 4.5,252810469.1,大 4.5,A,4.5,1.58,50,29,A,4.5,
2026-07-07,2026-07-07T13:51:07,台灣運彩,,3477201.1,137,2026-07-07T17:30:00+08:00,NC恐龍,韓華老鷹,NC恐龍 @ 韓華老鷹,51434506.1,362,韓華老鷹 大小 4.5,252810466.1,小 4.5,H,4.5,1.86,50,43,H,4.5,
2026-07-07,2026-07-07T13:51:07,台灣運彩,,3477201.1,137,2026-07-07T17:30:00+08:00,NC恐龍,韓華老鷹,NC恐龍 @ 韓華老鷹,51434488.1,363,NC恐龍 大小 5.5,252810430.1,大 5.5,A,5.5,1.73,100,73,A,5.5,
2026-07-07,2026-07-07T13:51:07,台灣運彩,,3477201.1,137,2026-07-07T17:30:00+08:00,NC恐龍,韓華老鷹,NC恐龍 @ 韓華老鷹,51434488.1,363,NC恐龍 大小 5.5,252810429.1,小 5.5,H,5.5,1.70,10,7,H,5.5,
2026-07-07,2026-07-07T13:51:07,台灣運彩,,3477201.1,137,2026-07-07T17:30:00+08:00,NC恐龍,韓華老鷹,NC恐龍 @ 韓華老鷹,51434486.1,366,[總分]單雙,252810427.1,單,,,1.55,20,11,,,
2026-07-07,2026-07-07T13:51:07,台灣運彩,,3477201.1,137,2026-07-07T17:30:00+08:00,NC恐龍,韓華老鷹,NC恐龍 @ 韓華老鷹,51434486.1,366,[總分]單雙,252810426.1,雙,,,1.90,10,9,,,
2026-07-07,2026-07-07T13:51:07,台灣運彩,,3477201.1,137,2026-07-07T17:30:00+08:00,NC恐龍,韓華老鷹,NC恐龍 @ 韓華老鷹,51434504.1,376,[1-5局] 不讓分,252810461.1,韓華老鷹,H,,1.95,20,19,H,,1
2026-07-07,2026-07-07T13:51:07,台灣運彩,,3477201.1,137,2026-07-07T17:30:00+08:00,NC恐龍,韓華老鷹,NC恐龍 @ 韓華老鷹,51434504.1,376,[1-5局] 不讓分,252810465.1,NC恐龍,A,,1.75,4,3,A,,2
2026-07-07,2026-07-07T13:51:07,台灣運彩,,3477201.1,137,2026-07-07T17:30:00+08:00,NC恐龍,韓華老鷹,NC恐龍 @ 韓華老鷹,51434504.1,376,[1-5局] 不讓分,252810463.1,和局,D,,5.95,20,99,D,,
2026-07-07,2026-07-07T13:51:07,台灣運彩,,3477201.1,137,2026-07-07T17:30:00+08:00,NC恐龍,韓華老鷹,NC恐龍 @ 韓華老鷹,51434502.1,377,[1-5局] 讓分 0.5,252810457.1,韓華老鷹 +0.5,H,0.5,1.62,50,31,H,0.5,1
2026-07-07,2026-07-07T13:51:07,台灣運彩,,3477201.1,137,2026-07-07T17:30:00+08:00,NC恐龍,韓華老鷹,NC恐龍 @ 韓華老鷹,51434502.1,377,[1-5局] 讓分 0.5,252810459.1,NC恐龍 -0.5,A,0.5,1.82,50,41,A,0.5,2
2026-07-07,2026-07-07T13:51:07,台灣運彩,,3477201.1,137,2026-07-07T17:30:00+08:00,NC恐龍,韓華老鷹,NC恐龍 @ 韓華老鷹,51434498.1,378,[1-5局] 大小 5.5,252810451.1,大 5.5,A,5.5,1.60,5,3,A,5.5,
2026-07-07,2026-07-07T13:51:07,台灣運彩,,3477201.1,137,2026-07-07T17:30:00+08:00,NC恐龍,韓華老鷹,NC恐龍 @ 韓華老鷹,51434498.1,378,[1-5局] 大小 5.5,252810449.1,小 5.5,H,5.5,1.85,20,17,H,5.5,
2026-07-07,2026-07-07T13:51:07,台灣運彩,,3477201.1,137,2026-07-07T17:30:00+08:00,NC恐龍,韓華老鷹,NC恐龍 @ 韓華老鷹,51434489.1,379,[1-5局] 韓華老鷹 大小 2.5,252810433.1,大 2.5,A,2.5,1.65,20,13,A,2.5,
2026-07-07,2026-07-07T13:51:07,台灣運彩,,3477201.1,137,2026-07-07T17:30:00+08:00,NC恐龍,韓華老鷹,NC恐龍 @ 韓華老鷹,51434489.1,379,[1-5局] 韓華老鷹 大小 2.5,252810432.1,小 2.5,H,2.5,1.78,50,39,H,2.5,
2026-07-07,2026-07-07T13:51:07,台灣運彩,,3477201.1,137,2026-07-07T17:30:00+08:00,NC恐龍,韓華老鷹,NC恐龍 @ 韓華老鷹,51434500.1,380,[1-5局] NC恐龍 大小 2.5,252810455.1,大 2.5,A,2.5,1.63,100,63,A,2.5,
2026-07-07,2026-07-07T13:51:07,台灣運彩,,3477201.1,137,2026-07-07T17:30:00+08:00,NC恐龍,韓華老鷹,NC恐龍 @ 韓華老鷹,51434500.1,380,[1-5局] NC恐龍 大小 2.5,252810453.1,小 2.5,H,2.5,1.80,5,4,H,2.5,
2026-07-07,2026-07-07T13:51:07,台灣運彩,,3477201.1,137,2026-07-07T17:30:00+08:00,NC恐龍,韓華老鷹,NC恐龍 @ 韓華老鷹,51434508.1,389,[第1局] 不讓分,252810471.1,韓華老鷹,H,,2.95,20,39,H,,1
2026-07-07,2026-07-07T13:51:07,台灣運彩,,3477201.1,137,2026-07-07T17:30:00+08:00,NC恐龍,韓華老鷹,NC恐龍 @ 韓華老鷹,51434508.1,389,[第1局] 不讓分,252810474.1,NC恐龍,A,,2.80,5,9,A,,2
2026-07-07,2026-07-07T13:51:07,台灣運彩,,3477201.1,137,2026-07-07T17:30:00+08:00,NC恐龍,韓華老鷹,NC恐龍 @ 韓華老鷹,51434508.1,389,[第1局] 不讓分,252810473.1,和局,D,,1.80,5,4,D,,
2026-07-07,2026-07-07T13:51:07,台灣運彩,,3477202.1,138,2026-07-07T17:30:00+08:00,起亞老虎,樂天巨人,起亞老虎 @ 樂天巨人,51434490.1,354,不讓分,252810434.1,樂天巨人,H,,1.60,5,3,H,,1
2026-07-07,2026-07-07T13:51:07,台灣運彩,,3477202.1,138,2026-07-07T17:30:00+08:00,起亞老虎,樂天巨人,起亞老虎 @ 樂天巨人,51434490.1,354,不讓分,252810435.1,起亞老虎,A,,1.85,20,17,A,,2
2026-07-07,2026-07-07T13:51:07,台灣運彩,,3477202.1,138,2026-07-07T17:30:00+08:00,起亞老虎,樂天巨人,起亞老虎 @ 樂天巨人,51434496.1,358,讓分 -1.5,252810445.1,樂天巨人 -1.5,H,-1.5,2.07,100,107,H,-1.5,1
2026-07-07,2026-07-07T13:51:07,台灣運彩,,3477202.1,138,2026-07-07T17:30:00+08:00,起亞老虎,樂天巨人,起亞老虎 @ 樂天巨人,51434496.1,358,讓分 -1.5,252810447.1,起亞老虎 +1.5,A,-1.5,1.45,20,9,A,-1.5,2
2026-07-07,2026-07-07T13:51:07,台灣運彩,,3477202.1,138,2026-07-07T17:30:00+08:00,起亞老虎,樂天巨人,起亞老虎 @ 樂天巨人,51434505.1,360,[總分]大小 11.5,252810468.1,大 11.5,A,11.5,1.76,25,19,A,11.5,
2026-07-07,2026-07-07T13:51:07,台灣運彩,,3477202.1,138,2026-07-07T17:30:00+08:00,起亞老虎,樂天巨人,起亞老虎 @ 樂天巨人,51434505.1,360,[總分]大小 11.5,252810467.1,小 11.5,H,11.5,1.66,50,33,H,11.5,
2026-07-07,2026-07-07T13:51:07,台灣運彩,,3477202.1,138,2026-07-07T17:30:00+08:00,起亞老虎,樂天巨人,起亞老虎 @ 樂天巨人,51434487.1,362,樂天巨人 大小 5.5,252810431.1,大 5.5,A,5.5,1.73,100,73,A,5.5,
2026-07-07,2026-07-07T13:51:07,台灣運彩,,3477202.1,138,2026-07-07T17:30:00+08:00,起亞老虎,樂天巨人,起亞老虎 @ 樂天巨人,51434487.1,362,樂天巨人 大小 5.5,252810428.1,小 5.5,H,5.5,1.70,10,7,H,5.5,
2026-07-07,2026-07-07T13:51:07,台灣運彩,,3477202.1,138,2026-07-07T17:30:00+08:00,起亞老虎,樂天巨人,起亞老虎 @ 樂天巨人,51434497.1,363,起亞老虎 大小 5.5,252810450.1,大 5.5,A,5.5,1.85,20,17,A,5.5,
2026-07-07,2026-07-07T13:51:07,台灣運彩,,3477202.1,138,2026-07-07T17:30:00+08:00,起亞老虎,樂天巨人,起亞老虎 @ 樂天巨人,51434497.1,363,起亞老虎 大小 5.5,252810448.1,小 5.5,H,5.5,1.60,5,3,H,5.5,
2026-07-07,2026-07-07T13:51:07,台灣運彩,,3477202.1,138,2026-07-07T17:30:00+08:00,起亞老虎,樂天巨人,起亞老虎 @ 樂天巨人,51434492.1,366,[總分]單雙,252810439.1,單,,,1.55,20,11,,,
2026-07-07,2026-07-07T13:51:07,台灣運彩,,3477202.1,138,2026-07-07T17:30:00+08:00,起亞老虎,樂天巨人,起亞老虎 @ 樂天巨人,51434492.1,366,[總分]單雙,252810438.1,雙,,,1.90,10,9,,,
2026-07-07,2026-07-07T13:51:07,台灣運彩,,3477202.1,138,2026-07-07T17:30:00+08:00,起亞老虎,樂天巨人,起亞老虎 @ 樂天巨人,51434509.1,376,[1-5局] 不讓分,252810475.1,樂天巨人,H,,1.70,10,7,H,,1
2026-07-07,2026-07-07T13:51:07,台灣運彩,,3477202.1,138,2026-07-07T17:30:00+08:00,起亞老虎,樂天巨人,起亞老虎 @ 樂天巨人,51434509.1,376,[1-5局] 不讓分,252810477.1,起亞老虎,A,,2.00,1,1,A,,2
2026-07-07,2026-07-07T13:51:07,台灣運彩,,3477202.1,138,2026-07-07T17:30:00+08:00,起亞老虎,樂天巨人,起亞老虎 @ 樂天巨人,51434509.1,376,[1-5局] 不讓分,252810476.1,和局,D,,6.00,1,5,D,,
2026-07-07,2026-07-07T13:51:07,台灣運彩,,3477202.1,138,2026-07-07T17:30:00+08:00,起亞老虎,樂天巨人,起亞老虎 @ 樂天巨人,51434499.1,377,[1-5局] 讓分 -0.5,252810452.1,樂天巨人 -0.5,H,-0.5,1.76,25,19,H,-0.5,1
2026-07-07,2026-07-07T13:51:07,台灣運彩,,3477202.1,138,2026-07-07T17:30:00+08:00,起亞老虎,樂天巨人,起亞老虎 @ 樂天巨人,51434499.1,377,[1-5局] 讓分 -0.5,252810454.1,起亞老虎 +0.5,A,-0.5,1.66,50,33,A,-0.5,2
2026-07-07,2026-07-07T13:51:07,台灣運彩,,3477202.1,138,2026-07-07T17:30:00+08:00,起亞老虎,樂天巨人,起亞老虎 @ 樂天巨人,51434501.1,378,[1-5局] 大小 6.5,252810458.1,大 6.5,A,6.5,1.86,50,43,A,6.5,
2026-07-07,2026-07-07T13:51:07,台灣運彩,,3477202.1,138,2026-07-07T17:30:00+08:00,起亞老虎,樂天巨人,起亞老虎 @ 樂天巨人,51434501.1,378,[1-5局] 大小 6.5,252810456.1,小 6.5,H,6.5,1.58,50,29,H,6.5,
2026-07-07,2026-07-07T13:51:07,台灣運彩,,3477202.1,138,2026-07-07T17:30:00+08:00,起亞老虎,樂天巨人,起亞老虎 @ 樂天巨人,51434494.1,379,[1-5局] 樂天巨人 大小 2.5,252810443.1,大 2.5,A,2.5,1.55,20,11,A,2.5,
2026-07-07,2026-07-07T13:51:07,台灣運彩,,3477202.1,138,2026-07-07T17:30:00+08:00,起亞老虎,樂天巨人,起亞老虎 @ 樂天巨人,51434494.1,379,[1-5局] 樂天巨人 大小 2.5,252810441.1,小 2.5,H,2.5,1.90,10,9,H,2.5,
2026-07-07,2026-07-07T13:51:07,台灣運彩,,3477202.1,138,2026-07-07T17:30:00+08:00,起亞老虎,樂天巨人,起亞老虎 @ 樂天巨人,51434507.1,380,[1-5局] 起亞老虎 大小 2.5,252810472.1,大 2.5,A,2.5,1.66,50,33,A,2.5,
2026-07-07,2026-07-07T13:51:07,台灣運彩,,3477202.1,138,2026-07-07T17:30:00+08:00,起亞老虎,樂天巨人,起亞老虎 @ 樂天巨人,51434507.1,380,[1-5局] 起亞老虎 大小 2.5,252810470.1,小 2.5,H,2.5,1.76,25,19,H,2.5,
2026-07-07,2026-07-07T13:51:07,台灣運彩,,3477202.1,138,2026-07-07T17:30:00+08:00,起亞老虎,樂天巨人,起亞老虎 @ 樂天巨人,51434503.1,389,[第1局] 不讓分,252810460.1,樂天巨人,H,,2.65,20,33,H,,1
2026-07-07,2026-07-07T13:51:07,台灣運彩,,3477202.1,138,2026-07-07T17:30:00+08:00,起亞老虎,樂天巨人,起亞老虎 @ 樂天巨人,51434503.1,389,[第1局] 不讓分,252810464.1,起亞老虎,A,,3.10,10,21,A,,2
2026-07-07,2026-07-07T13:51:07,台灣運彩,,3477202.1,138,2026-07-07T17:30:00+08:00,起亞老虎,樂天巨人,起亞老虎 @ 樂天巨人,51434503.1,389,[第1局] 不讓分,252810462.1,和局,D,,1.80,5,4,D,,
2026-07-07,2026-07-07T13:51:07,台灣運彩,,3477203.1,139,2026-07-07T17:30:00+08:00,培證英雄,KT巫師,培證英雄 @ KT巫師,51434510.1,354,不讓分,252810478.1,KT巫師,H,,1.46,50,23,H,,1
2026-07-07,2026-07-07T13:51:07,台灣運彩,,3477203.1,139,2026-07-07T17:30:00+08:00,培證英雄,KT巫師,培證英雄 @ KT巫師,51434510.1,354,不讓分,252810479.1,培證英雄,A,,2.05,20,21,A,,2
2026-07-07,2026-07-07T13:51:07,台灣運彩,,3477203.1,139,2026-07-07T17:30:00+08:00,培證英雄,KT巫師,培證英雄 @ KT巫師,51434525.1,358,讓分 -1.5,252810509.1,KT巫師 -1.5,H,-1.5,1.96,25,24,H,-1.5,1
2026-07-07,2026-07-07T13:51:07,台灣運彩,,3477203.1,139,2026-07-07T17:30:00+08:00,培證英雄,KT巫師,培證英雄 @ KT巫師,51434525.1,358,讓分 -1.5,252810510.1,培證英雄 +1.5,A,-1.5,1.50,2,1,A,-1.5,2
2026-07-07,2026-07-07T13:51:07,台灣運彩,,3477203.1,139,2026-07-07T17:30:00+08:00,培證英雄,KT巫師,培證英雄 @ KT巫師,51434516.1,360,[總分]大小 9.5,252810492.1,大 9.5,A,9.5,1.82,50,41,A,9.5,
2026-07-07,2026-07-07T13:51:07,台灣運彩,,3477203.1,139,2026-07-07T17:30:00+08:00,培證英雄,KT巫師,培證英雄 @ KT巫師,51434516.1,360,[總分]大小 9.5,252810490.1,小 9.5,H,9.5,1.62,50,31,H,9.5,
2026-07-07,2026-07-07T13:51:07,台灣運彩,,3477203.1,139,2026-07-07T17:30:00+08:00,培證英雄,KT巫師,培證英雄 @ KT巫師,51434511.1,362,KT巫師 大小 4.5,252810481.1,大 4.5,A,4.5,1.68,25,17,A,4.5,
2026-07-07,2026-07-07T13:51:07,台灣運彩,,3477203.1,139,2026-07-07T17:30:00+08:00,培證英雄,KT巫師,培證英雄 @ KT巫師,51434511.1,362,KT巫師 大小 4.5,252810480.1,小 4.5,H,4.5,1.75,4,3,H,4.5,
2026-07-07,2026-07-07T13:51:07,台灣運彩,,3477203.1,139,2026-07-07T17:30:00+08:00,培證英雄,KT巫師,培證英雄 @ KT巫師,51434514.1,363,培證英雄 大小 3.5,252810485.1,大 3.5,A,3.5,1.63,100,63,A,3.5,
2026-07-07,2026-07-07T13:51:07,台灣運彩,,3477203.1,139,2026-07-07T17:30:00+08:00,培證英雄,KT巫師,培證英雄 @ KT巫師,51434514.1,363,培證英雄 大小 3.5,252810484.1,小 3.5,H,3.5,1.80,5,4,H,3.5,
2026-07-07,2026-07-07T13:51:07,台灣運彩,,3477203.1,139,2026-07-07T17:30:00+08:00,培證英雄,KT巫師,培證英雄 @ KT巫師,51434512.1,366,[總分]單雙,252810483.1,單,,,1.53,100,53,,,
2026-07-07,2026-07-07T13:51:07,台灣運彩,,3477203.1,139,2026-07-07T17:30:00+08:00,培證英雄,KT巫師,培證英雄 @ KT巫師,51434512.1,366,[總分]單雙,252810482.1,雙,,,1.93,100,93,,,
2026-07-07,2026-07-07T13:51:07,台灣運彩,,3477203.1,139,2026-07-07T17:30:00+08:00,培證英雄,KT巫師,培證英雄 @ KT巫師,51434529.1,376,[1-5局] 不讓分,252810518.1,KT巫師,H,,1.75,4,3,H,,1
2026-07-07,2026-07-07T13:51:07,台灣運彩,,3477203.1,139,2026-07-07T17:30:00+08:00,培證英雄,KT巫師,培證英雄 @ KT巫師,51434529.1,376,[1-5局] 不讓分,252810520.1,培證英雄,A,,2.10,10,11,A,,2
2026-07-07,2026-07-07T13:51:07,台灣運彩,,3477203.1,139,2026-07-07T17:30:00+08:00,培證英雄,KT巫師,培證英雄 @ KT巫師,51434529.1,376,[1-5局] 不讓分,252810519.1,和局,D,,5.10,10,41,D,,
2026-07-07,2026-07-07T13:51:07,台灣運彩,,3477203.1,139,2026-07-07T17:30:00+08:00,培證英雄,KT巫師,培證英雄 @ KT巫師,51434518.1,377,[1-5局] 讓分 -0.5,252810494.1,KT巫師 -0.5,H,-0.5,1.78,50,39,H,-0.5,1
2026-07-07,2026-07-07T13:51:07,台灣運彩,,3477203.1,139,2026-07-07T17:30:00+08:00,培證英雄,KT巫師,培證英雄 @ KT巫師,51434518.1,377,[1-5局] 讓分 -0.5,252810496.1,培證英雄 +0.5,A,-0.5,1.65,20,13,A,-0.5,2
2026-07-07,2026-07-07T13:51:07,台灣運彩,,3477203.1,139,2026-07-07T17:30:00+08:00,培證英雄,KT巫師,培證英雄 @ KT巫師,51434527.1,378,[1-5局] 大小 4.5,252810514.1,大 4.5,A,4.5,1.76,25,19,A,4.5,
2026-07-07,2026-07-07T13:51:07,台灣運彩,,3477203.1,139,2026-07-07T17:30:00+08:00,培證英雄,KT巫師,培證英雄 @ KT巫師,51434527.1,378,[1-5局] 大小 4.5,252810513.1,小 4.5,H,4.5,1.66,50,33,H,4.5,
2026-07-07,2026-07-07T13:51:07,台灣運彩,,3477203.1,139,2026-07-07T17:30:00+08:00,培證英雄,KT巫師,培證英雄 @ KT巫師,51434515.1,379,[1-5局] KT巫師 大小 2.5,252810488.1,大 2.5,A,2.5,1.78,50,39,A,2.5,
2026-07-07,2026-07-07T13:51:07,台灣運彩,,3477203.1,139,2026-07-07T17:30:00+08:00,培證英雄,KT巫師,培證英雄 @ KT巫師,51434515.1,379,[1-5局] KT巫師 大小 2.5,252810487.1,小 2.5,H,2.5,1.65,20,13,H,2.5,
2026-07-07,2026-07-07T13:51:07,台灣運彩,,3477203.1,139,2026-07-07T17:30:00+08:00,培證英雄,KT巫師,培證英雄 @ KT巫師,51434523.1,380,[1-5局] 培證英雄 大小 1.5,252810506.1,大 1.5,A,1.5,1.48,25,12,A,1.5,
2026-07-07,2026-07-07T13:51:07,台灣運彩,,3477203.1,139,2026-07-07T17:30:00+08:00,培證英雄,KT巫師,培證英雄 @ KT巫師,51434523.1,380,[1-5局] 培證英雄 大小 1.5,252810505.1,小 1.5,H,1.5,2.00,1,1,H,1.5,
2026-07-07,2026-07-07T13:51:07,台灣運彩,,3477203.1,139,2026-07-07T17:30:00+08:00,培證英雄,KT巫師,培證英雄 @ KT巫師,51434521.1,389,[第1局] 不讓分,252810499.1,KT巫師,H,,2.85,20,37,H,,1
2026-07-07,2026-07-07T13:51:07,台灣運彩,,3477203.1,139,2026-07-07T17:30:00+08:00,培證英雄,KT巫師,培證英雄 @ KT巫師,51434521.1,389,[第1局] 不讓分,252810502.1,培證英雄,A,,3.55,20,51,A,,2
2026-07-07,2026-07-07T13:51:07,台灣運彩,,3477203.1,139,2026-07-07T17:30:00+08:00,培證英雄,KT巫師,培證英雄 @ KT巫師,51434521.1,389,[第1局] 不讓分,252810501.1,和局,D,,1.65,20,13,D,,
2026-07-07,2026-07-07T13:51:07,台灣運彩,,3477204.1,140,2026-07-07T17:30:00+08:00,LG雙子,三星獅,LG雙子 @ 三星獅,51434513.1,354,不讓分,252810486.1,三星獅,H,,1.63,100,63,H,,1
2026-07-07,2026-07-07T13:51:07,台灣運彩,,3477204.1,140,2026-07-07T17:30:00+08:00,LG雙子,三星獅,LG雙子 @ 三星獅,51434513.1,354,不讓分,252810489.1,LG雙子,A,,1.80,5,4,A,,2
2026-07-07,2026-07-07T13:51:07,台灣運彩,,3477204.1,140,2026-07-07T17:30:00+08:00,LG雙子,三星獅,LG雙子 @ 三星獅,51434519.1,358,讓分 -1.5,252810495.1,三星獅 -1.5,H,-1.5,2.20,5,6,H,-1.5,1
2026-07-07,2026-07-07T13:51:07,台灣運彩,,3477204.1,140,2026-07-07T17:30:00+08:00,LG雙子,三星獅,LG雙子 @ 三星獅,51434519.1,358,讓分 -1.5,252810497.1,LG雙子 +1.5,A,-1.5,1.40,5,2,A,-1.5,2
2026-07-07,2026-07-07T13:51:07,台灣運彩,,3477204.1,140,2026-07-07T17:30:00+08:00,LG雙子,三星獅,LG雙子 @ 三星獅,51434532.1,360,[總分]大小 10.5,252810527.1,大 10.5,A,10.5,1.82,50,41,A,10.5,
2026-07-07,2026-07-07T13:51:07,台灣運彩,,3477204.1,140,2026-07-07T17:30:00+08:00,LG雙子,三星獅,LG雙子 @ 三星獅,51434532.1,360,[總分]大小 10.5,252810526.1,小 10.5,H,10.5,1.62,50,31,H,10.5,
2026-07-07,2026-07-07T13:51:07,台灣運彩,,3477204.1,140,2026-07-07T17:30:00+08:00,LG雙子,三星獅,LG雙子 @ 三星獅,51434520.1,362,三星獅 大小 4.5,252810500.1,大 4.5,A,4.5,1.65,20,13,A,4.5,
2026-07-07,2026-07-07T13:51:07,台灣運彩,,3477204.1,140,2026-07-07T17:30:00+08:00,LG雙子,三星獅,LG雙子 @ 三星獅,51434520.1,362,三星獅 大小 4.5,252810498.1,小 4.5,H,4.5,1.78,50,39,H,4.5,
2026-07-07,2026-07-07T13:51:07,台灣運彩,,3477204.1,140,2026-07-07T17:30:00+08:00,LG雙子,三星獅,LG雙子 @ 三星獅,51434533.1,363,LG雙子 大小 4.5,252810529.1,大 4.5,A,4.5,1.70,10,7,A,4.5,
2026-07-07,2026-07-07T13:51:07,台灣運彩,,3477204.1,140,2026-07-07T17:30:00+08:00,LG雙子,三星獅,LG雙子 @ 三星獅,51434533.1,363,LG雙子 大小 4.5,252810528.1,小 4.5,H,4.5,1.73,100,73,H,4.5,
2026-07-07,2026-07-07T13:51:07,台灣運彩,,3477204.1,140,2026-07-07T17:30:00+08:00,LG雙子,三星獅,LG雙子 @ 三星獅,51434517.1,366,[總分]單雙,252810493.1,單,,,1.55,20,11,,,
2026-07-07,2026-07-07T13:51:07,台灣運彩,,3477204.1,140,2026-07-07T17:30:00+08:00,LG雙子,三星獅,LG雙子 @ 三星獅,51434517.1,366,[總分]單雙,252810491.1,雙,,,1.90,10,9,,,
2026-07-07,2026-07-07T13:51:07,台灣運彩,,3477204.1,140,2026-07-07T17:30:00+08:00,LG雙子,三星獅,LG雙子 @ 三星獅,51434531.1,376,[1-5局] 不讓分,252810523.1,三星獅,H,,1.80,5,4,H,,1
2026-07-07,2026-07-07T13:51:07,台灣運彩,,3477204.1,140,2026-07-07T17:30:00+08:00,LG雙子,三星獅,LG雙子 @ 三星獅,51434531.1,376,[1-5局] 不讓分,252810525.1,LG雙子,A,,1.95,20,19,A,,2
2026-07-07,2026-07-07T13:51:07,台灣運彩,,3477204.1,140,2026-07-07T17:30:00+08:00,LG雙子,三星獅,LG雙子 @ 三星獅,51434531.1,376,[1-5局] 不讓分,252810524.1,和局,D,,5.60,5,23,D,,
2026-07-07,2026-07-07T13:51:07,台灣運彩,,3477204.1,140,2026-07-07T17:30:00+08:00,LG雙子,三星獅,LG雙子 @ 三星獅,51434530.1,377,[1-5局] 讓分 -0.5,252810521.1,三星獅 -0.5,H,-0.5,1.85,20,17,H,-0.5,1
2026-07-07,2026-07-07T13:51:07,台灣運彩,,3477204.1,140,2026-07-07T17:30:00+08:00,LG雙子,三星獅,LG雙子 @ 三星獅,51434530.1,377,[1-5局] 讓分 -0.5,252810522.1,LG雙子 +0.5,A,-0.5,1.60,5,3,A,-0.5,2
2026-07-07,2026-07-07T13:51:07,台灣運彩,,3477204.1,140,2026-07-07T17:30:00+08:00,LG雙子,三星獅,LG雙子 @ 三星獅,51434522.1,378,[1-5局] 大小 5.5,252810504.1,大 5.5,A,5.5,1.76,25,19,A,5.5,
2026-07-07,2026-07-07T13:51:07,台灣運彩,,3477204.1,140,2026-07-07T17:30:00+08:00,LG雙子,三星獅,LG雙子 @ 三星獅,51434522.1,378,[1-5局] 大小 5.5,252810503.1,小 5.5,H,5.5,1.66,50,33,H,5.5,
2026-07-07,2026-07-07T13:51:07,台灣運彩,,3477204.1,140,2026-07-07T17:30:00+08:00,LG雙子,三星獅,LG雙子 @ 三星獅,51434524.1,379,[1-5局] 三星獅 大小 2.5,252810508.1,大 2.5,A,2.5,1.73,100,73,A,2.5,
2026-07-07,2026-07-07T13:51:07,台灣運彩,,3477204.1,140,2026-07-07T17:30:00+08:00,LG雙子,三星獅,LG雙子 @ 三星獅,51434524.1,379,[1-5局] 三星獅 大小 2.5,252810507.1,小 2.5,H,2.5,1.70,10,7,H,2.5,
2026-07-07,2026-07-07T13:51:07,台灣運彩,,3477204.1,140,2026-07-07T17:30:00+08:00,LG雙子,三星獅,LG雙子 @ 三星獅,51434526.1,380,[1-5局] LG雙子 大小 2.5,252810512.1,大 2.5,A,2.5,1.80,5,4,A,2.5,
2026-07-07,2026-07-07T13:51:07,台灣運彩,,3477204.1,140,2026-07-07T17:30:00+08:00,LG雙子,三星獅,LG雙子 @ 三星獅,51434526.1,380,[1-5局] LG雙子 大小 2.5,252810511.1,小 2.5,H,2.5,1.63,100,63,H,2.5,
2026-07-07,2026-07-07T13:51:07,台灣運彩,,3477204.1,140,2026-07-07T17:30:00+08:00,LG雙子,三星獅,LG雙子 @ 三星獅,51434528.1,389,[第1局] 不讓分,252810515.1,三星獅,H,,2.85,20,37,H,,1
2026-07-07,2026-07-07T13:51:07,台灣運彩,,3477204.1,140,2026-07-07T17:30:00+08:00,LG雙子,三星獅,LG雙子 @ 三星獅,51434528.1,389,[第1局] 不讓分,252810517.1,LG雙子,A,,3.20,5,11,A,,2
2026-07-07,2026-07-07T13:51:07,台灣運彩,,3477204.1,140,2026-07-07T17:30:00+08:00,LG雙子,三星獅,LG雙子 @ 三星獅,51434528.1,389,[第1局] 不讓分,252810516.1,和局,D,,1.70,10,7,D,,
2026-07-07,2026-07-07T13:51:07,台灣運彩,,3477205.1,141,2026-07-07T18:35:00+08:00,中信兄弟,統一獅,中信兄弟 @ 統一獅,51434563.1,354,不讓分,252810592.1,統一獅,H,,1.42,50,21,H,,1
2026-07-07,2026-07-07T13:51:07,台灣運彩,,3477205.1,141,2026-07-07T18:35:00+08:00,中信兄弟,統一獅,中信兄弟 @ 統一獅,51434563.1,354,不讓分,252810593.1,中信兄弟,A,,2.15,20,23,A,,2
2026-07-07,2026-07-07T13:51:07,台灣運彩,,3477205.1,141,2026-07-07T18:35:00+08:00,中信兄弟,統一獅,中信兄弟 @ 統一獅,51434565.1,358,讓分 -1.5,252810596.1,統一獅 -1.5,H,-1.5,1.96,25,24,H,-1.5,1
2026-07-07,2026-07-07T13:51:07,台灣運彩,,3477205.1,141,2026-07-07T18:35:00+08:00,中信兄弟,統一獅,中信兄弟 @ 統一獅,51434565.1,358,讓分 -1.5,252810597.1,中信兄弟 +1.5,A,-1.5,1.50,2,1,A,-1.5,2
2026-07-07,2026-07-07T13:51:07,台灣運彩,,3477205.1,141,2026-07-07T18:35:00+08:00,中信兄弟,統一獅,中信兄弟 @ 統一獅,51434564.1,360,[總分]大小 6.5,252810595.1,大 6.5,A,6.5,1.68,25,17,A,6.5,
2026-07-07,2026-07-07T13:51:07,台灣運彩,,3477205.1,141,2026-07-07T18:35:00+08:00,中信兄弟,統一獅,中信兄弟 @ 統一獅,51434564.1,360,[總分]大小 6.5,252810594.1,小 6.5,H,6.5,1.75,4,3,H,6.5,
2026-07-07,2026-07-07T13:51:07,台灣運彩,,3477205.1,141,2026-07-07T18:35:00+08:00,中信兄弟,統一獅,中信兄弟 @ 統一獅,51434562.1,366,[總分]單雙,252810591.1,單,,,1.50,2,1,,,
2026-07-07,2026-07-07T13:51:07,台灣運彩,,3477205.1,141,2026-07-07T18:35:00+08:00,中信兄弟,統一獅,中信兄弟 @ 統一獅,51434562.1,366,[總分]單雙,252810590.1,雙,,,1.96,25,24,,,
2026-07-07,2026-07-07T13:51:07,台灣運彩,,3477206.1,143,2026-07-07T18:35:00+08:00,樂天桃猿,富邦悍將,樂天桃猿 @ 富邦悍將,51434566.1,354,不讓分,252810598.1,富邦悍將,H,,1.73,100,73,H,,1
2026-07-07,2026-07-07T13:51:07,台灣運彩,,3477206.1,143,2026-07-07T18:35:00+08:00,樂天桃猿,富邦悍將,樂天桃猿 @ 富邦悍將,51434566.1,354,不讓分,252810599.1,樂天桃猿,A,,1.70,10,7,A,,2
2026-07-07,2026-07-07T13:51:07,台灣運彩,,3477206.1,143,2026-07-07T18:35:00+08:00,樂天桃猿,富邦悍將,樂天桃猿 @ 富邦悍將,51434568.1,358,讓分 1.5,252810602.1,富邦悍將 +1.5,H,1.5,1.42,50,21,H,1.5,1
2026-07-07,2026-07-07T13:51:07,台灣運彩,,3477206.1,143,2026-07-07T18:35:00+08:00,樂天桃猿,富邦悍將,樂天桃猿 @ 富邦悍將,51434568.1,358,讓分 1.5,252810603.1,樂天桃猿 -1.5,A,1.5,2.15,20,23,A,1.5,2
2026-07-07,2026-07-07T13:51:07,台灣運彩,,3477206.1,143,2026-07-07T18:35:00+08:00,樂天桃猿,富邦悍將,樂天桃猿 @ 富邦悍將,51434567.1,360,[總分]大小 8.5,252810601.1,大 8.5,A,8.5,1.72,25,18,A,8.5,
2026-07-07,2026-07-07T13:51:07,台灣運彩,,3477206.1,143,2026-07-07T18:35:00+08:00,樂天桃猿,富邦悍將,樂天桃猿 @ 富邦悍將,51434567.1,360,[總分]大小 8.5,252810600.1,小 8.5,H,8.5,1.72,25,18,H,8.5,
2026-07-07,2026-07-07T13:51:07,台灣運彩,,3477206.1,143,2026-07-07T18:35:00+08:00,樂天桃猿,富邦悍將,樂天桃猿 @ 富邦悍將,51434569.1,366,[總分]單雙,252810605.1,單,,,1.50,2,1,,,
2026-07-07,2026-07-07T13:51:07,台灣運彩,,3477206.1,143,2026-07-07T18:35:00+08:00,樂天桃猿,富邦悍將,樂天桃猿 @ 富邦悍將,51434569.1,366,[總分]單雙,252810604.1,雙,,,1.96,25,24,,,
2026-07-07,2026-07-07T13:51:07,台灣運彩,824820,3477178.1,118,2026-07-08T06:35:00+08:00,芝加哥小熊,巴爾的摩金鶯,芝加哥小熊 @ 巴爾的摩金鶯,51433823.1,354,不讓分,252808814.1,巴爾的摩金鶯,H,,1.85,20,17,H,,1
2026-07-07,2026-07-07T13:51:07,台灣運彩,824820,3477178.1,118,2026-07-08T06:35:00+08:00,芝加哥小熊,巴爾的摩金鶯,芝加哥小熊 @ 巴爾的摩金鶯,51433823.1,354,不讓分,252808815.1,芝加哥小熊,A,,1.65,20,13,A,,2
2026-07-07,2026-07-07T13:51:07,台灣運彩,824820,3477178.1,118,2026-07-08T06:35:00+08:00,芝加哥小熊,巴爾的摩金鶯,芝加哥小熊 @ 巴爾的摩金鶯,51433833.1,357,勝分差,252808834.1,巴爾的摩金鶯 1 分,H,,4.30,10,33,H,,
2026-07-07,2026-07-07T13:51:07,台灣運彩,824820,3477178.1,118,2026-07-08T06:35:00+08:00,芝加哥小熊,巴爾的摩金鶯,芝加哥小熊 @ 巴爾的摩金鶯,51433833.1,357,勝分差,252808835.1,巴爾的摩金鶯 2 分,H,,7.75,4,27,H,,
2026-07-07,2026-07-07T13:51:07,台灣運彩,824820,3477178.1,118,2026-07-08T06:35:00+08:00,芝加哥小熊,巴爾的摩金鶯,芝加哥小熊 @ 巴爾的摩金鶯,51433833.1,357,勝分差,252808836.1,巴爾的摩金鶯 > 2分,H,,2.90,10,19,H,,
2026-07-07,2026-07-07T13:51:07,台灣運彩,824820,3477178.1,118,2026-07-08T06:35:00+08:00,芝加哥小熊,巴爾的摩金鶯,芝加哥小熊 @ 巴爾的摩金鶯,51433833.1,357,勝分差,252808837.1,芝加哥小熊 1 分,A,,5.80,5,24,A,,
2026-07-07,2026-07-07T13:51:07,台灣運彩,824820,3477178.1,118,2026-07-08T06:35:00+08:00,芝加哥小熊,巴爾的摩金鶯,芝加哥小熊 @ 巴爾的摩金鶯,51433833.1,357,勝分差,252808838.1,芝加哥小熊 2 分,A,,7.25,4,25,A,,
2026-07-07,2026-07-07T13:51:07,台灣運彩,824820,3477178.1,118,2026-07-08T06:35:00+08:00,芝加哥小熊,巴爾的摩金鶯,芝加哥小熊 @ 巴爾的摩金鶯,51433833.1,357,勝分差,252808839.1,芝加哥小熊 > 2分,A,,2.30,10,13,A,,
2026-07-07,2026-07-07T13:51:07,台灣運彩,824820,3477178.1,118,2026-07-08T06:35:00+08:00,芝加哥小熊,巴爾的摩金鶯,芝加哥小熊 @ 巴爾的摩金鶯,51433826.1,358,讓分 1.5,252808820.1,巴爾的摩金鶯 +1.5,H,1.5,1.52,25,13,H,1.5,1
2026-07-07,2026-07-07T13:51:07,台灣運彩,824820,3477178.1,118,2026-07-08T06:35:00+08:00,芝加哥小熊,巴爾的摩金鶯,芝加哥小熊 @ 巴爾的摩金鶯,51433826.1,358,讓分 1.5,252808821.1,芝加哥小熊 -1.5,A,1.5,1.98,50,49,A,1.5,2
2026-07-07,2026-07-07T13:51:07,台灣運彩,824820,3477178.1,118,2026-07-08T06:35:00+08:00,芝加哥小熊,巴爾的摩金鶯,芝加哥小熊 @ 巴爾的摩金鶯,51433827.1,358,讓分 2.5,252808822.1,巴爾的摩金鶯 +2.5,H,2.5,1.35,20,7,H,2.5,1
2026-07-07,2026-07-07T13:51:07,台灣運彩,824820,3477178.1,118,2026-07-08T06:35:00+08:00,芝加哥小熊,巴爾的摩金鶯,芝加哥小熊 @ 巴爾的摩金鶯,51433827.1,358,讓分 2.5,252808823.1,芝加哥小熊 -2.5,A,2.5,2.45,20,29,A,2.5,2
2026-07-07,2026-07-07T13:51:07,台灣運彩,824820,3477178.1,118,2026-07-08T06:35:00+08:00,芝加哥小熊,巴爾的摩金鶯,芝加哥小熊 @ 巴爾的摩金鶯,51433825.1,360,[總分]大小 9.5,252808819.1,大 9.5,A,9.5,1.80,5,4,A,9.5,
2026-07-07,2026-07-07T13:51:07,台灣運彩,824820,3477178.1,118,2026-07-08T06:35:00+08:00,芝加哥小熊,巴爾的摩金鶯,芝加哥小熊 @ 巴爾的摩金鶯,51433825.1,360,[總分]大小 9.5,252808818.1,小 9.5,H,9.5,1.70,10,7,H,9.5,
2026-07-07,2026-07-07T13:51:07,台灣運彩,824820,3477178.1,118,2026-07-08T06:35:00+08:00,芝加哥小熊,巴爾的摩金鶯,芝加哥小熊 @ 巴爾的摩金鶯,51433828.1,360,[總分]大小 10.5,252808825.1,大 10.5,A,10.5,2.00,1,1,A,10.5,
2026-07-07,2026-07-07T13:51:07,台灣運彩,824820,3477178.1,118,2026-07-08T06:35:00+08:00,芝加哥小熊,巴爾的摩金鶯,芝加哥小熊 @ 巴爾的摩金鶯,51433828.1,360,[總分]大小 10.5,252808824.1,小 10.5,H,10.5,1.50,2,1,H,10.5,
2026-07-07,2026-07-07T13:51:07,台灣運彩,824820,3477178.1,118,2026-07-08T06:35:00+08:00,芝加哥小熊,巴爾的摩金鶯,芝加哥小熊 @ 巴爾的摩金鶯,51433830.1,360,[總分]大小 8.5,252808829.1,大 8.5,A,8.5,1.50,2,1,A,8.5,
2026-07-07,2026-07-07T13:51:07,台灣運彩,824820,3477178.1,118,2026-07-08T06:35:00+08:00,芝加哥小熊,巴爾的摩金鶯,芝加哥小熊 @ 巴爾的摩金鶯,51433830.1,360,[總分]大小 8.5,252808828.1,小 8.5,H,8.5,2.00,1,1,H,8.5,
2026-07-07,2026-07-07T13:51:07,台灣運彩,824820,3477178.1,118,2026-07-08T06:35:00+08:00,芝加哥小熊,巴爾的摩金鶯,芝加哥小熊 @ 巴爾的摩金鶯,51433832.1,362,巴爾的摩金鶯 大小 4.5,252808833.1,大 4.5,A,4.5,1.82,50,41,A,4.5,
2026-07-07,2026-07-07T13:51:07,台灣運彩,824820,3477178.1,118,2026-07-08T06:35:00+08:00,芝加哥小熊,巴爾的摩金鶯,芝加哥小熊 @ 巴爾的摩金鶯,51433832.1,362,巴爾的摩金鶯 大小 4.5,252808832.1,小 4.5,H,4.5,1.62,50,31,H,4.5,
2026-07-07,2026-07-07T13:51:07,台灣運彩,824820,3477178.1,118,2026-07-08T06:35:00+08:00,芝加哥小熊,巴爾的摩金鶯,芝加哥小熊 @ 巴爾的摩金鶯,51433829.1,363,芝加哥小熊 大小 4.5,252808827.1,大 4.5,A,4.5,1.66,50,33,A,4.5,
2026-07-07,2026-07-07T13:51:07,台灣運彩,824820,3477178.1,118,2026-07-08T06:35:00+08:00,芝加哥小熊,巴爾的摩金鶯,芝加哥小熊 @ 巴爾的摩金鶯,51433829.1,363,芝加哥小熊 大小 4.5,252808826.1,小 4.5,H,4.5,1.76,25,19,H,4.5,
2026-07-07,2026-07-07T13:51:07,台灣運彩,824820,3477178.1,118,2026-07-08T06:35:00+08:00,芝加哥小熊,巴爾的摩金鶯,芝加哥小熊 @ 巴爾的摩金鶯,51433824.1,366,[總分]單雙,252808817.1,單,,,1.48,25,12,,,
2026-07-07,2026-07-07T13:51:07,台灣運彩,824820,3477178.1,118,2026-07-08T06:35:00+08:00,芝加哥小熊,巴爾的摩金鶯,芝加哥小熊 @ 巴爾的摩金鶯,51433824.1,366,[總分]單雙,252808816.1,雙,,,2.00,1,1,,,
2026-07-07,2026-07-07T13:51:07,台灣運彩,824820,3477178.1,118,2026-07-08T06:35:00+08:00,芝加哥小熊,巴爾的摩金鶯,芝加哥小熊 @ 巴爾的摩金鶯,51434092.1,374,得分最高單局(不含延長賽),252809547.1,一樣多,,,2.30,10,13,,,
2026-07-07,2026-07-07T13:51:07,台灣運彩,824820,3477178.1,118,2026-07-08T06:35:00+08:00,芝加哥小熊,巴爾的摩金鶯,芝加哥小熊 @ 巴爾的摩金鶯,51434092.1,374,得分最高單局(不含延長賽),252809538.1,第1局,,,5.45,20,89,,,
2026-07-07,2026-07-07T13:51:07,台灣運彩,824820,3477178.1,118,2026-07-08T06:35:00+08:00,芝加哥小熊,巴爾的摩金鶯,芝加哥小熊 @ 巴爾的摩金鶯,51434092.1,374,得分最高單局(不含延長賽),252809539.1,第2局,,,6.75,4,23,,,
2026-07-07,2026-07-07T13:51:07,台灣運彩,824820,3477178.1,118,2026-07-08T06:35:00+08:00,芝加哥小熊,巴爾的摩金鶯,芝加哥小熊 @ 巴爾的摩金鶯,51434092.1,374,得分最高單局(不含延長賽),252809540.1,第3局,,,5.75,4,19,,,
2026-07-07,2026-07-07T13:51:07,台灣運彩,824820,3477178.1,118,2026-07-08T06:35:00+08:00,芝加哥小熊,巴爾的摩金鶯,芝加哥小熊 @ 巴爾的摩金鶯,51434092.1,374,得分最高單局(不含延長賽),252809541.1,第4局,,,6.25,4,21,,,
2026-07-07,2026-07-07T13:51:07,台灣運彩,824820,3477178.1,118,2026-07-08T06:35:00+08:00,芝加哥小熊,巴爾的摩金鶯,芝加哥小熊 @ 巴爾的摩金鶯,51434092.1,374,得分最高單局(不含延長賽),252809542.1,第5局,,,6.00,1,5,,,
2026-07-07,2026-07-07T13:51:07,台灣運彩,824820,3477178.1,118,2026-07-08T06:35:00+08:00,芝加哥小熊,巴爾的摩金鶯,芝加哥小熊 @ 巴爾的摩金鶯,51434092.1,374,得分最高單局(不含延長賽),252809543.1,第6局,,,5.90,10,49,,,
2026-07-07,2026-07-07T13:51:07,台灣運彩,824820,3477178.1,118,2026-07-08T06:35:00+08:00,芝加哥小熊,巴爾的摩金鶯,芝加哥小熊 @ 巴爾的摩金鶯,51434092.1,374,得分最高單局(不含延長賽),252809544.1,第7局,,,5.85,20,97,,,
2026-07-07,2026-07-07T13:51:07,台灣運彩,824820,3477178.1,118,2026-07-08T06:35:00+08:00,芝加哥小熊,巴爾的摩金鶯,芝加哥小熊 @ 巴爾的摩金鶯,51434092.1,374,得分最高單局(不含延長賽),252809545.1,第8局,,,5.60,5,23,,,
2026-07-07,2026-07-07T13:51:07,台灣運彩,824820,3477178.1,118,2026-07-08T06:35:00+08:00,芝加哥小熊,巴爾的摩金鶯,芝加哥小熊 @ 巴爾的摩金鶯,51434092.1,374,得分最高單局(不含延長賽),252809546.1,第9局,,,8.00,1,7,,,
2026-07-07,2026-07-07T13:51:07,台灣運彩,824820,3477178.1,118,2026-07-08T06:35:00+08:00,芝加哥小熊,巴爾的摩金鶯,芝加哥小熊 @ 巴爾的摩金鶯,51434088.1,376,[1-5局] 不讓分,252809529.1,巴爾的摩金鶯,H,,1.90,10,9,H,,1
2026-07-07,2026-07-07T13:51:07,台灣運彩,824820,3477178.1,118,2026-07-08T06:35:00+08:00,芝加哥小熊,巴爾的摩金鶯,芝加哥小熊 @ 巴爾的摩金鶯,51434088.1,376,[1-5局] 不讓分,252809531.1,芝加哥小熊,A,,1.75,4,3,A,,2
2026-07-07,2026-07-07T13:51:07,台灣運彩,824820,3477178.1,118,2026-07-08T06:35:00+08:00,芝加哥小熊,巴爾的摩金鶯,芝加哥小熊 @ 巴爾的摩金鶯,51434088.1,376,[1-5局] 不讓分,252809530.1,和局,D,,4.90,10,39,D,,
2026-07-07,2026-07-07T13:51:07,台灣運彩,824820,3477178.1,118,2026-07-08T06:35:00+08:00,芝加哥小熊,巴爾的摩金鶯,芝加哥小熊 @ 巴爾的摩金鶯,51434089.1,378,[1-5局] 大小 4.5,252809533.1,大 4.5,A,4.5,1.55,20,11,A,4.5,
2026-07-07,2026-07-07T13:51:07,台灣運彩,824820,3477178.1,118,2026-07-08T06:35:00+08:00,芝加哥小熊,巴爾的摩金鶯,芝加哥小熊 @ 巴爾的摩金鶯,51434089.1,378,[1-5局] 大小 4.5,252809532.1,小 4.5,H,4.5,1.80,5,4,H,4.5,
2026-07-07,2026-07-07T13:51:07,台灣運彩,824820,3477178.1,118,2026-07-08T06:35:00+08:00,芝加哥小熊,巴爾的摩金鶯,芝加哥小熊 @ 巴爾的摩金鶯,51434087.1,379,[1-5局] 巴爾的摩金鶯 大小 2.5,252809528.1,大 2.5,A,2.5,1.93,100,93,A,2.5,
2026-07-07,2026-07-07T13:51:07,台灣運彩,824820,3477178.1,118,2026-07-08T06:35:00+08:00,芝加哥小熊,巴爾的摩金鶯,芝加哥小熊 @ 巴爾的摩金鶯,51434087.1,379,[1-5局] 巴爾的摩金鶯 大小 2.5,252809527.1,小 2.5,H,2.5,1.53,100,53,H,2.5,
2026-07-07,2026-07-07T13:51:07,台灣運彩,824820,3477178.1,118,2026-07-08T06:35:00+08:00,芝加哥小熊,巴爾的摩金鶯,芝加哥小熊 @ 巴爾的摩金鶯,51434091.1,380,[1-5局] 芝加哥小熊 大小 2.5,252809537.1,大 2.5,A,2.5,1.85,20,17,A,2.5,
2026-07-07,2026-07-07T13:51:07,台灣運彩,824820,3477178.1,118,2026-07-08T06:35:00+08:00,芝加哥小熊,巴爾的摩金鶯,芝加哥小熊 @ 巴爾的摩金鶯,51434091.1,380,[1-5局] 芝加哥小熊 大小 2.5,252809536.1,小 2.5,H,2.5,1.60,5,3,H,2.5,
2026-07-07,2026-07-07T13:51:07,台灣運彩,824820,3477178.1,118,2026-07-08T06:35:00+08:00,芝加哥小熊,巴爾的摩金鶯,芝加哥小熊 @ 巴爾的摩金鶯,51434093.1,389,[第1局] 不讓分,252809548.1,巴爾的摩金鶯,H,,3.00,1,2,H,,1
2026-07-07,2026-07-07T13:51:07,台灣運彩,824820,3477178.1,118,2026-07-08T06:35:00+08:00,芝加哥小熊,巴爾的摩金鶯,芝加哥小熊 @ 巴爾的摩金鶯,51434093.1,389,[第1局] 不讓分,252809550.1,芝加哥小熊,A,,2.95,20,39,A,,2
2026-07-07,2026-07-07T13:51:07,台灣運彩,824820,3477178.1,118,2026-07-08T06:35:00+08:00,芝加哥小熊,巴爾的摩金鶯,芝加哥小熊 @ 巴爾的摩金鶯,51434093.1,389,[第1局] 不讓分,252809549.1,和局,D,,1.60,5,3,D,,
2026-07-07,2026-07-07T13:51:07,台灣運彩,824820,3477178.1,118,2026-07-08T06:35:00+08:00,芝加哥小熊,巴爾的摩金鶯,芝加哥小熊 @ 巴爾的摩金鶯,51434090.1,398,[第1局] 大小 0.5,252809535.1,大 0.5,A,0.5,1.62,50,31,A,0.5,
2026-07-07,2026-07-07T13:51:07,台灣運彩,824820,3477178.1,118,2026-07-08T06:35:00+08:00,芝加哥小熊,巴爾的摩金鶯,芝加哥小熊 @ 巴爾的摩金鶯,51434090.1,398,[第1局] 大小 0.5,252809534.1,小 0.5,H,0.5,1.71,100,71,H,0.5,
2026-07-07,2026-07-07T13:51:07,台灣運彩,824254,3477180.1,120,2026-07-08T06:40:00+08:00,運動家,底特律老虎,運動家 @ 底特律老虎,51433847.1,354,不讓分,252808868.1,底特律老虎,H,,1.38,50,19,H,,1
2026-07-07,2026-07-07T13:51:07,台灣運彩,824254,3477180.1,120,2026-07-08T06:40:00+08:00,運動家,底特律老虎,運動家 @ 底特律老虎,51433847.1,354,不讓分,252808869.1,運動家,A,,2.33,100,133,A,,2
2026-07-07,2026-07-07T13:51:07,台灣運彩,824254,3477180.1,120,2026-07-08T06:40:00+08:00,運動家,底特律老虎,運動家 @ 底特律老虎,51433848.1,357,勝分差,252808870.1,底特律老虎 1 分,H,,3.75,4,11,H,,
2026-07-07,2026-07-07T13:51:07,台灣運彩,824254,3477180.1,120,2026-07-08T06:40:00+08:00,運動家,底特律老虎,運動家 @ 底特律老虎,51433848.1,357,勝分差,252808871.1,底特律老虎 2 分,H,,6.25,4,21,H,,
2026-07-07,2026-07-07T13:51:07,台灣運彩,824254,3477180.1,120,2026-07-08T06:40:00+08:00,運動家,底特律老虎,運動家 @ 底特律老虎,51433848.1,357,勝分差,252808872.1,底特律老虎 > 2分,H,,2.15,20,23,H,,
2026-07-07,2026-07-07T13:51:07,台灣運彩,824254,3477180.1,120,2026-07-08T06:40:00+08:00,運動家,底特律老虎,運動家 @ 底特律老虎,51433848.1,357,勝分差,252808873.1,運動家 1 分,A,,5.90,10,49,A,,
2026-07-07,2026-07-07T13:51:07,台灣運彩,824254,3477180.1,120,2026-07-08T06:40:00+08:00,運動家,底特律老虎,運動家 @ 底特律老虎,51433848.1,357,勝分差,252808874.1,運動家 2 分,A,,8.50,2,15,A,,
2026-07-07,2026-07-07T13:51:07,台灣運彩,824254,3477180.1,120,2026-07-08T06:40:00+08:00,運動家,底特律老虎,運動家 @ 底特律老虎,51433848.1,357,勝分差,252808875.1,運動家 > 2分,A,,3.75,4,11,A,,
2026-07-07,2026-07-07T13:51:07,台灣運彩,824254,3477180.1,120,2026-07-08T06:40:00+08:00,運動家,底特律老虎,運動家 @ 底特律老虎,51433840.1,358,讓分 -1.5,252808854.1,底特律老虎 -1.5,H,-1.5,1.84,25,21,H,-1.5,1
2026-07-07,2026-07-07T13:51:07,台灣運彩,824254,3477180.1,120,2026-07-08T06:40:00+08:00,運動家,底特律老虎,運動家 @ 底特律老虎,51433840.1,358,讓分 -1.5,252808855.1,運動家 +1.5,A,-1.5,1.66,50,33,A,-1.5,2
2026-07-07,2026-07-07T13:51:07,台灣運彩,824254,3477180.1,120,2026-07-08T06:40:00+08:00,運動家,底特律老虎,運動家 @ 底特律老虎,51433845.1,358,讓分 -2.5,252808864.1,底特律老虎 -2.5,H,-2.5,2.30,10,13,H,-2.5,1
2026-07-07,2026-07-07T13:51:07,台灣運彩,824254,3477180.1,120,2026-07-08T06:40:00+08:00,運動家,底特律老虎,運動家 @ 底特律老虎,51433845.1,358,讓分 -2.5,252808865.1,運動家 +2.5,A,-2.5,1.40,5,2,A,-2.5,2
2026-07-07,2026-07-07T13:51:07,台灣運彩,824254,3477180.1,120,2026-07-08T06:40:00+08:00,運動家,底特律老虎,運動家 @ 底特律老虎,51433841.1,360,[總分]大小 6.5,252808857.1,大 6.5,A,6.5,1.38,50,19,A,6.5,
2026-07-07,2026-07-07T13:51:07,台灣運彩,824254,3477180.1,120,2026-07-08T06:40:00+08:00,運動家,底特律老虎,運動家 @ 底特律老虎,51433841.1,360,[總分]大小 6.5,252808856.1,小 6.5,H,6.5,2.33,100,133,H,6.5,
2026-07-07,2026-07-07T13:51:07,台灣運彩,824254,3477180.1,120,2026-07-08T06:40:00+08:00,運動家,底特律老虎,運動家 @ 底特律老虎,51433842.1,360,[總分]大小 8.5,252808859.1,大 8.5,A,8.5,1.90,10,9,A,8.5,
2026-07-07,2026-07-07T13:51:07,台灣運彩,824254,3477180.1,120,2026-07-08T06:40:00+08:00,運動家,底特律老虎,運動家 @ 底特律老虎,51433842.1,360,[總分]大小 8.5,252808858.1,小 8.5,H,8.5,1.60,5,3,H,8.5,
2026-07-07,2026-07-07T13:51:07,台灣運彩,824254,3477180.1,120,2026-07-08T06:40:00+08:00,運動家,底特律老虎,運動家 @ 底特律老虎,51433843.1,360,[總分]大小 7.5,252808861.1,大 7.5,A,7.5,1.66,50,33,A,7.5,
2026-07-07,2026-07-07T13:51:07,台灣運彩,824254,3477180.1,120,2026-07-08T06:40:00+08:00,運動家,底特律老虎,運動家 @ 底特律老虎,51433843.1,360,[總分]大小 7.5,252808860.1,小 7.5,H,7.5,1.84,25,21,H,7.5,
2026-07-07,2026-07-07T13:51:07,台灣運彩,824254,3477180.1,120,2026-07-08T06:40:00+08:00,運動家,底特律老虎,運動家 @ 底特律老虎,51433846.1,362,底特律老虎 大小 4.5,252808867.1,大 4.5,A,4.5,1.78,50,39,A,4.5,
2026-07-07,2026-07-07T13:51:07,台灣運彩,824254,3477180.1,120,2026-07-08T06:40:00+08:00,運動家,底特律老虎,運動家 @ 底特律老虎,51433846.1,362,底特律老虎 大小 4.5,252808866.1,小 4.5,H,4.5,1.65,20,13,H,4.5,
2026-07-07,2026-07-07T13:51:07,台灣運彩,824254,3477180.1,120,2026-07-08T06:40:00+08:00,運動家,底特律老虎,運動家 @ 底特律老虎,51433839.1,363,運動家 大小 3.5,252808853.1,大 3.5,A,3.5,1.88,25,22,A,3.5,
2026-07-07,2026-07-07T13:51:07,台灣運彩,824254,3477180.1,120,2026-07-08T06:40:00+08:00,運動家,底特律老虎,運動家 @ 底特律老虎,51433839.1,363,運動家 大小 3.5,252808852.1,小 3.5,H,3.5,1.56,25,14,H,3.5,
2026-07-07,2026-07-07T13:51:07,台灣運彩,824254,3477180.1,120,2026-07-08T06:40:00+08:00,運動家,底特律老虎,運動家 @ 底特律老虎,51433838.1,366,[總分]單雙,252808851.1,單,,,1.48,25,12,,,
2026-07-07,2026-07-07T13:51:07,台灣運彩,824254,3477180.1,120,2026-07-08T06:40:00+08:00,運動家,底特律老虎,運動家 @ 底特律老虎,51433838.1,366,[總分]單雙,252808850.1,雙,,,2.00,1,1,,,
2026-07-07,2026-07-07T13:51:07,台灣運彩,824254,3477180.1,120,2026-07-08T06:40:00+08:00,運動家,底特律老虎,運動家 @ 底特律老虎,51434061.1,374,得分最高單局(不含延長賽),252809468.1,一樣多,,,2.25,4,5,,,
2026-07-07,2026-07-07T13:51:07,台灣運彩,824254,3477180.1,120,2026-07-08T06:40:00+08:00,運動家,底特律老虎,運動家 @ 底特律老虎,51434061.1,374,得分最高單局(不含延長賽),252809459.1,第1局,,,5.60,5,23,,,
2026-07-07,2026-07-07T13:51:07,台灣運彩,824254,3477180.1,120,2026-07-08T06:40:00+08:00,運動家,底特律老虎,運動家 @ 底特律老虎,51434061.1,374,得分最高單局(不含延長賽),252809460.1,第2局,,,6.50,2,11,,,
2026-07-07,2026-07-07T13:51:07,台灣運彩,824254,3477180.1,120,2026-07-08T06:40:00+08:00,運動家,底特律老虎,運動家 @ 底特律老虎,51434061.1,374,得分最高單局(不含延長賽),252809461.1,第3局,,,5.95,20,99,,,
2026-07-07,2026-07-07T13:51:07,台灣運彩,824254,3477180.1,120,2026-07-08T06:40:00+08:00,運動家,底特律老虎,運動家 @ 底特律老虎,51434061.1,374,得分最高單局(不含延長賽),252809462.1,第4局,,,6.50,2,11,,,
2026-07-07,2026-07-07T13:51:07,台灣運彩,824254,3477180.1,120,2026-07-08T06:40:00+08:00,運動家,底特律老虎,運動家 @ 底特律老虎,51434061.1,374,得分最高單局(不含延長賽),252809463.1,第5局,,,6.00,1,5,,,
2026-07-07,2026-07-07T13:51:07,台灣運彩,824254,3477180.1,120,2026-07-08T06:40:00+08:00,運動家,底特律老虎,運動家 @ 底特律老虎,51434061.1,374,得分最高單局(不含延長賽),252809464.1,第6局,,,5.60,5,23,,,
2026-07-07,2026-07-07T13:51:07,台灣運彩,824254,3477180.1,120,2026-07-08T06:40:00+08:00,運動家,底特律老虎,運動家 @ 底特律老虎,51434061.1,374,得分最高單局(不含延長賽),252809465.1,第7局,,,5.75,4,19,,,
2026-07-07,2026-07-07T13:51:07,台灣運彩,824254,3477180.1,120,2026-07-08T06:40:00+08:00,運動家,底特律老虎,運動家 @ 底特律老虎,51434061.1,374,得分最高單局(不含延長賽),252809466.1,第8局,,,5.65,20,93,,,
2026-07-07,2026-07-07T13:51:07,台灣運彩,824254,3477180.1,120,2026-07-08T06:40:00+08:00,運動家,底特律老虎,運動家 @ 底特律老虎,51434061.1,374,得分最高單局(不含延長賽),252809467.1,第9局,,,8.00,1,7,,,
2026-07-07,2026-07-07T13:51:07,台灣運彩,824254,3477180.1,120,2026-07-08T06:40:00+08:00,運動家,底特律老虎,運動家 @ 底特律老虎,51434055.1,376,[1-5局] 不讓分,252809445.1,底特律老虎,H,,1.55,20,11,H,,1
2026-07-07,2026-07-07T13:51:07,台灣運彩,824254,3477180.1,120,2026-07-08T06:40:00+08:00,運動家,底特律老虎,運動家 @ 底特律老虎,51434055.1,376,[1-5局] 不讓分,252809447.1,運動家,A,,2.40,5,7,A,,2
2026-07-07,2026-07-07T13:51:07,台灣運彩,824254,3477180.1,120,2026-07-08T06:40:00+08:00,運動家,底特律老虎,運動家 @ 底特律老虎,51434055.1,376,[1-5局] 不讓分,252809446.1,和局,D,,4.40,5,17,D,,
2026-07-07,2026-07-07T13:51:07,台灣運彩,824254,3477180.1,120,2026-07-08T06:40:00+08:00,運動家,底特律老虎,運動家 @ 底特律老虎,51434057.1,378,[1-5局] 大小 4.5,252809451.1,大 4.5,A,4.5,1.82,50,41,A,4.5,
2026-07-07,2026-07-07T13:51:07,台灣運彩,824254,3477180.1,120,2026-07-08T06:40:00+08:00,運動家,底特律老虎,運動家 @ 底特律老虎,51434057.1,378,[1-5局] 大小 4.5,252809450.1,小 4.5,H,4.5,1.53,100,53,H,4.5,
2026-07-07,2026-07-07T13:51:07,台灣運彩,824254,3477180.1,120,2026-07-08T06:40:00+08:00,運動家,底特律老虎,運動家 @ 底特律老虎,51434058.1,379,[1-5局] 底特律老虎 大小 2.5,252809453.1,大 2.5,A,2.5,1.85,20,17,A,2.5,
2026-07-07,2026-07-07T13:51:07,台灣運彩,824254,3477180.1,120,2026-07-08T06:40:00+08:00,運動家,底特律老虎,運動家 @ 底特律老虎,51434058.1,379,[1-5局] 底特律老虎 大小 2.5,252809452.1,小 2.5,H,2.5,1.60,5,3,H,2.5,
2026-07-07,2026-07-07T13:51:07,台灣運彩,824254,3477180.1,120,2026-07-08T06:40:00+08:00,運動家,底特律老虎,運動家 @ 底特律老虎,51434059.1,380,[1-5局] 運動家 大小 1.5,252809455.1,大 1.5,A,1.5,1.86,50,43,A,1.5,
2026-07-07,2026-07-07T13:51:07,台灣運彩,824254,3477180.1,120,2026-07-08T06:40:00+08:00,運動家,底特律老虎,運動家 @ 底特律老虎,51434059.1,380,[1-5局] 運動家 大小 1.5,252809454.1,小 1.5,H,1.5,1.58,50,29,H,1.5,
2026-07-07,2026-07-07T13:51:07,台灣運彩,824254,3477180.1,120,2026-07-08T06:40:00+08:00,運動家,底特律老虎,運動家 @ 底特律老虎,51434060.1,389,[第1局] 不讓分,252809456.1,底特律老虎,H,,2.60,5,8,H,,1
2026-07-07,2026-07-07T13:51:07,台灣運彩,824254,3477180.1,120,2026-07-08T06:40:00+08:00,運動家,底特律老虎,運動家 @ 底特律老虎,51434060.1,389,[第1局] 不讓分,252809458.1,運動家,A,,4.15,20,63,A,,2
2026-07-07,2026-07-07T13:51:07,台灣運彩,824254,3477180.1,120,2026-07-08T06:40:00+08:00,運動家,底特律老虎,運動家 @ 底特律老虎,51434060.1,389,[第1局] 不讓分,252809457.1,和局,D,,1.50,2,1,D,,
2026-07-07,2026-07-07T13:51:07,台灣運彩,824254,3477180.1,120,2026-07-08T06:40:00+08:00,運動家,底特律老虎,運動家 @ 底特律老虎,51434056.1,398,[第1局] 大小 0.5,252809449.1,大 0.5,A,0.5,1.75,4,3,A,0.5,
2026-07-07,2026-07-07T13:51:07,台灣運彩,824254,3477180.1,120,2026-07-08T06:40:00+08:00,運動家,底特律老虎,運動家 @ 底特律老虎,51434056.1,398,[第1局] 大小 0.5,252809448.1,小 0.5,H,0.5,1.58,50,29,H,0.5,
2026-07-07,2026-07-07T13:51:07,台灣運彩,823361,3477188.1,127,2026-07-08T06:40:00+08:00,亞特蘭大勇士,匹茲堡海盜,亞特蘭大勇士 @ 匹茲堡海盜,51433978.1,354,不讓分,252809244.1,匹茲堡海盜,H,,1.42,50,21,H,,1
2026-07-07,2026-07-07T13:51:07,台灣運彩,823361,3477188.1,127,2026-07-08T06:40:00+08:00,亞特蘭大勇士,匹茲堡海盜,亞特蘭大勇士 @ 匹茲堡海盜,51433978.1,354,不讓分,252809245.1,亞特蘭大勇士,A,,2.20,5,6,A,,2
2026-07-07,2026-07-07T13:51:07,台灣運彩,823361,3477188.1,127,2026-07-08T06:40:00+08:00,亞特蘭大勇士,匹茲堡海盜,亞特蘭大勇士 @ 匹茲堡海盜,51433988.1,357,勝分差,252809267.1,亞特蘭大勇士 1 分,A,,5.95,20,99,A,,
2026-07-07,2026-07-07T13:51:07,台灣運彩,823361,3477188.1,127,2026-07-08T06:40:00+08:00,亞特蘭大勇士,匹茲堡海盜,亞特蘭大勇士 @ 匹茲堡海盜,51433988.1,357,勝分差,252809268.1,亞特蘭大勇士 2 分,A,,8.25,4,29,A,,
2026-07-07,2026-07-07T13:51:07,台灣運彩,823361,3477188.1,127,2026-07-08T06:40:00+08:00,亞特蘭大勇士,匹茲堡海盜,亞特蘭大勇士 @ 匹茲堡海盜,51433988.1,357,勝分差,252809269.1,亞特蘭大勇士 > 2分,A,,3.60,5,13,A,,
2026-07-07,2026-07-07T13:51:07,台灣運彩,823361,3477188.1,127,2026-07-08T06:40:00+08:00,亞特蘭大勇士,匹茲堡海盜,亞特蘭大勇士 @ 匹茲堡海盜,51433988.1,357,勝分差,252809264.1,匹茲堡海盜 1 分,H,,3.80,5,14,H,,
2026-07-07,2026-07-07T13:51:07,台灣運彩,823361,3477188.1,127,2026-07-08T06:40:00+08:00,亞特蘭大勇士,匹茲堡海盜,亞特蘭大勇士 @ 匹茲堡海盜,51433988.1,357,勝分差,252809265.1,匹茲堡海盜 2 分,H,,6.25,4,21,H,,
2026-07-07,2026-07-07T13:51:07,台灣運彩,823361,3477188.1,127,2026-07-08T06:40:00+08:00,亞特蘭大勇士,匹茲堡海盜,亞特蘭大勇士 @ 匹茲堡海盜,51433988.1,357,勝分差,252809266.1,匹茲堡海盜 > 2分,H,,2.20,5,6,H,,
2026-07-07,2026-07-07T13:51:07,台灣運彩,823361,3477188.1,127,2026-07-08T06:40:00+08:00,亞特蘭大勇士,匹茲堡海盜,亞特蘭大勇士 @ 匹茲堡海盜,51433985.1,358,讓分 -1.5,252809258.1,匹茲堡海盜 -1.5,H,-1.5,1.87,100,87,H,-1.5,1
2026-07-07,2026-07-07T13:51:07,台灣運彩,823361,3477188.1,127,2026-07-08T06:40:00+08:00,亞特蘭大勇士,匹茲堡海盜,亞特蘭大勇士 @ 匹茲堡海盜,51433985.1,358,讓分 -1.5,252809259.1,亞特蘭大勇士 +1.5,A,-1.5,1.63,100,63,A,-1.5,2
2026-07-07,2026-07-07T13:51:07,台灣運彩,823361,3477188.1,127,2026-07-08T06:40:00+08:00,亞特蘭大勇士,匹茲堡海盜,亞特蘭大勇士 @ 匹茲堡海盜,51433980.1,360,[總分]大小 8.5,252809249.1,大 8.5,A,8.5,1.90,10,9,A,8.5,
2026-07-07,2026-07-07T13:51:07,台灣運彩,823361,3477188.1,127,2026-07-08T06:40:00+08:00,亞特蘭大勇士,匹茲堡海盜,亞特蘭大勇士 @ 匹茲堡海盜,51433980.1,360,[總分]大小 8.5,252809248.1,小 8.5,H,8.5,1.60,5,3,H,8.5,
2026-07-07,2026-07-07T13:51:07,台灣運彩,823361,3477188.1,127,2026-07-08T06:40:00+08:00,亞特蘭大勇士,匹茲堡海盜,亞特蘭大勇士 @ 匹茲堡海盜,51433981.1,360,[總分]大小 7.5,252809251.1,大 7.5,A,7.5,1.66,50,33,A,7.5,
2026-07-07,2026-07-07T13:51:07,台灣運彩,823361,3477188.1,127,2026-07-08T06:40:00+08:00,亞特蘭大勇士,匹茲堡海盜,亞特蘭大勇士 @ 匹茲堡海盜,51433981.1,360,[總分]大小 7.5,252809250.1,小 7.5,H,7.5,1.84,25,21,H,7.5,
2026-07-07,2026-07-07T13:51:07,台灣運彩,823361,3477188.1,127,2026-07-08T06:40:00+08:00,亞特蘭大勇士,匹茲堡海盜,亞特蘭大勇士 @ 匹茲堡海盜,51433983.1,360,[總分]大小 6.5,252809255.1,大 6.5,A,6.5,1.38,50,19,A,6.5,
2026-07-07,2026-07-07T13:51:07,台灣運彩,823361,3477188.1,127,2026-07-08T06:40:00+08:00,亞特蘭大勇士,匹茲堡海盜,亞特蘭大勇士 @ 匹茲堡海盜,51433983.1,360,[總分]大小 6.5,252809254.1,小 6.5,H,6.5,2.33,100,133,H,6.5,
2026-07-07,2026-07-07T13:51:07,台灣運彩,823361,3477188.1,127,2026-07-08T06:40:00+08:00,亞特蘭大勇士,匹茲堡海盜,亞特蘭大勇士 @ 匹茲堡海盜,51433986.1,362,匹茲堡海盜 大小 4.5,252809261.1,大 4.5,A,4.5,1.80,5,4,A,4.5,
2026-07-07,2026-07-07T13:51:07,台灣運彩,823361,3477188.1,127,2026-07-08T06:40:00+08:00,亞特蘭大勇士,匹茲堡海盜,亞特蘭大勇士 @ 匹茲堡海盜,51433986.1,362,匹茲堡海盜 大小 4.5,252809260.1,小 4.5,H,4.5,1.63,100,63,H,4.5,
2026-07-07,2026-07-07T13:51:07,台灣運彩,823361,3477188.1,127,2026-07-08T06:40:00+08:00,亞特蘭大勇士,匹茲堡海盜,亞特蘭大勇士 @ 匹茲堡海盜,51433987.1,363,亞特蘭大勇士 大小 3.5,252809263.1,大 3.5,A,3.5,1.86,50,43,A,3.5,
2026-07-07,2026-07-07T13:51:07,台灣運彩,823361,3477188.1,127,2026-07-08T06:40:00+08:00,亞特蘭大勇士,匹茲堡海盜,亞特蘭大勇士 @ 匹茲堡海盜,51433987.1,363,亞特蘭大勇士 大小 3.5,252809262.1,小 3.5,H,3.5,1.58,50,29,H,3.5,
2026-07-07,2026-07-07T13:51:07,台灣運彩,823361,3477188.1,127,2026-07-08T06:40:00+08:00,亞特蘭大勇士,匹茲堡海盜,亞特蘭大勇士 @ 匹茲堡海盜,51433979.1,366,[總分]單雙,252809247.1,單,,,1.48,25,12,,,
2026-07-07,2026-07-07T13:51:07,台灣運彩,823361,3477188.1,127,2026-07-08T06:40:00+08:00,亞特蘭大勇士,匹茲堡海盜,亞特蘭大勇士 @ 匹茲堡海盜,51433979.1,366,[總分]單雙,252809246.1,雙,,,2.00,1,1,,,
2026-07-07,2026-07-07T13:51:07,台灣運彩,823361,3477188.1,127,2026-07-08T06:40:00+08:00,亞特蘭大勇士,匹茲堡海盜,亞特蘭大勇士 @ 匹茲堡海盜,51434019.1,374,得分最高單局(不含延長賽),252809356.1,一樣多,,,2.20,5,6,,,
2026-07-07,2026-07-07T13:51:07,台灣運彩,823361,3477188.1,127,2026-07-08T06:40:00+08:00,亞特蘭大勇士,匹茲堡海盜,亞特蘭大勇士 @ 匹茲堡海盜,51434019.1,374,得分最高單局(不含延長賽),252809347.1,第1局,,,5.40,5,22,,,
2026-07-07,2026-07-07T13:51:07,台灣運彩,823361,3477188.1,127,2026-07-08T06:40:00+08:00,亞特蘭大勇士,匹茲堡海盜,亞特蘭大勇士 @ 匹茲堡海盜,51434019.1,374,得分最高單局(不含延長賽),252809348.1,第2局,,,6.50,2,11,,,
2026-07-07,2026-07-07T13:51:07,台灣運彩,823361,3477188.1,127,2026-07-08T06:40:00+08:00,亞特蘭大勇士,匹茲堡海盜,亞特蘭大勇士 @ 匹茲堡海盜,51434019.1,374,得分最高單局(不含延長賽),252809349.1,第3局,,,5.75,4,19,,,
2026-07-07,2026-07-07T13:51:07,台灣運彩,823361,3477188.1,127,2026-07-08T06:40:00+08:00,亞特蘭大勇士,匹茲堡海盜,亞特蘭大勇士 @ 匹茲堡海盜,51434019.1,374,得分最高單局(不含延長賽),252809350.1,第4局,,,6.25,4,21,,,
2026-07-07,2026-07-07T13:51:07,台灣運彩,823361,3477188.1,127,2026-07-08T06:40:00+08:00,亞特蘭大勇士,匹茲堡海盜,亞特蘭大勇士 @ 匹茲堡海盜,51434019.1,374,得分最高單局(不含延長賽),252809351.1,第5局,,,6.00,1,5,,,
2026-07-07,2026-07-07T13:51:07,台灣運彩,823361,3477188.1,127,2026-07-08T06:40:00+08:00,亞特蘭大勇士,匹茲堡海盜,亞特蘭大勇士 @ 匹茲堡海盜,51434019.1,374,得分最高單局(不含延長賽),252809352.1,第6局,,,5.85,20,97,,,
2026-07-07,2026-07-07T13:51:07,台灣運彩,823361,3477188.1,127,2026-07-08T06:40:00+08:00,亞特蘭大勇士,匹茲堡海盜,亞特蘭大勇士 @ 匹茲堡海盜,51434019.1,374,得分最高單局(不含延長賽),252809353.1,第7局,,,6.00,1,5,,,
2026-07-07,2026-07-07T13:51:07,台灣運彩,823361,3477188.1,127,2026-07-08T06:40:00+08:00,亞特蘭大勇士,匹茲堡海盜,亞特蘭大勇士 @ 匹茲堡海盜,51434019.1,374,得分最高單局(不含延長賽),252809354.1,第8局,,,5.70,10,47,,,
2026-07-07,2026-07-07T13:51:07,台灣運彩,823361,3477188.1,127,2026-07-08T06:40:00+08:00,亞特蘭大勇士,匹茲堡海盜,亞特蘭大勇士 @ 匹茲堡海盜,51434019.1,374,得分最高單局(不含延長賽),252809355.1,第9局,,,8.00,1,7,,,
2026-07-07,2026-07-07T13:51:07,台灣運彩,823361,3477188.1,127,2026-07-08T06:40:00+08:00,亞特蘭大勇士,匹茲堡海盜,亞特蘭大勇士 @ 匹茲堡海盜,51434017.1,376,[1-5局] 不讓分,252809342.1,匹茲堡海盜,H,,1.55,20,11,H,,1
2026-07-07,2026-07-07T13:51:07,台灣運彩,823361,3477188.1,127,2026-07-08T06:40:00+08:00,亞特蘭大勇士,匹茲堡海盜,亞特蘭大勇士 @ 匹茲堡海盜,51434017.1,376,[1-5局] 不讓分,252809344.1,亞特蘭大勇士,A,,2.30,10,13,A,,2
2026-07-07,2026-07-07T13:51:07,台灣運彩,823361,3477188.1,127,2026-07-08T06:40:00+08:00,亞特蘭大勇士,匹茲堡海盜,亞特蘭大勇士 @ 匹茲堡海盜,51434017.1,376,[1-5局] 不讓分,252809343.1,和局,D,,4.50,2,7,D,,
2026-07-07,2026-07-07T13:51:07,台灣運彩,823361,3477188.1,127,2026-07-08T06:40:00+08:00,亞特蘭大勇士,匹茲堡海盜,亞特蘭大勇士 @ 匹茲堡海盜,51434013.1,378,[1-5局] 大小 4.5,252809334.1,大 4.5,A,4.5,1.75,4,3,A,4.5,
2026-07-07,2026-07-07T13:51:07,台灣運彩,823361,3477188.1,127,2026-07-08T06:40:00+08:00,亞特蘭大勇士,匹茲堡海盜,亞特蘭大勇士 @ 匹茲堡海盜,51434013.1,378,[1-5局] 大小 4.5,252809333.1,小 4.5,H,4.5,1.58,50,29,H,4.5,
2026-07-07,2026-07-07T13:51:07,台灣運彩,823361,3477188.1,127,2026-07-08T06:40:00+08:00,亞特蘭大勇士,匹茲堡海盜,亞特蘭大勇士 @ 匹茲堡海盜,51434015.1,379,[1-5局] 匹茲堡海盜 大小 2.5,252809339.1,大 2.5,A,2.5,1.82,50,41,A,2.5,
2026-07-07,2026-07-07T13:51:07,台灣運彩,823361,3477188.1,127,2026-07-08T06:40:00+08:00,亞特蘭大勇士,匹茲堡海盜,亞特蘭大勇士 @ 匹茲堡海盜,51434015.1,379,[1-5局] 匹茲堡海盜 大小 2.5,252809338.1,小 2.5,H,2.5,1.62,50,31,H,2.5,
2026-07-07,2026-07-07T13:51:07,台灣運彩,823361,3477188.1,127,2026-07-08T06:40:00+08:00,亞特蘭大勇士,匹茲堡海盜,亞特蘭大勇士 @ 匹茲堡海盜,51434016.1,380,[1-5局] 亞特蘭大勇士 大小 1.5,252809341.1,大 1.5,A,1.5,1.78,50,39,A,1.5,
2026-07-07,2026-07-07T13:51:07,台灣運彩,823361,3477188.1,127,2026-07-08T06:40:00+08:00,亞特蘭大勇士,匹茲堡海盜,亞特蘭大勇士 @ 匹茲堡海盜,51434016.1,380,[1-5局] 亞特蘭大勇士 大小 1.5,252809340.1,小 1.5,H,1.5,1.65,20,13,H,1.5,
2026-07-07,2026-07-07T13:51:07,台灣運彩,823361,3477188.1,127,2026-07-08T06:40:00+08:00,亞特蘭大勇士,匹茲堡海盜,亞特蘭大勇士 @ 匹茲堡海盜,51434014.1,389,[第1局] 不讓分,252809335.1,匹茲堡海盜,H,,2.60,5,8,H,,1
2026-07-07,2026-07-07T13:51:07,台灣運彩,823361,3477188.1,127,2026-07-08T06:40:00+08:00,亞特蘭大勇士,匹茲堡海盜,亞特蘭大勇士 @ 匹茲堡海盜,51434014.1,389,[第1局] 不讓分,252809337.1,亞特蘭大勇士,A,,3.95,20,59,A,,2
2026-07-07,2026-07-07T13:51:07,台灣運彩,823361,3477188.1,127,2026-07-08T06:40:00+08:00,亞特蘭大勇士,匹茲堡海盜,亞特蘭大勇士 @ 匹茲堡海盜,51434014.1,389,[第1局] 不讓分,252809336.1,和局,D,,1.50,2,1,D,,
2026-07-07,2026-07-07T13:51:07,台灣運彩,823361,3477188.1,127,2026-07-08T06:40:00+08:00,亞特蘭大勇士,匹茲堡海盜,亞特蘭大勇士 @ 匹茲堡海盜,51434018.1,398,[第1局] 大小 0.5,252809346.1,大 0.5,A,0.5,1.73,100,73,A,0.5,
2026-07-07,2026-07-07T13:51:07,台灣運彩,823361,3477188.1,127,2026-07-08T06:40:00+08:00,亞特蘭大勇士,匹茲堡海盜,亞特蘭大勇士 @ 匹茲堡海盜,51434018.1,398,[第1局] 大小 0.5,252809345.1,小 0.5,H,0.5,1.60,5,3,H,0.5,
2026-07-07,2026-07-07T13:51:07,台灣運彩,822713,3477183.1,123,2026-07-08T06:45:00+08:00,休士頓太空人,華盛頓國民,休士頓太空人 @ 華盛頓國民,51433876.1,354,不讓分,252808942.1,華盛頓國民,H,,1.63,100,63,H,,1
2026-07-07,2026-07-07T13:51:07,台灣運彩,822713,3477183.1,123,2026-07-08T06:45:00+08:00,休士頓太空人,華盛頓國民,休士頓太空人 @ 華盛頓國民,51433876.1,354,不讓分,252808943.1,休士頓太空人,A,,1.87,100,87,A,,2
2026-07-07,2026-07-07T13:51:07,台灣運彩,822713,3477183.1,123,2026-07-08T06:45:00+08:00,休士頓太空人,華盛頓國民,休士頓太空人 @ 華盛頓國民,51433884.1,357,勝分差,252808961.1,休士頓太空人 1 分,A,,5.75,4,19,A,,
2026-07-07,2026-07-07T13:51:07,台灣運彩,822713,3477183.1,123,2026-07-08T06:45:00+08:00,休士頓太空人,華盛頓國民,休士頓太空人 @ 華盛頓國民,51433884.1,357,勝分差,252808962.1,休士頓太空人 2 分,A,,7.50,2,13,A,,
2026-07-07,2026-07-07T13:51:07,台灣運彩,822713,3477183.1,123,2026-07-08T06:45:00+08:00,休士頓太空人,華盛頓國民,休士頓太空人 @ 華盛頓國民,51433884.1,357,勝分差,252808963.1,休士頓太空人 > 2分,A,,2.65,20,33,A,,
2026-07-07,2026-07-07T13:51:07,台灣運彩,822713,3477183.1,123,2026-07-08T06:45:00+08:00,休士頓太空人,華盛頓國民,休士頓太空人 @ 華盛頓國民,51433884.1,357,勝分差,252808958.1,華盛頓國民 1 分,H,,4.15,20,63,H,,
2026-07-07,2026-07-07T13:51:07,台灣運彩,822713,3477183.1,123,2026-07-08T06:45:00+08:00,休士頓太空人,華盛頓國民,休士頓太空人 @ 華盛頓國民,51433884.1,357,勝分差,252808959.1,華盛頓國民 2 分,H,,7.25,4,25,H,,
2026-07-07,2026-07-07T13:51:07,台灣運彩,822713,3477183.1,123,2026-07-08T06:45:00+08:00,休士頓太空人,華盛頓國民,休士頓太空人 @ 華盛頓國民,51433884.1,357,勝分差,252808960.1,華盛頓國民 > 2分,H,,2.60,5,8,H,,
2026-07-07,2026-07-07T13:51:07,台灣運彩,822713,3477183.1,123,2026-07-08T06:45:00+08:00,休士頓太空人,華盛頓國民,休士頓太空人 @ 華盛頓國民,51433881.1,358,讓分 -2.5,252808952.1,華盛頓國民 -2.5,H,-2.5,2.70,10,17,H,-2.5,1
2026-07-07,2026-07-07T13:51:07,台灣運彩,822713,3477183.1,123,2026-07-08T06:45:00+08:00,休士頓太空人,華盛頓國民,休士頓太空人 @ 華盛頓國民,51433881.1,358,讓分 -2.5,252808953.1,休士頓太空人 +2.5,A,-2.5,1.28,25,7,A,-2.5,2
2026-07-07,2026-07-07T13:51:07,台灣運彩,822713,3477183.1,123,2026-07-08T06:45:00+08:00,休士頓太空人,華盛頓國民,休士頓太空人 @ 華盛頓國民,51433882.1,358,讓分 -1.5,252808954.1,華盛頓國民 -1.5,H,-1.5,2.15,20,23,H,-1.5,1
2026-07-07,2026-07-07T13:51:07,台灣運彩,822713,3477183.1,123,2026-07-08T06:45:00+08:00,休士頓太空人,華盛頓國民,休士頓太空人 @ 華盛頓國民,51433882.1,358,讓分 -1.5,252808955.1,休士頓太空人 +1.5,A,-1.5,1.43,100,43,A,-1.5,2
2026-07-07,2026-07-07T13:51:07,台灣運彩,822713,3477183.1,123,2026-07-08T06:45:00+08:00,休士頓太空人,華盛頓國民,休士頓太空人 @ 華盛頓國民,51433877.1,360,[總分]大小 8.5,252808945.1,大 8.5,A,8.5,1.56,25,14,A,8.5,
2026-07-07,2026-07-07T13:51:07,台灣運彩,822713,3477183.1,123,2026-07-08T06:45:00+08:00,休士頓太空人,華盛頓國民,休士頓太空人 @ 華盛頓國民,51433877.1,360,[總分]大小 8.5,252808944.1,小 8.5,H,8.5,1.94,50,47,H,8.5,
2026-07-07,2026-07-07T13:51:07,台灣運彩,822713,3477183.1,123,2026-07-08T06:45:00+08:00,休士頓太空人,華盛頓國民,休士頓太空人 @ 華盛頓國民,51433879.1,360,[總分]大小 9.5,252808949.1,大 9.5,A,9.5,1.88,25,22,A,9.5,
2026-07-07,2026-07-07T13:51:07,台灣運彩,822713,3477183.1,123,2026-07-08T06:45:00+08:00,休士頓太空人,華盛頓國民,休士頓太空人 @ 華盛頓國民,51433879.1,360,[總分]大小 9.5,252808948.1,小 9.5,H,9.5,1.62,50,31,H,9.5,
2026-07-07,2026-07-07T13:51:07,台灣運彩,822713,3477183.1,123,2026-07-08T06:45:00+08:00,休士頓太空人,華盛頓國民,休士頓太空人 @ 華盛頓國民,51433880.1,360,[總分]大小 10.5,252808951.1,大 10.5,A,10.5,2.10,10,11,A,10.5,
2026-07-07,2026-07-07T13:51:07,台灣運彩,822713,3477183.1,123,2026-07-08T06:45:00+08:00,休士頓太空人,華盛頓國民,休士頓太空人 @ 華盛頓國民,51433880.1,360,[總分]大小 10.5,252808950.1,小 10.5,H,10.5,1.45,20,9,H,10.5,
2026-07-07,2026-07-07T13:51:07,台灣運彩,822713,3477183.1,123,2026-07-08T06:45:00+08:00,休士頓太空人,華盛頓國民,休士頓太空人 @ 華盛頓國民,51433875.1,362,華盛頓國民 大小 4.5,252808941.1,大 4.5,A,4.5,1.76,25,19,A,4.5,
2026-07-07,2026-07-07T13:51:07,台灣運彩,822713,3477183.1,123,2026-07-08T06:45:00+08:00,休士頓太空人,華盛頓國民,休士頓太空人 @ 華盛頓國民,51433875.1,362,華盛頓國民 大小 4.5,252808940.1,小 4.5,H,4.5,1.66,50,33,H,4.5,
2026-07-07,2026-07-07T13:51:07,台灣運彩,822713,3477183.1,123,2026-07-08T06:45:00+08:00,休士頓太空人,華盛頓國民,休士頓太空人 @ 華盛頓國民,51433878.1,363,休士頓太空人 大小 4.5,252808947.1,大 4.5,A,4.5,1.80,5,4,A,4.5,
2026-07-07,2026-07-07T13:51:07,台灣運彩,822713,3477183.1,123,2026-07-08T06:45:00+08:00,休士頓太空人,華盛頓國民,休士頓太空人 @ 華盛頓國民,51433878.1,363,休士頓太空人 大小 4.5,252808946.1,小 4.5,H,4.5,1.63,100,63,H,4.5,
2026-07-07,2026-07-07T13:51:07,台灣運彩,822713,3477183.1,123,2026-07-08T06:45:00+08:00,休士頓太空人,華盛頓國民,休士頓太空人 @ 華盛頓國民,51433874.1,366,[總分]單雙,252808939.1,單,,,1.48,25,12,,,
2026-07-07,2026-07-07T13:51:07,台灣運彩,822713,3477183.1,123,2026-07-08T06:45:00+08:00,休士頓太空人,華盛頓國民,休士頓太空人 @ 華盛頓國民,51433874.1,366,[總分]單雙,252808938.1,雙,,,2.00,1,1,,,
2026-07-07,2026-07-07T13:51:07,台灣運彩,822713,3477183.1,123,2026-07-08T06:45:00+08:00,休士頓太空人,華盛頓國民,休士頓太空人 @ 華盛頓國民,51434099.1,374,得分最高單局(不含延長賽),252809571.1,一樣多,,,2.25,4,5,,,
2026-07-07,2026-07-07T13:51:07,台灣運彩,822713,3477183.1,123,2026-07-08T06:45:00+08:00,休士頓太空人,華盛頓國民,休士頓太空人 @ 華盛頓國民,51434099.1,374,得分最高單局(不含延長賽),252809562.1,第1局,,,5.40,5,22,,,
2026-07-07,2026-07-07T13:51:07,台灣運彩,822713,3477183.1,123,2026-07-08T06:45:00+08:00,休士頓太空人,華盛頓國民,休士頓太空人 @ 華盛頓國民,51434099.1,374,得分最高單局(不含延長賽),252809563.1,第2局,,,6.50,2,11,,,
2026-07-07,2026-07-07T13:51:07,台灣運彩,822713,3477183.1,123,2026-07-08T06:45:00+08:00,休士頓太空人,華盛頓國民,休士頓太空人 @ 華盛頓國民,51434099.1,374,得分最高單局(不含延長賽),252809564.1,第3局,,,5.65,20,93,,,
2026-07-07,2026-07-07T13:51:07,台灣運彩,822713,3477183.1,123,2026-07-08T06:45:00+08:00,休士頓太空人,華盛頓國民,休士頓太空人 @ 華盛頓國民,51434099.1,374,得分最高單局(不含延長賽),252809565.1,第4局,,,6.25,4,21,,,
2026-07-07,2026-07-07T13:51:07,台灣運彩,822713,3477183.1,123,2026-07-08T06:45:00+08:00,休士頓太空人,華盛頓國民,休士頓太空人 @ 華盛頓國民,51434099.1,374,得分最高單局(不含延長賽),252809566.1,第5局,,,6.25,4,21,,,
2026-07-07,2026-07-07T13:51:07,台灣運彩,822713,3477183.1,123,2026-07-08T06:45:00+08:00,休士頓太空人,華盛頓國民,休士頓太空人 @ 華盛頓國民,51434099.1,374,得分最高單局(不含延長賽),252809567.1,第6局,,,5.90,10,49,,,
2026-07-07,2026-07-07T13:51:07,台灣運彩,822713,3477183.1,123,2026-07-08T06:45:00+08:00,休士頓太空人,華盛頓國民,休士頓太空人 @ 華盛頓國民,51434099.1,374,得分最高單局(不含延長賽),252809568.1,第7局,,,6.00,1,5,,,
2026-07-07,2026-07-07T13:51:07,台灣運彩,822713,3477183.1,123,2026-07-08T06:45:00+08:00,休士頓太空人,華盛頓國民,休士頓太空人 @ 華盛頓國民,51434099.1,374,得分最高單局(不含延長賽),252809569.1,第8局,,,5.80,5,24,,,
2026-07-07,2026-07-07T13:51:07,台灣運彩,822713,3477183.1,123,2026-07-08T06:45:00+08:00,休士頓太空人,華盛頓國民,休士頓太空人 @ 華盛頓國民,51434099.1,374,得分最高單局(不含延長賽),252809570.1,第9局,,,8.00,1,7,,,
2026-07-07,2026-07-07T13:51:07,台灣運彩,822713,3477183.1,123,2026-07-08T06:45:00+08:00,休士頓太空人,華盛頓國民,休士頓太空人 @ 華盛頓國民,51434100.1,376,[1-5局] 不讓分,252809572.1,華盛頓國民,H,,1.75,4,3,H,,1
2026-07-07,2026-07-07T13:51:07,台灣運彩,822713,3477183.1,123,2026-07-08T06:45:00+08:00,休士頓太空人,華盛頓國民,休士頓太空人 @ 華盛頓國民,51434100.1,376,[1-5局] 不讓分,252809574.1,休士頓太空人,A,,1.90,10,9,A,,2
2026-07-07,2026-07-07T13:51:07,台灣運彩,822713,3477183.1,123,2026-07-08T06:45:00+08:00,休士頓太空人,華盛頓國民,休士頓太空人 @ 華盛頓國民,51434100.1,376,[1-5局] 不讓分,252809573.1,和局,D,,4.80,5,19,D,,
2026-07-07,2026-07-07T13:51:07,台灣運彩,822713,3477183.1,123,2026-07-08T06:45:00+08:00,休士頓太空人,華盛頓國民,休士頓太空人 @ 華盛頓國民,51434095.1,378,[1-5局] 大小 4.5,252809554.1,大 4.5,A,4.5,1.56,25,14,A,4.5,
2026-07-07,2026-07-07T13:51:07,台灣運彩,822713,3477183.1,123,2026-07-08T06:45:00+08:00,休士頓太空人,華盛頓國民,休士頓太空人 @ 華盛頓國民,51434095.1,378,[1-5局] 大小 4.5,252809553.1,小 4.5,H,4.5,1.78,50,39,H,4.5,
2026-07-07,2026-07-07T13:51:07,台灣運彩,822713,3477183.1,123,2026-07-08T06:45:00+08:00,休士頓太空人,華盛頓國民,休士頓太空人 @ 華盛頓國民,51434098.1,379,[1-5局] 華盛頓國民 大小 2.5,252809561.1,大 2.5,A,2.5,1.82,50,41,A,2.5,
2026-07-07,2026-07-07T13:51:07,台灣運彩,822713,3477183.1,123,2026-07-08T06:45:00+08:00,休士頓太空人,華盛頓國民,休士頓太空人 @ 華盛頓國民,51434098.1,379,[1-5局] 華盛頓國民 大小 2.5,252809560.1,小 2.5,H,2.5,1.62,50,31,H,2.5,
2026-07-07,2026-07-07T13:51:07,台灣運彩,822713,3477183.1,123,2026-07-08T06:45:00+08:00,休士頓太空人,華盛頓國民,休士頓太空人 @ 華盛頓國民,51434094.1,380,[1-5局] 休士頓太空人 大小 2.5,252809552.1,大 2.5,A,2.5,1.96,25,24,A,2.5,
2026-07-07,2026-07-07T13:51:07,台灣運彩,822713,3477183.1,123,2026-07-08T06:45:00+08:00,休士頓太空人,華盛頓國民,休士頓太空人 @ 華盛頓國民,51434094.1,380,[1-5局] 休士頓太空人 大小 2.5,252809551.1,小 2.5,H,2.5,1.50,2,1,H,2.5,
2026-07-07,2026-07-07T13:51:07,台灣運彩,822713,3477183.1,123,2026-07-08T06:45:00+08:00,休士頓太空人,華盛頓國民,休士頓太空人 @ 華盛頓國民,51434097.1,389,[第1局] 不讓分,252809557.1,華盛頓國民,H,,2.80,5,9,H,,1
2026-07-07,2026-07-07T13:51:07,台灣運彩,822713,3477183.1,123,2026-07-08T06:45:00+08:00,休士頓太空人,華盛頓國民,休士頓太空人 @ 華盛頓國民,51434097.1,389,[第1局] 不讓分,252809559.1,休士頓太空人,A,,3.25,4,9,A,,2
2026-07-07,2026-07-07T13:51:07,台灣運彩,822713,3477183.1,123,2026-07-08T06:45:00+08:00,休士頓太空人,華盛頓國民,休士頓太空人 @ 華盛頓國民,51434097.1,389,[第1局] 不讓分,252809558.1,和局,D,,1.60,5,3,D,,
2026-07-07,2026-07-07T13:51:07,台灣運彩,822713,3477183.1,123,2026-07-08T06:45:00+08:00,休士頓太空人,華盛頓國民,休士頓太空人 @ 華盛頓國民,51434096.1,398,[第1局] 大小 0.5,252809556.1,大 0.5,A,0.5,1.65,20,13,A,0.5,
2026-07-07,2026-07-07T13:51:07,台灣運彩,822713,3477183.1,123,2026-07-08T06:45:00+08:00,休士頓太空人,華盛頓國民,休士頓太空人 @ 華盛頓國民,51434096.1,398,[第1局] 大小 0.5,252809555.1,小 0.5,H,0.5,1.68,25,17,H,0.5,
2026-07-07,2026-07-07T13:51:07,台灣運彩,823607,3477185.1,124,2026-07-08T07:10:00+08:00,堪薩斯市皇家,紐約大都會,堪薩斯市皇家 @ 紐約大都會,51433915.1,354,不讓分,252809081.1,紐約大都會,H,,1.48,25,12,H,,1
2026-07-07,2026-07-07T13:51:07,台灣運彩,823607,3477185.1,124,2026-07-08T07:10:00+08:00,堪薩斯市皇家,紐約大都會,堪薩斯市皇家 @ 紐約大都會,51433915.1,354,不讓分,252809082.1,堪薩斯皇家,A,,2.05,20,21,A,,2
2026-07-07,2026-07-07T13:51:07,台灣運彩,823607,3477185.1,124,2026-07-08T07:10:00+08:00,堪薩斯市皇家,紐約大都會,堪薩斯市皇家 @ 紐約大都會,51433921.1,357,勝分差,252809096.1,堪薩斯皇家 1 分,A,,5.55,20,91,A,,
2026-07-07,2026-07-07T13:51:07,台灣運彩,823607,3477185.1,124,2026-07-08T07:10:00+08:00,堪薩斯市皇家,紐約大都會,堪薩斯市皇家 @ 紐約大都會,51433921.1,357,勝分差,252809097.1,堪薩斯皇家 2 分,A,,7.75,4,27,A,,
2026-07-07,2026-07-07T13:51:07,台灣運彩,823607,3477185.1,124,2026-07-08T07:10:00+08:00,堪薩斯市皇家,紐約大都會,堪薩斯市皇家 @ 紐約大都會,51433921.1,357,勝分差,252809098.1,堪薩斯皇家 > 2分,A,,3.20,5,11,A,,
2026-07-07,2026-07-07T13:51:07,台灣運彩,823607,3477185.1,124,2026-07-08T07:10:00+08:00,堪薩斯市皇家,紐約大都會,堪薩斯市皇家 @ 紐約大都會,51433921.1,357,勝分差,252809093.1,紐約大都會 1 分,H,,3.90,10,29,H,,
2026-07-07,2026-07-07T13:51:07,台灣運彩,823607,3477185.1,124,2026-07-08T07:10:00+08:00,堪薩斯市皇家,紐約大都會,堪薩斯市皇家 @ 紐約大都會,51433921.1,357,勝分差,252809094.1,紐約大都會 2 分,H,,6.50,2,11,H,,
2026-07-07,2026-07-07T13:51:07,台灣運彩,823607,3477185.1,124,2026-07-08T07:10:00+08:00,堪薩斯市皇家,紐約大都會,堪薩斯市皇家 @ 紐約大都會,51433921.1,357,勝分差,252809095.1,紐約大都會 > 2分,H,,2.40,5,7,H,,
2026-07-07,2026-07-07T13:51:07,台灣運彩,823607,3477185.1,124,2026-07-08T07:10:00+08:00,堪薩斯市皇家,紐約大都會,堪薩斯市皇家 @ 紐約大都會,51433920.1,358,讓分 -2.5,252809091.1,紐約大都會 -2.5,H,-2.5,2.47,100,147,H,-2.5,1
2026-07-07,2026-07-07T13:51:07,台灣運彩,823607,3477185.1,124,2026-07-08T07:10:00+08:00,堪薩斯市皇家,紐約大都會,堪薩斯市皇家 @ 紐約大都會,51433920.1,358,讓分 -2.5,252809092.1,堪薩斯皇家 +2.5,A,-2.5,1.33,100,33,A,-2.5,2
2026-07-07,2026-07-07T13:51:07,台灣運彩,823607,3477185.1,124,2026-07-08T07:10:00+08:00,堪薩斯市皇家,紐約大都會,堪薩斯市皇家 @ 紐約大都會,51433924.1,358,讓分 -1.5,252809103.1,紐約大都會 -1.5,H,-1.5,1.98,50,49,H,-1.5,1
2026-07-07,2026-07-07T13:51:07,台灣運彩,823607,3477185.1,124,2026-07-08T07:10:00+08:00,堪薩斯市皇家,紐約大都會,堪薩斯市皇家 @ 紐約大都會,51433924.1,358,讓分 -1.5,252809104.1,堪薩斯皇家 +1.5,A,-1.5,1.52,25,13,A,-1.5,2
2026-07-07,2026-07-07T13:51:07,台灣運彩,823607,3477185.1,124,2026-07-08T07:10:00+08:00,堪薩斯市皇家,紐約大都會,堪薩斯市皇家 @ 紐約大都會,51433917.1,360,[總分]大小 7.5,252809086.1,大 7.5,A,7.5,1.63,100,63,A,7.5,
2026-07-07,2026-07-07T13:51:07,台灣運彩,823607,3477185.1,124,2026-07-08T07:10:00+08:00,堪薩斯市皇家,紐約大都會,堪薩斯市皇家 @ 紐約大都會,51433917.1,360,[總分]大小 7.5,252809085.1,小 7.5,H,7.5,1.87,100,87,H,7.5,
2026-07-07,2026-07-07T13:51:07,台灣運彩,823607,3477185.1,124,2026-07-08T07:10:00+08:00,堪薩斯市皇家,紐約大都會,堪薩斯市皇家 @ 紐約大都會,51433922.1,360,[總分]大小 6.5,252809100.1,大 6.5,A,6.5,1.38,50,19,A,6.5,
2026-07-07,2026-07-07T13:51:07,台灣運彩,823607,3477185.1,124,2026-07-08T07:10:00+08:00,堪薩斯市皇家,紐約大都會,堪薩斯市皇家 @ 紐約大都會,51433922.1,360,[總分]大小 6.5,252809099.1,小 6.5,H,6.5,2.33,100,133,H,6.5,
2026-07-07,2026-07-07T13:51:07,台灣運彩,823607,3477185.1,124,2026-07-08T07:10:00+08:00,堪薩斯市皇家,紐約大都會,堪薩斯市皇家 @ 紐約大都會,51433923.1,360,[總分]大小 8.5,252809102.1,大 8.5,A,8.5,1.87,100,87,A,8.5,
2026-07-07,2026-07-07T13:51:07,台灣運彩,823607,3477185.1,124,2026-07-08T07:10:00+08:00,堪薩斯市皇家,紐約大都會,堪薩斯市皇家 @ 紐約大都會,51433923.1,360,[總分]大小 8.5,252809101.1,小 8.5,H,8.5,1.63,100,63,H,8.5,
2026-07-07,2026-07-07T13:51:07,台灣運彩,823607,3477185.1,124,2026-07-08T07:10:00+08:00,堪薩斯市皇家,紐約大都會,堪薩斯市皇家 @ 紐約大都會,51434287.1,360,[總分]大小 9.5,252809997.1,大 9.5,A,9.5,2.30,10,13,A,9.5,
2026-07-07,2026-07-07T13:51:07,台灣運彩,823607,3477185.1,124,2026-07-08T07:10:00+08:00,堪薩斯市皇家,紐約大都會,堪薩斯市皇家 @ 紐約大都會,51434287.1,360,[總分]大小 9.5,252809996.1,小 9.5,H,9.5,1.40,5,2,H,9.5,
2026-07-07,2026-07-07T13:51:07,台灣運彩,823607,3477185.1,124,2026-07-08T07:10:00+08:00,堪薩斯市皇家,紐約大都會,堪薩斯市皇家 @ 紐約大都會,51433919.1,362,紐約大都會 大小 4.5,252809090.1,大 4.5,A,4.5,1.86,50,43,A,4.5,
2026-07-07,2026-07-07T13:51:07,台灣運彩,823607,3477185.1,124,2026-07-08T07:10:00+08:00,堪薩斯市皇家,紐約大都會,堪薩斯市皇家 @ 紐約大都會,51433919.1,362,紐約大都會 大小 4.5,252809089.1,小 4.5,H,4.5,1.58,50,29,H,4.5,
2026-07-07,2026-07-07T13:51:07,台灣運彩,823607,3477185.1,124,2026-07-08T07:10:00+08:00,堪薩斯市皇家,紐約大都會,堪薩斯市皇家 @ 紐約大都會,51433916.1,363,堪薩斯皇家 大小 3.5,252809084.1,大 3.5,A,3.5,1.75,4,3,A,3.5,
2026-07-07,2026-07-07T13:51:07,台灣運彩,823607,3477185.1,124,2026-07-08T07:10:00+08:00,堪薩斯市皇家,紐約大都會,堪薩斯市皇家 @ 紐約大都會,51433916.1,363,堪薩斯皇家 大小 3.5,252809083.1,小 3.5,H,3.5,1.68,25,17,H,3.5,
2026-07-07,2026-07-07T13:51:07,台灣運彩,823607,3477185.1,124,2026-07-08T07:10:00+08:00,堪薩斯市皇家,紐約大都會,堪薩斯市皇家 @ 紐約大都會,51433914.1,366,[總分]單雙,252809080.1,單,,,1.48,25,12,,,
2026-07-07,2026-07-07T13:51:07,台灣運彩,823607,3477185.1,124,2026-07-08T07:10:00+08:00,堪薩斯市皇家,紐約大都會,堪薩斯市皇家 @ 紐約大都會,51433914.1,366,[總分]單雙,252809079.1,雙,,,2.00,1,1,,,
2026-07-07,2026-07-07T13:51:07,台灣運彩,824495,3477199.1,135,2026-07-08T07:10:00+08:00,費城費城人,辛辛那提紅人,費城費城人 @ 辛辛那提紅人,51434377.1,354,不讓分,252810190.1,辛辛那堤紅人,H,,2.15,20,23,H,,1
2026-07-07,2026-07-07T13:51:07,台灣運彩,824495,3477199.1,135,2026-07-08T07:10:00+08:00,費城費城人,辛辛那提紅人,費城費城人 @ 辛辛那提紅人,51434377.1,354,不讓分,252810191.1,費城費城人,A,,1.43,100,43,A,,2
2026-07-07,2026-07-07T13:51:07,台灣運彩,824495,3477199.1,135,2026-07-08T07:10:00+08:00,費城費城人,辛辛那提紅人,費城費城人 @ 辛辛那提紅人,51434389.1,357,勝分差,252810218.1,費城費城人 1 分,A,,5.25,4,17,A,,
2026-07-07,2026-07-07T13:51:07,台灣運彩,824495,3477199.1,135,2026-07-08T07:10:00+08:00,費城費城人,辛辛那提紅人,費城費城人 @ 辛辛那提紅人,51434389.1,357,勝分差,252810219.1,費城費城人 2 分,A,,6.50,2,11,A,,
2026-07-07,2026-07-07T13:51:07,台灣運彩,824495,3477199.1,135,2026-07-08T07:10:00+08:00,費城費城人,辛辛那提紅人,費城費城人 @ 辛辛那提紅人,51434389.1,357,勝分差,252810220.1,費城費城人 > 2分,A,,2.00,1,1,A,,
2026-07-07,2026-07-07T13:51:07,台灣運彩,824495,3477199.1,135,2026-07-08T07:10:00+08:00,費城費城人,辛辛那提紅人,費城費城人 @ 辛辛那提紅人,51434389.1,357,勝分差,252810215.1,辛辛那堤紅人 1 分,H,,4.45,20,69,H,,
2026-07-07,2026-07-07T13:51:07,台灣運彩,824495,3477199.1,135,2026-07-08T07:10:00+08:00,費城費城人,辛辛那提紅人,費城費城人 @ 辛辛那提紅人,51434389.1,357,勝分差,252810216.1,辛辛那堤紅人 2 分,H,,8.50,2,15,H,,
2026-07-07,2026-07-07T13:51:07,台灣運彩,824495,3477199.1,135,2026-07-08T07:10:00+08:00,費城費城人,辛辛那提紅人,費城費城人 @ 辛辛那提紅人,51434389.1,357,勝分差,252810217.1,辛辛那堤紅人 > 2分,H,,3.85,20,57,H,,
2026-07-07,2026-07-07T13:51:07,台灣運彩,824495,3477199.1,135,2026-07-08T07:10:00+08:00,費城費城人,辛辛那提紅人,費城費城人 @ 辛辛那提紅人,51434384.1,358,讓分 3.5,252810205.1,辛辛那堤紅人 +3.5,H,3.5,1.32,25,8,H,3.5,1
2026-07-07,2026-07-07T13:51:07,台灣運彩,824495,3477199.1,135,2026-07-08T07:10:00+08:00,費城費城人,辛辛那提紅人,費城費城人 @ 辛辛那提紅人,51434384.1,358,讓分 3.5,252810206.1,費城費城人 -3.5,A,3.5,2.50,2,3,A,3.5,2
2026-07-07,2026-07-07T13:51:07,台灣運彩,824495,3477199.1,135,2026-07-08T07:10:00+08:00,費城費城人,辛辛那提紅人,費城費城人 @ 辛辛那提紅人,51434385.1,358,讓分 1.5,252810207.1,辛辛那堤紅人 +1.5,H,1.5,1.73,100,73,H,1.5,1
2026-07-07,2026-07-07T13:51:07,台灣運彩,824495,3477199.1,135,2026-07-08T07:10:00+08:00,費城費城人,辛辛那提紅人,費城費城人 @ 辛辛那提紅人,51434385.1,358,讓分 1.5,252810208.1,費城費城人 -1.5,A,1.5,1.77,100,77,A,1.5,2
2026-07-07,2026-07-07T13:51:07,台灣運彩,824495,3477199.1,135,2026-07-08T07:10:00+08:00,費城費城人,辛辛那提紅人,費城費城人 @ 辛辛那提紅人,51434390.1,358,讓分 2.5,252810221.1,辛辛那堤紅人 +2.5,H,2.5,1.46,50,23,H,2.5,1
2026-07-07,2026-07-07T13:51:07,台灣運彩,824495,3477199.1,135,2026-07-08T07:10:00+08:00,費城費城人,辛辛那提紅人,費城費城人 @ 辛辛那提紅人,51434390.1,358,讓分 2.5,252810222.1,費城費城人 -2.5,A,2.5,2.07,100,107,A,2.5,2
2026-07-07,2026-07-07T13:51:07,台灣運彩,824495,3477199.1,135,2026-07-08T07:10:00+08:00,費城費城人,辛辛那提紅人,費城費城人 @ 辛辛那提紅人,51434386.1,360,[總分]大小 8.5,252810210.1,大 8.5,A,8.5,1.72,25,18,A,8.5,
2026-07-07,2026-07-07T13:51:07,台灣運彩,824495,3477199.1,135,2026-07-08T07:10:00+08:00,費城費城人,辛辛那提紅人,費城費城人 @ 辛辛那提紅人,51434386.1,360,[總分]大小 8.5,252810209.1,小 8.5,H,8.5,1.78,50,39,H,8.5,
2026-07-07,2026-07-07T13:51:07,台灣運彩,824495,3477199.1,135,2026-07-08T07:10:00+08:00,費城費城人,辛辛那提紅人,費城費城人 @ 辛辛那提紅人,51434387.1,360,[總分]大小 9.5,252810212.1,大 9.5,A,9.5,2.05,20,21,A,9.5,
2026-07-07,2026-07-07T13:51:07,台灣運彩,824495,3477199.1,135,2026-07-08T07:10:00+08:00,費城費城人,辛辛那提紅人,費城費城人 @ 辛辛那提紅人,51434387.1,360,[總分]大小 9.5,252810211.1,小 9.5,H,9.5,1.48,25,12,H,9.5,
2026-07-07,2026-07-07T13:51:07,台灣運彩,824495,3477199.1,135,2026-07-08T07:10:00+08:00,費城費城人,辛辛那提紅人,費城費城人 @ 辛辛那提紅人,51434388.1,360,[總分]大小 7.5,252810214.1,大 7.5,A,7.5,1.48,25,12,A,7.5,
2026-07-07,2026-07-07T13:51:07,台灣運彩,824495,3477199.1,135,2026-07-08T07:10:00+08:00,費城費城人,辛辛那提紅人,費城費城人 @ 辛辛那提紅人,51434388.1,360,[總分]大小 7.5,252810213.1,小 7.5,H,7.5,2.05,20,21,H,7.5,
2026-07-07,2026-07-07T13:51:07,台灣運彩,824495,3477199.1,135,2026-07-08T07:10:00+08:00,費城費城人,辛辛那提紅人,費城費城人 @ 辛辛那提紅人,51434383.1,362,辛辛那堤紅人 大小 3.5,252810204.1,大 3.5,A,3.5,1.76,25,19,A,3.5,
2026-07-07,2026-07-07T13:51:07,台灣運彩,824495,3477199.1,135,2026-07-08T07:10:00+08:00,費城費城人,辛辛那提紅人,費城費城人 @ 辛辛那提紅人,51434383.1,362,辛辛那堤紅人 大小 3.5,252810203.1,小 3.5,H,3.5,1.66,50,33,H,3.5,
2026-07-07,2026-07-07T13:51:07,台灣運彩,824495,3477199.1,135,2026-07-08T07:10:00+08:00,費城費城人,辛辛那提紅人,費城費城人 @ 辛辛那提紅人,51434382.1,363,費城費城人 大小 4.5,252810202.1,大 4.5,A,4.5,1.65,20,13,A,4.5,
2026-07-07,2026-07-07T13:51:07,台灣運彩,824495,3477199.1,135,2026-07-08T07:10:00+08:00,費城費城人,辛辛那提紅人,費城費城人 @ 辛辛那提紅人,51434382.1,363,費城費城人 大小 4.5,252810201.1,小 4.5,H,4.5,1.78,50,39,H,4.5,
2026-07-07,2026-07-07T13:51:07,台灣運彩,824495,3477199.1,135,2026-07-08T07:10:00+08:00,費城費城人,辛辛那提紅人,費城費城人 @ 辛辛那提紅人,51434381.1,366,[總分]單雙,252810200.1,單,,,1.48,25,12,,,
2026-07-07,2026-07-07T13:51:07,台灣運彩,824495,3477199.1,135,2026-07-08T07:10:00+08:00,費城費城人,辛辛那提紅人,費城費城人 @ 辛辛那提紅人,51434381.1,366,[總分]單雙,252810199.1,雙,,,2.00,1,1,,,
2026-07-07,2026-07-07T13:51:07,台灣運彩,824579,3477186.1,125,2026-07-08T07:40:00+08:00,波士頓紅襪,芝加哥白襪,波士頓紅襪 @ 芝加哥白襪,51433942.1,354,不讓分,252809144.1,芝加哥白襪,H,,1.90,10,9,H,,1
2026-07-07,2026-07-07T13:51:07,台灣運彩,824579,3477186.1,125,2026-07-08T07:40:00+08:00,波士頓紅襪,芝加哥白襪,波士頓紅襪 @ 芝加哥白襪,51433942.1,354,不讓分,252809145.1,波士頓紅襪,A,,1.60,5,3,A,,2
2026-07-07,2026-07-07T13:51:07,台灣運彩,824579,3477186.1,125,2026-07-08T07:40:00+08:00,波士頓紅襪,芝加哥白襪,波士頓紅襪 @ 芝加哥白襪,51433959.1,357,勝分差,252809191.1,波士頓紅襪 1 分,A,,5.25,4,17,A,,
2026-07-07,2026-07-07T13:51:07,台灣運彩,824579,3477186.1,125,2026-07-08T07:40:00+08:00,波士頓紅襪,芝加哥白襪,波士頓紅襪 @ 芝加哥白襪,51433959.1,357,勝分差,252809192.1,波士頓紅襪 2 分,A,,6.75,4,23,A,,
2026-07-07,2026-07-07T13:51:07,台灣運彩,824579,3477186.1,125,2026-07-08T07:40:00+08:00,波士頓紅襪,芝加哥白襪,波士頓紅襪 @ 芝加哥白襪,51433959.1,357,勝分差,252809193.1,波士頓紅襪 > 2分,A,,2.40,5,7,A,,
2026-07-07,2026-07-07T13:51:07,台灣運彩,824579,3477186.1,125,2026-07-08T07:40:00+08:00,波士頓紅襪,芝加哥白襪,波士頓紅襪 @ 芝加哥白襪,51433959.1,357,勝分差,252809188.1,芝加哥白襪 1 分,H,,4.05,20,61,H,,
2026-07-07,2026-07-07T13:51:07,台灣運彩,824579,3477186.1,125,2026-07-08T07:40:00+08:00,波士頓紅襪,芝加哥白襪,波士頓紅襪 @ 芝加哥白襪,51433959.1,357,勝分差,252809189.1,芝加哥白襪 2 分,H,,7.75,4,27,H,,
2026-07-07,2026-07-07T13:51:07,台灣運彩,824579,3477186.1,125,2026-07-08T07:40:00+08:00,波士頓紅襪,芝加哥白襪,波士頓紅襪 @ 芝加哥白襪,51433959.1,357,勝分差,252809190.1,芝加哥白襪 > 2分,H,,3.20,5,11,H,,
2026-07-07,2026-07-07T13:51:07,台灣運彩,824579,3477186.1,125,2026-07-08T07:40:00+08:00,波士頓紅襪,芝加哥白襪,波士頓紅襪 @ 芝加哥白襪,51433948.1,358,讓分 1.5,252809157.1,芝加哥白襪 +1.5,H,1.5,1.52,25,13,H,1.5,1
2026-07-07,2026-07-07T13:51:07,台灣運彩,824579,3477186.1,125,2026-07-08T07:40:00+08:00,波士頓紅襪,芝加哥白襪,波士頓紅襪 @ 芝加哥白襪,51433948.1,358,讓分 1.5,252809158.1,波士頓紅襪 -1.5,A,1.5,1.98,50,49,A,1.5,2
2026-07-07,2026-07-07T13:51:07,台灣運彩,824579,3477186.1,125,2026-07-08T07:40:00+08:00,波士頓紅襪,芝加哥白襪,波士頓紅襪 @ 芝加哥白襪,51433955.1,358,讓分 2.5,252809179.1,芝加哥白襪 +2.5,H,2.5,1.33,100,33,H,2.5,1
2026-07-07,2026-07-07T13:51:07,台灣運彩,824579,3477186.1,125,2026-07-08T07:40:00+08:00,波士頓紅襪,芝加哥白襪,波士頓紅襪 @ 芝加哥白襪,51433955.1,358,讓分 2.5,252809180.1,波士頓紅襪 -2.5,A,2.5,2.47,100,147,A,2.5,2
2026-07-07,2026-07-07T13:51:07,台灣運彩,824579,3477186.1,125,2026-07-08T07:40:00+08:00,波士頓紅襪,芝加哥白襪,波士頓紅襪 @ 芝加哥白襪,51433943.1,360,[總分]大小 7.5,252809147.1,大 7.5,A,7.5,1.58,50,29,A,7.5,
2026-07-07,2026-07-07T13:51:07,台灣運彩,824579,3477186.1,125,2026-07-08T07:40:00+08:00,波士頓紅襪,芝加哥白襪,波士頓紅襪 @ 芝加哥白襪,51433943.1,360,[總分]大小 7.5,252809146.1,小 7.5,H,7.5,1.92,25,23,H,7.5,
2026-07-07,2026-07-07T13:51:07,台灣運彩,824579,3477186.1,125,2026-07-08T07:40:00+08:00,波士頓紅襪,芝加哥白襪,波士頓紅襪 @ 芝加哥白襪,51433945.1,360,[總分]大小 9.5,252809152.1,大 9.5,A,9.5,2.20,5,6,A,9.5,
2026-07-07,2026-07-07T13:51:07,台灣運彩,824579,3477186.1,125,2026-07-08T07:40:00+08:00,波士頓紅襪,芝加哥白襪,波士頓紅襪 @ 芝加哥白襪,51433945.1,360,[總分]大小 9.5,252809151.1,小 9.5,H,9.5,1.42,50,21,H,9.5,
2026-07-07,2026-07-07T13:51:07,台灣運彩,824579,3477186.1,125,2026-07-08T07:40:00+08:00,波士頓紅襪,芝加哥白襪,波士頓紅襪 @ 芝加哥白襪,51433958.1,360,[總分]大小 8.5,252809187.1,大 8.5,A,8.5,1.82,50,41,A,8.5,
2026-07-07,2026-07-07T13:51:07,台灣運彩,824579,3477186.1,125,2026-07-08T07:40:00+08:00,波士頓紅襪,芝加哥白襪,波士頓紅襪 @ 芝加哥白襪,51433958.1,360,[總分]大小 8.5,252809186.1,小 8.5,H,8.5,1.68,25,17,H,8.5,
2026-07-07,2026-07-07T13:51:07,台灣運彩,824579,3477186.1,125,2026-07-08T07:40:00+08:00,波士頓紅襪,芝加哥白襪,波士頓紅襪 @ 芝加哥白襪,51433947.1,362,芝加哥白襪 大小 3.5,252809156.1,大 3.5,A,3.5,1.66,50,33,A,3.5,
2026-07-07,2026-07-07T13:51:07,台灣運彩,824579,3477186.1,125,2026-07-08T07:40:00+08:00,波士頓紅襪,芝加哥白襪,波士頓紅襪 @ 芝加哥白襪,51433947.1,362,芝加哥白襪 大小 3.5,252809155.1,小 3.5,H,3.5,1.76,25,19,H,3.5,
2026-07-07,2026-07-07T13:51:07,台灣運彩,824579,3477186.1,125,2026-07-08T07:40:00+08:00,波士頓紅襪,芝加哥白襪,波士頓紅襪 @ 芝加哥白襪,51433957.1,363,波士頓紅襪 大小 4.5,252809185.1,大 4.5,A,4.5,1.86,50,43,A,4.5,
2026-07-07,2026-07-07T13:51:07,台灣運彩,824579,3477186.1,125,2026-07-08T07:40:00+08:00,波士頓紅襪,芝加哥白襪,波士頓紅襪 @ 芝加哥白襪,51433957.1,363,波士頓紅襪 大小 4.5,252809184.1,小 4.5,H,4.5,1.58,50,29,H,4.5,
2026-07-07,2026-07-07T13:51:07,台灣運彩,824579,3477186.1,125,2026-07-08T07:40:00+08:00,波士頓紅襪,芝加哥白襪,波士頓紅襪 @ 芝加哥白襪,51433953.1,366,[總分]單雙,252809176.1,單,,,1.48,25,12,,,
2026-07-07,2026-07-07T13:51:07,台灣運彩,824579,3477186.1,125,2026-07-08T07:40:00+08:00,波士頓紅襪,芝加哥白襪,波士頓紅襪 @ 芝加哥白襪,51433953.1,366,[總分]單雙,252809175.1,雙,,,2.00,1,1,,,
2026-07-07,2026-07-07T13:51:07,台灣運彩,824579,3477186.1,125,2026-07-08T07:40:00+08:00,波士頓紅襪,芝加哥白襪,波士頓紅襪 @ 芝加哥白襪,51433952.1,374,得分最高單局(不含延長賽),252809174.1,一樣多,,,2.25,4,5,,,
2026-07-07,2026-07-07T13:51:07,台灣運彩,824579,3477186.1,125,2026-07-08T07:40:00+08:00,波士頓紅襪,芝加哥白襪,波士頓紅襪 @ 芝加哥白襪,51433952.1,374,得分最高單局(不含延長賽),252809165.1,第1局,,,5.50,2,9,,,
2026-07-07,2026-07-07T13:51:07,台灣運彩,824579,3477186.1,125,2026-07-08T07:40:00+08:00,波士頓紅襪,芝加哥白襪,波士頓紅襪 @ 芝加哥白襪,51433952.1,374,得分最高單局(不含延長賽),252809166.1,第2局,,,6.50,2,11,,,
2026-07-07,2026-07-07T13:51:07,台灣運彩,824579,3477186.1,125,2026-07-08T07:40:00+08:00,波士頓紅襪,芝加哥白襪,波士頓紅襪 @ 芝加哥白襪,51433952.1,374,得分最高單局(不含延長賽),252809167.1,第3局,,,5.75,4,19,,,
2026-07-07,2026-07-07T13:51:07,台灣運彩,824579,3477186.1,125,2026-07-08T07:40:00+08:00,波士頓紅襪,芝加哥白襪,波士頓紅襪 @ 芝加哥白襪,51433952.1,374,得分最高單局(不含延長賽),252809168.1,第4局,,,6.25,4,21,,,
2026-07-07,2026-07-07T13:51:07,台灣運彩,824579,3477186.1,125,2026-07-08T07:40:00+08:00,波士頓紅襪,芝加哥白襪,波士頓紅襪 @ 芝加哥白襪,51433952.1,374,得分最高單局(不含延長賽),252809169.1,第5局,,,5.95,20,99,,,
2026-07-07,2026-07-07T13:51:07,台灣運彩,824579,3477186.1,125,2026-07-08T07:40:00+08:00,波士頓紅襪,芝加哥白襪,波士頓紅襪 @ 芝加哥白襪,51433952.1,374,得分最高單局(不含延長賽),252809170.1,第6局,,,5.95,20,99,,,
2026-07-07,2026-07-07T13:51:07,台灣運彩,824579,3477186.1,125,2026-07-08T07:40:00+08:00,波士頓紅襪,芝加哥白襪,波士頓紅襪 @ 芝加哥白襪,51433952.1,374,得分最高單局(不含延長賽),252809171.1,第7局,,,6.25,4,21,,,
2026-07-07,2026-07-07T13:51:07,台灣運彩,824579,3477186.1,125,2026-07-08T07:40:00+08:00,波士頓紅襪,芝加哥白襪,波士頓紅襪 @ 芝加哥白襪,51433952.1,374,得分最高單局(不含延長賽),252809172.1,第8局,,,5.80,5,24,,,
2026-07-07,2026-07-07T13:51:07,台灣運彩,824579,3477186.1,125,2026-07-08T07:40:00+08:00,波士頓紅襪,芝加哥白襪,波士頓紅襪 @ 芝加哥白襪,51433952.1,374,得分最高單局(不含延長賽),252809173.1,第9局,,,8.00,1,7,,,
2026-07-07,2026-07-07T13:51:07,台灣運彩,824579,3477186.1,125,2026-07-08T07:40:00+08:00,波士頓紅襪,芝加哥白襪,波士頓紅襪 @ 芝加哥白襪,51433944.1,376,[1-5局] 不讓分,252809148.1,芝加哥白襪,H,,1.95,20,19,H,,1
2026-07-07,2026-07-07T13:51:07,台灣運彩,824579,3477186.1,125,2026-07-08T07:40:00+08:00,波士頓紅襪,芝加哥白襪,波士頓紅襪 @ 芝加哥白襪,51433944.1,376,[1-5局] 不讓分,252809150.1,波士頓紅襪,A,,1.75,4,3,A,,2
2026-07-07,2026-07-07T13:51:07,台灣運彩,824579,3477186.1,125,2026-07-08T07:40:00+08:00,波士頓紅襪,芝加哥白襪,波士頓紅襪 @ 芝加哥白襪,51433944.1,376,[1-5局] 不讓分,252809149.1,和局,D,,4.50,2,7,D,,
2026-07-07,2026-07-07T13:51:07,台灣運彩,824579,3477186.1,125,2026-07-08T07:40:00+08:00,波士頓紅襪,芝加哥白襪,波士頓紅襪 @ 芝加哥白襪,51433950.1,378,[1-5局] 大小 4.5,252809162.1,大 4.5,A,4.5,1.71,100,71,A,4.5,
2026-07-07,2026-07-07T13:51:07,台灣運彩,824579,3477186.1,125,2026-07-08T07:40:00+08:00,波士頓紅襪,芝加哥白襪,波士頓紅襪 @ 芝加哥白襪,51433950.1,378,[1-5局] 大小 4.5,252809161.1,小 4.5,H,4.5,1.62,50,31,H,4.5,
2026-07-07,2026-07-07T13:51:07,台灣運彩,824579,3477186.1,125,2026-07-08T07:40:00+08:00,波士頓紅襪,芝加哥白襪,波士頓紅襪 @ 芝加哥白襪,51433949.1,379,[1-5局] 芝加哥白襪 大小 1.5,252809160.1,大 1.5,A,1.5,1.58,50,29,A,1.5,
2026-07-07,2026-07-07T13:51:07,台灣運彩,824579,3477186.1,125,2026-07-08T07:40:00+08:00,波士頓紅襪,芝加哥白襪,波士頓紅襪 @ 芝加哥白襪,51433949.1,379,[1-5局] 芝加哥白襪 大小 1.5,252809159.1,小 1.5,H,1.5,1.86,50,43,H,1.5,
2026-07-07,2026-07-07T13:51:07,台灣運彩,824579,3477186.1,125,2026-07-08T07:40:00+08:00,波士頓紅襪,芝加哥白襪,波士頓紅襪 @ 芝加哥白襪,51433954.1,380,[1-5局] 波士頓紅襪 大小 2.5,252809178.1,大 2.5,A,2.5,2.00,1,1,A,2.5,
2026-07-07,2026-07-07T13:51:07,台灣運彩,824579,3477186.1,125,2026-07-08T07:40:00+08:00,波士頓紅襪,芝加哥白襪,波士頓紅襪 @ 芝加哥白襪,51433954.1,380,[1-5局] 波士頓紅襪 大小 2.5,252809177.1,小 2.5,H,2.5,1.48,25,12,H,2.5,
2026-07-07,2026-07-07T13:51:07,台灣運彩,824579,3477186.1,125,2026-07-08T07:40:00+08:00,波士頓紅襪,芝加哥白襪,波士頓紅襪 @ 芝加哥白襪,51433956.1,389,[第1局] 不讓分,252809181.1,芝加哥白襪,H,,3.25,4,9,H,,1
2026-07-07,2026-07-07T13:51:07,台灣運彩,824579,3477186.1,125,2026-07-08T07:40:00+08:00,波士頓紅襪,芝加哥白襪,波士頓紅襪 @ 芝加哥白襪,51433956.1,389,[第1局] 不讓分,252809183.1,波士頓紅襪,A,,3.00,1,2,A,,2
2026-07-07,2026-07-07T13:51:07,台灣運彩,824579,3477186.1,125,2026-07-08T07:40:00+08:00,波士頓紅襪,芝加哥白襪,波士頓紅襪 @ 芝加哥白襪,51433956.1,389,[第1局] 不讓分,252809182.1,和局,D,,1.50,2,1,D,,
2026-07-07,2026-07-07T13:51:07,台灣運彩,824579,3477186.1,125,2026-07-08T07:40:00+08:00,波士頓紅襪,芝加哥白襪,波士頓紅襪 @ 芝加哥白襪,51433946.1,398,[第1局] 大小 0.5,252809154.1,大 0.5,A,0.5,1.71,100,71,A,0.5,
2026-07-07,2026-07-07T13:51:07,台灣運彩,824579,3477186.1,125,2026-07-08T07:40:00+08:00,波士頓紅襪,芝加哥白襪,波士頓紅襪 @ 芝加哥白襪,51433946.1,398,[第1局] 大小 0.5,252809153.1,小 0.5,H,0.5,1.62,50,31,H,0.5,
2026-07-07,2026-07-07T13:51:07,台灣運彩,823687,3477187.1,126,2026-07-08T07:40:00+08:00,克里夫蘭守護者,明尼蘇達雙城,克里夫蘭守護者 @ 明尼蘇達雙城,51433961.1,354,不讓分,252809196.1,明尼蘇達雙城,H,,1.63,100,63,H,,1
2026-07-07,2026-07-07T13:51:07,台灣運彩,823687,3477187.1,126,2026-07-08T07:40:00+08:00,克里夫蘭守護者,明尼蘇達雙城,克里夫蘭守護者 @ 明尼蘇達雙城,51433961.1,354,不讓分,252809197.1,克里夫蘭守護者,A,,1.87,100,87,A,,2
2026-07-07,2026-07-07T13:51:07,台灣運彩,823687,3477187.1,126,2026-07-08T07:40:00+08:00,克里夫蘭守護者,明尼蘇達雙城,克里夫蘭守護者 @ 明尼蘇達雙城,51433976.1,357,勝分差,252809231.1,克里夫蘭守護者 1 分,A,,5.60,5,23,A,,
2026-07-07,2026-07-07T13:51:07,台灣運彩,823687,3477187.1,126,2026-07-08T07:40:00+08:00,克里夫蘭守護者,明尼蘇達雙城,克里夫蘭守護者 @ 明尼蘇達雙城,51433976.1,357,勝分差,252809232.1,克里夫蘭守護者 2 分,A,,7.25,4,25,A,,
2026-07-07,2026-07-07T13:51:07,台灣運彩,823687,3477187.1,126,2026-07-08T07:40:00+08:00,克里夫蘭守護者,明尼蘇達雙城,克里夫蘭守護者 @ 明尼蘇達雙城,51433976.1,357,勝分差,252809233.1,克里夫蘭守護者 > 2分,A,,2.65,20,33,A,,
2026-07-07,2026-07-07T13:51:07,台灣運彩,823687,3477187.1,126,2026-07-08T07:40:00+08:00,克里夫蘭守護者,明尼蘇達雙城,克里夫蘭守護者 @ 明尼蘇達雙城,51433976.1,357,勝分差,252809228.1,明尼蘇達雙城 1 分,H,,4.10,10,31,H,,
2026-07-07,2026-07-07T13:51:07,台灣運彩,823687,3477187.1,126,2026-07-08T07:40:00+08:00,克里夫蘭守護者,明尼蘇達雙城,克里夫蘭守護者 @ 明尼蘇達雙城,51433976.1,357,勝分差,252809229.1,明尼蘇達雙城 2 分,H,,7.25,4,25,H,,
2026-07-07,2026-07-07T13:51:07,台灣運彩,823687,3477187.1,126,2026-07-08T07:40:00+08:00,克里夫蘭守護者,明尼蘇達雙城,克里夫蘭守護者 @ 明尼蘇達雙城,51433976.1,357,勝分差,252809230.1,明尼蘇達雙城 > 2分,H,,2.65,20,33,H,,
2026-07-07,2026-07-07T13:51:07,台灣運彩,823687,3477187.1,126,2026-07-08T07:40:00+08:00,克里夫蘭守護者,明尼蘇達雙城,克里夫蘭守護者 @ 明尼蘇達雙城,51433964.1,358,讓分 -2.5,252809202.1,明尼蘇達雙城 -2.5,H,-2.5,2.70,10,17,H,-2.5,1
2026-07-07,2026-07-07T13:51:07,台灣運彩,823687,3477187.1,126,2026-07-08T07:40:00+08:00,克里夫蘭守護者,明尼蘇達雙城,克里夫蘭守護者 @ 明尼蘇達雙城,51433964.1,358,讓分 -2.5,252809203.1,克里夫蘭守護者 +2.5,A,-2.5,1.28,25,7,A,-2.5,2
2026-07-07,2026-07-07T13:51:07,台灣運彩,823687,3477187.1,126,2026-07-08T07:40:00+08:00,克里夫蘭守護者,明尼蘇達雙城,克里夫蘭守護者 @ 明尼蘇達雙城,51433972.1,358,讓分 -1.5,252809219.1,明尼蘇達雙城 -1.5,H,-1.5,2.20,5,6,H,-1.5,1
2026-07-07,2026-07-07T13:51:07,台灣運彩,823687,3477187.1,126,2026-07-08T07:40:00+08:00,克里夫蘭守護者,明尼蘇達雙城,克里夫蘭守護者 @ 明尼蘇達雙城,51433972.1,358,讓分 -1.5,252809220.1,克里夫蘭守護者 +1.5,A,-1.5,1.42,50,21,A,-1.5,2
2026-07-07,2026-07-07T13:51:07,台灣運彩,823687,3477187.1,126,2026-07-08T07:40:00+08:00,克里夫蘭守護者,明尼蘇達雙城,克里夫蘭守護者 @ 明尼蘇達雙城,51433963.1,360,[總分]大小 8.5,252809201.1,大 8.5,A,8.5,1.74,50,37,A,8.5,
2026-07-07,2026-07-07T13:51:07,台灣運彩,823687,3477187.1,126,2026-07-08T07:40:00+08:00,克里夫蘭守護者,明尼蘇達雙城,克里夫蘭守護者 @ 明尼蘇達雙城,51433963.1,360,[總分]大小 8.5,252809200.1,小 8.5,H,8.5,1.76,25,19,H,8.5,
2026-07-07,2026-07-07T13:51:07,台灣運彩,823687,3477187.1,126,2026-07-08T07:40:00+08:00,克里夫蘭守護者,明尼蘇達雙城,克里夫蘭守護者 @ 明尼蘇達雙城,51433965.1,360,[總分]大小 9.5,252809205.1,大 9.5,A,9.5,2.07,100,107,A,9.5,
2026-07-07,2026-07-07T13:51:07,台灣運彩,823687,3477187.1,126,2026-07-08T07:40:00+08:00,克里夫蘭守護者,明尼蘇達雙城,克里夫蘭守護者 @ 明尼蘇達雙城,51433965.1,360,[總分]大小 9.5,252809204.1,小 9.5,H,9.5,1.46,50,23,H,9.5,
2026-07-07,2026-07-07T13:51:07,台灣運彩,823687,3477187.1,126,2026-07-08T07:40:00+08:00,克里夫蘭守護者,明尼蘇達雙城,克里夫蘭守護者 @ 明尼蘇達雙城,51433968.1,360,[總分]大小 7.5,252809212.1,大 7.5,A,7.5,1.50,2,1,A,7.5,
2026-07-07,2026-07-07T13:51:07,台灣運彩,823687,3477187.1,126,2026-07-08T07:40:00+08:00,克里夫蘭守護者,明尼蘇達雙城,克里夫蘭守護者 @ 明尼蘇達雙城,51433968.1,360,[總分]大小 7.5,252809211.1,小 7.5,H,7.5,2.00,1,1,H,7.5,
2026-07-07,2026-07-07T13:51:07,台灣運彩,823687,3477187.1,126,2026-07-08T07:40:00+08:00,克里夫蘭守護者,明尼蘇達雙城,克里夫蘭守護者 @ 明尼蘇達雙城,51433969.1,362,明尼蘇達雙城 大小 4.5,252809214.1,大 4.5,A,4.5,1.88,25,22,A,4.5,
2026-07-07,2026-07-07T13:51:07,台灣運彩,823687,3477187.1,126,2026-07-08T07:40:00+08:00,克里夫蘭守護者,明尼蘇達雙城,克里夫蘭守護者 @ 明尼蘇達雙城,51433969.1,362,明尼蘇達雙城 大小 4.5,252809213.1,小 4.5,H,4.5,1.56,25,14,H,4.5,
2026-07-07,2026-07-07T13:51:07,台灣運彩,823687,3477187.1,126,2026-07-08T07:40:00+08:00,克里夫蘭守護者,明尼蘇達雙城,克里夫蘭守護者 @ 明尼蘇達雙城,51433966.1,363,克里夫蘭守護者 大小 3.5,252809207.1,大 3.5,A,3.5,1.56,25,14,A,3.5,
2026-07-07,2026-07-07T13:51:07,台灣運彩,823687,3477187.1,126,2026-07-08T07:40:00+08:00,克里夫蘭守護者,明尼蘇達雙城,克里夫蘭守護者 @ 明尼蘇達雙城,51433966.1,363,克里夫蘭守護者 大小 3.5,252809206.1,小 3.5,H,3.5,1.88,25,22,H,3.5,
2026-07-07,2026-07-07T13:51:07,台灣運彩,823687,3477187.1,126,2026-07-08T07:40:00+08:00,克里夫蘭守護者,明尼蘇達雙城,克里夫蘭守護者 @ 明尼蘇達雙城,51433960.1,366,[總分]單雙,252809195.1,單,,,1.48,25,12,,,
2026-07-07,2026-07-07T13:51:07,台灣運彩,823687,3477187.1,126,2026-07-08T07:40:00+08:00,克里夫蘭守護者,明尼蘇達雙城,克里夫蘭守護者 @ 明尼蘇達雙城,51433960.1,366,[總分]單雙,252809194.1,雙,,,2.00,1,1,,,
2026-07-07,2026-07-07T13:51:07,台灣運彩,823687,3477187.1,126,2026-07-08T07:40:00+08:00,克里夫蘭守護者,明尼蘇達雙城,克里夫蘭守護者 @ 明尼蘇達雙城,51433977.1,374,得分最高單局(不含延長賽),252809243.1,一樣多,,,2.25,4,5,,,
2026-07-07,2026-07-07T13:51:07,台灣運彩,823687,3477187.1,126,2026-07-08T07:40:00+08:00,克里夫蘭守護者,明尼蘇達雙城,克里夫蘭守護者 @ 明尼蘇達雙城,51433977.1,374,得分最高單局(不含延長賽),252809234.1,第1局,,,5.30,10,43,,,
2026-07-07,2026-07-07T13:51:07,台灣運彩,823687,3477187.1,126,2026-07-08T07:40:00+08:00,克里夫蘭守護者,明尼蘇達雙城,克里夫蘭守護者 @ 明尼蘇達雙城,51433977.1,374,得分最高單局(不含延長賽),252809235.1,第2局,,,6.25,4,21,,,
2026-07-07,2026-07-07T13:51:07,台灣運彩,823687,3477187.1,126,2026-07-08T07:40:00+08:00,克里夫蘭守護者,明尼蘇達雙城,克里夫蘭守護者 @ 明尼蘇達雙城,51433977.1,374,得分最高單局(不含延長賽),252809236.1,第3局,,,5.55,20,91,,,
2026-07-07,2026-07-07T13:51:07,台灣運彩,823687,3477187.1,126,2026-07-08T07:40:00+08:00,克里夫蘭守護者,明尼蘇達雙城,克里夫蘭守護者 @ 明尼蘇達雙城,51433977.1,374,得分最高單局(不含延長賽),252809237.1,第4局,,,6.00,1,5,,,
2026-07-07,2026-07-07T13:51:07,台灣運彩,823687,3477187.1,126,2026-07-08T07:40:00+08:00,克里夫蘭守護者,明尼蘇達雙城,克里夫蘭守護者 @ 明尼蘇達雙城,51433977.1,374,得分最高單局(不含延長賽),252809238.1,第5局,,,5.80,5,24,,,
2026-07-07,2026-07-07T13:51:07,台灣運彩,823687,3477187.1,126,2026-07-08T07:40:00+08:00,克里夫蘭守護者,明尼蘇達雙城,克里夫蘭守護者 @ 明尼蘇達雙城,51433977.1,374,得分最高單局(不含延長賽),252809239.1,第6局,,,6.25,4,21,,,
2026-07-07,2026-07-07T13:51:07,台灣運彩,823687,3477187.1,126,2026-07-08T07:40:00+08:00,克里夫蘭守護者,明尼蘇達雙城,克里夫蘭守護者 @ 明尼蘇達雙城,51433977.1,374,得分最高單局(不含延長賽),252809240.1,第7局,,,6.50,2,11,,,
2026-07-07,2026-07-07T13:51:07,台灣運彩,823687,3477187.1,126,2026-07-08T07:40:00+08:00,克里夫蘭守護者,明尼蘇達雙城,克里夫蘭守護者 @ 明尼蘇達雙城,51433977.1,374,得分最高單局(不含延長賽),252809241.1,第8局,,,6.00,1,5,,,
2026-07-07,2026-07-07T13:51:07,台灣運彩,823687,3477187.1,126,2026-07-08T07:40:00+08:00,克里夫蘭守護者,明尼蘇達雙城,克里夫蘭守護者 @ 明尼蘇達雙城,51433977.1,374,得分最高單局(不含延長賽),252809242.1,第9局,,,8.00,1,7,,,
2026-07-07,2026-07-07T13:51:07,台灣運彩,823687,3477187.1,126,2026-07-08T07:40:00+08:00,克里夫蘭守護者,明尼蘇達雙城,克里夫蘭守護者 @ 明尼蘇達雙城,51433973.1,376,[1-5局] 不讓分,252809221.1,明尼蘇達雙城,H,,1.75,4,3,H,,1
2026-07-07,2026-07-07T13:51:07,台灣運彩,823687,3477187.1,126,2026-07-08T07:40:00+08:00,克里夫蘭守護者,明尼蘇達雙城,克里夫蘭守護者 @ 明尼蘇達雙城,51433973.1,376,[1-5局] 不讓分,252809223.1,克里夫蘭守護者,A,,1.90,10,9,A,,2
2026-07-07,2026-07-07T13:51:07,台灣運彩,823687,3477187.1,126,2026-07-08T07:40:00+08:00,克里夫蘭守護者,明尼蘇達雙城,克里夫蘭守護者 @ 明尼蘇達雙城,51433973.1,376,[1-5局] 不讓分,252809222.1,和局,D,,4.75,4,15,D,,
2026-07-07,2026-07-07T13:51:07,台灣運彩,823687,3477187.1,126,2026-07-08T07:40:00+08:00,克里夫蘭守護者,明尼蘇達雙城,克里夫蘭守護者 @ 明尼蘇達雙城,51433975.1,378,[1-5局] 大小 4.5,252809227.1,大 4.5,A,4.5,1.62,50,31,A,4.5,
2026-07-07,2026-07-07T13:51:07,台灣運彩,823687,3477187.1,126,2026-07-08T07:40:00+08:00,克里夫蘭守護者,明尼蘇達雙城,克里夫蘭守護者 @ 明尼蘇達雙城,51433975.1,378,[1-5局] 大小 4.5,252809226.1,小 4.5,H,4.5,1.71,100,71,H,4.5,
2026-07-07,2026-07-07T13:51:07,台灣運彩,823687,3477187.1,126,2026-07-08T07:40:00+08:00,克里夫蘭守護者,明尼蘇達雙城,克里夫蘭守護者 @ 明尼蘇達雙城,51433974.1,379,[1-5局] 明尼蘇達雙城 大小 2.5,252809225.1,大 2.5,A,2.5,1.90,10,9,A,2.5,
2026-07-07,2026-07-07T13:51:07,台灣運彩,823687,3477187.1,126,2026-07-08T07:40:00+08:00,克里夫蘭守護者,明尼蘇達雙城,克里夫蘭守護者 @ 明尼蘇達雙城,51433974.1,379,[1-5局] 明尼蘇達雙城 大小 2.5,252809224.1,小 2.5,H,2.5,1.55,20,11,H,2.5,
2026-07-07,2026-07-07T13:51:07,台灣運彩,823687,3477187.1,126,2026-07-08T07:40:00+08:00,克里夫蘭守護者,明尼蘇達雙城,克里夫蘭守護者 @ 明尼蘇達雙城,51433971.1,380,[1-5局] 克里夫蘭守護者 大小 1.5,252809218.1,大 1.5,A,1.5,1.50,2,1,A,1.5,
2026-07-07,2026-07-07T13:51:07,台灣運彩,823687,3477187.1,126,2026-07-08T07:40:00+08:00,克里夫蘭守護者,明尼蘇達雙城,克里夫蘭守護者 @ 明尼蘇達雙城,51433971.1,380,[1-5局] 克里夫蘭守護者 大小 1.5,252809217.1,小 1.5,H,1.5,1.96,25,24,H,1.5,
2026-07-07,2026-07-07T13:51:07,台灣運彩,823687,3477187.1,126,2026-07-08T07:40:00+08:00,克里夫蘭守護者,明尼蘇達雙城,克里夫蘭守護者 @ 明尼蘇達雙城,51433967.1,389,[第1局] 不讓分,252809208.1,明尼蘇達雙城,H,,2.90,10,19,H,,1
2026-07-07,2026-07-07T13:51:07,台灣運彩,823687,3477187.1,126,2026-07-08T07:40:00+08:00,克里夫蘭守護者,明尼蘇達雙城,克里夫蘭守護者 @ 明尼蘇達雙城,51433967.1,389,[第1局] 不讓分,252809210.1,克里夫蘭守護者,A,,3.20,5,11,A,,2
2026-07-07,2026-07-07T13:51:07,台灣運彩,823687,3477187.1,126,2026-07-08T07:40:00+08:00,克里夫蘭守護者,明尼蘇達雙城,克里夫蘭守護者 @ 明尼蘇達雙城,51433967.1,389,[第1局] 不讓分,252809209.1,和局,D,,1.55,20,11,D,,
2026-07-07,2026-07-07T13:51:07,台灣運彩,823687,3477187.1,126,2026-07-08T07:40:00+08:00,克里夫蘭守護者,明尼蘇達雙城,克里夫蘭守護者 @ 明尼蘇達雙城,51433962.1,398,[第1局] 大小 0.5,252809199.1,大 0.5,A,0.5,1.68,25,17,A,0.5,
2026-07-07,2026-07-07T13:51:07,台灣運彩,823687,3477187.1,126,2026-07-08T07:40:00+08:00,克里夫蘭守護者,明尼蘇達雙城,克里夫蘭守護者 @ 明尼蘇達雙城,51433962.1,398,[第1局] 大小 0.5,252809198.1,小 0.5,H,0.5,1.65,20,13,H,0.5,
2026-07-07,2026-07-07T13:51:07,台灣運彩,822881,3477190.1,128,2026-07-08T08:05:00+08:00,洛杉磯天使,德州遊騎兵,洛杉磯天使 @ 德州遊騎兵,51434021.1,354,不讓分,252809359.1,德州遊騎兵,H,,1.43,100,43,H,,1
2026-07-07,2026-07-07T13:51:07,台灣運彩,822881,3477190.1,128,2026-07-08T08:05:00+08:00,洛杉磯天使,德州遊騎兵,洛杉磯天使 @ 德州遊騎兵,51434021.1,354,不讓分,252809360.1,洛杉磯天使,A,,2.15,20,23,A,,2
2026-07-07,2026-07-07T13:51:07,台灣運彩,822881,3477190.1,128,2026-07-08T08:05:00+08:00,洛杉磯天使,德州遊騎兵,洛杉磯天使 @ 德州遊騎兵,51434033.1,357,勝分差,252809384.1,德州遊騎兵 1 分,H,,3.55,20,51,H,,
2026-07-07,2026-07-07T13:51:07,台灣運彩,822881,3477190.1,128,2026-07-08T08:05:00+08:00,洛杉磯天使,德州遊騎兵,洛杉磯天使 @ 德州遊騎兵,51434033.1,357,勝分差,252809385.1,德州遊騎兵 2 分,H,,6.25,4,21,H,,
2026-07-07,2026-07-07T13:51:07,台灣運彩,822881,3477190.1,128,2026-07-08T08:05:00+08:00,洛杉磯天使,德州遊騎兵,洛杉磯天使 @ 德州遊騎兵,51434033.1,357,勝分差,252809386.1,德州遊騎兵 > 2分,H,,2.35,20,27,H,,
2026-07-07,2026-07-07T13:51:07,台灣運彩,822881,3477190.1,128,2026-07-08T08:05:00+08:00,洛杉磯天使,德州遊騎兵,洛杉磯天使 @ 德州遊騎兵,51434033.1,357,勝分差,252809387.1,洛杉磯天使 1 分,A,,5.40,5,22,A,,
2026-07-07,2026-07-07T13:51:07,台灣運彩,822881,3477190.1,128,2026-07-08T08:05:00+08:00,洛杉磯天使,德州遊騎兵,洛杉磯天使 @ 德州遊騎兵,51434033.1,357,勝分差,252809388.1,洛杉磯天使 2 分,A,,7.75,4,27,A,,
2026-07-07,2026-07-07T13:51:07,台灣運彩,822881,3477190.1,128,2026-07-08T08:05:00+08:00,洛杉磯天使,德州遊騎兵,洛杉磯天使 @ 德州遊騎兵,51434033.1,357,勝分差,252809389.1,洛杉磯天使 > 2分,A,,3.60,5,13,A,,
2026-07-07,2026-07-07T13:51:07,台灣運彩,822881,3477190.1,128,2026-07-08T08:05:00+08:00,洛杉磯天使,德州遊騎兵,洛杉磯天使 @ 德州遊騎兵,51434023.1,358,讓分 -1.5,252809363.1,德州遊騎兵 -1.5,H,-1.5,1.97,100,97,H,-1.5,1
2026-07-07,2026-07-07T13:51:07,台灣運彩,822881,3477190.1,128,2026-07-08T08:05:00+08:00,洛杉磯天使,德州遊騎兵,洛杉磯天使 @ 德州遊騎兵,51434023.1,358,讓分 -1.5,252809364.1,洛杉磯天使 +1.5,A,-1.5,1.53,100,53,A,-1.5,2
2026-07-07,2026-07-07T13:51:07,台灣運彩,822881,3477190.1,128,2026-07-08T08:05:00+08:00,洛杉磯天使,德州遊騎兵,洛杉磯天使 @ 德州遊騎兵,51434028.1,358,讓分 -2.5,252809373.1,德州遊騎兵 -2.5,H,-2.5,2.47,100,147,H,-2.5,1
2026-07-07,2026-07-07T13:51:07,台灣運彩,822881,3477190.1,128,2026-07-08T08:05:00+08:00,洛杉磯天使,德州遊騎兵,洛杉磯天使 @ 德州遊騎兵,51434028.1,358,讓分 -2.5,252809374.1,洛杉磯天使 +2.5,A,-2.5,1.33,100,33,A,-2.5,2
2026-07-07,2026-07-07T13:51:07,台灣運彩,822881,3477190.1,128,2026-07-08T08:05:00+08:00,洛杉磯天使,德州遊騎兵,洛杉磯天使 @ 德州遊騎兵,51434024.1,360,[總分]大小 7.5,252809366.1,大 7.5,A,7.5,1.88,25,22,A,7.5,
2026-07-07,2026-07-07T13:51:07,台灣運彩,822881,3477190.1,128,2026-07-08T08:05:00+08:00,洛杉磯天使,德州遊騎兵,洛杉磯天使 @ 德州遊騎兵,51434024.1,360,[總分]大小 7.5,252809365.1,小 7.5,H,7.5,1.62,50,31,H,7.5,
2026-07-07,2026-07-07T13:51:07,台灣運彩,822881,3477190.1,128,2026-07-08T08:05:00+08:00,洛杉磯天使,德州遊騎兵,洛杉磯天使 @ 德州遊騎兵,51434025.1,360,[總分]大小 6.5,252809368.1,大 6.5,A,6.5,1.53,100,53,A,6.5,
2026-07-07,2026-07-07T13:51:07,台灣運彩,822881,3477190.1,128,2026-07-08T08:05:00+08:00,洛杉磯天使,德州遊騎兵,洛杉磯天使 @ 德州遊騎兵,51434025.1,360,[總分]大小 6.5,252809367.1,小 6.5,H,6.5,1.97,100,97,H,6.5,
2026-07-07,2026-07-07T13:51:07,台灣運彩,822881,3477190.1,128,2026-07-08T08:05:00+08:00,洛杉磯天使,德州遊騎兵,洛杉磯天使 @ 德州遊騎兵,51434029.1,360,[總分]大小 8.5,252809376.1,大 8.5,A,8.5,2.15,20,23,A,8.5,
2026-07-07,2026-07-07T13:51:07,台灣運彩,822881,3477190.1,128,2026-07-08T08:05:00+08:00,洛杉磯天使,德州遊騎兵,洛杉磯天使 @ 德州遊騎兵,51434029.1,360,[總分]大小 8.5,252809375.1,小 8.5,H,8.5,1.43,100,43,H,8.5,
2026-07-07,2026-07-07T13:51:07,台灣運彩,822881,3477190.1,128,2026-07-08T08:05:00+08:00,洛杉磯天使,德州遊騎兵,洛杉磯天使 @ 德州遊騎兵,51434034.1,362,德州遊騎兵 大小 3.5,252809391.1,大 3.5,A,3.5,1.62,50,31,A,3.5,
2026-07-07,2026-07-07T13:51:07,台灣運彩,822881,3477190.1,128,2026-07-08T08:05:00+08:00,洛杉磯天使,德州遊騎兵,洛杉磯天使 @ 德州遊騎兵,51434034.1,362,德州遊騎兵 大小 3.5,252809390.1,小 3.5,H,3.5,1.82,50,41,H,3.5,
2026-07-07,2026-07-07T13:51:07,台灣運彩,822881,3477190.1,128,2026-07-08T08:05:00+08:00,洛杉磯天使,德州遊騎兵,洛杉磯天使 @ 德州遊騎兵,51434035.1,363,洛杉磯天使 大小 2.5,252809393.1,大 2.5,A,2.5,1.56,25,14,A,2.5,
2026-07-07,2026-07-07T13:51:07,台灣運彩,822881,3477190.1,128,2026-07-08T08:05:00+08:00,洛杉磯天使,德州遊騎兵,洛杉磯天使 @ 德州遊騎兵,51434035.1,363,洛杉磯天使 大小 2.5,252809392.1,小 2.5,H,2.5,1.88,25,22,H,2.5,
2026-07-07,2026-07-07T13:51:07,台灣運彩,822881,3477190.1,128,2026-07-08T08:05:00+08:00,洛杉磯天使,德州遊騎兵,洛杉磯天使 @ 德州遊騎兵,51434022.1,366,[總分]單雙,252809362.1,單,,,1.45,20,9,,,
2026-07-07,2026-07-07T13:51:07,台灣運彩,822881,3477190.1,128,2026-07-08T08:05:00+08:00,洛杉磯天使,德州遊騎兵,洛杉磯天使 @ 德州遊騎兵,51434022.1,366,[總分]單雙,252809361.1,雙,,,2.07,100,107,,,
2026-07-07,2026-07-07T13:51:07,台灣運彩,822881,3477190.1,128,2026-07-08T08:05:00+08:00,洛杉磯天使,德州遊騎兵,洛杉磯天使 @ 德州遊騎兵,51434037.1,374,得分最高單局(不含延長賽),252809406.1,一樣多,,,2.20,5,6,,,
2026-07-07,2026-07-07T13:51:07,台灣運彩,822881,3477190.1,128,2026-07-08T08:05:00+08:00,洛杉磯天使,德州遊騎兵,洛杉磯天使 @ 德州遊騎兵,51434037.1,374,得分最高單局(不含延長賽),252809397.1,第1局,,,5.80,5,24,,,
2026-07-07,2026-07-07T13:51:07,台灣運彩,822881,3477190.1,128,2026-07-08T08:05:00+08:00,洛杉磯天使,德州遊騎兵,洛杉磯天使 @ 德州遊騎兵,51434037.1,374,得分最高單局(不含延長賽),252809398.1,第2局,,,6.75,4,23,,,
2026-07-07,2026-07-07T13:51:07,台灣運彩,822881,3477190.1,128,2026-07-08T08:05:00+08:00,洛杉磯天使,德州遊騎兵,洛杉磯天使 @ 德州遊騎兵,51434037.1,374,得分最高單局(不含延長賽),252809399.1,第3局,,,6.00,1,5,,,
2026-07-07,2026-07-07T13:51:07,台灣運彩,822881,3477190.1,128,2026-07-08T08:05:00+08:00,洛杉磯天使,德州遊騎兵,洛杉磯天使 @ 德州遊騎兵,51434037.1,374,得分最高單局(不含延長賽),252809400.1,第4局,,,6.50,2,11,,,
2026-07-07,2026-07-07T13:51:07,台灣運彩,822881,3477190.1,128,2026-07-08T08:05:00+08:00,洛杉磯天使,德州遊騎兵,洛杉磯天使 @ 德州遊騎兵,51434037.1,374,得分最高單局(不含延長賽),252809401.1,第5局,,,6.25,4,21,,,
2026-07-07,2026-07-07T13:51:07,台灣運彩,822881,3477190.1,128,2026-07-08T08:05:00+08:00,洛杉磯天使,德州遊騎兵,洛杉磯天使 @ 德州遊騎兵,51434037.1,374,得分最高單局(不含延長賽),252809402.1,第6局,,,5.55,20,91,,,
2026-07-07,2026-07-07T13:51:07,台灣運彩,822881,3477190.1,128,2026-07-08T08:05:00+08:00,洛杉磯天使,德州遊騎兵,洛杉磯天使 @ 德州遊騎兵,51434037.1,374,得分最高單局(不含延長賽),252809403.1,第7局,,,5.70,10,47,,,
2026-07-07,2026-07-07T13:51:07,台灣運彩,822881,3477190.1,128,2026-07-08T08:05:00+08:00,洛杉磯天使,德州遊騎兵,洛杉磯天使 @ 德州遊騎兵,51434037.1,374,得分最高單局(不含延長賽),252809404.1,第8局,,,5.45,20,89,,,
2026-07-07,2026-07-07T13:51:07,台灣運彩,822881,3477190.1,128,2026-07-08T08:05:00+08:00,洛杉磯天使,德州遊騎兵,洛杉磯天使 @ 德州遊騎兵,51434037.1,374,得分最高單局(不含延長賽),252809405.1,第9局,,,8.00,1,7,,,
2026-07-07,2026-07-07T13:51:07,台灣運彩,822881,3477190.1,128,2026-07-08T08:05:00+08:00,洛杉磯天使,德州遊騎兵,洛杉磯天使 @ 德州遊騎兵,51434030.1,376,[1-5局] 不讓分,252809377.1,德州遊騎兵,H,,1.60,5,3,H,,1
2026-07-07,2026-07-07T13:51:07,台灣運彩,822881,3477190.1,128,2026-07-08T08:05:00+08:00,洛杉磯天使,德州遊騎兵,洛杉磯天使 @ 德州遊騎兵,51434030.1,376,[1-5局] 不讓分,252809379.1,洛杉磯天使,A,,2.30,10,13,A,,2
2026-07-07,2026-07-07T13:51:07,台灣運彩,822881,3477190.1,128,2026-07-08T08:05:00+08:00,洛杉磯天使,德州遊騎兵,洛杉磯天使 @ 德州遊騎兵,51434030.1,376,[1-5局] 不讓分,252809378.1,和局,D,,4.00,1,3,D,,
2026-07-07,2026-07-07T13:51:07,台灣運彩,822881,3477190.1,128,2026-07-08T08:05:00+08:00,洛杉磯天使,德州遊騎兵,洛杉磯天使 @ 德州遊騎兵,51434038.1,378,[1-5局] 大小 3.5,252809408.1,大 3.5,A,3.5,1.63,100,63,A,3.5,
2026-07-07,2026-07-07T13:51:07,台灣運彩,822881,3477190.1,128,2026-07-08T08:05:00+08:00,洛杉磯天使,德州遊騎兵,洛杉磯天使 @ 德州遊騎兵,51434038.1,378,[1-5局] 大小 3.5,252809407.1,小 3.5,H,3.5,1.70,10,7,H,3.5,
2026-07-07,2026-07-07T13:51:07,台灣運彩,822881,3477190.1,128,2026-07-08T08:05:00+08:00,洛杉磯天使,德州遊騎兵,洛杉磯天使 @ 德州遊騎兵,51434032.1,379,[1-5局] 德州遊騎兵 大小 1.5,252809383.1,大 1.5,A,1.5,1.55,20,11,A,1.5,
2026-07-07,2026-07-07T13:51:07,台灣運彩,822881,3477190.1,128,2026-07-08T08:05:00+08:00,洛杉磯天使,德州遊騎兵,洛杉磯天使 @ 德州遊騎兵,51434032.1,379,[1-5局] 德州遊騎兵 大小 1.5,252809382.1,小 1.5,H,1.5,1.90,10,9,H,1.5,
2026-07-07,2026-07-07T13:51:07,台灣運彩,822881,3477190.1,128,2026-07-08T08:05:00+08:00,洛杉磯天使,德州遊騎兵,洛杉磯天使 @ 德州遊騎兵,51434031.1,380,[1-5局] 洛杉磯天使 大小 1.5,252809381.1,大 1.5,A,1.5,1.94,50,47,A,1.5,
2026-07-07,2026-07-07T13:51:07,台灣運彩,822881,3477190.1,128,2026-07-08T08:05:00+08:00,洛杉磯天使,德州遊騎兵,洛杉磯天使 @ 德州遊騎兵,51434031.1,380,[1-5局] 洛杉磯天使 大小 1.5,252809380.1,小 1.5,H,1.5,1.52,25,13,H,1.5,
2026-07-07,2026-07-07T13:51:07,台灣運彩,822881,3477190.1,128,2026-07-08T08:05:00+08:00,洛杉磯天使,德州遊騎兵,洛杉磯天使 @ 德州遊騎兵,51434036.1,389,[第1局] 不讓分,252809394.1,德州遊騎兵,H,,2.85,20,37,H,,1
2026-07-07,2026-07-07T13:51:07,台灣運彩,822881,3477190.1,128,2026-07-08T08:05:00+08:00,洛杉磯天使,德州遊騎兵,洛杉磯天使 @ 德州遊騎兵,51434036.1,389,[第1局] 不讓分,252809396.1,洛杉磯天使,A,,4.10,10,31,A,,2
2026-07-07,2026-07-07T13:51:07,台灣運彩,822881,3477190.1,128,2026-07-08T08:05:00+08:00,洛杉磯天使,德州遊騎兵,洛杉磯天使 @ 德州遊騎兵,51434036.1,389,[第1局] 不讓分,252809395.1,和局,D,,1.40,5,2,D,,
2026-07-07,2026-07-07T13:51:07,台灣運彩,822881,3477190.1,128,2026-07-08T08:05:00+08:00,洛杉磯天使,德州遊騎兵,洛杉磯天使 @ 德州遊騎兵,51434026.1,398,[第1局] 大小 0.5,252809370.1,大 0.5,A,0.5,1.85,20,17,A,0.5,
2026-07-07,2026-07-07T13:51:07,台灣運彩,822881,3477190.1,128,2026-07-08T08:05:00+08:00,洛杉磯天使,德州遊騎兵,洛杉磯天使 @ 德州遊騎兵,51434026.1,398,[第1局] 大小 0.5,252809369.1,小 0.5,H,0.5,1.50,2,1,H,0.5,
2026-07-07,2026-07-07T13:51:07,台灣運彩,823280,3477192.1,133,2026-07-08T09:40:00+08:00,亞利桑那響尾蛇,聖地牙哥教士,亞利桑那響尾蛇 @ 聖地牙哥教士,51434134.1,354,不讓分,252809661.1,聖地牙哥教士,H,,1.58,50,29,H,,1
2026-07-07,2026-07-07T13:51:07,台灣運彩,823280,3477192.1,133,2026-07-08T09:40:00+08:00,亞利桑那響尾蛇,聖地牙哥教士,亞利桑那響尾蛇 @ 聖地牙哥教士,51434134.1,354,不讓分,252809662.1,亞歷桑那響尾蛇,A,,1.92,25,23,A,,2
2026-07-07,2026-07-07T13:51:07,台灣運彩,823280,3477192.1,133,2026-07-08T09:40:00+08:00,亞利桑那響尾蛇,聖地牙哥教士,亞利桑那響尾蛇 @ 聖地牙哥教士,51434145.1,357,勝分差,252809686.1,亞歷桑那響尾蛇 1 分,A,,5.80,5,24,A,,
2026-07-07,2026-07-07T13:51:07,台灣運彩,823280,3477192.1,133,2026-07-08T09:40:00+08:00,亞利桑那響尾蛇,聖地牙哥教士,亞利桑那響尾蛇 @ 聖地牙哥教士,51434145.1,357,勝分差,252809687.1,亞歷桑那響尾蛇 2 分,A,,7.25,4,25,A,,
2026-07-07,2026-07-07T13:51:07,台灣運彩,823280,3477192.1,133,2026-07-08T09:40:00+08:00,亞利桑那響尾蛇,聖地牙哥教士,亞利桑那響尾蛇 @ 聖地牙哥教士,51434145.1,357,勝分差,252809688.1,亞歷桑那響尾蛇 > 2分,A,,2.80,5,9,A,,
2026-07-07,2026-07-07T13:51:07,台灣運彩,823280,3477192.1,133,2026-07-08T09:40:00+08:00,亞利桑那響尾蛇,聖地牙哥教士,亞利桑那響尾蛇 @ 聖地牙哥教士,51434145.1,357,勝分差,252809683.1,聖地牙哥教士 1 分,H,,4.05,20,61,H,,
2026-07-07,2026-07-07T13:51:07,台灣運彩,823280,3477192.1,133,2026-07-08T09:40:00+08:00,亞利桑那響尾蛇,聖地牙哥教士,亞利桑那響尾蛇 @ 聖地牙哥教士,51434145.1,357,勝分差,252809684.1,聖地牙哥教士 2 分,H,,7.00,1,6,H,,
2026-07-07,2026-07-07T13:51:07,台灣運彩,823280,3477192.1,133,2026-07-08T09:40:00+08:00,亞利桑那響尾蛇,聖地牙哥教士,亞利桑那響尾蛇 @ 聖地牙哥教士,51434145.1,357,勝分差,252809685.1,聖地牙哥教士 > 2分,H,,2.55,20,31,H,,
2026-07-07,2026-07-07T13:51:07,台灣運彩,823280,3477192.1,133,2026-07-08T09:40:00+08:00,亞利桑那響尾蛇,聖地牙哥教士,亞利桑那響尾蛇 @ 聖地牙哥教士,51434143.1,358,讓分 -1.5,252809679.1,聖地牙哥教士 -1.5,H,-1.5,2.07,100,107,H,-1.5,1
2026-07-07,2026-07-07T13:51:07,台灣運彩,823280,3477192.1,133,2026-07-08T09:40:00+08:00,亞利桑那響尾蛇,聖地牙哥教士,亞利桑那響尾蛇 @ 聖地牙哥教士,51434143.1,358,讓分 -1.5,252809680.1,亞歷桑那響尾蛇 +1.5,A,-1.5,1.46,50,23,A,-1.5,2
2026-07-07,2026-07-07T13:51:07,台灣運彩,823280,3477192.1,133,2026-07-08T09:40:00+08:00,亞利桑那響尾蛇,聖地牙哥教士,亞利桑那響尾蛇 @ 聖地牙哥教士,51434144.1,358,讓分 -2.5,252809681.1,聖地牙哥教士 -2.5,H,-2.5,2.60,5,8,H,-2.5,1
2026-07-07,2026-07-07T13:51:07,台灣運彩,823280,3477192.1,133,2026-07-08T09:40:00+08:00,亞利桑那響尾蛇,聖地牙哥教士,亞利桑那響尾蛇 @ 聖地牙哥教士,51434144.1,358,讓分 -2.5,252809682.1,亞歷桑那響尾蛇 +2.5,A,-2.5,1.30,10,3,A,-2.5,2
2026-07-07,2026-07-07T13:51:07,台灣運彩,823280,3477192.1,133,2026-07-08T09:40:00+08:00,亞利桑那響尾蛇,聖地牙哥教士,亞利桑那響尾蛇 @ 聖地牙哥教士,51434138.1,360,[總分]大小 9.5,252809670.1,大 9.5,A,9.5,2.07,100,107,A,9.5,
2026-07-07,2026-07-07T13:51:07,台灣運彩,823280,3477192.1,133,2026-07-08T09:40:00+08:00,亞利桑那響尾蛇,聖地牙哥教士,亞利桑那響尾蛇 @ 聖地牙哥教士,51434138.1,360,[總分]大小 9.5,252809669.1,小 9.5,H,9.5,1.46,50,23,H,9.5,
2026-07-07,2026-07-07T13:51:07,台灣運彩,823280,3477192.1,133,2026-07-08T09:40:00+08:00,亞利桑那響尾蛇,聖地牙哥教士,亞利桑那響尾蛇 @ 聖地牙哥教士,51434141.1,360,[總分]大小 8.5,252809676.1,大 8.5,A,8.5,1.75,4,3,A,8.5,
2026-07-07,2026-07-07T13:51:07,台灣運彩,823280,3477192.1,133,2026-07-08T09:40:00+08:00,亞利桑那響尾蛇,聖地牙哥教士,亞利桑那響尾蛇 @ 聖地牙哥教士,51434141.1,360,[總分]大小 8.5,252809675.1,小 8.5,H,8.5,1.75,4,3,H,8.5,
2026-07-07,2026-07-07T13:51:07,台灣運彩,823280,3477192.1,133,2026-07-08T09:40:00+08:00,亞利桑那響尾蛇,聖地牙哥教士,亞利桑那響尾蛇 @ 聖地牙哥教士,51434142.1,360,[總分]大小 7.5,252809678.1,大 7.5,A,7.5,1.52,25,13,A,7.5,
2026-07-07,2026-07-07T13:51:07,台灣運彩,823280,3477192.1,133,2026-07-08T09:40:00+08:00,亞利桑那響尾蛇,聖地牙哥教士,亞利桑那響尾蛇 @ 聖地牙哥教士,51434142.1,360,[總分]大小 7.5,252809677.1,小 7.5,H,7.5,1.98,50,49,H,7.5,
2026-07-07,2026-07-07T13:51:07,台灣運彩,823280,3477192.1,133,2026-07-08T09:40:00+08:00,亞利桑那響尾蛇,聖地牙哥教士,亞利桑那響尾蛇 @ 聖地牙哥教士,51434140.1,362,聖地牙哥教士 大小 4.5,252809674.1,大 4.5,A,4.5,1.85,20,17,A,4.5,
2026-07-07,2026-07-07T13:51:07,台灣運彩,823280,3477192.1,133,2026-07-08T09:40:00+08:00,亞利桑那響尾蛇,聖地牙哥教士,亞利桑那響尾蛇 @ 聖地牙哥教士,51434140.1,362,聖地牙哥教士 大小 4.5,252809673.1,小 4.5,H,4.5,1.60,5,3,H,4.5,
2026-07-07,2026-07-07T13:51:07,台灣運彩,823280,3477192.1,133,2026-07-08T09:40:00+08:00,亞利桑那響尾蛇,聖地牙哥教士,亞利桑那響尾蛇 @ 聖地牙哥教士,51434137.1,363,亞歷桑那響尾蛇 大小 3.5,252809668.1,大 3.5,A,3.5,1.60,5,3,A,3.5,
2026-07-07,2026-07-07T13:51:07,台灣運彩,823280,3477192.1,133,2026-07-08T09:40:00+08:00,亞利桑那響尾蛇,聖地牙哥教士,亞利桑那響尾蛇 @ 聖地牙哥教士,51434137.1,363,亞歷桑那響尾蛇 大小 3.5,252809667.1,小 3.5,H,3.5,1.85,20,17,H,3.5,
2026-07-07,2026-07-07T13:51:07,台灣運彩,823280,3477192.1,133,2026-07-08T09:40:00+08:00,亞利桑那響尾蛇,聖地牙哥教士,亞利桑那響尾蛇 @ 聖地牙哥教士,51434136.1,366,[總分]單雙,252809666.1,單,,,1.48,25,12,,,
2026-07-07,2026-07-07T13:51:07,台灣運彩,823280,3477192.1,133,2026-07-08T09:40:00+08:00,亞利桑那響尾蛇,聖地牙哥教士,亞利桑那響尾蛇 @ 聖地牙哥教士,51434136.1,366,[總分]單雙,252809665.1,雙,,,2.00,1,1,,,
2026-07-07,2026-07-07T13:51:07,台灣運彩,823203,3477191.1,132,2026-07-08T09:45:00+08:00,多倫多藍鳥,舊金山巨人,多倫多藍鳥 @ 舊金山巨人,51434126.1,354,不讓分,252809640.1,舊金山巨人,H,,1.78,50,39,H,,1
2026-07-07,2026-07-07T13:51:07,台灣運彩,823203,3477191.1,132,2026-07-08T09:45:00+08:00,多倫多藍鳥,舊金山巨人,多倫多藍鳥 @ 舊金山巨人,51434126.1,354,不讓分,252809641.1,多倫多藍鳥,A,,1.72,25,18,A,,2
2026-07-07,2026-07-07T13:51:07,台灣運彩,823203,3477191.1,132,2026-07-08T09:45:00+08:00,多倫多藍鳥,舊金山巨人,多倫多藍鳥 @ 舊金山巨人,51434132.1,357,勝分差,252809655.1,多倫多藍鳥 1 分,A,,5.15,20,83,A,,
2026-07-07,2026-07-07T13:51:07,台灣運彩,823203,3477191.1,132,2026-07-08T09:45:00+08:00,多倫多藍鳥,舊金山巨人,多倫多藍鳥 @ 舊金山巨人,51434132.1,357,勝分差,252809656.1,多倫多藍鳥 2 分,A,,6.75,4,23,A,,
2026-07-07,2026-07-07T13:51:07,台灣運彩,823203,3477191.1,132,2026-07-08T09:45:00+08:00,多倫多藍鳥,舊金山巨人,多倫多藍鳥 @ 舊金山巨人,51434132.1,357,勝分差,252809657.1,多倫多藍鳥 > 2分,A,,2.55,20,31,A,,
2026-07-07,2026-07-07T13:51:07,台灣運彩,823203,3477191.1,132,2026-07-08T09:45:00+08:00,多倫多藍鳥,舊金山巨人,多倫多藍鳥 @ 舊金山巨人,51434132.1,357,勝分差,252809652.1,舊金山巨人 1 分,H,,3.95,20,59,H,,
2026-07-07,2026-07-07T13:51:07,台灣運彩,823203,3477191.1,132,2026-07-08T09:45:00+08:00,多倫多藍鳥,舊金山巨人,多倫多藍鳥 @ 舊金山巨人,51434132.1,357,勝分差,252809653.1,舊金山巨人 2 分,H,,7.25,4,25,H,,
2026-07-07,2026-07-07T13:51:07,台灣運彩,823203,3477191.1,132,2026-07-08T09:45:00+08:00,多倫多藍鳥,舊金山巨人,多倫多藍鳥 @ 舊金山巨人,51434132.1,357,勝分差,252809654.1,舊金山巨人 > 2分,H,,3.05,20,41,H,,
2026-07-07,2026-07-07T13:51:07,台灣運彩,823203,3477191.1,132,2026-07-08T09:45:00+08:00,多倫多藍鳥,舊金山巨人,多倫多藍鳥 @ 舊金山巨人,51434129.1,358,讓分 1.5,252809646.1,舊金山巨人 +1.5,H,1.5,1.46,50,23,H,1.5,1
2026-07-07,2026-07-07T13:51:07,台灣運彩,823203,3477191.1,132,2026-07-08T09:45:00+08:00,多倫多藍鳥,舊金山巨人,多倫多藍鳥 @ 舊金山巨人,51434129.1,358,讓分 1.5,252809647.1,多倫多藍鳥 -1.5,A,1.5,2.07,100,107,A,1.5,2
2026-07-07,2026-07-07T13:51:07,台灣運彩,823203,3477191.1,132,2026-07-08T09:45:00+08:00,多倫多藍鳥,舊金山巨人,多倫多藍鳥 @ 舊金山巨人,51434131.1,360,[總分]大小 7.5,252809651.1,大 7.5,A,7.5,1.73,100,73,A,7.5,
2026-07-07,2026-07-07T13:51:07,台灣運彩,823203,3477191.1,132,2026-07-08T09:45:00+08:00,多倫多藍鳥,舊金山巨人,多倫多藍鳥 @ 舊金山巨人,51434131.1,360,[總分]大小 7.5,252809650.1,小 7.5,H,7.5,1.77,100,77,H,7.5,
2026-07-07,2026-07-07T13:51:07,台灣運彩,823203,3477191.1,132,2026-07-08T09:45:00+08:00,多倫多藍鳥,舊金山巨人,多倫多藍鳥 @ 舊金山巨人,51434130.1,362,舊金山巨人 大小 3.5,252809649.1,大 3.5,A,3.5,1.73,100,73,A,3.5,
2026-07-07,2026-07-07T13:51:07,台灣運彩,823203,3477191.1,132,2026-07-08T09:45:00+08:00,多倫多藍鳥,舊金山巨人,多倫多藍鳥 @ 舊金山巨人,51434130.1,362,舊金山巨人 大小 3.5,252809648.1,小 3.5,H,3.5,1.70,10,7,H,3.5,
2026-07-07,2026-07-07T13:51:07,台灣運彩,823203,3477191.1,132,2026-07-08T09:45:00+08:00,多倫多藍鳥,舊金山巨人,多倫多藍鳥 @ 舊金山巨人,51434128.1,363,多倫多藍鳥 大小 3.5,252809645.1,大 3.5,A,3.5,1.63,100,63,A,3.5,
2026-07-07,2026-07-07T13:51:07,台灣運彩,823203,3477191.1,132,2026-07-08T09:45:00+08:00,多倫多藍鳥,舊金山巨人,多倫多藍鳥 @ 舊金山巨人,51434128.1,363,多倫多藍鳥 大小 3.5,252809644.1,小 3.5,H,3.5,1.80,5,4,H,3.5,
2026-07-07,2026-07-07T13:51:07,台灣運彩,823203,3477191.1,132,2026-07-08T09:45:00+08:00,多倫多藍鳥,舊金山巨人,多倫多藍鳥 @ 舊金山巨人,51434127.1,366,[總分]單雙,252809643.1,單,,,1.43,100,43,,,
2026-07-07,2026-07-07T13:51:07,台灣運彩,823203,3477191.1,132,2026-07-08T09:45:00+08:00,多倫多藍鳥,舊金山巨人,多倫多藍鳥 @ 舊金山巨人,51434127.1,366,[總分]單雙,252809642.1,雙,,,1.98,50,49,,,
2026-07-07,2026-07-07T13:51:07,台灣運彩,823929,3477194.1,134,2026-07-08T10:10:00+08:00,科羅拉多洛磯,洛杉磯道奇,科羅拉多洛磯 @ 洛杉磯道奇,51434231.1,354,不讓分,252809866.1,洛杉磯道奇,H,,1.25,4,1,H,,1
2026-07-07,2026-07-07T13:51:07,台灣運彩,823929,3477194.1,134,2026-07-08T10:10:00+08:00,科羅拉多洛磯,洛杉磯道奇,科羅拉多洛磯 @ 洛杉磯道奇,51434231.1,354,不讓分,252809867.1,科羅拉多落磯,A,,2.85,20,37,A,,2
2026-07-07,2026-07-07T13:51:07,台灣運彩,823929,3477194.1,134,2026-07-08T10:10:00+08:00,科羅拉多洛磯,洛杉磯道奇,科羅拉多洛磯 @ 洛杉磯道奇,51434244.1,357,勝分差,252809894.1,洛杉磯道奇 1 分,H,,4.15,20,63,H,,
2026-07-07,2026-07-07T13:51:07,台灣運彩,823929,3477194.1,134,2026-07-08T10:10:00+08:00,科羅拉多洛磯,洛杉磯道奇,科羅拉多洛磯 @ 洛杉磯道奇,51434244.1,357,勝分差,252809895.1,洛杉磯道奇 2 分,H,,6.25,4,21,H,,
2026-07-07,2026-07-07T13:51:07,台灣運彩,823929,3477194.1,134,2026-07-08T10:10:00+08:00,科羅拉多洛磯,洛杉磯道奇,科羅拉多洛磯 @ 洛杉磯道奇,51434244.1,357,勝分差,252809896.1,洛杉磯道奇 > 2分,H,,1.60,5,3,H,,
2026-07-07,2026-07-07T13:51:07,台灣運彩,823929,3477194.1,134,2026-07-08T10:10:00+08:00,科羅拉多洛磯,洛杉磯道奇,科羅拉多洛磯 @ 洛杉磯道奇,51434244.1,357,勝分差,252809897.1,科羅拉多落磯 1 分,A,,7.50,2,13,A,,
2026-07-07,2026-07-07T13:51:07,台灣運彩,823929,3477194.1,134,2026-07-08T10:10:00+08:00,科羅拉多洛磯,洛杉磯道奇,科羅拉多洛磯 @ 洛杉磯道奇,51434244.1,357,勝分差,252809898.1,科羅拉多落磯 2 分,A,,10.00,1,9,A,,
2026-07-07,2026-07-07T13:51:07,台灣運彩,823929,3477194.1,134,2026-07-08T10:10:00+08:00,科羅拉多洛磯,洛杉磯道奇,科羅拉多洛磯 @ 洛杉磯道奇,51434244.1,357,勝分差,252809899.1,科羅拉多落磯 > 2分,A,,4.85,20,77,A,,
2026-07-07,2026-07-07T13:51:07,台灣運彩,823929,3477194.1,134,2026-07-08T10:10:00+08:00,科羅拉多洛磯,洛杉磯道奇,科羅拉多洛磯 @ 洛杉磯道奇,51434237.1,358,讓分 -2.5,252809878.1,洛杉磯道奇 -2.5,H,-2.5,1.80,5,4,H,-2.5,1
2026-07-07,2026-07-07T13:51:07,台灣運彩,823929,3477194.1,134,2026-07-08T10:10:00+08:00,科羅拉多洛磯,洛杉磯道奇,科羅拉多洛磯 @ 洛杉磯道奇,51434237.1,358,讓分 -2.5,252809879.1,科羅拉多落磯 +2.5,A,-2.5,1.70,10,7,A,-2.5,2
2026-07-07,2026-07-07T13:51:07,台灣運彩,823929,3477194.1,134,2026-07-08T10:10:00+08:00,科羅拉多洛磯,洛杉磯道奇,科羅拉多洛磯 @ 洛杉磯道奇,51434240.1,358,讓分 -1.5,252809884.1,洛杉磯道奇 -1.5,H,-1.5,1.52,25,13,H,-1.5,1
2026-07-07,2026-07-07T13:51:07,台灣運彩,823929,3477194.1,134,2026-07-08T10:10:00+08:00,科羅拉多洛磯,洛杉磯道奇,科羅拉多洛磯 @ 洛杉磯道奇,51434240.1,358,讓分 -1.5,252809885.1,科羅拉多落磯 +1.5,A,-1.5,1.98,50,49,A,-1.5,2
2026-07-07,2026-07-07T13:51:07,台灣運彩,823929,3477194.1,134,2026-07-08T10:10:00+08:00,科羅拉多洛磯,洛杉磯道奇,科羅拉多洛磯 @ 洛杉磯道奇,51434229.1,360,[總分]大小 9.5,252809863.1,大 9.5,A,9.5,1.76,25,19,A,9.5,
2026-07-07,2026-07-07T13:51:07,台灣運彩,823929,3477194.1,134,2026-07-08T10:10:00+08:00,科羅拉多洛磯,洛杉磯道奇,科羅拉多洛磯 @ 洛杉磯道奇,51434229.1,360,[總分]大小 9.5,252809862.1,小 9.5,H,9.5,1.74,50,37,H,9.5,
2026-07-07,2026-07-07T13:51:07,台灣運彩,823929,3477194.1,134,2026-07-08T10:10:00+08:00,科羅拉多洛磯,洛杉磯道奇,科羅拉多洛磯 @ 洛杉磯道奇,51434230.1,360,[總分]大小 8.5,252809865.1,大 8.5,A,8.5,1.48,25,12,A,8.5,
2026-07-07,2026-07-07T13:51:07,台灣運彩,823929,3477194.1,134,2026-07-08T10:10:00+08:00,科羅拉多洛磯,洛杉磯道奇,科羅拉多洛磯 @ 洛杉磯道奇,51434230.1,360,[總分]大小 8.5,252809864.1,小 8.5,H,8.5,2.05,20,21,H,8.5,
2026-07-07,2026-07-07T13:51:07,台灣運彩,823929,3477194.1,134,2026-07-08T10:10:00+08:00,科羅拉多洛磯,洛杉磯道奇,科羅拉多洛磯 @ 洛杉磯道奇,51434236.1,360,[總分]大小 10.5,252809877.1,大 10.5,A,10.5,1.97,100,97,A,10.5,
2026-07-07,2026-07-07T13:51:07,台灣運彩,823929,3477194.1,134,2026-07-08T10:10:00+08:00,科羅拉多洛磯,洛杉磯道奇,科羅拉多洛磯 @ 洛杉磯道奇,51434236.1,360,[總分]大小 10.5,252809876.1,小 10.5,H,10.5,1.53,100,53,H,10.5,
2026-07-07,2026-07-07T13:51:07,台灣運彩,823929,3477194.1,134,2026-07-08T10:10:00+08:00,科羅拉多洛磯,洛杉磯道奇,科羅拉多洛磯 @ 洛杉磯道奇,51434243.1,362,洛杉磯道奇 大小 5.5,252809893.1,大 5.5,A,5.5,1.63,100,63,A,5.5,
2026-07-07,2026-07-07T13:51:07,台灣運彩,823929,3477194.1,134,2026-07-08T10:10:00+08:00,科羅拉多洛磯,洛杉磯道奇,科羅拉多洛磯 @ 洛杉磯道奇,51434243.1,362,洛杉磯道奇 大小 5.5,252809892.1,小 5.5,H,5.5,1.80,5,4,H,5.5,
2026-07-07,2026-07-07T13:51:07,台灣運彩,823929,3477194.1,134,2026-07-08T10:10:00+08:00,科羅拉多洛磯,洛杉磯道奇,科羅拉多洛磯 @ 洛杉磯道奇,51434232.1,363,科羅拉多落磯 大小 3.5,252809869.1,大 3.5,A,3.5,1.85,20,17,A,3.5,
2026-07-07,2026-07-07T13:51:07,台灣運彩,823929,3477194.1,134,2026-07-08T10:10:00+08:00,科羅拉多洛磯,洛杉磯道奇,科羅拉多洛磯 @ 洛杉磯道奇,51434232.1,363,科羅拉多落磯 大小 3.5,252809868.1,小 3.5,H,3.5,1.60,5,3,H,3.5,
2026-07-07,2026-07-07T13:51:07,台灣運彩,823929,3477194.1,134,2026-07-08T10:10:00+08:00,科羅拉多洛磯,洛杉磯道奇,科羅拉多洛磯 @ 洛杉磯道奇,51434238.1,366,[總分]單雙,252809881.1,單,,,1.50,2,1,,,
2026-07-07,2026-07-07T13:51:07,台灣運彩,823929,3477194.1,134,2026-07-08T10:10:00+08:00,科羅拉多洛磯,洛杉磯道奇,科羅拉多洛磯 @ 洛杉磯道奇,51434238.1,366,[總分]單雙,252809880.1,雙,,,1.96,25,24,,,
2026-07-07,2026-07-07T13:51:07,台灣運彩,823929,3477194.1,134,2026-07-08T10:10:00+08:00,科羅拉多洛磯,洛杉磯道奇,科羅拉多洛磯 @ 洛杉磯道奇,51434246.1,374,得分最高單局(不含延長賽),252809911.1,一樣多,,,2.30,10,13,,,
2026-07-07,2026-07-07T13:51:07,台灣運彩,823929,3477194.1,134,2026-07-08T10:10:00+08:00,科羅拉多洛磯,洛杉磯道奇,科羅拉多洛磯 @ 洛杉磯道奇,51434246.1,374,得分最高單局(不含延長賽),252809902.1,第1局,,,5.10,10,41,,,
2026-07-07,2026-07-07T13:51:07,台灣運彩,823929,3477194.1,134,2026-07-08T10:10:00+08:00,科羅拉多洛磯,洛杉磯道奇,科羅拉多洛磯 @ 洛杉磯道奇,51434246.1,374,得分最高單局(不含延長賽),252809903.1,第2局,,,6.00,1,5,,,
2026-07-07,2026-07-07T13:51:07,台灣運彩,823929,3477194.1,134,2026-07-08T10:10:00+08:00,科羅拉多洛磯,洛杉磯道奇,科羅拉多洛磯 @ 洛杉磯道奇,51434246.1,374,得分最高單局(不含延長賽),252809904.1,第3局,,,5.60,5,23,,,
2026-07-07,2026-07-07T13:51:07,台灣運彩,823929,3477194.1,134,2026-07-08T10:10:00+08:00,科羅拉多洛磯,洛杉磯道奇,科羅拉多洛磯 @ 洛杉磯道奇,51434246.1,374,得分最高單局(不含延長賽),252809905.1,第4局,,,5.95,20,99,,,
2026-07-07,2026-07-07T13:51:07,台灣運彩,823929,3477194.1,134,2026-07-08T10:10:00+08:00,科羅拉多洛磯,洛杉磯道奇,科羅拉多洛磯 @ 洛杉磯道奇,51434246.1,374,得分最高單局(不含延長賽),252809906.1,第5局,,,5.50,2,9,,,
2026-07-07,2026-07-07T13:51:07,台灣運彩,823929,3477194.1,134,2026-07-08T10:10:00+08:00,科羅拉多洛磯,洛杉磯道奇,科羅拉多洛磯 @ 洛杉磯道奇,51434246.1,374,得分最高單局(不含延長賽),252809907.1,第6局,,,5.95,20,99,,,
2026-07-07,2026-07-07T13:51:07,台灣運彩,823929,3477194.1,134,2026-07-08T10:10:00+08:00,科羅拉多洛磯,洛杉磯道奇,科羅拉多洛磯 @ 洛杉磯道奇,51434246.1,374,得分最高單局(不含延長賽),252809908.1,第7局,,,6.25,4,21,,,
2026-07-07,2026-07-07T13:51:07,台灣運彩,823929,3477194.1,134,2026-07-08T10:10:00+08:00,科羅拉多洛磯,洛杉磯道奇,科羅拉多洛磯 @ 洛杉磯道奇,51434246.1,374,得分最高單局(不含延長賽),252809909.1,第8局,,,5.95,20,99,,,
2026-07-07,2026-07-07T13:51:07,台灣運彩,823929,3477194.1,134,2026-07-08T10:10:00+08:00,科羅拉多洛磯,洛杉磯道奇,科羅拉多洛磯 @ 洛杉磯道奇,51434246.1,374,得分最高單局(不含延長賽),252809910.1,第9局,,,8.00,1,7,,,
2026-07-07,2026-07-07T13:51:07,台灣運彩,823929,3477194.1,134,2026-07-08T10:10:00+08:00,科羅拉多洛磯,洛杉磯道奇,科羅拉多洛磯 @ 洛杉磯道奇,51434241.1,376,[1-5局] 不讓分,252809886.1,洛杉磯道奇,H,,1.30,10,3,H,,1
2026-07-07,2026-07-07T13:51:07,台灣運彩,823929,3477194.1,134,2026-07-08T10:10:00+08:00,科羅拉多洛磯,洛杉磯道奇,科羅拉多洛磯 @ 洛杉磯道奇,51434241.1,376,[1-5局] 不讓分,252809888.1,科羅拉多落磯,A,,2.85,20,37,A,,2
2026-07-07,2026-07-07T13:51:07,台灣運彩,823929,3477194.1,134,2026-07-08T10:10:00+08:00,科羅拉多洛磯,洛杉磯道奇,科羅拉多洛磯 @ 洛杉磯道奇,51434241.1,376,[1-5局] 不讓分,252809887.1,和局,D,,5.40,5,22,D,,
2026-07-07,2026-07-07T13:51:07,台灣運彩,823929,3477194.1,134,2026-07-08T10:10:00+08:00,科羅拉多洛磯,洛杉磯道奇,科羅拉多洛磯 @ 洛杉磯道奇,51434233.1,378,[1-5局] 大小 5.5,252809871.1,大 5.5,A,5.5,1.71,100,71,A,5.5,
2026-07-07,2026-07-07T13:51:07,台灣運彩,823929,3477194.1,134,2026-07-08T10:10:00+08:00,科羅拉多洛磯,洛杉磯道奇,科羅拉多洛磯 @ 洛杉磯道奇,51434233.1,378,[1-5局] 大小 5.5,252809870.1,小 5.5,H,5.5,1.62,50,31,H,5.5,
2026-07-07,2026-07-07T13:51:07,台灣運彩,823929,3477194.1,134,2026-07-08T10:10:00+08:00,科羅拉多洛磯,洛杉磯道奇,科羅拉多洛磯 @ 洛杉磯道奇,51434234.1,379,[1-5局] 洛杉磯道奇 大小 3.5,252809873.1,大 3.5,A,3.5,1.76,25,19,A,3.5,
2026-07-07,2026-07-07T13:51:07,台灣運彩,823929,3477194.1,134,2026-07-08T10:10:00+08:00,科羅拉多洛磯,洛杉磯道奇,科羅拉多洛磯 @ 洛杉磯道奇,51434234.1,379,[1-5局] 洛杉磯道奇 大小 3.5,252809872.1,小 3.5,H,3.5,1.66,50,33,H,3.5,
2026-07-07,2026-07-07T13:51:07,台灣運彩,823929,3477194.1,134,2026-07-08T10:10:00+08:00,科羅拉多洛磯,洛杉磯道奇,科羅拉多洛磯 @ 洛杉磯道奇,51434239.1,380,[1-5局] 科羅拉多落磯 大小 1.5,252809883.1,大 1.5,A,1.5,1.78,50,39,A,1.5,
2026-07-07,2026-07-07T13:51:07,台灣運彩,823929,3477194.1,134,2026-07-08T10:10:00+08:00,科羅拉多洛磯,洛杉磯道奇,科羅拉多洛磯 @ 洛杉磯道奇,51434239.1,380,[1-5局] 科羅拉多落磯 大小 1.5,252809882.1,小 1.5,H,1.5,1.65,20,13,H,1.5,
2026-07-07,2026-07-07T13:51:07,台灣運彩,823929,3477194.1,134,2026-07-08T10:10:00+08:00,科羅拉多洛磯,洛杉磯道奇,科羅拉多洛磯 @ 洛杉磯道奇,51434242.1,389,[第1局] 不讓分,252809889.1,洛杉磯道奇,H,,2.15,20,23,H,,1
2026-07-07,2026-07-07T13:51:07,台灣運彩,823929,3477194.1,134,2026-07-08T10:10:00+08:00,科羅拉多洛磯,洛杉磯道奇,科羅拉多洛磯 @ 洛杉磯道奇,51434242.1,389,[第1局] 不讓分,252809891.1,科羅拉多落磯,A,,4.35,20,67,A,,2
2026-07-07,2026-07-07T13:51:07,台灣運彩,823929,3477194.1,134,2026-07-08T10:10:00+08:00,科羅拉多洛磯,洛杉磯道奇,科羅拉多洛磯 @ 洛杉磯道奇,51434242.1,389,[第1局] 不讓分,252809890.1,和局,D,,1.65,20,13,D,,
2026-07-07,2026-07-07T13:51:07,台灣運彩,823929,3477194.1,134,2026-07-08T10:10:00+08:00,科羅拉多洛磯,洛杉磯道奇,科羅拉多洛磯 @ 洛杉磯道奇,51434235.1,398,[第1局] 大小 0.5,252809875.1,大 0.5,A,0.5,1.55,20,11,A,0.5,
2026-07-07,2026-07-07T13:51:07,台灣運彩,823929,3477194.1,134,2026-07-08T10:10:00+08:00,科羅拉多洛磯,洛杉磯道奇,科羅拉多洛磯 @ 洛杉磯道奇,51434235.1,398,[第1局] 大小 0.5,252809874.1,小 0.5,H,0.5,1.80,5,4,H,0.5,
