date,captured_at_tw,sportsbook,game_pk,official_event_id,event_no,kickoff_tw,away_zh,home_zh,matchup_zh,market_id,market_ti,market_name,selection_id,selection_name,selection_side,selection_line,odds_decimal,pd,pu,raw_v,raw_hv,raw_cn
2026-08-04,2026-08-04T21:05:16,台灣運彩,824805,3481082.1,120,2026-08-05T06:35:00+08:00,洛杉磯天使,巴爾的摩金鶯,洛杉磯天使 @ 巴爾的摩金鶯,51509291.1,354,不讓分,253041590.1,巴爾的摩金鶯,H,,1.48,25,12,H,,1
2026-08-04,2026-08-04T21:05:16,台灣運彩,824805,3481082.1,120,2026-08-05T06:35:00+08:00,洛杉磯天使,巴爾的摩金鶯,洛杉磯天使 @ 巴爾的摩金鶯,51509291.1,354,不讓分,253041591.1,洛杉磯天使,A,,2.05,20,21,A,,2
2026-08-04,2026-08-04T21:05:16,台灣運彩,824805,3481082.1,120,2026-08-05T06:35:00+08:00,洛杉磯天使,巴爾的摩金鶯,洛杉磯天使 @ 巴爾的摩金鶯,51509302.1,357,勝分差,253041612.1,巴爾的摩金鶯 1 分,H,,4.00,1,3,H,,
2026-08-04,2026-08-04T21:05:16,台灣運彩,824805,3481082.1,120,2026-08-05T06:35:00+08:00,洛杉磯天使,巴爾的摩金鶯,洛杉磯天使 @ 巴爾的摩金鶯,51509302.1,357,勝分差,253041613.1,巴爾的摩金鶯 2 分,H,,6.75,4,23,H,,
2026-08-04,2026-08-04T21:05:16,台灣運彩,824805,3481082.1,120,2026-08-05T06:35:00+08:00,洛杉磯天使,巴爾的摩金鶯,洛杉磯天使 @ 巴爾的摩金鶯,51509302.1,357,勝分差,253041614.1,巴爾的摩金鶯 > 2分,H,,2.30,10,13,H,,
2026-08-04,2026-08-04T21:05:16,台灣運彩,824805,3481082.1,120,2026-08-05T06:35:00+08:00,洛杉磯天使,巴爾的摩金鶯,洛杉磯天使 @ 巴爾的摩金鶯,51509302.1,357,勝分差,253041615.1,洛杉磯天使 1 分,A,,5.90,10,49,A,,
2026-08-04,2026-08-04T21:05:16,台灣運彩,824805,3481082.1,120,2026-08-05T06:35:00+08:00,洛杉磯天使,巴爾的摩金鶯,洛杉磯天使 @ 巴爾的摩金鶯,51509302.1,357,勝分差,253041616.1,洛杉磯天使 2 分,A,,8.00,1,7,A,,
2026-08-04,2026-08-04T21:05:16,台灣運彩,824805,3481082.1,120,2026-08-05T06:35:00+08:00,洛杉磯天使,巴爾的摩金鶯,洛杉磯天使 @ 巴爾的摩金鶯,51509302.1,357,勝分差,253041617.1,洛杉磯天使 > 2分,A,,3.05,20,41,A,,
2026-08-04,2026-08-04T21:05:16,台灣運彩,824805,3481082.1,120,2026-08-05T06:35:00+08:00,洛杉磯天使,巴爾的摩金鶯,洛杉磯天使 @ 巴爾的摩金鶯,51509299.1,358,讓分 -2.5,253041606.1,巴爾的摩金鶯 -2.5,H,-2.5,2.45,20,29,H,-2.5,1
2026-08-04,2026-08-04T21:05:16,台灣運彩,824805,3481082.1,120,2026-08-05T06:35:00+08:00,洛杉磯天使,巴爾的摩金鶯,洛杉磯天使 @ 巴爾的摩金鶯,51509299.1,358,讓分 -2.5,253041607.1,洛杉磯天使 +2.5,A,-2.5,1.35,20,7,A,-2.5,2
2026-08-04,2026-08-04T21:05:16,台灣運彩,824805,3481082.1,120,2026-08-05T06:35:00+08:00,洛杉磯天使,巴爾的摩金鶯,洛杉磯天使 @ 巴爾的摩金鶯,51509301.1,358,讓分 -1.5,253041610.1,巴爾的摩金鶯 -1.5,H,-1.5,1.97,100,97,H,-1.5,1
2026-08-04,2026-08-04T21:05:16,台灣運彩,824805,3481082.1,120,2026-08-05T06:35:00+08:00,洛杉磯天使,巴爾的摩金鶯,洛杉磯天使 @ 巴爾的摩金鶯,51509301.1,358,讓分 -1.5,253041611.1,洛杉磯天使 +1.5,A,-1.5,1.53,100,53,A,-1.5,2
2026-08-04,2026-08-04T21:05:16,台灣運彩,824805,3481082.1,120,2026-08-05T06:35:00+08:00,洛杉磯天使,巴爾的摩金鶯,洛杉磯天使 @ 巴爾的摩金鶯,51509293.1,360,[總分]大小 8.5,253041595.1,大 8.5,A,8.5,1.70,10,7,A,8.5,
2026-08-04,2026-08-04T21:05:16,台灣運彩,824805,3481082.1,120,2026-08-05T06:35:00+08:00,洛杉磯天使,巴爾的摩金鶯,洛杉磯天使 @ 巴爾的摩金鶯,51509293.1,360,[總分]大小 8.5,253041594.1,小 8.5,H,8.5,1.80,5,4,H,8.5,
2026-08-04,2026-08-04T21:05:16,台灣運彩,824805,3481082.1,120,2026-08-05T06:35:00+08:00,洛杉磯天使,巴爾的摩金鶯,洛杉磯天使 @ 巴爾的摩金鶯,51509295.1,360,[總分]大小 7.5,253041599.1,大 7.5,A,7.5,1.48,25,12,A,7.5,
2026-08-04,2026-08-04T21:05:16,台灣運彩,824805,3481082.1,120,2026-08-05T06:35:00+08:00,洛杉磯天使,巴爾的摩金鶯,洛杉磯天使 @ 巴爾的摩金鶯,51509295.1,360,[總分]大小 7.5,253041598.1,小 7.5,H,7.5,2.05,20,21,H,7.5,
2026-08-04,2026-08-04T21:05:16,台灣運彩,824805,3481082.1,120,2026-08-05T06:35:00+08:00,洛杉磯天使,巴爾的摩金鶯,洛杉磯天使 @ 巴爾的摩金鶯,51509297.1,360,[總分]大小 9.5,253041603.1,大 9.5,A,9.5,2.00,1,1,A,9.5,
2026-08-04,2026-08-04T21:05:16,台灣運彩,824805,3481082.1,120,2026-08-05T06:35:00+08:00,洛杉磯天使,巴爾的摩金鶯,洛杉磯天使 @ 巴爾的摩金鶯,51509297.1,360,[總分]大小 9.5,253041602.1,小 9.5,H,9.5,1.50,2,1,H,9.5,
2026-08-04,2026-08-04T21:05:16,台灣運彩,824805,3481082.1,120,2026-08-05T06:35:00+08:00,洛杉磯天使,巴爾的摩金鶯,洛杉磯天使 @ 巴爾的摩金鶯,51509300.1,362,巴爾的摩金鶯 大小 4.5,253041609.1,大 4.5,A,4.5,1.75,4,3,A,4.5,
2026-08-04,2026-08-04T21:05:16,台灣運彩,824805,3481082.1,120,2026-08-05T06:35:00+08:00,洛杉磯天使,巴爾的摩金鶯,洛杉磯天使 @ 巴爾的摩金鶯,51509300.1,362,巴爾的摩金鶯 大小 4.5,253041608.1,小 4.5,H,4.5,1.68,25,17,H,4.5,
2026-08-04,2026-08-04T21:05:16,台灣運彩,824805,3481082.1,120,2026-08-05T06:35:00+08:00,洛杉磯天使,巴爾的摩金鶯,洛杉磯天使 @ 巴爾的摩金鶯,51509296.1,363,洛杉磯天使 大小 3.5,253041601.1,大 3.5,A,3.5,1.65,20,13,A,3.5,
2026-08-04,2026-08-04T21:05:16,台灣運彩,824805,3481082.1,120,2026-08-05T06:35:00+08:00,洛杉磯天使,巴爾的摩金鶯,洛杉磯天使 @ 巴爾的摩金鶯,51509296.1,363,洛杉磯天使 大小 3.5,253041600.1,小 3.5,H,3.5,1.78,50,39,H,3.5,
2026-08-04,2026-08-04T21:05:16,台灣運彩,824805,3481082.1,120,2026-08-05T06:35:00+08:00,洛杉磯天使,巴爾的摩金鶯,洛杉磯天使 @ 巴爾的摩金鶯,51509294.1,366,[總分]單雙,253041597.1,單,,,1.48,25,12,,,
2026-08-04,2026-08-04T21:05:16,台灣運彩,824805,3481082.1,120,2026-08-05T06:35:00+08:00,洛杉磯天使,巴爾的摩金鶯,洛杉磯天使 @ 巴爾的摩金鶯,51509294.1,366,[總分]單雙,253041596.1,雙,,,2.00,1,1,,,
2026-08-04,2026-08-04T21:05:16,台灣運彩,824805,3481082.1,120,2026-08-05T06:35:00+08:00,洛杉磯天使,巴爾的摩金鶯,洛杉磯天使 @ 巴爾的摩金鶯,51510448.1,374,得分最高單局(不含延長賽),253044674.1,一樣多,,,2.25,4,5,,,
2026-08-04,2026-08-04T21:05:16,台灣運彩,824805,3481082.1,120,2026-08-05T06:35:00+08:00,洛杉磯天使,巴爾的摩金鶯,洛杉磯天使 @ 巴爾的摩金鶯,51510448.1,374,得分最高單局(不含延長賽),253044665.1,第1局,,,5.55,20,91,,,
2026-08-04,2026-08-04T21:05:16,台灣運彩,824805,3481082.1,120,2026-08-05T06:35:00+08:00,洛杉磯天使,巴爾的摩金鶯,洛杉磯天使 @ 巴爾的摩金鶯,51510448.1,374,得分最高單局(不含延長賽),253044666.1,第2局,,,6.75,4,23,,,
2026-08-04,2026-08-04T21:05:16,台灣運彩,824805,3481082.1,120,2026-08-05T06:35:00+08:00,洛杉磯天使,巴爾的摩金鶯,洛杉磯天使 @ 巴爾的摩金鶯,51510448.1,374,得分最高單局(不含延長賽),253044667.1,第3局,,,5.95,20,99,,,
2026-08-04,2026-08-04T21:05:16,台灣運彩,824805,3481082.1,120,2026-08-05T06:35:00+08:00,洛杉磯天使,巴爾的摩金鶯,洛杉磯天使 @ 巴爾的摩金鶯,51510448.1,374,得分最高單局(不含延長賽),253044668.1,第4局,,,6.50,2,11,,,
2026-08-04,2026-08-04T21:05:16,台灣運彩,824805,3481082.1,120,2026-08-05T06:35:00+08:00,洛杉磯天使,巴爾的摩金鶯,洛杉磯天使 @ 巴爾的摩金鶯,51510448.1,374,得分最高單局(不含延長賽),253044669.1,第5局,,,6.25,4,21,,,
2026-08-04,2026-08-04T21:05:16,台灣運彩,824805,3481082.1,120,2026-08-05T06:35:00+08:00,洛杉磯天使,巴爾的摩金鶯,洛杉磯天使 @ 巴爾的摩金鶯,51510448.1,374,得分最高單局(不含延長賽),253044670.1,第6局,,,5.65,20,93,,,
2026-08-04,2026-08-04T21:05:16,台灣運彩,824805,3481082.1,120,2026-08-05T06:35:00+08:00,洛杉磯天使,巴爾的摩金鶯,洛杉磯天使 @ 巴爾的摩金鶯,51510448.1,374,得分最高單局(不含延長賽),253044671.1,第7局,,,5.65,20,93,,,
2026-08-04,2026-08-04T21:05:16,台灣運彩,824805,3481082.1,120,2026-08-05T06:35:00+08:00,洛杉磯天使,巴爾的摩金鶯,洛杉磯天使 @ 巴爾的摩金鶯,51510448.1,374,得分最高單局(不含延長賽),253044672.1,第8局,,,5.55,20,91,,,
2026-08-04,2026-08-04T21:05:16,台灣運彩,824805,3481082.1,120,2026-08-05T06:35:00+08:00,洛杉磯天使,巴爾的摩金鶯,洛杉磯天使 @ 巴爾的摩金鶯,51510448.1,374,得分最高單局(不含延長賽),253044673.1,第9局,,,8.00,1,7,,,
2026-08-04,2026-08-04T21:05:16,台灣運彩,824805,3481082.1,120,2026-08-05T06:35:00+08:00,洛杉磯天使,巴爾的摩金鶯,洛杉磯天使 @ 巴爾的摩金鶯,51510442.1,376,[1-5局] 不讓分,253044651.1,巴爾的摩金鶯,H,,1.60,5,3,H,,1
2026-08-04,2026-08-04T21:05:16,台灣運彩,824805,3481082.1,120,2026-08-05T06:35:00+08:00,洛杉磯天使,巴爾的摩金鶯,洛杉磯天使 @ 巴爾的摩金鶯,51510442.1,376,[1-5局] 不讓分,253044653.1,洛杉磯天使,A,,2.15,20,23,A,,2
2026-08-04,2026-08-04T21:05:16,台灣運彩,824805,3481082.1,120,2026-08-05T06:35:00+08:00,洛杉磯天使,巴爾的摩金鶯,洛杉磯天使 @ 巴爾的摩金鶯,51510442.1,376,[1-5局] 不讓分,253044652.1,和局,D,,4.65,20,73,D,,
2026-08-04,2026-08-04T21:05:16,台灣運彩,824805,3481082.1,120,2026-08-05T06:35:00+08:00,洛杉磯天使,巴爾的摩金鶯,洛杉磯天使 @ 巴爾的摩金鶯,51510444.1,378,[1-5局] 大小 4.5,253044658.1,大 4.5,A,4.5,1.68,25,17,A,4.5,
2026-08-04,2026-08-04T21:05:16,台灣運彩,824805,3481082.1,120,2026-08-05T06:35:00+08:00,洛杉磯天使,巴爾的摩金鶯,洛杉磯天使 @ 巴爾的摩金鶯,51510444.1,378,[1-5局] 大小 4.5,253044657.1,小 4.5,H,4.5,1.65,20,13,H,4.5,
2026-08-04,2026-08-04T21:05:16,台灣運彩,824805,3481082.1,120,2026-08-05T06:35:00+08:00,洛杉磯天使,巴爾的摩金鶯,洛杉磯天使 @ 巴爾的摩金鶯,51510445.1,379,[1-5局] 巴爾的摩金鶯 大小 2.5,253044660.1,大 2.5,A,2.5,1.85,20,17,A,2.5,
2026-08-04,2026-08-04T21:05:16,台灣運彩,824805,3481082.1,120,2026-08-05T06:35:00+08:00,洛杉磯天使,巴爾的摩金鶯,洛杉磯天使 @ 巴爾的摩金鶯,51510445.1,379,[1-5局] 巴爾的摩金鶯 大小 2.5,253044659.1,小 2.5,H,2.5,1.60,5,3,H,2.5,
2026-08-04,2026-08-04T21:05:16,台灣運彩,824805,3481082.1,120,2026-08-05T06:35:00+08:00,洛杉磯天使,巴爾的摩金鶯,洛杉磯天使 @ 巴爾的摩金鶯,51510447.1,380,[1-5局] 洛杉磯天使 大小 1.5,253044664.1,大 1.5,A,1.5,1.65,20,13,A,1.5,
2026-08-04,2026-08-04T21:05:16,台灣運彩,824805,3481082.1,120,2026-08-05T06:35:00+08:00,洛杉磯天使,巴爾的摩金鶯,洛杉磯天使 @ 巴爾的摩金鶯,51510447.1,380,[1-5局] 洛杉磯天使 大小 1.5,253044663.1,小 1.5,H,1.5,1.78,50,39,H,1.5,
2026-08-04,2026-08-04T21:05:16,台灣運彩,824805,3481082.1,120,2026-08-05T06:35:00+08:00,洛杉磯天使,巴爾的摩金鶯,洛杉磯天使 @ 巴爾的摩金鶯,51510443.1,389,[第1局] 不讓分,253044654.1,巴爾的摩金鶯,H,,2.70,10,17,H,,1
2026-08-04,2026-08-04T21:05:16,台灣運彩,824805,3481082.1,120,2026-08-05T06:35:00+08:00,洛杉磯天使,巴爾的摩金鶯,洛杉磯天使 @ 巴爾的摩金鶯,51510443.1,389,[第1局] 不讓分,253044656.1,洛杉磯天使,A,,3.55,20,51,A,,2
2026-08-04,2026-08-04T21:05:16,台灣運彩,824805,3481082.1,120,2026-08-05T06:35:00+08:00,洛杉磯天使,巴爾的摩金鶯,洛杉磯天使 @ 巴爾的摩金鶯,51510443.1,389,[第1局] 不讓分,253044655.1,和局,D,,1.55,20,11,D,,
2026-08-04,2026-08-04T21:05:16,台灣運彩,824805,3481082.1,120,2026-08-05T06:35:00+08:00,洛杉磯天使,巴爾的摩金鶯,洛杉磯天使 @ 巴爾的摩金鶯,51510446.1,398,[第1局] 大小 0.5,253044662.1,大 0.5,A,0.5,1.68,25,17,A,0.5,
2026-08-04,2026-08-04T21:05:16,台灣運彩,824805,3481082.1,120,2026-08-05T06:35:00+08:00,洛杉磯天使,巴爾的摩金鶯,洛杉磯天使 @ 巴爾的摩金鶯,51510446.1,398,[第1局] 大小 0.5,253044661.1,小 0.5,H,0.5,1.65,20,13,H,0.5,
2026-08-04,2026-08-04T21:05:16,台灣運彩,823432,3481078.1,112,2026-08-05T06:40:00+08:00,華盛頓國民,費城費城人,華盛頓國民 @ 費城費城人,51509234.1,354,不讓分,253041454.1,費城費城人,H,,1.28,25,7,H,,1
2026-08-04,2026-08-04T21:05:16,台灣運彩,823432,3481078.1,112,2026-08-05T06:40:00+08:00,華盛頓國民,費城費城人,華盛頓國民 @ 費城費城人,51509234.1,354,不讓分,253041455.1,華盛頓國民,A,,2.70,10,17,A,,2
2026-08-04,2026-08-04T21:05:16,台灣運彩,823432,3481078.1,112,2026-08-05T06:40:00+08:00,華盛頓國民,費城費城人,華盛頓國民 @ 費城費城人,51509237.1,357,勝分差,253041463.1,華盛頓國民 1 分,A,,6.75,4,23,A,,
2026-08-04,2026-08-04T21:05:16,台灣運彩,823432,3481078.1,112,2026-08-05T06:40:00+08:00,華盛頓國民,費城費城人,華盛頓國民 @ 費城費城人,51509237.1,357,勝分差,253041464.1,華盛頓國民 2 分,A,,9.75,4,35,A,,
2026-08-04,2026-08-04T21:05:16,台灣運彩,823432,3481078.1,112,2026-08-05T06:40:00+08:00,華盛頓國民,費城費城人,華盛頓國民 @ 費城費城人,51509237.1,357,勝分差,253041465.1,華盛頓國民 > 2分,A,,4.30,10,33,A,,
2026-08-04,2026-08-04T21:05:16,台灣運彩,823432,3481078.1,112,2026-08-05T06:40:00+08:00,華盛頓國民,費城費城人,華盛頓國民 @ 費城費城人,51509237.1,357,勝分差,253041460.1,費城費城人 1 分,H,,4.00,1,3,H,,
2026-08-04,2026-08-04T21:05:16,台灣運彩,823432,3481078.1,112,2026-08-05T06:40:00+08:00,華盛頓國民,費城費城人,華盛頓國民 @ 費城費城人,51509237.1,357,勝分差,253041461.1,費城費城人 2 分,H,,6.00,1,5,H,,
2026-08-04,2026-08-04T21:05:16,台灣運彩,823432,3481078.1,112,2026-08-05T06:40:00+08:00,華盛頓國民,費城費城人,華盛頓國民 @ 費城費城人,51509237.1,357,勝分差,253041462.1,費城費城人 > 2分,H,,1.80,5,4,H,,
2026-08-04,2026-08-04T21:05:16,台灣運彩,823432,3481078.1,112,2026-08-05T06:40:00+08:00,華盛頓國民,費城費城人,華盛頓國民 @ 費城費城人,51509228.1,358,讓分 -2.5,253041442.1,費城費城人 -2.5,H,-2.5,1.94,50,47,H,-2.5,1
2026-08-04,2026-08-04T21:05:16,台灣運彩,823432,3481078.1,112,2026-08-05T06:40:00+08:00,華盛頓國民,費城費城人,華盛頓國民 @ 費城費城人,51509228.1,358,讓分 -2.5,253041443.1,華盛頓國民 +2.5,A,-2.5,1.56,25,14,A,-2.5,2
2026-08-04,2026-08-04T21:05:16,台灣運彩,823432,3481078.1,112,2026-08-05T06:40:00+08:00,華盛頓國民,費城費城人,華盛頓國民 @ 費城費城人,51509233.1,358,讓分 -1.5,253041452.1,費城費城人 -1.5,H,-1.5,1.63,100,63,H,-1.5,1
2026-08-04,2026-08-04T21:05:16,台灣運彩,823432,3481078.1,112,2026-08-05T06:40:00+08:00,華盛頓國民,費城費城人,華盛頓國民 @ 費城費城人,51509233.1,358,讓分 -1.5,253041453.1,華盛頓國民 +1.5,A,-1.5,1.87,100,87,A,-1.5,2
2026-08-04,2026-08-04T21:05:16,台灣運彩,823432,3481078.1,112,2026-08-05T06:40:00+08:00,華盛頓國民,費城費城人,華盛頓國民 @ 費城費城人,51509230.1,360,[總分]大小 7.5,253041447.1,大 7.5,A,7.5,1.43,100,43,A,7.5,
2026-08-04,2026-08-04T21:05:16,台灣運彩,823432,3481078.1,112,2026-08-05T06:40:00+08:00,華盛頓國民,費城費城人,華盛頓國民 @ 費城費城人,51509230.1,360,[總分]大小 7.5,253041446.1,小 7.5,H,7.5,2.15,20,23,H,7.5,
2026-08-04,2026-08-04T21:05:16,台灣運彩,823432,3481078.1,112,2026-08-05T06:40:00+08:00,華盛頓國民,費城費城人,華盛頓國民 @ 費城費城人,51509231.1,360,[總分]大小 8.5,253041449.1,大 8.5,A,8.5,1.65,20,13,A,8.5,
2026-08-04,2026-08-04T21:05:16,台灣運彩,823432,3481078.1,112,2026-08-05T06:40:00+08:00,華盛頓國民,費城費城人,華盛頓國民 @ 費城費城人,51509231.1,360,[總分]大小 8.5,253041448.1,小 8.5,H,8.5,1.85,20,17,H,8.5,
2026-08-04,2026-08-04T21:05:16,台灣運彩,823432,3481078.1,112,2026-08-05T06:40:00+08:00,華盛頓國民,費城費城人,華盛頓國民 @ 費城費城人,51509236.1,360,[總分]大小 9.5,253041459.1,大 9.5,A,9.5,1.95,20,19,A,9.5,
2026-08-04,2026-08-04T21:05:16,台灣運彩,823432,3481078.1,112,2026-08-05T06:40:00+08:00,華盛頓國民,費城費城人,華盛頓國民 @ 費城費城人,51509236.1,360,[總分]大小 9.5,253041458.1,小 9.5,H,9.5,1.55,20,11,H,9.5,
2026-08-04,2026-08-04T21:05:16,台灣運彩,823432,3481078.1,112,2026-08-05T06:40:00+08:00,華盛頓國民,費城費城人,華盛頓國民 @ 費城費城人,51509906.1,362,費城費城人 大小 5.5,253043263.1,大 5.5,A,5.5,1.85,20,17,A,5.5,
2026-08-04,2026-08-04T21:05:16,台灣運彩,823432,3481078.1,112,2026-08-05T06:40:00+08:00,華盛頓國民,費城費城人,華盛頓國民 @ 費城費城人,51509906.1,362,費城費城人 大小 5.5,253043262.1,小 5.5,H,5.5,1.60,5,3,H,5.5,
2026-08-04,2026-08-04T21:05:16,台灣運彩,823432,3481078.1,112,2026-08-05T06:40:00+08:00,華盛頓國民,費城費城人,華盛頓國民 @ 費城費城人,51509235.1,363,華盛頓國民 大小 3.5,253041457.1,大 3.5,A,3.5,1.85,20,17,A,3.5,
2026-08-04,2026-08-04T21:05:16,台灣運彩,823432,3481078.1,112,2026-08-05T06:40:00+08:00,華盛頓國民,費城費城人,華盛頓國民 @ 費城費城人,51509235.1,363,華盛頓國民 大小 3.5,253041456.1,小 3.5,H,3.5,1.60,5,3,H,3.5,
2026-08-04,2026-08-04T21:05:16,台灣運彩,823432,3481078.1,112,2026-08-05T06:40:00+08:00,華盛頓國民,費城費城人,華盛頓國民 @ 費城費城人,51509227.1,366,[總分]單雙,253041441.1,單,,,1.50,2,1,,,
2026-08-04,2026-08-04T21:05:16,台灣運彩,823432,3481078.1,112,2026-08-05T06:40:00+08:00,華盛頓國民,費城費城人,華盛頓國民 @ 費城費城人,51509227.1,366,[總分]單雙,253041440.1,雙,,,1.96,25,24,,,
2026-08-04,2026-08-04T21:05:16,台灣運彩,823432,3481078.1,112,2026-08-05T06:40:00+08:00,華盛頓國民,費城費城人,華盛頓國民 @ 費城費城人,51509850.1,374,得分最高單局(不含延長賽),253043102.1,一樣多,,,2.25,4,5,,,
2026-08-04,2026-08-04T21:05:16,台灣運彩,823432,3481078.1,112,2026-08-05T06:40:00+08:00,華盛頓國民,費城費城人,華盛頓國民 @ 費城費城人,51509850.1,374,得分最高單局(不含延長賽),253043093.1,第1局,,,5.40,5,22,,,
2026-08-04,2026-08-04T21:05:16,台灣運彩,823432,3481078.1,112,2026-08-05T06:40:00+08:00,華盛頓國民,費城費城人,華盛頓國民 @ 費城費城人,51509850.1,374,得分最高單局(不含延長賽),253043094.1,第2局,,,6.50,2,11,,,
2026-08-04,2026-08-04T21:05:16,台灣運彩,823432,3481078.1,112,2026-08-05T06:40:00+08:00,華盛頓國民,費城費城人,華盛頓國民 @ 費城費城人,51509850.1,374,得分最高單局(不含延長賽),253043095.1,第3局,,,5.80,5,24,,,
2026-08-04,2026-08-04T21:05:16,台灣運彩,823432,3481078.1,112,2026-08-05T06:40:00+08:00,華盛頓國民,費城費城人,華盛頓國民 @ 費城費城人,51509850.1,374,得分最高單局(不含延長賽),253043096.1,第4局,,,6.50,2,11,,,
2026-08-04,2026-08-04T21:05:16,台灣運彩,823432,3481078.1,112,2026-08-05T06:40:00+08:00,華盛頓國民,費城費城人,華盛頓國民 @ 費城費城人,51509850.1,374,得分最高單局(不含延長賽),253043097.1,第5局,,,5.85,20,97,,,
2026-08-04,2026-08-04T21:05:16,台灣運彩,823432,3481078.1,112,2026-08-05T06:40:00+08:00,華盛頓國民,費城費城人,華盛頓國民 @ 費城費城人,51509850.1,374,得分最高單局(不含延長賽),253043098.1,第6局,,,5.70,10,47,,,
2026-08-04,2026-08-04T21:05:16,台灣運彩,823432,3481078.1,112,2026-08-05T06:40:00+08:00,華盛頓國民,費城費城人,華盛頓國民 @ 費城費城人,51509850.1,374,得分最高單局(不含延長賽),253043099.1,第7局,,,5.75,4,19,,,
2026-08-04,2026-08-04T21:05:16,台灣運彩,823432,3481078.1,112,2026-08-05T06:40:00+08:00,華盛頓國民,費城費城人,華盛頓國民 @ 費城費城人,51509850.1,374,得分最高單局(不含延長賽),253043100.1,第8局,,,5.65,20,93,,,
2026-08-04,2026-08-04T21:05:16,台灣運彩,823432,3481078.1,112,2026-08-05T06:40:00+08:00,華盛頓國民,費城費城人,華盛頓國民 @ 費城費城人,51509850.1,374,得分最高單局(不含延長賽),253043101.1,第9局,,,8.00,1,7,,,
2026-08-04,2026-08-04T21:05:16,台灣運彩,823432,3481078.1,112,2026-08-05T06:40:00+08:00,華盛頓國民,費城費城人,華盛頓國民 @ 費城費城人,51509848.1,376,[1-5局] 不讓分,253043087.1,費城費城人,H,,1.40,5,2,H,,1
2026-08-04,2026-08-04T21:05:16,台灣運彩,823432,3481078.1,112,2026-08-05T06:40:00+08:00,華盛頓國民,費城費城人,華盛頓國民 @ 費城費城人,51509848.1,376,[1-5局] 不讓分,253043089.1,華盛頓國民,A,,2.55,20,31,A,,2
2026-08-04,2026-08-04T21:05:16,台灣運彩,823432,3481078.1,112,2026-08-05T06:40:00+08:00,華盛頓國民,費城費城人,華盛頓國民 @ 費城費城人,51509848.1,376,[1-5局] 不讓分,253043088.1,和局,D,,5.00,1,4,D,,
2026-08-04,2026-08-04T21:05:16,台灣運彩,823432,3481078.1,112,2026-08-05T06:40:00+08:00,華盛頓國民,費城費城人,華盛頓國民 @ 費城費城人,51509846.1,378,[1-5局] 大小 4.5,253043084.1,大 4.5,A,4.5,1.58,50,29,A,4.5,
2026-08-04,2026-08-04T21:05:16,台灣運彩,823432,3481078.1,112,2026-08-05T06:40:00+08:00,華盛頓國民,費城費城人,華盛頓國民 @ 費城費城人,51509846.1,378,[1-5局] 大小 4.5,253043083.1,小 4.5,H,4.5,1.75,4,3,H,4.5,
2026-08-04,2026-08-04T21:05:16,台灣運彩,823432,3481078.1,112,2026-08-05T06:40:00+08:00,華盛頓國民,費城費城人,華盛頓國民 @ 費城費城人,51509847.1,379,[1-5局] 費城費城人 大小 2.5,253043086.1,大 2.5,A,2.5,1.60,5,3,A,2.5,
2026-08-04,2026-08-04T21:05:16,台灣運彩,823432,3481078.1,112,2026-08-05T06:40:00+08:00,華盛頓國民,費城費城人,華盛頓國民 @ 費城費城人,51509847.1,379,[1-5局] 費城費城人 大小 2.5,253043085.1,小 2.5,H,2.5,1.85,20,17,H,2.5,
2026-08-04,2026-08-04T21:05:16,台灣運彩,823432,3481078.1,112,2026-08-05T06:40:00+08:00,華盛頓國民,費城費城人,華盛頓國民 @ 費城費城人,51509845.1,380,[1-5局] 華盛頓國民 大小 1.5,253043082.1,大 1.5,A,1.5,1.78,50,39,A,1.5,
2026-08-04,2026-08-04T21:05:16,台灣運彩,823432,3481078.1,112,2026-08-05T06:40:00+08:00,華盛頓國民,費城費城人,華盛頓國民 @ 費城費城人,51509845.1,380,[1-5局] 華盛頓國民 大小 1.5,253043081.1,小 1.5,H,1.5,1.65,20,13,H,1.5,
2026-08-04,2026-08-04T21:05:16,台灣運彩,823432,3481078.1,112,2026-08-05T06:40:00+08:00,華盛頓國民,費城費城人,華盛頓國民 @ 費城費城人,51509849.1,389,[第1局] 不讓分,253043090.1,費城費城人,H,,2.35,20,27,H,,1
2026-08-04,2026-08-04T21:05:16,台灣運彩,823432,3481078.1,112,2026-08-05T06:40:00+08:00,華盛頓國民,費城費城人,華盛頓國民 @ 費城費城人,51509849.1,389,[第1局] 不讓分,253043092.1,華盛頓國民,A,,4.15,20,63,A,,2
2026-08-04,2026-08-04T21:05:16,台灣運彩,823432,3481078.1,112,2026-08-05T06:40:00+08:00,華盛頓國民,費城費城人,華盛頓國民 @ 費城費城人,51509849.1,389,[第1局] 不讓分,253043091.1,和局,D,,1.60,5,3,D,,
2026-08-04,2026-08-04T21:05:16,台灣運彩,823432,3481078.1,112,2026-08-05T06:40:00+08:00,華盛頓國民,費城費城人,華盛頓國民 @ 費城費城人,51509844.1,398,[第1局] 大小 0.5,253043080.1,大 0.5,A,0.5,1.63,100,63,A,0.5,
2026-08-04,2026-08-04T21:05:16,台灣運彩,823432,3481078.1,112,2026-08-05T06:40:00+08:00,華盛頓國民,費城費城人,華盛頓國民 @ 費城費城人,51509844.1,398,[第1局] 大小 0.5,253043079.1,小 0.5,H,0.5,1.70,10,7,H,0.5,
2026-08-04,2026-08-04T21:05:16,台灣運彩,824403,3481079.1,113,2026-08-05T06:40:00+08:00,紐約大都會,克里夫蘭守護者,紐約大都會 @ 克里夫蘭守護者,51509240.1,354,不讓分,253041470.1,克里夫蘭守護者,H,,1.48,25,12,H,,1
2026-08-04,2026-08-04T21:05:16,台灣運彩,824403,3481079.1,113,2026-08-05T06:40:00+08:00,紐約大都會,克里夫蘭守護者,紐約大都會 @ 克里夫蘭守護者,51509240.1,354,不讓分,253041471.1,紐約大都會,A,,2.05,20,21,A,,2
2026-08-04,2026-08-04T21:05:16,台灣運彩,824403,3481079.1,113,2026-08-05T06:40:00+08:00,紐約大都會,克里夫蘭守護者,紐約大都會 @ 克里夫蘭守護者,51509249.1,357,勝分差,253041486.1,克里夫蘭守護者 1 分,H,,3.85,20,57,H,,
2026-08-04,2026-08-04T21:05:16,台灣運彩,824403,3481079.1,113,2026-08-05T06:40:00+08:00,紐約大都會,克里夫蘭守護者,紐約大都會 @ 克里夫蘭守護者,51509249.1,357,勝分差,253041487.1,克里夫蘭守護者 2 分,H,,6.50,2,11,H,,
2026-08-04,2026-08-04T21:05:16,台灣運彩,824403,3481079.1,113,2026-08-05T06:40:00+08:00,紐約大都會,克里夫蘭守護者,紐約大都會 @ 克里夫蘭守護者,51509249.1,357,勝分差,253041488.1,克里夫蘭守護者 > 2分,H,,2.35,20,27,H,,
2026-08-04,2026-08-04T21:05:16,台灣運彩,824403,3481079.1,113,2026-08-05T06:40:00+08:00,紐約大都會,克里夫蘭守護者,紐約大都會 @ 克里夫蘭守護者,51509249.1,357,勝分差,253041490.1,紐約大都會 1 分,A,,5.60,5,23,A,,
2026-08-04,2026-08-04T21:05:16,台灣運彩,824403,3481079.1,113,2026-08-05T06:40:00+08:00,紐約大都會,克里夫蘭守護者,紐約大都會 @ 克里夫蘭守護者,51509249.1,357,勝分差,253041491.1,紐約大都會 2 分,A,,7.75,4,27,A,,
2026-08-04,2026-08-04T21:05:16,台灣運彩,824403,3481079.1,113,2026-08-05T06:40:00+08:00,紐約大都會,克里夫蘭守護者,紐約大都會 @ 克里夫蘭守護者,51509249.1,357,勝分差,253041493.1,紐約大都會 > 2分,A,,3.30,10,23,A,,
2026-08-04,2026-08-04T21:05:16,台灣運彩,824403,3481079.1,113,2026-08-05T06:40:00+08:00,紐約大都會,克里夫蘭守護者,紐約大都會 @ 克里夫蘭守護者,51509245.1,358,讓分 -1.5,253041480.1,克里夫蘭守護者 -1.5,H,-1.5,1.97,100,97,H,-1.5,1
2026-08-04,2026-08-04T21:05:16,台灣運彩,824403,3481079.1,113,2026-08-05T06:40:00+08:00,紐約大都會,克里夫蘭守護者,紐約大都會 @ 克里夫蘭守護者,51509245.1,358,讓分 -1.5,253041481.1,紐約大都會 +1.5,A,-1.5,1.53,100,53,A,-1.5,2
2026-08-04,2026-08-04T21:05:16,台灣運彩,824403,3481079.1,113,2026-08-05T06:40:00+08:00,紐約大都會,克里夫蘭守護者,紐約大都會 @ 克里夫蘭守護者,51509246.1,358,讓分 -2.5,253041482.1,克里夫蘭守護者 -2.5,H,-2.5,2.47,100,147,H,-2.5,1
2026-08-04,2026-08-04T21:05:16,台灣運彩,824403,3481079.1,113,2026-08-05T06:40:00+08:00,紐約大都會,克里夫蘭守護者,紐約大都會 @ 克里夫蘭守護者,51509246.1,358,讓分 -2.5,253041483.1,紐約大都會 +2.5,A,-2.5,1.33,100,33,A,-2.5,2
2026-08-04,2026-08-04T21:05:16,台灣運彩,824403,3481079.1,113,2026-08-05T06:40:00+08:00,紐約大都會,克里夫蘭守護者,紐約大都會 @ 克里夫蘭守護者,51509239.1,360,[總分]大小 6.5,253041469.1,大 6.5,A,6.5,1.42,50,21,A,6.5,
2026-08-04,2026-08-04T21:05:16,台灣運彩,824403,3481079.1,113,2026-08-05T06:40:00+08:00,紐約大都會,克里夫蘭守護者,紐約大都會 @ 克里夫蘭守護者,51509239.1,360,[總分]大小 6.5,253041468.1,小 6.5,H,6.5,2.20,5,6,H,6.5,
2026-08-04,2026-08-04T21:05:16,台灣運彩,824403,3481079.1,113,2026-08-05T06:40:00+08:00,紐約大都會,克里夫蘭守護者,紐約大都會 @ 克里夫蘭守護者,51509242.1,360,[總分]大小 7.5,253041475.1,大 7.5,A,7.5,1.72,25,18,A,7.5,
2026-08-04,2026-08-04T21:05:16,台灣運彩,824403,3481079.1,113,2026-08-05T06:40:00+08:00,紐約大都會,克里夫蘭守護者,紐約大都會 @ 克里夫蘭守護者,51509242.1,360,[總分]大小 7.5,253041474.1,小 7.5,H,7.5,1.78,50,39,H,7.5,
2026-08-04,2026-08-04T21:05:16,台灣運彩,824403,3481079.1,113,2026-08-05T06:40:00+08:00,紐約大都會,克里夫蘭守護者,紐約大都會 @ 克里夫蘭守護者,51509243.1,360,[總分]大小 8.5,253041477.1,大 8.5,A,8.5,1.95,20,19,A,8.5,
2026-08-04,2026-08-04T21:05:16,台灣運彩,824403,3481079.1,113,2026-08-05T06:40:00+08:00,紐約大都會,克里夫蘭守護者,紐約大都會 @ 克里夫蘭守護者,51509243.1,360,[總分]大小 8.5,253041476.1,小 8.5,H,8.5,1.55,20,11,H,8.5,
2026-08-04,2026-08-04T21:05:16,台灣運彩,824403,3481079.1,113,2026-08-05T06:40:00+08:00,紐約大都會,克里夫蘭守護者,紐約大都會 @ 克里夫蘭守護者,51510138.1,362,克里夫蘭守護者 大小 4.5,253043939.1,大 4.5,A,4.5,1.93,100,93,A,4.5,
2026-08-04,2026-08-04T21:05:16,台灣運彩,824403,3481079.1,113,2026-08-05T06:40:00+08:00,紐約大都會,克里夫蘭守護者,紐約大都會 @ 克里夫蘭守護者,51510138.1,362,克里夫蘭守護者 大小 4.5,253043938.1,小 4.5,H,4.5,1.53,100,53,H,4.5,
2026-08-04,2026-08-04T21:05:16,台灣運彩,824403,3481079.1,113,2026-08-05T06:40:00+08:00,紐約大都會,克里夫蘭守護者,紐約大都會 @ 克里夫蘭守護者,51509244.1,363,紐約大都會 大小 3.5,253041479.1,大 3.5,A,3.5,1.82,50,41,A,3.5,
2026-08-04,2026-08-04T21:05:16,台灣運彩,824403,3481079.1,113,2026-08-05T06:40:00+08:00,紐約大都會,克里夫蘭守護者,紐約大都會 @ 克里夫蘭守護者,51509244.1,363,紐約大都會 大小 3.5,253041478.1,小 3.5,H,3.5,1.62,50,31,H,3.5,
2026-08-04,2026-08-04T21:05:16,台灣運彩,824403,3481079.1,113,2026-08-05T06:40:00+08:00,紐約大都會,克里夫蘭守護者,紐約大都會 @ 克里夫蘭守護者,51509238.1,366,[總分]單雙,253041467.1,單,,,1.48,25,12,,,
2026-08-04,2026-08-04T21:05:16,台灣運彩,824403,3481079.1,113,2026-08-05T06:40:00+08:00,紐約大都會,克里夫蘭守護者,紐約大都會 @ 克里夫蘭守護者,51509238.1,366,[總分]單雙,253041466.1,雙,,,2.00,1,1,,,
2026-08-04,2026-08-04T21:05:16,台灣運彩,824403,3481079.1,113,2026-08-05T06:40:00+08:00,紐約大都會,克里夫蘭守護者,紐約大都會 @ 克里夫蘭守護者,51509842.1,374,得分最高單局(不含延長賽),253043076.1,一樣多,,,2.25,4,5,,,
2026-08-04,2026-08-04T21:05:16,台灣運彩,824403,3481079.1,113,2026-08-05T06:40:00+08:00,紐約大都會,克里夫蘭守護者,紐約大都會 @ 克里夫蘭守護者,51509842.1,374,得分最高單局(不含延長賽),253043067.1,第1局,,,5.25,4,17,,,
2026-08-04,2026-08-04T21:05:16,台灣運彩,824403,3481079.1,113,2026-08-05T06:40:00+08:00,紐約大都會,克里夫蘭守護者,紐約大都會 @ 克里夫蘭守護者,51509842.1,374,得分最高單局(不含延長賽),253043068.1,第2局,,,6.25,4,21,,,
2026-08-04,2026-08-04T21:05:16,台灣運彩,824403,3481079.1,113,2026-08-05T06:40:00+08:00,紐約大都會,克里夫蘭守護者,紐約大都會 @ 克里夫蘭守護者,51509842.1,374,得分最高單局(不含延長賽),253043069.1,第3局,,,5.65,20,93,,,
2026-08-04,2026-08-04T21:05:16,台灣運彩,824403,3481079.1,113,2026-08-05T06:40:00+08:00,紐約大都會,克里夫蘭守護者,紐約大都會 @ 克里夫蘭守護者,51509842.1,374,得分最高單局(不含延長賽),253043070.1,第4局,,,6.00,1,5,,,
2026-08-04,2026-08-04T21:05:16,台灣運彩,824403,3481079.1,113,2026-08-05T06:40:00+08:00,紐約大都會,克里夫蘭守護者,紐約大都會 @ 克里夫蘭守護者,51509842.1,374,得分最高單局(不含延長賽),253043071.1,第5局,,,5.85,20,97,,,
2026-08-04,2026-08-04T21:05:16,台灣運彩,824403,3481079.1,113,2026-08-05T06:40:00+08:00,紐約大都會,克里夫蘭守護者,紐約大都會 @ 克里夫蘭守護者,51509842.1,374,得分最高單局(不含延長賽),253043072.1,第6局,,,6.00,1,5,,,
2026-08-04,2026-08-04T21:05:16,台灣運彩,824403,3481079.1,113,2026-08-05T06:40:00+08:00,紐約大都會,克里夫蘭守護者,紐約大都會 @ 克里夫蘭守護者,51509842.1,374,得分最高單局(不含延長賽),253043073.1,第7局,,,6.25,4,21,,,
2026-08-04,2026-08-04T21:05:16,台灣運彩,824403,3481079.1,113,2026-08-05T06:40:00+08:00,紐約大都會,克里夫蘭守護者,紐約大都會 @ 克里夫蘭守護者,51509842.1,374,得分最高單局(不含延長賽),253043074.1,第8局,,,5.90,10,49,,,
2026-08-04,2026-08-04T21:05:16,台灣運彩,824403,3481079.1,113,2026-08-05T06:40:00+08:00,紐約大都會,克里夫蘭守護者,紐約大都會 @ 克里夫蘭守護者,51509842.1,374,得分最高單局(不含延長賽),253043075.1,第9局,,,8.00,1,7,,,
2026-08-04,2026-08-04T21:05:16,台灣運彩,824403,3481079.1,113,2026-08-05T06:40:00+08:00,紐約大都會,克里夫蘭守護者,紐約大都會 @ 克里夫蘭守護者,51509837.1,376,[1-5局] 不讓分,253043055.1,克里夫蘭守護者,H,,1.65,20,13,H,,1
2026-08-04,2026-08-04T21:05:16,台灣運彩,824403,3481079.1,113,2026-08-05T06:40:00+08:00,紐約大都會,克里夫蘭守護者,紐約大都會 @ 克里夫蘭守護者,51509837.1,376,[1-5局] 不讓分,253043057.1,紐約大都會,A,,2.15,20,23,A,,2
2026-08-04,2026-08-04T21:05:16,台灣運彩,824403,3481079.1,113,2026-08-05T06:40:00+08:00,紐約大都會,克里夫蘭守護者,紐約大都會 @ 克里夫蘭守護者,51509837.1,376,[1-5局] 不讓分,253043056.1,和局,D,,4.40,5,17,D,,
2026-08-04,2026-08-04T21:05:16,台灣運彩,824403,3481079.1,113,2026-08-05T06:40:00+08:00,紐約大都會,克里夫蘭守護者,紐約大都會 @ 克里夫蘭守護者,51509829.1,378,[1-5局] 大小 4.5,253043032.1,大 4.5,A,4.5,1.78,50,39,A,4.5,
2026-08-04,2026-08-04T21:05:16,台灣運彩,824403,3481079.1,113,2026-08-05T06:40:00+08:00,紐約大都會,克里夫蘭守護者,紐約大都會 @ 克里夫蘭守護者,51509829.1,378,[1-5局] 大小 4.5,253043031.1,小 4.5,H,4.5,1.56,25,14,H,4.5,
2026-08-04,2026-08-04T21:05:16,台灣運彩,824403,3481079.1,113,2026-08-05T06:40:00+08:00,紐約大都會,克里夫蘭守護者,紐約大都會 @ 克里夫蘭守護者,51509841.1,379,[1-5局] 克里夫蘭守護者 大小 2.5,253043066.1,大 2.5,A,2.5,1.93,100,93,A,2.5,
2026-08-04,2026-08-04T21:05:16,台灣運彩,824403,3481079.1,113,2026-08-05T06:40:00+08:00,紐約大都會,克里夫蘭守護者,紐約大都會 @ 克里夫蘭守護者,51509841.1,379,[1-5局] 克里夫蘭守護者 大小 2.5,253043065.1,小 2.5,H,2.5,1.53,100,53,H,2.5,
2026-08-04,2026-08-04T21:05:16,台灣運彩,824403,3481079.1,113,2026-08-05T06:40:00+08:00,紐約大都會,克里夫蘭守護者,紐約大都會 @ 克里夫蘭守護者,51509838.1,380,[1-5局] 紐約大都會 大小 1.5,253043059.1,大 1.5,A,1.5,1.72,25,18,A,1.5,
2026-08-04,2026-08-04T21:05:16,台灣運彩,824403,3481079.1,113,2026-08-05T06:40:00+08:00,紐約大都會,克里夫蘭守護者,紐約大都會 @ 克里夫蘭守護者,51509838.1,380,[1-5局] 紐約大都會 大小 1.5,253043058.1,小 1.5,H,1.5,1.72,25,18,H,1.5,
2026-08-04,2026-08-04T21:05:16,台灣運彩,824403,3481079.1,113,2026-08-05T06:40:00+08:00,紐約大都會,克里夫蘭守護者,紐約大都會 @ 克里夫蘭守護者,51509840.1,389,[第1局] 不讓分,253043062.1,克里夫蘭守護者,H,,2.80,5,9,H,,1
2026-08-04,2026-08-04T21:05:16,台灣運彩,824403,3481079.1,113,2026-08-05T06:40:00+08:00,紐約大都會,克里夫蘭守護者,紐約大都會 @ 克里夫蘭守護者,51509840.1,389,[第1局] 不讓分,253043064.1,紐約大都會,A,,3.70,10,27,A,,2
2026-08-04,2026-08-04T21:05:16,台灣運彩,824403,3481079.1,113,2026-08-05T06:40:00+08:00,紐約大都會,克里夫蘭守護者,紐約大都會 @ 克里夫蘭守護者,51509840.1,389,[第1局] 不讓分,253043063.1,和局,D,,1.50,2,1,D,,
2026-08-04,2026-08-04T21:05:16,台灣運彩,824403,3481079.1,113,2026-08-05T06:40:00+08:00,紐約大都會,克里夫蘭守護者,紐約大都會 @ 克里夫蘭守護者,51509839.1,398,[第1局] 大小 0.5,253043061.1,大 0.5,A,0.5,1.75,4,3,A,0.5,
2026-08-04,2026-08-04T21:05:16,台灣運彩,824403,3481079.1,113,2026-08-05T06:40:00+08:00,紐約大都會,克里夫蘭守護者,紐約大都會 @ 克里夫蘭守護者,51509839.1,398,[第1局] 大小 0.5,253043060.1,小 0.5,H,0.5,1.58,50,29,H,0.5,
2026-08-04,2026-08-04T21:05:16,台灣運彩,824484,3481080.1,118,2026-08-05T06:40:00+08:00,運動家,辛辛那提紅人,運動家 @ 辛辛那提紅人,51509248.1,354,不讓分,253041489.1,辛辛那堤紅人,H,,1.55,20,11,H,,1
2026-08-04,2026-08-04T21:05:16,台灣運彩,824484,3481080.1,118,2026-08-05T06:40:00+08:00,運動家,辛辛那提紅人,運動家 @ 辛辛那提紅人,51509248.1,354,不讓分,253041492.1,運動家,A,,1.95,20,19,A,,2
2026-08-04,2026-08-04T21:05:16,台灣運彩,824484,3481080.1,118,2026-08-05T06:40:00+08:00,運動家,辛辛那提紅人,運動家 @ 辛辛那提紅人,51509259.1,357,勝分差,253041512.1,辛辛那堤紅人 1 分,H,,4.10,10,31,H,,
2026-08-04,2026-08-04T21:05:16,台灣運彩,824484,3481080.1,118,2026-08-05T06:40:00+08:00,運動家,辛辛那提紅人,運動家 @ 辛辛那提紅人,51509259.1,357,勝分差,253041513.1,辛辛那堤紅人 2 分,H,,7.00,1,6,H,,
2026-08-04,2026-08-04T21:05:16,台灣運彩,824484,3481080.1,118,2026-08-05T06:40:00+08:00,運動家,辛辛那提紅人,運動家 @ 辛辛那提紅人,51509259.1,357,勝分差,253041514.1,辛辛那堤紅人 > 2分,H,,2.40,5,7,H,,
2026-08-04,2026-08-04T21:05:16,台灣運彩,824484,3481080.1,118,2026-08-05T06:40:00+08:00,運動家,辛辛那提紅人,運動家 @ 辛辛那提紅人,51509259.1,357,勝分差,253041515.1,運動家 1 分,A,,6.25,4,21,A,,
2026-08-04,2026-08-04T21:05:16,台灣運彩,824484,3481080.1,118,2026-08-05T06:40:00+08:00,運動家,辛辛那提紅人,運動家 @ 辛辛那提紅人,51509259.1,357,勝分差,253041516.1,運動家 2 分,A,,7.75,4,27,A,,
2026-08-04,2026-08-04T21:05:16,台灣運彩,824484,3481080.1,118,2026-08-05T06:40:00+08:00,運動家,辛辛那提紅人,運動家 @ 辛辛那提紅人,51509259.1,357,勝分差,253041517.1,運動家 > 2分,A,,2.80,5,9,A,,
2026-08-04,2026-08-04T21:05:16,台灣運彩,824484,3481080.1,118,2026-08-05T06:40:00+08:00,運動家,辛辛那提紅人,運動家 @ 辛辛那提紅人,51509254.1,358,讓分 -2.5,253041502.1,辛辛那堤紅人 -2.5,H,-2.5,2.50,2,3,H,-2.5,1
2026-08-04,2026-08-04T21:05:16,台灣運彩,824484,3481080.1,118,2026-08-05T06:40:00+08:00,運動家,辛辛那提紅人,運動家 @ 辛辛那提紅人,51509254.1,358,讓分 -2.5,253041503.1,運動家 +2.5,A,-2.5,1.32,25,8,A,-2.5,2
2026-08-04,2026-08-04T21:05:16,台灣運彩,824484,3481080.1,118,2026-08-05T06:40:00+08:00,運動家,辛辛那提紅人,運動家 @ 辛辛那提紅人,51509255.1,358,讓分 -1.5,253041504.1,辛辛那堤紅人 -1.5,H,-1.5,2.05,20,21,H,-1.5,1
2026-08-04,2026-08-04T21:05:16,台灣運彩,824484,3481080.1,118,2026-08-05T06:40:00+08:00,運動家,辛辛那提紅人,運動家 @ 辛辛那提紅人,51509255.1,358,讓分 -1.5,253041505.1,運動家 +1.5,A,-1.5,1.48,25,12,A,-1.5,2
2026-08-04,2026-08-04T21:05:16,台灣運彩,824484,3481080.1,118,2026-08-05T06:40:00+08:00,運動家,辛辛那提紅人,運動家 @ 辛辛那提紅人,51509252.1,360,[總分]大小 9.5,253041499.1,大 9.5,A,9.5,1.84,25,21,A,9.5,
2026-08-04,2026-08-04T21:05:16,台灣運彩,824484,3481080.1,118,2026-08-05T06:40:00+08:00,運動家,辛辛那提紅人,運動家 @ 辛辛那提紅人,51509252.1,360,[總分]大小 9.5,253041498.1,小 9.5,H,9.5,1.66,50,33,H,9.5,
2026-08-04,2026-08-04T21:05:16,台灣運彩,824484,3481080.1,118,2026-08-05T06:40:00+08:00,運動家,辛辛那提紅人,運動家 @ 辛辛那提紅人,51509253.1,360,[總分]大小 8.5,253041501.1,大 8.5,A,8.5,1.53,100,53,A,8.5,
2026-08-04,2026-08-04T21:05:16,台灣運彩,824484,3481080.1,118,2026-08-05T06:40:00+08:00,運動家,辛辛那提紅人,運動家 @ 辛辛那提紅人,51509253.1,360,[總分]大小 8.5,253041500.1,小 8.5,H,8.5,1.97,100,97,H,8.5,
2026-08-04,2026-08-04T21:05:16,台灣運彩,824484,3481080.1,118,2026-08-05T06:40:00+08:00,運動家,辛辛那提紅人,運動家 @ 辛辛那提紅人,51509257.1,360,[總分]大小 10.5,253041509.1,大 10.5,A,10.5,2.07,100,107,A,10.5,
2026-08-04,2026-08-04T21:05:16,台灣運彩,824484,3481080.1,118,2026-08-05T06:40:00+08:00,運動家,辛辛那提紅人,運動家 @ 辛辛那提紅人,51509257.1,360,[總分]大小 10.5,253041508.1,小 10.5,H,10.5,1.46,50,23,H,10.5,
2026-08-04,2026-08-04T21:05:16,台灣運彩,824484,3481080.1,118,2026-08-05T06:40:00+08:00,運動家,辛辛那提紅人,運動家 @ 辛辛那提紅人,51509256.1,362,辛辛那堤紅人 大小 4.5,253041507.1,大 4.5,A,4.5,1.68,25,17,A,4.5,
2026-08-04,2026-08-04T21:05:16,台灣運彩,824484,3481080.1,118,2026-08-05T06:40:00+08:00,運動家,辛辛那提紅人,運動家 @ 辛辛那提紅人,51509256.1,362,辛辛那堤紅人 大小 4.5,253041506.1,小 4.5,H,4.5,1.75,4,3,H,4.5,
2026-08-04,2026-08-04T21:05:16,台灣運彩,824484,3481080.1,118,2026-08-05T06:40:00+08:00,運動家,辛辛那提紅人,運動家 @ 辛辛那提紅人,51509258.1,363,運動家 大小 4.5,253041511.1,大 4.5,A,4.5,1.82,50,41,A,4.5,
2026-08-04,2026-08-04T21:05:16,台灣運彩,824484,3481080.1,118,2026-08-05T06:40:00+08:00,運動家,辛辛那提紅人,運動家 @ 辛辛那提紅人,51509258.1,363,運動家 大小 4.5,253041510.1,小 4.5,H,4.5,1.62,50,31,H,4.5,
2026-08-04,2026-08-04T21:05:16,台灣運彩,824484,3481080.1,118,2026-08-05T06:40:00+08:00,運動家,辛辛那提紅人,運動家 @ 辛辛那提紅人,51509250.1,366,[總分]單雙,253041495.1,單,,,1.48,25,12,,,
2026-08-04,2026-08-04T21:05:16,台灣運彩,824484,3481080.1,118,2026-08-05T06:40:00+08:00,運動家,辛辛那提紅人,運動家 @ 辛辛那提紅人,51509250.1,366,[總分]單雙,253041494.1,雙,,,2.00,1,1,,,
2026-08-04,2026-08-04T21:05:16,台灣運彩,824484,3481080.1,118,2026-08-05T06:40:00+08:00,運動家,辛辛那提紅人,運動家 @ 辛辛那提紅人,51509836.1,374,得分最高單局(不含延長賽),253043054.1,一樣多,,,2.30,10,13,,,
2026-08-04,2026-08-04T21:05:16,台灣運彩,824484,3481080.1,118,2026-08-05T06:40:00+08:00,運動家,辛辛那提紅人,運動家 @ 辛辛那提紅人,51509836.1,374,得分最高單局(不含延長賽),253043045.1,第1局,,,6.00,1,5,,,
2026-08-04,2026-08-04T21:05:16,台灣運彩,824484,3481080.1,118,2026-08-05T06:40:00+08:00,運動家,辛辛那提紅人,運動家 @ 辛辛那提紅人,51509836.1,374,得分最高單局(不含延長賽),253043046.1,第2局,,,7.00,1,6,,,
2026-08-04,2026-08-04T21:05:16,台灣運彩,824484,3481080.1,118,2026-08-05T06:40:00+08:00,運動家,辛辛那提紅人,運動家 @ 辛辛那提紅人,51509836.1,374,得分最高單局(不含延長賽),253043047.1,第3局,,,6.25,4,21,,,
2026-08-04,2026-08-04T21:05:16,台灣運彩,824484,3481080.1,118,2026-08-05T06:40:00+08:00,運動家,辛辛那提紅人,運動家 @ 辛辛那提紅人,51509836.1,374,得分最高單局(不含延長賽),253043048.1,第4局,,,6.75,4,23,,,
2026-08-04,2026-08-04T21:05:16,台灣運彩,824484,3481080.1,118,2026-08-05T06:40:00+08:00,運動家,辛辛那提紅人,運動家 @ 辛辛那提紅人,51509836.1,374,得分最高單局(不含延長賽),253043049.1,第5局,,,6.50,2,11,,,
2026-08-04,2026-08-04T21:05:16,台灣運彩,824484,3481080.1,118,2026-08-05T06:40:00+08:00,運動家,辛辛那提紅人,運動家 @ 辛辛那提紅人,51509836.1,374,得分最高單局(不含延長賽),253043050.1,第6局,,,5.15,20,83,,,
2026-08-04,2026-08-04T21:05:16,台灣運彩,824484,3481080.1,118,2026-08-05T06:40:00+08:00,運動家,辛辛那提紅人,運動家 @ 辛辛那提紅人,51509836.1,374,得分最高單局(不含延長賽),253043051.1,第7局,,,5.25,4,17,,,
2026-08-04,2026-08-04T21:05:16,台灣運彩,824484,3481080.1,118,2026-08-05T06:40:00+08:00,運動家,辛辛那提紅人,運動家 @ 辛辛那提紅人,51509836.1,374,得分最高單局(不含延長賽),253043052.1,第8局,,,5.25,4,17,,,
2026-08-04,2026-08-04T21:05:16,台灣運彩,824484,3481080.1,118,2026-08-05T06:40:00+08:00,運動家,辛辛那提紅人,運動家 @ 辛辛那提紅人,51509836.1,374,得分最高單局(不含延長賽),253043053.1,第9局,,,8.00,1,7,,,
2026-08-04,2026-08-04T21:05:16,台灣運彩,824484,3481080.1,118,2026-08-05T06:40:00+08:00,運動家,辛辛那提紅人,運動家 @ 辛辛那提紅人,51509831.1,376,[1-5局] 不讓分,253043033.1,辛辛那堤紅人,H,,1.70,10,7,H,,1
2026-08-04,2026-08-04T21:05:16,台灣運彩,824484,3481080.1,118,2026-08-05T06:40:00+08:00,運動家,辛辛那提紅人,運動家 @ 辛辛那提紅人,51509831.1,376,[1-5局] 不讓分,253043035.1,運動家,A,,2.00,1,1,A,,2
2026-08-04,2026-08-04T21:05:16,台灣運彩,824484,3481080.1,118,2026-08-05T06:40:00+08:00,運動家,辛辛那提紅人,運動家 @ 辛辛那提紅人,51509831.1,376,[1-5局] 不讓分,253043034.1,和局,D,,4.70,10,37,D,,
2026-08-04,2026-08-04T21:05:16,台灣運彩,824484,3481080.1,118,2026-08-05T06:40:00+08:00,運動家,辛辛那提紅人,運動家 @ 辛辛那提紅人,51509830.1,378,[1-5局] 大小 4.5,253043030.1,大 4.5,A,4.5,1.63,100,63,A,4.5,
2026-08-04,2026-08-04T21:05:16,台灣運彩,824484,3481080.1,118,2026-08-05T06:40:00+08:00,運動家,辛辛那提紅人,運動家 @ 辛辛那提紅人,51509830.1,378,[1-5局] 大小 4.5,253043029.1,小 4.5,H,4.5,1.70,10,7,H,4.5,
2026-08-04,2026-08-04T21:05:16,台灣運彩,824484,3481080.1,118,2026-08-05T06:40:00+08:00,運動家,辛辛那提紅人,運動家 @ 辛辛那提紅人,51509835.1,379,[1-5局] 辛辛那堤紅人 大小 2.5,253043044.1,大 2.5,A,2.5,1.86,50,43,A,2.5,
2026-08-04,2026-08-04T21:05:16,台灣運彩,824484,3481080.1,118,2026-08-05T06:40:00+08:00,運動家,辛辛那提紅人,運動家 @ 辛辛那提紅人,51509835.1,379,[1-5局] 辛辛那堤紅人 大小 2.5,253043043.1,小 2.5,H,2.5,1.58,50,29,H,2.5,
2026-08-04,2026-08-04T21:05:16,台灣運彩,824484,3481080.1,118,2026-08-05T06:40:00+08:00,運動家,辛辛那提紅人,運動家 @ 辛辛那提紅人,51509834.1,380,[1-5局] 運動家 大小 1.5,253043042.1,大 1.5,A,1.5,1.56,25,14,A,1.5,
2026-08-04,2026-08-04T21:05:16,台灣運彩,824484,3481080.1,118,2026-08-05T06:40:00+08:00,運動家,辛辛那提紅人,運動家 @ 辛辛那提紅人,51509834.1,380,[1-5局] 運動家 大小 1.5,253043041.1,小 1.5,H,1.5,1.88,25,22,H,1.5,
2026-08-04,2026-08-04T21:05:16,台灣運彩,824484,3481080.1,118,2026-08-05T06:40:00+08:00,運動家,辛辛那提紅人,運動家 @ 辛辛那提紅人,51509832.1,389,[第1局] 不讓分,253043036.1,辛辛那堤紅人,H,,2.80,5,9,H,,1
2026-08-04,2026-08-04T21:05:16,台灣運彩,824484,3481080.1,118,2026-08-05T06:40:00+08:00,運動家,辛辛那提紅人,運動家 @ 辛辛那提紅人,51509832.1,389,[第1局] 不讓分,253043038.1,運動家,A,,3.40,5,12,A,,2
2026-08-04,2026-08-04T21:05:16,台灣運彩,824484,3481080.1,118,2026-08-05T06:40:00+08:00,運動家,辛辛那提紅人,運動家 @ 辛辛那提紅人,51509832.1,389,[第1局] 不讓分,253043037.1,和局,D,,1.55,20,11,D,,
2026-08-04,2026-08-04T21:05:16,台灣運彩,824484,3481080.1,118,2026-08-05T06:40:00+08:00,運動家,辛辛那提紅人,運動家 @ 辛辛那提紅人,51509833.1,398,[第1局] 大小 0.5,253043040.1,大 0.5,A,0.5,1.68,25,17,A,0.5,
2026-08-04,2026-08-04T21:05:16,台灣運彩,824484,3481080.1,118,2026-08-05T06:40:00+08:00,運動家,辛辛那提紅人,運動家 @ 辛辛那提紅人,51509833.1,398,[第1局] 大小 0.5,253043039.1,小 0.5,H,0.5,1.65,20,13,H,0.5,
2026-08-04,2026-08-04T21:05:16,台灣運彩,823517,3481083.1,121,2026-08-05T07:05:00+08:00,聖路易紅雀,紐約洋基,聖路易紅雀 @ 紐約洋基,51509321.1,354,不讓分,253041657.1,紐約洋基,H,,1.36,25,9,H,,1
2026-08-04,2026-08-04T21:05:16,台灣運彩,823517,3481083.1,121,2026-08-05T07:05:00+08:00,聖路易紅雀,紐約洋基,聖路易紅雀 @ 紐約洋基,51509321.1,354,不讓分,253041658.1,聖路易紅雀,A,,2.40,5,7,A,,2
2026-08-04,2026-08-04T21:05:16,台灣運彩,823517,3481083.1,121,2026-08-05T07:05:00+08:00,聖路易紅雀,紐約洋基,聖路易紅雀 @ 紐約洋基,51509330.1,357,勝分差,253041675.1,紐約洋基 1 分,H,,3.85,20,57,H,,
2026-08-04,2026-08-04T21:05:16,台灣運彩,823517,3481083.1,121,2026-08-05T07:05:00+08:00,聖路易紅雀,紐約洋基,聖路易紅雀 @ 紐約洋基,51509330.1,357,勝分差,253041676.1,紐約洋基 2 分,H,,6.00,1,5,H,,
2026-08-04,2026-08-04T21:05:16,台灣運彩,823517,3481083.1,121,2026-08-05T07:05:00+08:00,聖路易紅雀,紐約洋基,聖路易紅雀 @ 紐約洋基,51509330.1,357,勝分差,253041677.1,紐約洋基 > 2分,H,,2.00,1,1,H,,
2026-08-04,2026-08-04T21:05:16,台灣運彩,823517,3481083.1,121,2026-08-05T07:05:00+08:00,聖路易紅雀,紐約洋基,聖路易紅雀 @ 紐約洋基,51509330.1,357,勝分差,253041678.1,聖路易紅雀 1 分,A,,6.25,4,21,A,,
2026-08-04,2026-08-04T21:05:16,台灣運彩,823517,3481083.1,121,2026-08-05T07:05:00+08:00,聖路易紅雀,紐約洋基,聖路易紅雀 @ 紐約洋基,51509330.1,357,勝分差,253041679.1,聖路易紅雀 2 分,A,,9.00,1,8,A,,
2026-08-04,2026-08-04T21:05:16,台灣運彩,823517,3481083.1,121,2026-08-05T07:05:00+08:00,聖路易紅雀,紐約洋基,聖路易紅雀 @ 紐約洋基,51509330.1,357,勝分差,253041680.1,聖路易紅雀 > 2分,A,,4.10,10,31,A,,
2026-08-04,2026-08-04T21:05:16,台灣運彩,823517,3481083.1,121,2026-08-05T07:05:00+08:00,聖路易紅雀,紐約洋基,聖路易紅雀 @ 紐約洋基,51509323.1,358,讓分 -2.5,253041661.1,紐約洋基 -2.5,H,-2.5,2.15,20,23,H,-2.5,1
2026-08-04,2026-08-04T21:05:16,台灣運彩,823517,3481083.1,121,2026-08-05T07:05:00+08:00,聖路易紅雀,紐約洋基,聖路易紅雀 @ 紐約洋基,51509323.1,358,讓分 -2.5,253041662.1,聖路易紅雀 +2.5,A,-2.5,1.43,100,43,A,-2.5,2
2026-08-04,2026-08-04T21:05:16,台灣運彩,823517,3481083.1,121,2026-08-05T07:05:00+08:00,聖路易紅雀,紐約洋基,聖路易紅雀 @ 紐約洋基,51509331.1,358,讓分 -1.5,253041681.1,紐約洋基 -1.5,H,-1.5,1.79,100,79,H,-1.5,1
2026-08-04,2026-08-04T21:05:16,台灣運彩,823517,3481083.1,121,2026-08-05T07:05:00+08:00,聖路易紅雀,紐約洋基,聖路易紅雀 @ 紐約洋基,51509331.1,358,讓分 -1.5,253041682.1,聖路易紅雀 +1.5,A,-1.5,1.71,100,71,A,-1.5,2
2026-08-04,2026-08-04T21:05:16,台灣運彩,823517,3481083.1,121,2026-08-05T07:05:00+08:00,聖路易紅雀,紐約洋基,聖路易紅雀 @ 紐約洋基,51509324.1,360,[總分]大小 8.5,253041664.1,大 8.5,A,8.5,1.84,25,21,A,8.5,
2026-08-04,2026-08-04T21:05:16,台灣運彩,823517,3481083.1,121,2026-08-05T07:05:00+08:00,聖路易紅雀,紐約洋基,聖路易紅雀 @ 紐約洋基,51509324.1,360,[總分]大小 8.5,253041663.1,小 8.5,H,8.5,1.66,50,33,H,8.5,
2026-08-04,2026-08-04T21:05:16,台灣運彩,823517,3481083.1,121,2026-08-05T07:05:00+08:00,聖路易紅雀,紐約洋基,聖路易紅雀 @ 紐約洋基,51509325.1,360,[總分]大小 7.5,253041666.1,大 7.5,A,7.5,1.60,5,3,A,7.5,
2026-08-04,2026-08-04T21:05:16,台灣運彩,823517,3481083.1,121,2026-08-05T07:05:00+08:00,聖路易紅雀,紐約洋基,聖路易紅雀 @ 紐約洋基,51509325.1,360,[總分]大小 7.5,253041665.1,小 7.5,H,7.5,1.90,10,9,H,7.5,
2026-08-04,2026-08-04T21:05:16,台灣運彩,823517,3481083.1,121,2026-08-05T07:05:00+08:00,聖路易紅雀,紐約洋基,聖路易紅雀 @ 紐約洋基,51509329.1,360,[總分]大小 9.5,253041674.1,大 9.5,A,9.5,2.20,5,6,A,9.5,
2026-08-04,2026-08-04T21:05:16,台灣運彩,823517,3481083.1,121,2026-08-05T07:05:00+08:00,聖路易紅雀,紐約洋基,聖路易紅雀 @ 紐約洋基,51509329.1,360,[總分]大小 9.5,253041673.1,小 9.5,H,9.5,1.42,50,21,H,9.5,
2026-08-04,2026-08-04T21:05:16,台灣運彩,823517,3481083.1,121,2026-08-05T07:05:00+08:00,聖路易紅雀,紐約洋基,聖路易紅雀 @ 紐約洋基,51509327.1,362,紐約洋基 大小 4.5,253041670.1,大 4.5,A,4.5,1.68,25,17,A,4.5,
2026-08-04,2026-08-04T21:05:16,台灣運彩,823517,3481083.1,121,2026-08-05T07:05:00+08:00,聖路易紅雀,紐約洋基,聖路易紅雀 @ 紐約洋基,51509327.1,362,紐約洋基 大小 4.5,253041669.1,小 4.5,H,4.5,1.75,4,3,H,4.5,
2026-08-04,2026-08-04T21:05:16,台灣運彩,823517,3481083.1,121,2026-08-05T07:05:00+08:00,聖路易紅雀,紐約洋基,聖路易紅雀 @ 紐約洋基,51509326.1,363,聖路易紅雀 大小 3.5,253041668.1,大 3.5,A,3.5,1.93,100,93,A,3.5,
2026-08-04,2026-08-04T21:05:16,台灣運彩,823517,3481083.1,121,2026-08-05T07:05:00+08:00,聖路易紅雀,紐約洋基,聖路易紅雀 @ 紐約洋基,51509326.1,363,聖路易紅雀 大小 3.5,253041667.1,小 3.5,H,3.5,1.53,100,53,H,3.5,
2026-08-04,2026-08-04T21:05:16,台灣運彩,823517,3481083.1,121,2026-08-05T07:05:00+08:00,聖路易紅雀,紐約洋基,聖路易紅雀 @ 紐約洋基,51509322.1,366,[總分]單雙,253041660.1,單,,,1.48,25,12,,,
2026-08-04,2026-08-04T21:05:16,台灣運彩,823517,3481083.1,121,2026-08-05T07:05:00+08:00,聖路易紅雀,紐約洋基,聖路易紅雀 @ 紐約洋基,51509322.1,366,[總分]單雙,253041659.1,雙,,,2.00,1,1,,,
2026-08-04,2026-08-04T21:05:16,台灣運彩,823517,3481083.1,121,2026-08-05T07:05:00+08:00,聖路易紅雀,紐約洋基,聖路易紅雀 @ 紐約洋基,51510639.1,374,得分最高單局(不含延長賽),253045237.1,一樣多,,,2.25,4,5,,,
2026-08-04,2026-08-04T21:05:16,台灣運彩,823517,3481083.1,121,2026-08-05T07:05:00+08:00,聖路易紅雀,紐約洋基,聖路易紅雀 @ 紐約洋基,51510639.1,374,得分最高單局(不含延長賽),253045228.1,第1局,,,5.50,2,9,,,
2026-08-04,2026-08-04T21:05:16,台灣運彩,823517,3481083.1,121,2026-08-05T07:05:00+08:00,聖路易紅雀,紐約洋基,聖路易紅雀 @ 紐約洋基,51510639.1,374,得分最高單局(不含延長賽),253045229.1,第2局,,,6.50,2,11,,,
2026-08-04,2026-08-04T21:05:16,台灣運彩,823517,3481083.1,121,2026-08-05T07:05:00+08:00,聖路易紅雀,紐約洋基,聖路易紅雀 @ 紐約洋基,51510639.1,374,得分最高單局(不含延長賽),253045230.1,第3局,,,5.55,20,91,,,
2026-08-04,2026-08-04T21:05:16,台灣運彩,823517,3481083.1,121,2026-08-05T07:05:00+08:00,聖路易紅雀,紐約洋基,聖路易紅雀 @ 紐約洋基,51510639.1,374,得分最高單局(不含延長賽),253045231.1,第4局,,,6.50,2,11,,,
2026-08-04,2026-08-04T21:05:16,台灣運彩,823517,3481083.1,121,2026-08-05T07:05:00+08:00,聖路易紅雀,紐約洋基,聖路易紅雀 @ 紐約洋基,51510639.1,374,得分最高單局(不含延長賽),253045232.1,第5局,,,6.00,1,5,,,
2026-08-04,2026-08-04T21:05:16,台灣運彩,823517,3481083.1,121,2026-08-05T07:05:00+08:00,聖路易紅雀,紐約洋基,聖路易紅雀 @ 紐約洋基,51510639.1,374,得分最高單局(不含延長賽),253045233.1,第6局,,,5.65,20,93,,,
2026-08-04,2026-08-04T21:05:16,台灣運彩,823517,3481083.1,121,2026-08-05T07:05:00+08:00,聖路易紅雀,紐約洋基,聖路易紅雀 @ 紐約洋基,51510639.1,374,得分最高單局(不含延長賽),253045234.1,第7局,,,5.95,20,99,,,
2026-08-04,2026-08-04T21:05:16,台灣運彩,823517,3481083.1,121,2026-08-05T07:05:00+08:00,聖路易紅雀,紐約洋基,聖路易紅雀 @ 紐約洋基,51510639.1,374,得分最高單局(不含延長賽),253045235.1,第8局,,,5.65,20,93,,,
2026-08-04,2026-08-04T21:05:16,台灣運彩,823517,3481083.1,121,2026-08-05T07:05:00+08:00,聖路易紅雀,紐約洋基,聖路易紅雀 @ 紐約洋基,51510639.1,374,得分最高單局(不含延長賽),253045236.1,第9局,,,8.00,1,7,,,
2026-08-04,2026-08-04T21:05:16,台灣運彩,823517,3481083.1,121,2026-08-05T07:05:00+08:00,聖路易紅雀,紐約洋基,聖路易紅雀 @ 紐約洋基,51510636.1,376,[1-5局] 不讓分,253045221.1,紐約洋基,H,,1.50,2,1,H,,1
2026-08-04,2026-08-04T21:05:16,台灣運彩,823517,3481083.1,121,2026-08-05T07:05:00+08:00,聖路易紅雀,紐約洋基,聖路易紅雀 @ 紐約洋基,51510636.1,376,[1-5局] 不讓分,253045223.1,聖路易紅雀,A,,2.45,20,29,A,,2
2026-08-04,2026-08-04T21:05:16,台灣運彩,823517,3481083.1,121,2026-08-05T07:05:00+08:00,聖路易紅雀,紐約洋基,聖路易紅雀 @ 紐約洋基,51510636.1,376,[1-5局] 不讓分,253045222.1,和局,D,,4.60,5,18,D,,
2026-08-04,2026-08-04T21:05:16,台灣運彩,823517,3481083.1,121,2026-08-05T07:05:00+08:00,聖路易紅雀,紐約洋基,聖路易紅雀 @ 紐約洋基,51510638.1,378,[1-5局] 大小 4.5,253045227.1,大 4.5,A,4.5,1.71,100,71,A,4.5,
2026-08-04,2026-08-04T21:05:16,台灣運彩,823517,3481083.1,121,2026-08-05T07:05:00+08:00,聖路易紅雀,紐約洋基,聖路易紅雀 @ 紐約洋基,51510638.1,378,[1-5局] 大小 4.5,253045226.1,小 4.5,H,4.5,1.62,50,31,H,4.5,
2026-08-04,2026-08-04T21:05:16,台灣運彩,823517,3481083.1,121,2026-08-05T07:05:00+08:00,聖路易紅雀,紐約洋基,聖路易紅雀 @ 紐約洋基,51510633.1,379,[1-5局] 紐約洋基 大小 2.5,253045215.1,大 2.5,A,2.5,1.75,4,3,A,2.5,
2026-08-04,2026-08-04T21:05:16,台灣運彩,823517,3481083.1,121,2026-08-05T07:05:00+08:00,聖路易紅雀,紐約洋基,聖路易紅雀 @ 紐約洋基,51510633.1,379,[1-5局] 紐約洋基 大小 2.5,253045214.1,小 2.5,H,2.5,1.68,25,17,H,2.5,
2026-08-04,2026-08-04T21:05:16,台灣運彩,823517,3481083.1,121,2026-08-05T07:05:00+08:00,聖路易紅雀,紐約洋基,聖路易紅雀 @ 紐約洋基,51510637.1,380,[1-5局] 聖路易紅雀 大小 1.5,253045225.1,大 1.5,A,1.5,1.82,50,41,A,1.5,
2026-08-04,2026-08-04T21:05:16,台灣運彩,823517,3481083.1,121,2026-08-05T07:05:00+08:00,聖路易紅雀,紐約洋基,聖路易紅雀 @ 紐約洋基,51510637.1,380,[1-5局] 聖路易紅雀 大小 1.5,253045224.1,小 1.5,H,1.5,1.62,50,31,H,1.5,
2026-08-04,2026-08-04T21:05:16,台灣運彩,823517,3481083.1,121,2026-08-05T07:05:00+08:00,聖路易紅雀,紐約洋基,聖路易紅雀 @ 紐約洋基,51510634.1,389,[第1局] 不讓分,253045216.1,紐約洋基,H,,2.50,2,3,H,,1
2026-08-04,2026-08-04T21:05:16,台灣運彩,823517,3481083.1,121,2026-08-05T07:05:00+08:00,聖路易紅雀,紐約洋基,聖路易紅雀 @ 紐約洋基,51510634.1,389,[第1局] 不讓分,253045218.1,聖路易紅雀,A,,4.15,20,63,A,,2
2026-08-04,2026-08-04T21:05:16,台灣運彩,823517,3481083.1,121,2026-08-05T07:05:00+08:00,聖路易紅雀,紐約洋基,聖路易紅雀 @ 紐約洋基,51510634.1,389,[第1局] 不讓分,253045217.1,和局,D,,1.50,2,1,D,,
2026-08-04,2026-08-04T21:05:16,台灣運彩,823517,3481083.1,121,2026-08-05T07:05:00+08:00,聖路易紅雀,紐約洋基,聖路易紅雀 @ 紐約洋基,51510635.1,398,[第1局] 大小 0.5,253045220.1,大 0.5,A,0.5,1.71,100,71,A,0.5,
2026-08-04,2026-08-04T21:05:16,台灣運彩,823517,3481083.1,121,2026-08-05T07:05:00+08:00,聖路易紅雀,紐約洋基,聖路易紅雀 @ 紐約洋基,51510635.1,398,[第1局] 大小 0.5,253045219.1,小 0.5,H,0.5,1.62,50,31,H,0.5,
2026-08-04,2026-08-04T21:05:16,台灣運彩,824731,3481084.1,122,2026-08-05T07:10:00+08:00,芝加哥白襪,波士頓紅襪,芝加哥白襪 @ 波士頓紅襪,51509334.1,354,不讓分,253041687.1,波士頓紅襪,H,,1.56,25,14,H,,1
2026-08-04,2026-08-04T21:05:16,台灣運彩,824731,3481084.1,122,2026-08-05T07:10:00+08:00,芝加哥白襪,波士頓紅襪,芝加哥白襪 @ 波士頓紅襪,51509334.1,354,不讓分,253041688.1,芝加哥白襪,A,,1.94,50,47,A,,2
2026-08-04,2026-08-04T21:05:16,台灣運彩,824731,3481084.1,122,2026-08-05T07:10:00+08:00,芝加哥白襪,波士頓紅襪,芝加哥白襪 @ 波士頓紅襪,51509337.1,357,勝分差,253041693.1,波士頓紅襪 1 分,H,,4.05,20,61,H,,
2026-08-04,2026-08-04T21:05:16,台灣運彩,824731,3481084.1,122,2026-08-05T07:10:00+08:00,芝加哥白襪,波士頓紅襪,芝加哥白襪 @ 波士頓紅襪,51509337.1,357,勝分差,253041694.1,波士頓紅襪 2 分,H,,7.00,1,6,H,,
2026-08-04,2026-08-04T21:05:16,台灣運彩,824731,3481084.1,122,2026-08-05T07:10:00+08:00,芝加哥白襪,波士頓紅襪,芝加哥白襪 @ 波士頓紅襪,51509337.1,357,勝分差,253041695.1,波士頓紅襪 > 2分,H,,2.45,20,29,H,,
2026-08-04,2026-08-04T21:05:16,台灣運彩,824731,3481084.1,122,2026-08-05T07:10:00+08:00,芝加哥白襪,波士頓紅襪,芝加哥白襪 @ 波士頓紅襪,51509337.1,357,勝分差,253041696.1,芝加哥白襪 1 分,A,,5.95,20,99,A,,
2026-08-04,2026-08-04T21:05:16,台灣運彩,824731,3481084.1,122,2026-08-05T07:10:00+08:00,芝加哥白襪,波士頓紅襪,芝加哥白襪 @ 波士頓紅襪,51509337.1,357,勝分差,253041697.1,芝加哥白襪 2 分,A,,7.50,2,13,A,,
2026-08-04,2026-08-04T21:05:16,台灣運彩,824731,3481084.1,122,2026-08-05T07:10:00+08:00,芝加哥白襪,波士頓紅襪,芝加哥白襪 @ 波士頓紅襪,51509337.1,357,勝分差,253041698.1,芝加哥白襪 > 2分,A,,2.90,10,19,A,,
2026-08-04,2026-08-04T21:05:16,台灣運彩,824731,3481084.1,122,2026-08-05T07:10:00+08:00,芝加哥白襪,波士頓紅襪,芝加哥白襪 @ 波士頓紅襪,51509336.1,358,讓分 -1.5,253041691.1,波士頓紅襪 -1.5,H,-1.5,2.10,10,11,H,-1.5,1
2026-08-04,2026-08-04T21:05:16,台灣運彩,824731,3481084.1,122,2026-08-05T07:10:00+08:00,芝加哥白襪,波士頓紅襪,芝加哥白襪 @ 波士頓紅襪,51509336.1,358,讓分 -1.5,253041692.1,芝加哥白襪 +1.5,A,-1.5,1.45,20,9,A,-1.5,2
2026-08-04,2026-08-04T21:05:16,台灣運彩,824731,3481084.1,122,2026-08-05T07:10:00+08:00,芝加哥白襪,波士頓紅襪,芝加哥白襪 @ 波士頓紅襪,51509338.1,360,[總分]大小 9.5,253041700.1,大 9.5,A,9.5,1.88,25,22,A,9.5,
2026-08-04,2026-08-04T21:05:16,台灣運彩,824731,3481084.1,122,2026-08-05T07:10:00+08:00,芝加哥白襪,波士頓紅襪,芝加哥白襪 @ 波士頓紅襪,51509338.1,360,[總分]大小 9.5,253041699.1,小 9.5,H,9.5,1.62,50,31,H,9.5,
2026-08-04,2026-08-04T21:05:16,台灣運彩,824731,3481084.1,122,2026-08-05T07:10:00+08:00,芝加哥白襪,波士頓紅襪,芝加哥白襪 @ 波士頓紅襪,51510346.1,360,[總分]大小 8.5,253044426.1,大 8.5,A,8.5,1.62,50,31,A,8.5,
2026-08-04,2026-08-04T21:05:16,台灣運彩,824731,3481084.1,122,2026-08-05T07:10:00+08:00,芝加哥白襪,波士頓紅襪,芝加哥白襪 @ 波士頓紅襪,51510346.1,360,[總分]大小 8.5,253044425.1,小 8.5,H,8.5,1.88,25,22,H,8.5,
2026-08-04,2026-08-04T21:05:16,台灣運彩,824731,3481084.1,122,2026-08-05T07:10:00+08:00,芝加哥白襪,波士頓紅襪,芝加哥白襪 @ 波士頓紅襪,51509332.1,362,波士頓紅襪 大小 4.5,253041684.1,大 4.5,A,4.5,1.73,100,73,A,4.5,
2026-08-04,2026-08-04T21:05:16,台灣運彩,824731,3481084.1,122,2026-08-05T07:10:00+08:00,芝加哥白襪,波士頓紅襪,芝加哥白襪 @ 波士頓紅襪,51509332.1,362,波士頓紅襪 大小 4.5,253041683.1,小 4.5,H,4.5,1.70,10,7,H,4.5,
2026-08-04,2026-08-04T21:05:16,台灣運彩,824731,3481084.1,122,2026-08-05T07:10:00+08:00,芝加哥白襪,波士頓紅襪,芝加哥白襪 @ 波士頓紅襪,51510817.1,363,芝加哥白襪 大小 3.5,253045863.1,大 3.5,A,3.5,1.56,25,14,A,3.5,
2026-08-04,2026-08-04T21:05:16,台灣運彩,824731,3481084.1,122,2026-08-05T07:10:00+08:00,芝加哥白襪,波士頓紅襪,芝加哥白襪 @ 波士頓紅襪,51510817.1,363,芝加哥白襪 大小 3.5,253045862.1,小 3.5,H,3.5,1.88,25,22,H,3.5,
2026-08-04,2026-08-04T21:05:16,台灣運彩,824731,3481084.1,122,2026-08-05T07:10:00+08:00,芝加哥白襪,波士頓紅襪,芝加哥白襪 @ 波士頓紅襪,51509333.1,366,[總分]單雙,253041686.1,單,,,1.45,20,9,,,
2026-08-04,2026-08-04T21:05:16,台灣運彩,824731,3481084.1,122,2026-08-05T07:10:00+08:00,芝加哥白襪,波士頓紅襪,芝加哥白襪 @ 波士頓紅襪,51509333.1,366,[總分]單雙,253041685.1,雙,,,1.95,20,19,,,
2026-08-04,2026-08-04T21:05:16,台灣運彩,824731,3481084.1,122,2026-08-05T07:10:00+08:00,芝加哥白襪,波士頓紅襪,芝加哥白襪 @ 波士頓紅襪,51510352.1,374,得分最高單局(不含延長賽),253044448.1,一樣多,,,2.35,20,27,,,
2026-08-04,2026-08-04T21:05:16,台灣運彩,824731,3481084.1,122,2026-08-05T07:10:00+08:00,芝加哥白襪,波士頓紅襪,芝加哥白襪 @ 波士頓紅襪,51510352.1,374,得分最高單局(不含延長賽),253044439.1,第1局,,,5.65,20,93,,,
2026-08-04,2026-08-04T21:05:16,台灣運彩,824731,3481084.1,122,2026-08-05T07:10:00+08:00,芝加哥白襪,波士頓紅襪,芝加哥白襪 @ 波士頓紅襪,51510352.1,374,得分最高單局(不含延長賽),253044440.1,第2局,,,6.50,2,11,,,
2026-08-04,2026-08-04T21:05:16,台灣運彩,824731,3481084.1,122,2026-08-05T07:10:00+08:00,芝加哥白襪,波士頓紅襪,芝加哥白襪 @ 波士頓紅襪,51510352.1,374,得分最高單局(不含延長賽),253044441.1,第3局,,,5.90,10,49,,,
2026-08-04,2026-08-04T21:05:16,台灣運彩,824731,3481084.1,122,2026-08-05T07:10:00+08:00,芝加哥白襪,波士頓紅襪,芝加哥白襪 @ 波士頓紅襪,51510352.1,374,得分最高單局(不含延長賽),253044442.1,第4局,,,6.75,4,23,,,
2026-08-04,2026-08-04T21:05:16,台灣運彩,824731,3481084.1,122,2026-08-05T07:10:00+08:00,芝加哥白襪,波士頓紅襪,芝加哥白襪 @ 波士頓紅襪,51510352.1,374,得分最高單局(不含延長賽),253044443.1,第5局,,,4.15,20,63,,,
2026-08-04,2026-08-04T21:05:16,台灣運彩,824731,3481084.1,122,2026-08-05T07:10:00+08:00,芝加哥白襪,波士頓紅襪,芝加哥白襪 @ 波士頓紅襪,51510352.1,374,得分最高單局(不含延長賽),253044444.1,第6局,,,6.25,4,21,,,
2026-08-04,2026-08-04T21:05:16,台灣運彩,824731,3481084.1,122,2026-08-05T07:10:00+08:00,芝加哥白襪,波士頓紅襪,芝加哥白襪 @ 波士頓紅襪,51510352.1,374,得分最高單局(不含延長賽),253044445.1,第7局,,,6.25,4,21,,,
2026-08-04,2026-08-04T21:05:16,台灣運彩,824731,3481084.1,122,2026-08-05T07:10:00+08:00,芝加哥白襪,波士頓紅襪,芝加哥白襪 @ 波士頓紅襪,51510352.1,374,得分最高單局(不含延長賽),253044446.1,第8局,,,6.25,4,21,,,
2026-08-04,2026-08-04T21:05:16,台灣運彩,824731,3481084.1,122,2026-08-05T07:10:00+08:00,芝加哥白襪,波士頓紅襪,芝加哥白襪 @ 波士頓紅襪,51510352.1,374,得分最高單局(不含延長賽),253044447.1,第9局,,,8.00,1,7,,,
2026-08-04,2026-08-04T21:05:16,台灣運彩,824731,3481084.1,122,2026-08-05T07:10:00+08:00,芝加哥白襪,波士頓紅襪,芝加哥白襪 @ 波士頓紅襪,51510348.1,376,[1-5局] 不讓分,253044429.1,波士頓紅襪,H,,1.65,20,13,H,,1
2026-08-04,2026-08-04T21:05:16,台灣運彩,824731,3481084.1,122,2026-08-05T07:10:00+08:00,芝加哥白襪,波士頓紅襪,芝加哥白襪 @ 波士頓紅襪,51510348.1,376,[1-5局] 不讓分,253044431.1,芝加哥白襪,A,,2.00,1,1,A,,2
2026-08-04,2026-08-04T21:05:16,台灣運彩,824731,3481084.1,122,2026-08-05T07:10:00+08:00,芝加哥白襪,波士頓紅襪,芝加哥白襪 @ 波士頓紅襪,51510348.1,376,[1-5局] 不讓分,253044430.1,和局,D,,4.85,20,77,D,,
2026-08-04,2026-08-04T21:05:16,台灣運彩,824731,3481084.1,122,2026-08-05T07:10:00+08:00,芝加哥白襪,波士頓紅襪,芝加哥白襪 @ 波士頓紅襪,51510351.1,378,[1-5局] 大小 4.5,253044438.1,大 4.5,A,4.5,1.58,50,29,A,4.5,
2026-08-04,2026-08-04T21:05:16,台灣運彩,824731,3481084.1,122,2026-08-05T07:10:00+08:00,芝加哥白襪,波士頓紅襪,芝加哥白襪 @ 波士頓紅襪,51510351.1,378,[1-5局] 大小 4.5,253044437.1,小 4.5,H,4.5,1.75,4,3,H,4.5,
2026-08-04,2026-08-04T21:05:16,台灣運彩,824731,3481084.1,122,2026-08-05T07:10:00+08:00,芝加哥白襪,波士頓紅襪,芝加哥白襪 @ 波士頓紅襪,51510350.1,379,[1-5局] 波士頓紅襪 大小 2.5,253044436.1,大 2.5,A,2.5,1.80,5,4,A,2.5,
2026-08-04,2026-08-04T21:05:16,台灣運彩,824731,3481084.1,122,2026-08-05T07:10:00+08:00,芝加哥白襪,波士頓紅襪,芝加哥白襪 @ 波士頓紅襪,51510350.1,379,[1-5局] 波士頓紅襪 大小 2.5,253044435.1,小 2.5,H,2.5,1.63,100,63,H,2.5,
2026-08-04,2026-08-04T21:05:16,台灣運彩,824731,3481084.1,122,2026-08-05T07:10:00+08:00,芝加哥白襪,波士頓紅襪,芝加哥白襪 @ 波士頓紅襪,51510523.1,380,[1-5局] 芝加哥白襪 大小 1.5,253044882.1,大 1.5,A,1.5,1.52,25,13,A,1.5,
2026-08-04,2026-08-04T21:05:16,台灣運彩,824731,3481084.1,122,2026-08-05T07:10:00+08:00,芝加哥白襪,波士頓紅襪,芝加哥白襪 @ 波士頓紅襪,51510523.1,380,[1-5局] 芝加哥白襪 大小 1.5,253044881.1,小 1.5,H,1.5,1.94,50,47,H,1.5,
2026-08-04,2026-08-04T21:05:16,台灣運彩,824731,3481084.1,122,2026-08-05T07:10:00+08:00,芝加哥白襪,波士頓紅襪,芝加哥白襪 @ 波士頓紅襪,51510349.1,389,[第1局] 不讓分,253044432.1,波士頓紅襪,H,,2.70,10,17,H,,1
2026-08-04,2026-08-04T21:05:16,台灣運彩,824731,3481084.1,122,2026-08-05T07:10:00+08:00,芝加哥白襪,波士頓紅襪,芝加哥白襪 @ 波士頓紅襪,51510349.1,389,[第1局] 不讓分,253044434.1,芝加哥白襪,A,,3.35,20,47,A,,2
2026-08-04,2026-08-04T21:05:16,台灣運彩,824731,3481084.1,122,2026-08-05T07:10:00+08:00,芝加哥白襪,波士頓紅襪,芝加哥白襪 @ 波士頓紅襪,51510349.1,389,[第1局] 不讓分,253044433.1,和局,D,,1.60,5,3,D,,
2026-08-04,2026-08-04T21:05:16,台灣運彩,824731,3481084.1,122,2026-08-05T07:10:00+08:00,芝加哥白襪,波士頓紅襪,芝加哥白襪 @ 波士頓紅襪,51510353.1,398,[第1局] 大小 0.5,253044450.1,大 0.5,A,0.5,1.63,100,63,A,0.5,
2026-08-04,2026-08-04T21:05:16,台灣運彩,824731,3481084.1,122,2026-08-05T07:10:00+08:00,芝加哥白襪,波士頓紅襪,芝加哥白襪 @ 波士頓紅襪,51510353.1,398,[第1局] 大小 0.5,253044449.1,小 0.5,H,0.5,1.70,10,7,H,0.5,
2026-08-04,2026-08-04T21:05:16,台灣運彩,824888,3481085.1,123,2026-08-05T07:15:00+08:00,邁阿密馬林魚,亞特蘭大勇士,邁阿密馬林魚 @ 亞特蘭大勇士,51509373.1,354,不讓分,253041769.1,亞特蘭大勇士,H,,1.48,25,12,H,,1
2026-08-04,2026-08-04T21:05:16,台灣運彩,824888,3481085.1,123,2026-08-05T07:15:00+08:00,邁阿密馬林魚,亞特蘭大勇士,邁阿密馬林魚 @ 亞特蘭大勇士,51509373.1,354,不讓分,253041770.1,邁阿密馬林魚,A,,2.05,20,21,A,,2
2026-08-04,2026-08-04T21:05:16,台灣運彩,824888,3481085.1,123,2026-08-05T07:15:00+08:00,邁阿密馬林魚,亞特蘭大勇士,邁阿密馬林魚 @ 亞特蘭大勇士,51509383.1,357,勝分差,253041789.1,亞特蘭大勇士 1 分,H,,4.10,10,31,H,,
2026-08-04,2026-08-04T21:05:16,台灣運彩,824888,3481085.1,123,2026-08-05T07:15:00+08:00,邁阿密馬林魚,亞特蘭大勇士,邁阿密馬林魚 @ 亞特蘭大勇士,51509383.1,357,勝分差,253041790.1,亞特蘭大勇士 2 分,H,,6.75,4,23,H,,
2026-08-04,2026-08-04T21:05:16,台灣運彩,824888,3481085.1,123,2026-08-05T07:15:00+08:00,邁阿密馬林魚,亞特蘭大勇士,邁阿密馬林魚 @ 亞特蘭大勇士,51509383.1,357,勝分差,253041791.1,亞特蘭大勇士 > 2分,H,,2.30,10,13,H,,
2026-08-04,2026-08-04T21:05:16,台灣運彩,824888,3481085.1,123,2026-08-05T07:15:00+08:00,邁阿密馬林魚,亞特蘭大勇士,邁阿密馬林魚 @ 亞特蘭大勇士,51509383.1,357,勝分差,253041792.1,邁阿密馬林魚 1 分,A,,6.25,4,21,A,,
2026-08-04,2026-08-04T21:05:16,台灣運彩,824888,3481085.1,123,2026-08-05T07:15:00+08:00,邁阿密馬林魚,亞特蘭大勇士,邁阿密馬林魚 @ 亞特蘭大勇士,51509383.1,357,勝分差,253041793.1,邁阿密馬林魚 2 分,A,,8.00,1,7,A,,
2026-08-04,2026-08-04T21:05:16,台灣運彩,824888,3481085.1,123,2026-08-05T07:15:00+08:00,邁阿密馬林魚,亞特蘭大勇士,邁阿密馬林魚 @ 亞特蘭大勇士,51509383.1,357,勝分差,253041794.1,邁阿密馬林魚 > 2分,A,,3.00,1,2,A,,
2026-08-04,2026-08-04T21:05:16,台灣運彩,824888,3481085.1,123,2026-08-05T07:15:00+08:00,邁阿密馬林魚,亞特蘭大勇士,邁阿密馬林魚 @ 亞特蘭大勇士,51509379.1,358,讓分 -1.5,253041781.1,亞特蘭大勇士 -1.5,H,-1.5,1.95,20,19,H,-1.5,1
2026-08-04,2026-08-04T21:05:16,台灣運彩,824888,3481085.1,123,2026-08-05T07:15:00+08:00,邁阿密馬林魚,亞特蘭大勇士,邁阿密馬林魚 @ 亞特蘭大勇士,51509379.1,358,讓分 -1.5,253041782.1,邁阿密馬林魚 +1.5,A,-1.5,1.55,20,11,A,-1.5,2
2026-08-04,2026-08-04T21:05:16,台灣運彩,824888,3481085.1,123,2026-08-05T07:15:00+08:00,邁阿密馬林魚,亞特蘭大勇士,邁阿密馬林魚 @ 亞特蘭大勇士,51509380.1,358,讓分 -2.5,253041783.1,亞特蘭大勇士 -2.5,H,-2.5,2.40,5,7,H,-2.5,1
2026-08-04,2026-08-04T21:05:16,台灣運彩,824888,3481085.1,123,2026-08-05T07:15:00+08:00,邁阿密馬林魚,亞特蘭大勇士,邁阿密馬林魚 @ 亞特蘭大勇士,51509380.1,358,讓分 -2.5,253041784.1,邁阿密馬林魚 +2.5,A,-2.5,1.36,25,9,A,-2.5,2
2026-08-04,2026-08-04T21:05:16,台灣運彩,824888,3481085.1,123,2026-08-05T07:15:00+08:00,邁阿密馬林魚,亞特蘭大勇士,邁阿密馬林魚 @ 亞特蘭大勇士,51509374.1,360,[總分]大小 9.5,253041772.1,大 9.5,A,9.5,1.84,25,21,A,9.5,
2026-08-04,2026-08-04T21:05:16,台灣運彩,824888,3481085.1,123,2026-08-05T07:15:00+08:00,邁阿密馬林魚,亞特蘭大勇士,邁阿密馬林魚 @ 亞特蘭大勇士,51509374.1,360,[總分]大小 9.5,253041771.1,小 9.5,H,9.5,1.66,50,33,H,9.5,
2026-08-04,2026-08-04T21:05:16,台灣運彩,824888,3481085.1,123,2026-08-05T07:15:00+08:00,邁阿密馬林魚,亞特蘭大勇士,邁阿密馬林魚 @ 亞特蘭大勇士,51509375.1,360,[總分]大小 10.5,253041774.1,大 10.5,A,10.5,2.07,100,107,A,10.5,
2026-08-04,2026-08-04T21:05:16,台灣運彩,824888,3481085.1,123,2026-08-05T07:15:00+08:00,邁阿密馬林魚,亞特蘭大勇士,邁阿密馬林魚 @ 亞特蘭大勇士,51509375.1,360,[總分]大小 10.5,253041773.1,小 10.5,H,10.5,1.46,50,23,H,10.5,
2026-08-04,2026-08-04T21:05:16,台灣運彩,824888,3481085.1,123,2026-08-05T07:15:00+08:00,邁阿密馬林魚,亞特蘭大勇士,邁阿密馬林魚 @ 亞特蘭大勇士,51509382.1,360,[總分]大小 8.5,253041788.1,大 8.5,A,8.5,1.53,100,53,A,8.5,
2026-08-04,2026-08-04T21:05:16,台灣運彩,824888,3481085.1,123,2026-08-05T07:15:00+08:00,邁阿密馬林魚,亞特蘭大勇士,邁阿密馬林魚 @ 亞特蘭大勇士,51509382.1,360,[總分]大小 8.5,253041787.1,小 8.5,H,8.5,1.97,100,97,H,8.5,
2026-08-04,2026-08-04T21:05:16,台灣運彩,824888,3481085.1,123,2026-08-05T07:15:00+08:00,邁阿密馬林魚,亞特蘭大勇士,邁阿密馬林魚 @ 亞特蘭大勇士,51509378.1,362,亞特蘭大勇士 大小 4.5,253041780.1,大 4.5,A,4.5,1.62,50,31,A,4.5,
2026-08-04,2026-08-04T21:05:16,台灣運彩,824888,3481085.1,123,2026-08-05T07:15:00+08:00,邁阿密馬林魚,亞特蘭大勇士,邁阿密馬林魚 @ 亞特蘭大勇士,51509378.1,362,亞特蘭大勇士 大小 4.5,253041779.1,小 4.5,H,4.5,1.82,50,41,H,4.5,
2026-08-04,2026-08-04T21:05:16,台灣運彩,824888,3481085.1,123,2026-08-05T07:15:00+08:00,邁阿密馬林魚,亞特蘭大勇士,邁阿密馬林魚 @ 亞特蘭大勇士,51509377.1,363,邁阿密馬林魚 大小 4.5,253041778.1,大 4.5,A,4.5,1.90,10,9,A,4.5,
2026-08-04,2026-08-04T21:05:16,台灣運彩,824888,3481085.1,123,2026-08-05T07:15:00+08:00,邁阿密馬林魚,亞特蘭大勇士,邁阿密馬林魚 @ 亞特蘭大勇士,51509377.1,363,邁阿密馬林魚 大小 4.5,253041777.1,小 4.5,H,4.5,1.55,20,11,H,4.5,
2026-08-04,2026-08-04T21:05:16,台灣運彩,824888,3481085.1,123,2026-08-05T07:15:00+08:00,邁阿密馬林魚,亞特蘭大勇士,邁阿密馬林魚 @ 亞特蘭大勇士,51509376.1,366,[總分]單雙,253041776.1,單,,,1.48,25,12,,,
2026-08-04,2026-08-04T21:05:16,台灣運彩,824888,3481085.1,123,2026-08-05T07:15:00+08:00,邁阿密馬林魚,亞特蘭大勇士,邁阿密馬林魚 @ 亞特蘭大勇士,51509376.1,366,[總分]單雙,253041775.1,雙,,,2.00,1,1,,,
2026-08-04,2026-08-04T21:05:16,台灣運彩,824888,3481085.1,123,2026-08-05T07:15:00+08:00,邁阿密馬林魚,亞特蘭大勇士,邁阿密馬林魚 @ 亞特蘭大勇士,51510008.1,374,得分最高單局(不含延長賽),253043576.1,一樣多,,,2.30,10,13,,,
2026-08-04,2026-08-04T21:05:16,台灣運彩,824888,3481085.1,123,2026-08-05T07:15:00+08:00,邁阿密馬林魚,亞特蘭大勇士,邁阿密馬林魚 @ 亞特蘭大勇士,51510008.1,374,得分最高單局(不含延長賽),253043567.1,第1局,,,5.30,10,43,,,
2026-08-04,2026-08-04T21:05:16,台灣運彩,824888,3481085.1,123,2026-08-05T07:15:00+08:00,邁阿密馬林魚,亞特蘭大勇士,邁阿密馬林魚 @ 亞特蘭大勇士,51510008.1,374,得分最高單局(不含延長賽),253043568.1,第2局,,,6.25,4,21,,,
2026-08-04,2026-08-04T21:05:16,台灣運彩,824888,3481085.1,123,2026-08-05T07:15:00+08:00,邁阿密馬林魚,亞特蘭大勇士,邁阿密馬林魚 @ 亞特蘭大勇士,51510008.1,374,得分最高單局(不含延長賽),253043569.1,第3局,,,5.40,5,22,,,
2026-08-04,2026-08-04T21:05:16,台灣運彩,824888,3481085.1,123,2026-08-05T07:15:00+08:00,邁阿密馬林魚,亞特蘭大勇士,邁阿密馬林魚 @ 亞特蘭大勇士,51510008.1,374,得分最高單局(不含延長賽),253043570.1,第4局,,,6.00,1,5,,,
2026-08-04,2026-08-04T21:05:16,台灣運彩,824888,3481085.1,123,2026-08-05T07:15:00+08:00,邁阿密馬林魚,亞特蘭大勇士,邁阿密馬林魚 @ 亞特蘭大勇士,51510008.1,374,得分最高單局(不含延長賽),253043571.1,第5局,,,5.70,10,47,,,
2026-08-04,2026-08-04T21:05:16,台灣運彩,824888,3481085.1,123,2026-08-05T07:15:00+08:00,邁阿密馬林魚,亞特蘭大勇士,邁阿密馬林魚 @ 亞特蘭大勇士,51510008.1,374,得分最高單局(不含延長賽),253043572.1,第6局,,,6.00,1,5,,,
2026-08-04,2026-08-04T21:05:16,台灣運彩,824888,3481085.1,123,2026-08-05T07:15:00+08:00,邁阿密馬林魚,亞特蘭大勇士,邁阿密馬林魚 @ 亞特蘭大勇士,51510008.1,374,得分最高單局(不含延長賽),253043573.1,第7局,,,6.25,4,21,,,
2026-08-04,2026-08-04T21:05:16,台灣運彩,824888,3481085.1,123,2026-08-05T07:15:00+08:00,邁阿密馬林魚,亞特蘭大勇士,邁阿密馬林魚 @ 亞特蘭大勇士,51510008.1,374,得分最高單局(不含延長賽),253043574.1,第8局,,,6.00,1,5,,,
2026-08-04,2026-08-04T21:05:16,台灣運彩,824888,3481085.1,123,2026-08-05T07:15:00+08:00,邁阿密馬林魚,亞特蘭大勇士,邁阿密馬林魚 @ 亞特蘭大勇士,51510008.1,374,得分最高單局(不含延長賽),253043575.1,第9局,,,8.00,1,7,,,
2026-08-04,2026-08-04T21:05:16,台灣運彩,824888,3481085.1,123,2026-08-05T07:15:00+08:00,邁阿密馬林魚,亞特蘭大勇士,邁阿密馬林魚 @ 亞特蘭大勇士,51510005.1,376,[1-5局] 不讓分,253043560.1,亞特蘭大勇士,H,,1.60,5,3,H,,1
2026-08-04,2026-08-04T21:05:16,台灣運彩,824888,3481085.1,123,2026-08-05T07:15:00+08:00,邁阿密馬林魚,亞特蘭大勇士,邁阿密馬林魚 @ 亞特蘭大勇士,51510005.1,376,[1-5局] 不讓分,253043562.1,邁阿密馬林魚,A,,2.05,20,21,A,,2
2026-08-04,2026-08-04T21:05:16,台灣運彩,824888,3481085.1,123,2026-08-05T07:15:00+08:00,邁阿密馬林魚,亞特蘭大勇士,邁阿密馬林魚 @ 亞特蘭大勇士,51510005.1,376,[1-5局] 不讓分,253043561.1,和局,D,,5.10,10,41,D,,
2026-08-04,2026-08-04T21:05:16,台灣運彩,824888,3481085.1,123,2026-08-05T07:15:00+08:00,邁阿密馬林魚,亞特蘭大勇士,邁阿密馬林魚 @ 亞特蘭大勇士,51510002.1,378,[1-5局] 大小 5.5,253043554.1,大 5.5,A,5.5,1.80,5,4,A,5.5,
2026-08-04,2026-08-04T21:05:16,台灣運彩,824888,3481085.1,123,2026-08-05T07:15:00+08:00,邁阿密馬林魚,亞特蘭大勇士,邁阿密馬林魚 @ 亞特蘭大勇士,51510002.1,378,[1-5局] 大小 5.5,253043553.1,小 5.5,H,5.5,1.55,20,11,H,5.5,
2026-08-04,2026-08-04T21:05:16,台灣運彩,824888,3481085.1,123,2026-08-05T07:15:00+08:00,邁阿密馬林魚,亞特蘭大勇士,邁阿密馬林魚 @ 亞特蘭大勇士,51510007.1,379,[1-5局] 亞特蘭大勇士 大小 2.5,253043566.1,大 2.5,A,2.5,1.68,25,17,A,2.5,
2026-08-04,2026-08-04T21:05:16,台灣運彩,824888,3481085.1,123,2026-08-05T07:15:00+08:00,邁阿密馬林魚,亞特蘭大勇士,邁阿密馬林魚 @ 亞特蘭大勇士,51510007.1,379,[1-5局] 亞特蘭大勇士 大小 2.5,253043565.1,小 2.5,H,2.5,1.75,4,3,H,2.5,
2026-08-04,2026-08-04T21:05:16,台灣運彩,824888,3481085.1,123,2026-08-05T07:15:00+08:00,邁阿密馬林魚,亞特蘭大勇士,邁阿密馬林魚 @ 亞特蘭大勇士,51510144.1,380,[1-5局] 邁阿密馬林魚 大小 1.5,253043951.1,大 1.5,A,1.5,1.50,2,1,A,1.5,
2026-08-04,2026-08-04T21:05:16,台灣運彩,824888,3481085.1,123,2026-08-05T07:15:00+08:00,邁阿密馬林魚,亞特蘭大勇士,邁阿密馬林魚 @ 亞特蘭大勇士,51510144.1,380,[1-5局] 邁阿密馬林魚 大小 1.5,253043950.1,小 1.5,H,1.5,1.96,25,24,H,1.5,
2026-08-04,2026-08-04T21:05:16,台灣運彩,824888,3481085.1,123,2026-08-05T07:15:00+08:00,邁阿密馬林魚,亞特蘭大勇士,邁阿密馬林魚 @ 亞特蘭大勇士,51510004.1,389,[第1局] 不讓分,253043557.1,亞特蘭大勇士,H,,2.60,5,8,H,,1
2026-08-04,2026-08-04T21:05:16,台灣運彩,824888,3481085.1,123,2026-08-05T07:15:00+08:00,邁阿密馬林魚,亞特蘭大勇士,邁阿密馬林魚 @ 亞特蘭大勇士,51510004.1,389,[第1局] 不讓分,253043559.1,邁阿密馬林魚,A,,3.35,20,47,A,,2
2026-08-04,2026-08-04T21:05:16,台灣運彩,824888,3481085.1,123,2026-08-05T07:15:00+08:00,邁阿密馬林魚,亞特蘭大勇士,邁阿密馬林魚 @ 亞特蘭大勇士,51510004.1,389,[第1局] 不讓分,253043558.1,和局,D,,1.60,5,3,D,,
2026-08-04,2026-08-04T21:05:16,台灣運彩,824888,3481085.1,123,2026-08-05T07:15:00+08:00,邁阿密馬林魚,亞特蘭大勇士,邁阿密馬林魚 @ 亞特蘭大勇士,51510006.1,398,[第1局] 大小 0.5,253043564.1,大 0.5,A,0.5,1.60,5,3,A,0.5,
2026-08-04,2026-08-04T21:05:16,台灣運彩,824888,3481085.1,123,2026-08-05T07:15:00+08:00,邁阿密馬林魚,亞特蘭大勇士,邁阿密馬林魚 @ 亞特蘭大勇士,51510006.1,398,[第1局] 大小 0.5,253043563.1,小 0.5,H,0.5,1.73,100,73,H,0.5,
2026-08-04,2026-08-04T21:05:16,台灣運彩,824084,3481088.1,125,2026-08-05T07:40:00+08:00,明尼蘇達雙城,堪薩斯市皇家,明尼蘇達雙城 @ 堪薩斯市皇家,51509442.1,354,不讓分,253041925.1,堪薩斯皇家,H,,2.00,1,1,H,,1
2026-08-04,2026-08-04T21:05:16,台灣運彩,824084,3481088.1,125,2026-08-05T07:40:00+08:00,明尼蘇達雙城,堪薩斯市皇家,明尼蘇達雙城 @ 堪薩斯市皇家,51509442.1,354,不讓分,253041926.1,明尼蘇達雙城,A,,1.50,2,1,A,,2
2026-08-04,2026-08-04T21:05:16,台灣運彩,824084,3481088.1,125,2026-08-05T07:40:00+08:00,明尼蘇達雙城,堪薩斯市皇家,明尼蘇達雙城 @ 堪薩斯市皇家,51509450.1,357,勝分差,253041941.1,堪薩斯皇家 1 分,H,,4.35,20,67,H,,
2026-08-04,2026-08-04T21:05:16,台灣運彩,824084,3481088.1,125,2026-08-05T07:40:00+08:00,明尼蘇達雙城,堪薩斯市皇家,明尼蘇達雙城 @ 堪薩斯市皇家,51509450.1,357,勝分差,253041942.1,堪薩斯皇家 2 分,H,,8.25,4,29,H,,
2026-08-04,2026-08-04T21:05:16,台灣運彩,824084,3481088.1,125,2026-08-05T07:40:00+08:00,明尼蘇達雙城,堪薩斯市皇家,明尼蘇達雙城 @ 堪薩斯市皇家,51509450.1,357,勝分差,253041943.1,堪薩斯皇家 > 2分,H,,3.40,5,12,H,,
2026-08-04,2026-08-04T21:05:16,台灣運彩,824084,3481088.1,125,2026-08-05T07:40:00+08:00,明尼蘇達雙城,堪薩斯市皇家,明尼蘇達雙城 @ 堪薩斯市皇家,51509450.1,357,勝分差,253041944.1,明尼蘇達雙城 1 分,A,,5.50,2,9,A,,
2026-08-04,2026-08-04T21:05:16,台灣運彩,824084,3481088.1,125,2026-08-05T07:40:00+08:00,明尼蘇達雙城,堪薩斯市皇家,明尼蘇達雙城 @ 堪薩斯市皇家,51509450.1,357,勝分差,253041945.1,明尼蘇達雙城 2 分,A,,6.75,4,23,A,,
2026-08-04,2026-08-04T21:05:16,台灣運彩,824084,3481088.1,125,2026-08-05T07:40:00+08:00,明尼蘇達雙城,堪薩斯市皇家,明尼蘇達雙城 @ 堪薩斯市皇家,51509450.1,357,勝分差,253041946.1,明尼蘇達雙城 > 2分,A,,2.10,10,11,A,,
2026-08-04,2026-08-04T21:05:16,台灣運彩,824084,3481088.1,125,2026-08-05T07:40:00+08:00,明尼蘇達雙城,堪薩斯市皇家,明尼蘇達雙城 @ 堪薩斯市皇家,51509448.1,358,讓分 1.5,253041937.1,堪薩斯皇家 +1.5,H,1.5,1.65,20,13,H,1.5,1
2026-08-04,2026-08-04T21:05:16,台灣運彩,824084,3481088.1,125,2026-08-05T07:40:00+08:00,明尼蘇達雙城,堪薩斯市皇家,明尼蘇達雙城 @ 堪薩斯市皇家,51509448.1,358,讓分 1.5,253041938.1,明尼蘇達雙城 -1.5,A,1.5,1.85,20,17,A,1.5,2
2026-08-04,2026-08-04T21:05:16,台灣運彩,824084,3481088.1,125,2026-08-05T07:40:00+08:00,明尼蘇達雙城,堪薩斯市皇家,明尼蘇達雙城 @ 堪薩斯市皇家,51509449.1,358,讓分 2.5,253041939.1,堪薩斯皇家 +2.5,H,2.5,1.42,50,21,H,2.5,1
2026-08-04,2026-08-04T21:05:16,台灣運彩,824084,3481088.1,125,2026-08-05T07:40:00+08:00,明尼蘇達雙城,堪薩斯市皇家,明尼蘇達雙城 @ 堪薩斯市皇家,51509449.1,358,讓分 2.5,253041940.1,明尼蘇達雙城 -2.5,A,2.5,2.20,5,6,A,2.5,2
2026-08-04,2026-08-04T21:05:16,台灣運彩,824084,3481088.1,125,2026-08-05T07:40:00+08:00,明尼蘇達雙城,堪薩斯市皇家,明尼蘇達雙城 @ 堪薩斯市皇家,51509441.1,360,[總分]大小 8.5,253041924.1,大 8.5,A,8.5,1.58,50,29,A,8.5,
2026-08-04,2026-08-04T21:05:16,台灣運彩,824084,3481088.1,125,2026-08-05T07:40:00+08:00,明尼蘇達雙城,堪薩斯市皇家,明尼蘇達雙城 @ 堪薩斯市皇家,51509441.1,360,[總分]大小 8.5,253041923.1,小 8.5,H,8.5,1.92,25,23,H,8.5,
2026-08-04,2026-08-04T21:05:16,台灣運彩,824084,3481088.1,125,2026-08-05T07:40:00+08:00,明尼蘇達雙城,堪薩斯市皇家,明尼蘇達雙城 @ 堪薩斯市皇家,51509443.1,360,[總分]大小 9.5,253041928.1,大 9.5,A,9.5,1.90,10,9,A,9.5,
2026-08-04,2026-08-04T21:05:16,台灣運彩,824084,3481088.1,125,2026-08-05T07:40:00+08:00,明尼蘇達雙城,堪薩斯市皇家,明尼蘇達雙城 @ 堪薩斯市皇家,51509443.1,360,[總分]大小 9.5,253041927.1,小 9.5,H,9.5,1.60,5,3,H,9.5,
2026-08-04,2026-08-04T21:05:16,台灣運彩,824084,3481088.1,125,2026-08-05T07:40:00+08:00,明尼蘇達雙城,堪薩斯市皇家,明尼蘇達雙城 @ 堪薩斯市皇家,51509447.1,360,[總分]大小 10.5,253041936.1,大 10.5,A,10.5,2.15,20,23,A,10.5,
2026-08-04,2026-08-04T21:05:16,台灣運彩,824084,3481088.1,125,2026-08-05T07:40:00+08:00,明尼蘇達雙城,堪薩斯市皇家,明尼蘇達雙城 @ 堪薩斯市皇家,51509447.1,360,[總分]大小 10.5,253041935.1,小 10.5,H,10.5,1.43,100,43,H,10.5,
2026-08-04,2026-08-04T21:05:16,台灣運彩,824084,3481088.1,125,2026-08-05T07:40:00+08:00,明尼蘇達雙城,堪薩斯市皇家,明尼蘇達雙城 @ 堪薩斯市皇家,51509445.1,362,堪薩斯皇家 大小 3.5,253041932.1,大 3.5,A,3.5,1.60,5,3,A,3.5,
2026-08-04,2026-08-04T21:05:16,台灣運彩,824084,3481088.1,125,2026-08-05T07:40:00+08:00,明尼蘇達雙城,堪薩斯市皇家,明尼蘇達雙城 @ 堪薩斯市皇家,51509445.1,362,堪薩斯皇家 大小 3.5,253041931.1,小 3.5,H,3.5,1.85,20,17,H,3.5,
2026-08-04,2026-08-04T21:05:16,台灣運彩,824084,3481088.1,125,2026-08-05T07:40:00+08:00,明尼蘇達雙城,堪薩斯市皇家,明尼蘇達雙城 @ 堪薩斯市皇家,51509444.1,363,明尼蘇達雙城 大小 4.5,253041930.1,大 4.5,A,4.5,1.63,100,63,A,4.5,
2026-08-04,2026-08-04T21:05:16,台灣運彩,824084,3481088.1,125,2026-08-05T07:40:00+08:00,明尼蘇達雙城,堪薩斯市皇家,明尼蘇達雙城 @ 堪薩斯市皇家,51509444.1,363,明尼蘇達雙城 大小 4.5,253041929.1,小 4.5,H,4.5,1.80,5,4,H,4.5,
2026-08-04,2026-08-04T21:05:16,台灣運彩,824084,3481088.1,125,2026-08-05T07:40:00+08:00,明尼蘇達雙城,堪薩斯市皇家,明尼蘇達雙城 @ 堪薩斯市皇家,51509440.1,366,[總分]單雙,253041922.1,單,,,1.48,25,12,,,
2026-08-04,2026-08-04T21:05:16,台灣運彩,824084,3481088.1,125,2026-08-05T07:40:00+08:00,明尼蘇達雙城,堪薩斯市皇家,明尼蘇達雙城 @ 堪薩斯市皇家,51509440.1,366,[總分]單雙,253041921.1,雙,,,2.00,1,1,,,
2026-08-04,2026-08-04T21:05:16,台灣運彩,824084,3481088.1,125,2026-08-05T07:40:00+08:00,明尼蘇達雙城,堪薩斯市皇家,明尼蘇達雙城 @ 堪薩斯市皇家,51509888.1,374,得分最高單局(不含延長賽),253043204.1,一樣多,,,2.25,4,5,,,
2026-08-04,2026-08-04T21:05:16,台灣運彩,824084,3481088.1,125,2026-08-05T07:40:00+08:00,明尼蘇達雙城,堪薩斯市皇家,明尼蘇達雙城 @ 堪薩斯市皇家,51509888.1,374,得分最高單局(不含延長賽),253043195.1,第1局,,,5.50,2,9,,,
2026-08-04,2026-08-04T21:05:16,台灣運彩,824084,3481088.1,125,2026-08-05T07:40:00+08:00,明尼蘇達雙城,堪薩斯市皇家,明尼蘇達雙城 @ 堪薩斯市皇家,51509888.1,374,得分最高單局(不含延長賽),253043196.1,第2局,,,6.75,4,23,,,
2026-08-04,2026-08-04T21:05:16,台灣運彩,824084,3481088.1,125,2026-08-05T07:40:00+08:00,明尼蘇達雙城,堪薩斯市皇家,明尼蘇達雙城 @ 堪薩斯市皇家,51509888.1,374,得分最高單局(不含延長賽),253043197.1,第3局,,,5.75,4,19,,,
2026-08-04,2026-08-04T21:05:16,台灣運彩,824084,3481088.1,125,2026-08-05T07:40:00+08:00,明尼蘇達雙城,堪薩斯市皇家,明尼蘇達雙城 @ 堪薩斯市皇家,51509888.1,374,得分最高單局(不含延長賽),253043198.1,第4局,,,6.25,4,21,,,
2026-08-04,2026-08-04T21:05:16,台灣運彩,824084,3481088.1,125,2026-08-05T07:40:00+08:00,明尼蘇達雙城,堪薩斯市皇家,明尼蘇達雙城 @ 堪薩斯市皇家,51509888.1,374,得分最高單局(不含延長賽),253043199.1,第5局,,,6.25,4,21,,,
2026-08-04,2026-08-04T21:05:16,台灣運彩,824084,3481088.1,125,2026-08-05T07:40:00+08:00,明尼蘇達雙城,堪薩斯市皇家,明尼蘇達雙城 @ 堪薩斯市皇家,51509888.1,374,得分最高單局(不含延長賽),253043200.1,第6局,,,5.75,4,19,,,
2026-08-04,2026-08-04T21:05:16,台灣運彩,824084,3481088.1,125,2026-08-05T07:40:00+08:00,明尼蘇達雙城,堪薩斯市皇家,明尼蘇達雙城 @ 堪薩斯市皇家,51509888.1,374,得分最高單局(不含延長賽),253043201.1,第7局,,,6.00,1,5,,,
2026-08-04,2026-08-04T21:05:16,台灣運彩,824084,3481088.1,125,2026-08-05T07:40:00+08:00,明尼蘇達雙城,堪薩斯市皇家,明尼蘇達雙城 @ 堪薩斯市皇家,51509888.1,374,得分最高單局(不含延長賽),253043202.1,第8局,,,5.80,5,24,,,
2026-08-04,2026-08-04T21:05:16,台灣運彩,824084,3481088.1,125,2026-08-05T07:40:00+08:00,明尼蘇達雙城,堪薩斯市皇家,明尼蘇達雙城 @ 堪薩斯市皇家,51509888.1,374,得分最高單局(不含延長賽),253043203.1,第9局,,,8.00,1,7,,,
2026-08-04,2026-08-04T21:05:16,台灣運彩,824084,3481088.1,125,2026-08-05T07:40:00+08:00,明尼蘇達雙城,堪薩斯市皇家,明尼蘇達雙城 @ 堪薩斯市皇家,51509885.1,376,[1-5局] 不讓分,253043187.1,堪薩斯皇家,H,,2.05,20,21,H,,1
2026-08-04,2026-08-04T21:05:16,台灣運彩,824084,3481088.1,125,2026-08-05T07:40:00+08:00,明尼蘇達雙城,堪薩斯市皇家,明尼蘇達雙城 @ 堪薩斯市皇家,51509885.1,376,[1-5局] 不讓分,253043189.1,明尼蘇達雙城,A,,1.65,20,13,A,,2
2026-08-04,2026-08-04T21:05:16,台灣運彩,824084,3481088.1,125,2026-08-05T07:40:00+08:00,明尼蘇達雙城,堪薩斯市皇家,明尼蘇達雙城 @ 堪薩斯市皇家,51509885.1,376,[1-5局] 不讓分,253043188.1,和局,D,,4.85,20,77,D,,
2026-08-04,2026-08-04T21:05:16,台灣運彩,824084,3481088.1,125,2026-08-05T07:40:00+08:00,明尼蘇達雙城,堪薩斯市皇家,明尼蘇達雙城 @ 堪薩斯市皇家,51509883.1,378,[1-5局] 大小 4.5,253043184.1,大 4.5,A,4.5,1.58,50,29,A,4.5,
2026-08-04,2026-08-04T21:05:16,台灣運彩,824084,3481088.1,125,2026-08-05T07:40:00+08:00,明尼蘇達雙城,堪薩斯市皇家,明尼蘇達雙城 @ 堪薩斯市皇家,51509883.1,378,[1-5局] 大小 4.5,253043183.1,小 4.5,H,4.5,1.75,4,3,H,4.5,
2026-08-04,2026-08-04T21:05:16,台灣運彩,824084,3481088.1,125,2026-08-05T07:40:00+08:00,明尼蘇達雙城,堪薩斯市皇家,明尼蘇達雙城 @ 堪薩斯市皇家,51509881.1,379,[1-5局] 堪薩斯皇家 大小 1.5,253043180.1,大 1.5,A,1.5,1.55,20,11,A,1.5,
2026-08-04,2026-08-04T21:05:16,台灣運彩,824084,3481088.1,125,2026-08-05T07:40:00+08:00,明尼蘇達雙城,堪薩斯市皇家,明尼蘇達雙城 @ 堪薩斯市皇家,51509881.1,379,[1-5局] 堪薩斯皇家 大小 1.5,253043179.1,小 1.5,H,1.5,1.90,10,9,H,1.5,
2026-08-04,2026-08-04T21:05:16,台灣運彩,824084,3481088.1,125,2026-08-05T07:40:00+08:00,明尼蘇達雙城,堪薩斯市皇家,明尼蘇達雙城 @ 堪薩斯市皇家,51509879.1,380,[1-5局] 明尼蘇達雙城 大小 2.5,253043175.1,大 2.5,A,2.5,1.80,5,4,A,2.5,
2026-08-04,2026-08-04T21:05:16,台灣運彩,824084,3481088.1,125,2026-08-05T07:40:00+08:00,明尼蘇達雙城,堪薩斯市皇家,明尼蘇達雙城 @ 堪薩斯市皇家,51509879.1,380,[1-5局] 明尼蘇達雙城 大小 2.5,253043174.1,小 2.5,H,2.5,1.63,100,63,H,2.5,
2026-08-04,2026-08-04T21:05:16,台灣運彩,824084,3481088.1,125,2026-08-05T07:40:00+08:00,明尼蘇達雙城,堪薩斯市皇家,明尼蘇達雙城 @ 堪薩斯市皇家,51509878.1,389,[第1局] 不讓分,253043171.1,堪薩斯皇家,H,,3.30,10,23,H,,1
2026-08-04,2026-08-04T21:05:16,台灣運彩,824084,3481088.1,125,2026-08-05T07:40:00+08:00,明尼蘇達雙城,堪薩斯市皇家,明尼蘇達雙城 @ 堪薩斯市皇家,51509878.1,389,[第1局] 不讓分,253043173.1,明尼蘇達雙城,A,,2.75,4,7,A,,2
2026-08-04,2026-08-04T21:05:16,台灣運彩,824084,3481088.1,125,2026-08-05T07:40:00+08:00,明尼蘇達雙城,堪薩斯市皇家,明尼蘇達雙城 @ 堪薩斯市皇家,51509878.1,389,[第1局] 不讓分,253043172.1,和局,D,,1.55,20,11,D,,
2026-08-04,2026-08-04T21:05:16,台灣運彩,824084,3481088.1,125,2026-08-05T07:40:00+08:00,明尼蘇達雙城,堪薩斯市皇家,明尼蘇達雙城 @ 堪薩斯市皇家,51509877.1,398,[第1局] 大小 0.5,253043170.1,大 0.5,A,0.5,1.65,20,13,A,0.5,
2026-08-04,2026-08-04T21:05:16,台灣運彩,824084,3481088.1,125,2026-08-05T07:40:00+08:00,明尼蘇達雙城,堪薩斯市皇家,明尼蘇達雙城 @ 堪薩斯市皇家,51509877.1,398,[第1局] 大小 0.5,253043169.1,小 0.5,H,0.5,1.68,25,17,H,0.5,
2026-08-04,2026-08-04T21:05:16,台灣運彩,823756,3481089.1,126,2026-08-05T07:40:00+08:00,匹茲堡海盜,密爾瓦基釀酒人,匹茲堡海盜 @ 密爾瓦基釀酒人,51509451.1,354,不讓分,253041947.1,密爾瓦基釀酒人,H,,1.45,20,9,H,,1
2026-08-04,2026-08-04T21:05:16,台灣運彩,823756,3481089.1,126,2026-08-05T07:40:00+08:00,匹茲堡海盜,密爾瓦基釀酒人,匹茲堡海盜 @ 密爾瓦基釀酒人,51509451.1,354,不讓分,253041948.1,匹茲堡海盜,A,,2.10,10,11,A,,2
2026-08-04,2026-08-04T21:05:16,台灣運彩,823756,3481089.1,126,2026-08-05T07:40:00+08:00,匹茲堡海盜,密爾瓦基釀酒人,匹茲堡海盜 @ 密爾瓦基釀酒人,51509461.1,357,勝分差,253041970.1,匹茲堡海盜 1 分,A,,5.50,2,9,A,,
2026-08-04,2026-08-04T21:05:16,台灣運彩,823756,3481089.1,126,2026-08-05T07:40:00+08:00,匹茲堡海盜,密爾瓦基釀酒人,匹茲堡海盜 @ 密爾瓦基釀酒人,51509461.1,357,勝分差,253041971.1,匹茲堡海盜 2 分,A,,7.50,2,13,A,,
2026-08-04,2026-08-04T21:05:16,台灣運彩,823756,3481089.1,126,2026-08-05T07:40:00+08:00,匹茲堡海盜,密爾瓦基釀酒人,匹茲堡海盜 @ 密爾瓦基釀酒人,51509461.1,357,勝分差,253041972.1,匹茲堡海盜 > 2分,A,,3.50,2,5,A,,
2026-08-04,2026-08-04T21:05:16,台灣運彩,823756,3481089.1,126,2026-08-05T07:40:00+08:00,匹茲堡海盜,密爾瓦基釀酒人,匹茲堡海盜 @ 密爾瓦基釀酒人,51509461.1,357,勝分差,253041967.1,密爾瓦基釀酒人 1 分,H,,3.70,10,27,H,,
2026-08-04,2026-08-04T21:05:16,台灣運彩,823756,3481089.1,126,2026-08-05T07:40:00+08:00,匹茲堡海盜,密爾瓦基釀酒人,匹茲堡海盜 @ 密爾瓦基釀酒人,51509461.1,357,勝分差,253041968.1,密爾瓦基釀酒人 2 分,H,,6.50,2,11,H,,
2026-08-04,2026-08-04T21:05:16,台灣運彩,823756,3481089.1,126,2026-08-05T07:40:00+08:00,匹茲堡海盜,密爾瓦基釀酒人,匹茲堡海盜 @ 密爾瓦基釀酒人,51509461.1,357,勝分差,253041969.1,密爾瓦基釀酒人 > 2分,H,,2.35,20,27,H,,
2026-08-04,2026-08-04T21:05:16,台灣運彩,823756,3481089.1,126,2026-08-05T07:40:00+08:00,匹茲堡海盜,密爾瓦基釀酒人,匹茲堡海盜 @ 密爾瓦基釀酒人,51509455.1,358,讓分 -2.5,253041955.1,密爾瓦基釀酒人 -2.5,H,-2.5,2.47,100,147,H,-2.5,1
2026-08-04,2026-08-04T21:05:16,台灣運彩,823756,3481089.1,126,2026-08-05T07:40:00+08:00,匹茲堡海盜,密爾瓦基釀酒人,匹茲堡海盜 @ 密爾瓦基釀酒人,51509455.1,358,讓分 -2.5,253041956.1,匹茲堡海盜 +2.5,A,-2.5,1.33,100,33,A,-2.5,2
2026-08-04,2026-08-04T21:05:16,台灣運彩,823756,3481089.1,126,2026-08-05T07:40:00+08:00,匹茲堡海盜,密爾瓦基釀酒人,匹茲堡海盜 @ 密爾瓦基釀酒人,51509458.1,358,讓分 -1.5,253041961.1,密爾瓦基釀酒人 -1.5,H,-1.5,1.97,100,97,H,-1.5,1
2026-08-04,2026-08-04T21:05:16,台灣運彩,823756,3481089.1,126,2026-08-05T07:40:00+08:00,匹茲堡海盜,密爾瓦基釀酒人,匹茲堡海盜 @ 密爾瓦基釀酒人,51509458.1,358,讓分 -1.5,253041962.1,匹茲堡海盜 +1.5,A,-1.5,1.53,100,53,A,-1.5,2
2026-08-04,2026-08-04T21:05:16,台灣運彩,823756,3481089.1,126,2026-08-05T07:40:00+08:00,匹茲堡海盜,密爾瓦基釀酒人,匹茲堡海盜 @ 密爾瓦基釀酒人,51509456.1,360,[總分]大小 8.5,253041958.1,大 8.5,A,8.5,2.05,20,21,A,8.5,
2026-08-04,2026-08-04T21:05:16,台灣運彩,823756,3481089.1,126,2026-08-05T07:40:00+08:00,匹茲堡海盜,密爾瓦基釀酒人,匹茲堡海盜 @ 密爾瓦基釀酒人,51509456.1,360,[總分]大小 8.5,253041957.1,小 8.5,H,8.5,1.48,25,12,H,8.5,
2026-08-04,2026-08-04T21:05:16,台灣運彩,823756,3481089.1,126,2026-08-05T07:40:00+08:00,匹茲堡海盜,密爾瓦基釀酒人,匹茲堡海盜 @ 密爾瓦基釀酒人,51509457.1,360,[總分]大小 7.5,253041960.1,大 7.5,A,7.5,1.80,5,4,A,7.5,
2026-08-04,2026-08-04T21:05:16,台灣運彩,823756,3481089.1,126,2026-08-05T07:40:00+08:00,匹茲堡海盜,密爾瓦基釀酒人,匹茲堡海盜 @ 密爾瓦基釀酒人,51509457.1,360,[總分]大小 7.5,253041959.1,小 7.5,H,7.5,1.70,10,7,H,7.5,
2026-08-04,2026-08-04T21:05:16,台灣運彩,823756,3481089.1,126,2026-08-05T07:40:00+08:00,匹茲堡海盜,密爾瓦基釀酒人,匹茲堡海盜 @ 密爾瓦基釀酒人,51509459.1,360,[總分]大小 6.5,253041964.1,大 6.5,A,6.5,1.48,25,12,A,6.5,
2026-08-04,2026-08-04T21:05:16,台灣運彩,823756,3481089.1,126,2026-08-05T07:40:00+08:00,匹茲堡海盜,密爾瓦基釀酒人,匹茲堡海盜 @ 密爾瓦基釀酒人,51509459.1,360,[總分]大小 6.5,253041963.1,小 6.5,H,6.5,2.05,20,21,H,6.5,
2026-08-04,2026-08-04T21:05:16,台灣運彩,823756,3481089.1,126,2026-08-05T07:40:00+08:00,匹茲堡海盜,密爾瓦基釀酒人,匹茲堡海盜 @ 密爾瓦基釀酒人,51509993.1,362,密爾瓦基釀酒人 大小 3.5,253043526.1,大 3.5,A,3.5,1.56,25,14,A,3.5,
2026-08-04,2026-08-04T21:05:16,台灣運彩,823756,3481089.1,126,2026-08-05T07:40:00+08:00,匹茲堡海盜,密爾瓦基釀酒人,匹茲堡海盜 @ 密爾瓦基釀酒人,51509993.1,362,密爾瓦基釀酒人 大小 3.5,253043525.1,小 3.5,H,3.5,1.88,25,22,H,3.5,
2026-08-04,2026-08-04T21:05:16,台灣運彩,823756,3481089.1,126,2026-08-05T07:40:00+08:00,匹茲堡海盜,密爾瓦基釀酒人,匹茲堡海盜 @ 密爾瓦基釀酒人,51509454.1,363,匹茲堡海盜 大小 3.5,253041954.1,大 3.5,A,3.5,1.93,100,93,A,3.5,
2026-08-04,2026-08-04T21:05:16,台灣運彩,823756,3481089.1,126,2026-08-05T07:40:00+08:00,匹茲堡海盜,密爾瓦基釀酒人,匹茲堡海盜 @ 密爾瓦基釀酒人,51509454.1,363,匹茲堡海盜 大小 3.5,253041953.1,小 3.5,H,3.5,1.53,100,53,H,3.5,
2026-08-04,2026-08-04T21:05:16,台灣運彩,823756,3481089.1,126,2026-08-05T07:40:00+08:00,匹茲堡海盜,密爾瓦基釀酒人,匹茲堡海盜 @ 密爾瓦基釀酒人,51509452.1,366,[總分]單雙,253041950.1,單,,,1.46,50,23,,,
2026-08-04,2026-08-04T21:05:16,台灣運彩,823756,3481089.1,126,2026-08-05T07:40:00+08:00,匹茲堡海盜,密爾瓦基釀酒人,匹茲堡海盜 @ 密爾瓦基釀酒人,51509452.1,366,[總分]單雙,253041949.1,雙,,,2.05,20,21,,,
2026-08-04,2026-08-04T21:05:16,台灣運彩,823756,3481089.1,126,2026-08-05T07:40:00+08:00,匹茲堡海盜,密爾瓦基釀酒人,匹茲堡海盜 @ 密爾瓦基釀酒人,51509876.1,374,得分最高單局(不含延長賽),253043168.1,一樣多,,,2.20,5,6,,,
2026-08-04,2026-08-04T21:05:16,台灣運彩,823756,3481089.1,126,2026-08-05T07:40:00+08:00,匹茲堡海盜,密爾瓦基釀酒人,匹茲堡海盜 @ 密爾瓦基釀酒人,51509876.1,374,得分最高單局(不含延長賽),253043159.1,第1局,,,5.80,5,24,,,
2026-08-04,2026-08-04T21:05:16,台灣運彩,823756,3481089.1,126,2026-08-05T07:40:00+08:00,匹茲堡海盜,密爾瓦基釀酒人,匹茲堡海盜 @ 密爾瓦基釀酒人,51509876.1,374,得分最高單局(不含延長賽),253043160.1,第2局,,,6.75,4,23,,,
2026-08-04,2026-08-04T21:05:16,台灣運彩,823756,3481089.1,126,2026-08-05T07:40:00+08:00,匹茲堡海盜,密爾瓦基釀酒人,匹茲堡海盜 @ 密爾瓦基釀酒人,51509876.1,374,得分最高單局(不含延長賽),253043161.1,第3局,,,5.95,20,99,,,
2026-08-04,2026-08-04T21:05:16,台灣運彩,823756,3481089.1,126,2026-08-05T07:40:00+08:00,匹茲堡海盜,密爾瓦基釀酒人,匹茲堡海盜 @ 密爾瓦基釀酒人,51509876.1,374,得分最高單局(不含延長賽),253043162.1,第4局,,,6.50,2,11,,,
2026-08-04,2026-08-04T21:05:16,台灣運彩,823756,3481089.1,126,2026-08-05T07:40:00+08:00,匹茲堡海盜,密爾瓦基釀酒人,匹茲堡海盜 @ 密爾瓦基釀酒人,51509876.1,374,得分最高單局(不含延長賽),253043163.1,第5局,,,6.50,2,11,,,
2026-08-04,2026-08-04T21:05:16,台灣運彩,823756,3481089.1,126,2026-08-05T07:40:00+08:00,匹茲堡海盜,密爾瓦基釀酒人,匹茲堡海盜 @ 密爾瓦基釀酒人,51509876.1,374,得分最高單局(不含延長賽),253043164.1,第6局,,,5.45,20,89,,,
2026-08-04,2026-08-04T21:05:16,台灣運彩,823756,3481089.1,126,2026-08-05T07:40:00+08:00,匹茲堡海盜,密爾瓦基釀酒人,匹茲堡海盜 @ 密爾瓦基釀酒人,51509876.1,374,得分最高單局(不含延長賽),253043165.1,第7局,,,5.75,4,19,,,
2026-08-04,2026-08-04T21:05:16,台灣運彩,823756,3481089.1,126,2026-08-05T07:40:00+08:00,匹茲堡海盜,密爾瓦基釀酒人,匹茲堡海盜 @ 密爾瓦基釀酒人,51509876.1,374,得分最高單局(不含延長賽),253043166.1,第8局,,,5.45,20,89,,,
2026-08-04,2026-08-04T21:05:16,台灣運彩,823756,3481089.1,126,2026-08-05T07:40:00+08:00,匹茲堡海盜,密爾瓦基釀酒人,匹茲堡海盜 @ 密爾瓦基釀酒人,51509876.1,374,得分最高單局(不含延長賽),253043167.1,第9局,,,8.00,1,7,,,
2026-08-04,2026-08-04T21:05:16,台灣運彩,823756,3481089.1,126,2026-08-05T07:40:00+08:00,匹茲堡海盜,密爾瓦基釀酒人,匹茲堡海盜 @ 密爾瓦基釀酒人,51509870.1,376,[1-5局] 不讓分,253043145.1,密爾瓦基釀酒人,H,,1.65,20,13,H,,1
2026-08-04,2026-08-04T21:05:16,台灣運彩,823756,3481089.1,126,2026-08-05T07:40:00+08:00,匹茲堡海盜,密爾瓦基釀酒人,匹茲堡海盜 @ 密爾瓦基釀酒人,51509870.1,376,[1-5局] 不讓分,253043147.1,匹茲堡海盜,A,,2.20,5,6,A,,2
2026-08-04,2026-08-04T21:05:16,台灣運彩,823756,3481089.1,126,2026-08-05T07:40:00+08:00,匹茲堡海盜,密爾瓦基釀酒人,匹茲堡海盜 @ 密爾瓦基釀酒人,51509870.1,376,[1-5局] 不讓分,253043146.1,和局,D,,4.15,20,63,D,,
2026-08-04,2026-08-04T21:05:16,台灣運彩,823756,3481089.1,126,2026-08-05T07:40:00+08:00,匹茲堡海盜,密爾瓦基釀酒人,匹茲堡海盜 @ 密爾瓦基釀酒人,51510062.1,378,[1-5局] 大小 3.5,253043757.1,大 3.5,A,3.5,1.58,50,29,A,3.5,
2026-08-04,2026-08-04T21:05:16,台灣運彩,823756,3481089.1,126,2026-08-05T07:40:00+08:00,匹茲堡海盜,密爾瓦基釀酒人,匹茲堡海盜 @ 密爾瓦基釀酒人,51510062.1,378,[1-5局] 大小 3.5,253043756.1,小 3.5,H,3.5,1.75,4,3,H,3.5,
2026-08-04,2026-08-04T21:05:16,台灣運彩,823756,3481089.1,126,2026-08-05T07:40:00+08:00,匹茲堡海盜,密爾瓦基釀酒人,匹茲堡海盜 @ 密爾瓦基釀酒人,51510143.1,379,[1-5局] 密爾瓦基釀酒人 大小 1.5,253043949.1,大 1.5,A,1.5,1.53,100,53,A,1.5,
2026-08-04,2026-08-04T21:05:16,台灣運彩,823756,3481089.1,126,2026-08-05T07:40:00+08:00,匹茲堡海盜,密爾瓦基釀酒人,匹茲堡海盜 @ 密爾瓦基釀酒人,51510143.1,379,[1-5局] 密爾瓦基釀酒人 大小 1.5,253043948.1,小 1.5,H,1.5,1.93,100,93,H,1.5,
2026-08-04,2026-08-04T21:05:16,台灣運彩,823756,3481089.1,126,2026-08-05T07:40:00+08:00,匹茲堡海盜,密爾瓦基釀酒人,匹茲堡海盜 @ 密爾瓦基釀酒人,51509871.1,380,[1-5局] 匹茲堡海盜 大小 1.5,253043149.1,大 1.5,A,1.5,1.85,20,17,A,1.5,
2026-08-04,2026-08-04T21:05:16,台灣運彩,823756,3481089.1,126,2026-08-05T07:40:00+08:00,匹茲堡海盜,密爾瓦基釀酒人,匹茲堡海盜 @ 密爾瓦基釀酒人,51509871.1,380,[1-5局] 匹茲堡海盜 大小 1.5,253043148.1,小 1.5,H,1.5,1.60,5,3,H,1.5,
2026-08-04,2026-08-04T21:05:16,台灣運彩,823756,3481089.1,126,2026-08-05T07:40:00+08:00,匹茲堡海盜,密爾瓦基釀酒人,匹茲堡海盜 @ 密爾瓦基釀酒人,51509875.1,389,[第1局] 不讓分,253043156.1,密爾瓦基釀酒人,H,,2.90,10,19,H,,1
2026-08-04,2026-08-04T21:05:16,台灣運彩,823756,3481089.1,126,2026-08-05T07:40:00+08:00,匹茲堡海盜,密爾瓦基釀酒人,匹茲堡海盜 @ 密爾瓦基釀酒人,51509875.1,389,[第1局] 不讓分,253043158.1,匹茲堡海盜,A,,3.90,10,29,A,,2
2026-08-04,2026-08-04T21:05:16,台灣運彩,823756,3481089.1,126,2026-08-05T07:40:00+08:00,匹茲堡海盜,密爾瓦基釀酒人,匹茲堡海盜 @ 密爾瓦基釀酒人,51509875.1,389,[第1局] 不讓分,253043157.1,和局,D,,1.45,20,9,D,,
2026-08-04,2026-08-04T21:05:16,台灣運彩,823756,3481089.1,126,2026-08-05T07:40:00+08:00,匹茲堡海盜,密爾瓦基釀酒人,匹茲堡海盜 @ 密爾瓦基釀酒人,51509872.1,398,[第1局] 大小 0.5,253043151.1,大 0.5,A,0.5,1.83,100,83,A,0.5,
2026-08-04,2026-08-04T21:05:16,台灣運彩,823756,3481089.1,126,2026-08-05T07:40:00+08:00,匹茲堡海盜,密爾瓦基釀酒人,匹茲堡海盜 @ 密爾瓦基釀酒人,51509872.1,398,[第1局] 大小 0.5,253043150.1,小 0.5,H,0.5,1.52,25,13,H,0.5,
2026-08-04,2026-08-04T21:05:16,台灣運彩,824645,3481093.1,127,2026-08-05T08:05:00+08:00,洛杉磯道奇,芝加哥小熊,洛杉磯道奇 @ 芝加哥小熊,51509629.1,354,不讓分,253042479.1,芝加哥小熊,H,,2.40,5,7,H,,1
2026-08-04,2026-08-04T21:05:16,台灣運彩,824645,3481093.1,127,2026-08-05T08:05:00+08:00,洛杉磯道奇,芝加哥小熊,洛杉磯道奇 @ 芝加哥小熊,51509629.1,354,不讓分,253042480.1,洛杉磯道奇,A,,1.36,25,9,A,,2
2026-08-04,2026-08-04T21:05:16,台灣運彩,824645,3481093.1,127,2026-08-05T08:05:00+08:00,洛杉磯道奇,芝加哥小熊,洛杉磯道奇 @ 芝加哥小熊,51509637.1,357,勝分差,253042498.1,洛杉磯道奇 1 分,A,,5.35,20,87,A,,
2026-08-04,2026-08-04T21:05:16,台灣運彩,824645,3481093.1,127,2026-08-05T08:05:00+08:00,洛杉磯道奇,芝加哥小熊,洛杉磯道奇 @ 芝加哥小熊,51509637.1,357,勝分差,253042499.1,洛杉磯道奇 2 分,A,,6.25,4,21,A,,
2026-08-04,2026-08-04T21:05:16,台灣運彩,824645,3481093.1,127,2026-08-05T08:05:00+08:00,洛杉磯道奇,芝加哥小熊,洛杉磯道奇 @ 芝加哥小熊,51509637.1,357,勝分差,253042500.1,洛杉磯道奇 > 2分,A,,1.80,5,4,A,,
2026-08-04,2026-08-04T21:05:16,台灣運彩,824645,3481093.1,127,2026-08-05T08:05:00+08:00,洛杉磯道奇,芝加哥小熊,洛杉磯道奇 @ 芝加哥小熊,51509637.1,357,勝分差,253042495.1,芝加哥小熊 1 分,H,,4.75,4,15,H,,
2026-08-04,2026-08-04T21:05:16,台灣運彩,824645,3481093.1,127,2026-08-05T08:05:00+08:00,洛杉磯道奇,芝加哥小熊,洛杉磯道奇 @ 芝加哥小熊,51509637.1,357,勝分差,253042496.1,芝加哥小熊 2 分,H,,9.25,4,33,H,,
2026-08-04,2026-08-04T21:05:16,台灣運彩,824645,3481093.1,127,2026-08-05T08:05:00+08:00,洛杉磯道奇,芝加哥小熊,洛杉磯道奇 @ 芝加哥小熊,51509637.1,357,勝分差,253042497.1,芝加哥小熊 > 2分,H,,4.35,20,67,H,,
2026-08-04,2026-08-04T21:05:16,台灣運彩,824645,3481093.1,127,2026-08-05T08:05:00+08:00,洛杉磯道奇,芝加哥小熊,洛杉磯道奇 @ 芝加哥小熊,51509630.1,358,讓分 1.5,253042481.1,芝加哥小熊 +1.5,H,1.5,1.87,100,87,H,1.5,1
2026-08-04,2026-08-04T21:05:16,台灣運彩,824645,3481093.1,127,2026-08-05T08:05:00+08:00,洛杉磯道奇,芝加哥小熊,洛杉磯道奇 @ 芝加哥小熊,51509630.1,358,讓分 1.5,253042482.1,洛杉磯道奇 -1.5,A,1.5,1.63,100,63,A,1.5,2
2026-08-04,2026-08-04T21:05:16,台灣運彩,824645,3481093.1,127,2026-08-05T08:05:00+08:00,洛杉磯道奇,芝加哥小熊,洛杉磯道奇 @ 芝加哥小熊,51509636.1,358,讓分 2.5,253042493.1,芝加哥小熊 +2.5,H,2.5,1.58,50,29,H,2.5,1
2026-08-04,2026-08-04T21:05:16,台灣運彩,824645,3481093.1,127,2026-08-05T08:05:00+08:00,洛杉磯道奇,芝加哥小熊,洛杉磯道奇 @ 芝加哥小熊,51509636.1,358,讓分 2.5,253042494.1,洛杉磯道奇 -2.5,A,2.5,1.92,25,23,A,2.5,2
2026-08-04,2026-08-04T21:05:16,台灣運彩,824645,3481093.1,127,2026-08-05T08:05:00+08:00,洛杉磯道奇,芝加哥小熊,洛杉磯道奇 @ 芝加哥小熊,51509628.1,360,[總分]大小 9.5,253042478.1,大 9.5,A,9.5,1.95,20,19,A,9.5,
2026-08-04,2026-08-04T21:05:16,台灣運彩,824645,3481093.1,127,2026-08-05T08:05:00+08:00,洛杉磯道奇,芝加哥小熊,洛杉磯道奇 @ 芝加哥小熊,51509628.1,360,[總分]大小 9.5,253042477.1,小 9.5,H,9.5,1.55,20,11,H,9.5,
2026-08-04,2026-08-04T21:05:16,台灣運彩,824645,3481093.1,127,2026-08-05T08:05:00+08:00,洛杉磯道奇,芝加哥小熊,洛杉磯道奇 @ 芝加哥小熊,51509634.1,360,[總分]大小 7.5,253042490.1,大 7.5,A,7.5,1.45,20,9,A,7.5,
2026-08-04,2026-08-04T21:05:16,台灣運彩,824645,3481093.1,127,2026-08-05T08:05:00+08:00,洛杉磯道奇,芝加哥小熊,洛杉磯道奇 @ 芝加哥小熊,51509634.1,360,[總分]大小 7.5,253042489.1,小 7.5,H,7.5,2.10,10,11,H,7.5,
2026-08-04,2026-08-04T21:05:16,台灣運彩,824645,3481093.1,127,2026-08-05T08:05:00+08:00,洛杉磯道奇,芝加哥小熊,洛杉磯道奇 @ 芝加哥小熊,51509635.1,360,[總分]大小 8.5,253042492.1,大 8.5,A,8.5,1.65,20,13,A,8.5,
2026-08-04,2026-08-04T21:05:16,台灣運彩,824645,3481093.1,127,2026-08-05T08:05:00+08:00,洛杉磯道奇,芝加哥小熊,洛杉磯道奇 @ 芝加哥小熊,51509635.1,360,[總分]大小 8.5,253042491.1,小 8.5,H,8.5,1.85,20,17,H,8.5,
2026-08-04,2026-08-04T21:05:16,台灣運彩,824645,3481093.1,127,2026-08-05T08:05:00+08:00,洛杉磯道奇,芝加哥小熊,洛杉磯道奇 @ 芝加哥小熊,51509631.1,362,芝加哥小熊 大小 3.5,253042484.1,大 3.5,A,3.5,1.82,50,41,A,3.5,
2026-08-04,2026-08-04T21:05:16,台灣運彩,824645,3481093.1,127,2026-08-05T08:05:00+08:00,洛杉磯道奇,芝加哥小熊,洛杉磯道奇 @ 芝加哥小熊,51509631.1,362,芝加哥小熊 大小 3.5,253042483.1,小 3.5,H,3.5,1.62,50,31,H,3.5,
2026-08-04,2026-08-04T21:05:16,台灣運彩,824645,3481093.1,127,2026-08-05T08:05:00+08:00,洛杉磯道奇,芝加哥小熊,洛杉磯道奇 @ 芝加哥小熊,51509627.1,363,洛杉磯道奇 大小 5.5,253042476.1,大 5.5,A,5.5,1.86,50,43,A,5.5,
2026-08-04,2026-08-04T21:05:16,台灣運彩,824645,3481093.1,127,2026-08-05T08:05:00+08:00,洛杉磯道奇,芝加哥小熊,洛杉磯道奇 @ 芝加哥小熊,51509627.1,363,洛杉磯道奇 大小 5.5,253042475.1,小 5.5,H,5.5,1.58,50,29,H,5.5,
2026-08-04,2026-08-04T21:05:16,台灣運彩,824645,3481093.1,127,2026-08-05T08:05:00+08:00,洛杉磯道奇,芝加哥小熊,洛杉磯道奇 @ 芝加哥小熊,51509632.1,366,[總分]單雙,253042486.1,單,,,1.50,2,1,,,
2026-08-04,2026-08-04T21:05:16,台灣運彩,824645,3481093.1,127,2026-08-05T08:05:00+08:00,洛杉磯道奇,芝加哥小熊,洛杉磯道奇 @ 芝加哥小熊,51509632.1,366,[總分]單雙,253042485.1,雙,,,1.96,25,24,,,
2026-08-04,2026-08-04T21:05:16,台灣運彩,822865,3481094.1,128,2026-08-05T08:05:00+08:00,舊金山巨人,德州遊騎兵,舊金山巨人 @ 德州遊騎兵,51509638.1,354,不讓分,253042501.1,德州遊騎兵,H,,1.36,25,9,H,,1
2026-08-04,2026-08-04T21:05:16,台灣運彩,822865,3481094.1,128,2026-08-05T08:05:00+08:00,舊金山巨人,德州遊騎兵,舊金山巨人 @ 德州遊騎兵,51509638.1,354,不讓分,253042502.1,舊金山巨人,A,,2.40,5,7,A,,2
2026-08-04,2026-08-04T21:05:16,台灣運彩,822865,3481094.1,128,2026-08-05T08:05:00+08:00,舊金山巨人,德州遊騎兵,舊金山巨人 @ 德州遊騎兵,51509649.1,357,勝分差,253042523.1,德州遊騎兵 1 分,H,,3.80,5,14,H,,
2026-08-04,2026-08-04T21:05:16,台灣運彩,822865,3481094.1,128,2026-08-05T08:05:00+08:00,舊金山巨人,德州遊騎兵,舊金山巨人 @ 德州遊騎兵,51509649.1,357,勝分差,253042524.1,德州遊騎兵 2 分,H,,6.25,4,21,H,,
2026-08-04,2026-08-04T21:05:16,台灣運彩,822865,3481094.1,128,2026-08-05T08:05:00+08:00,舊金山巨人,德州遊騎兵,舊金山巨人 @ 德州遊騎兵,51509649.1,357,勝分差,253042525.1,德州遊騎兵 > 2分,H,,2.05,20,21,H,,
2026-08-04,2026-08-04T21:05:16,台灣運彩,822865,3481094.1,128,2026-08-05T08:05:00+08:00,舊金山巨人,德州遊騎兵,舊金山巨人 @ 德州遊騎兵,51509649.1,357,勝分差,253042526.1,舊金山巨人 1 分,A,,6.00,1,5,A,,
2026-08-04,2026-08-04T21:05:16,台灣運彩,822865,3481094.1,128,2026-08-05T08:05:00+08:00,舊金山巨人,德州遊騎兵,舊金山巨人 @ 德州遊騎兵,51509649.1,357,勝分差,253042527.1,舊金山巨人 2 分,A,,8.25,4,29,A,,
2026-08-04,2026-08-04T21:05:16,台灣運彩,822865,3481094.1,128,2026-08-05T08:05:00+08:00,舊金山巨人,德州遊騎兵,舊金山巨人 @ 德州遊騎兵,51509649.1,357,勝分差,253042528.1,舊金山巨人 > 2分,A,,3.90,10,29,A,,
2026-08-04,2026-08-04T21:05:16,台灣運彩,822865,3481094.1,128,2026-08-05T08:05:00+08:00,舊金山巨人,德州遊騎兵,舊金山巨人 @ 德州遊騎兵,51509643.1,358,讓分 -2.5,253042511.1,德州遊騎兵 -2.5,H,-2.5,2.15,20,23,H,-2.5,1
2026-08-04,2026-08-04T21:05:16,台灣運彩,822865,3481094.1,128,2026-08-05T08:05:00+08:00,舊金山巨人,德州遊騎兵,舊金山巨人 @ 德州遊騎兵,51509643.1,358,讓分 -2.5,253042512.1,舊金山巨人 +2.5,A,-2.5,1.43,100,43,A,-2.5,2
2026-08-04,2026-08-04T21:05:16,台灣運彩,822865,3481094.1,128,2026-08-05T08:05:00+08:00,舊金山巨人,德州遊騎兵,舊金山巨人 @ 德州遊騎兵,51509650.1,358,讓分 -1.5,253042529.1,德州遊騎兵 -1.5,H,-1.5,1.80,5,4,H,-1.5,1
2026-08-04,2026-08-04T21:05:16,台灣運彩,822865,3481094.1,128,2026-08-05T08:05:00+08:00,舊金山巨人,德州遊騎兵,舊金山巨人 @ 德州遊騎兵,51509650.1,358,讓分 -1.5,253042530.1,舊金山巨人 +1.5,A,-1.5,1.70,10,7,A,-1.5,2
2026-08-04,2026-08-04T21:05:16,台灣運彩,822865,3481094.1,128,2026-08-05T08:05:00+08:00,舊金山巨人,德州遊騎兵,舊金山巨人 @ 德州遊騎兵,51509646.1,360,[總分]大小 8.5,253042518.1,大 8.5,A,8.5,1.92,25,23,A,8.5,
2026-08-04,2026-08-04T21:05:16,台灣運彩,822865,3481094.1,128,2026-08-05T08:05:00+08:00,舊金山巨人,德州遊騎兵,舊金山巨人 @ 德州遊騎兵,51509646.1,360,[總分]大小 8.5,253042517.1,小 8.5,H,8.5,1.58,50,29,H,8.5,
2026-08-04,2026-08-04T21:05:16,台灣運彩,822865,3481094.1,128,2026-08-05T08:05:00+08:00,舊金山巨人,德州遊騎兵,舊金山巨人 @ 德州遊騎兵,51509647.1,360,[總分]大小 6.5,253042520.1,大 6.5,A,6.5,1.40,5,2,A,6.5,
2026-08-04,2026-08-04T21:05:16,台灣運彩,822865,3481094.1,128,2026-08-05T08:05:00+08:00,舊金山巨人,德州遊騎兵,舊金山巨人 @ 德州遊騎兵,51509647.1,360,[總分]大小 6.5,253042519.1,小 6.5,H,6.5,2.30,10,13,H,6.5,
2026-08-04,2026-08-04T21:05:16,台灣運彩,822865,3481094.1,128,2026-08-05T08:05:00+08:00,舊金山巨人,德州遊騎兵,舊金山巨人 @ 德州遊騎兵,51509648.1,360,[總分]大小 7.5,253042522.1,大 7.5,A,7.5,1.68,25,17,A,7.5,
2026-08-04,2026-08-04T21:05:16,台灣運彩,822865,3481094.1,128,2026-08-05T08:05:00+08:00,舊金山巨人,德州遊騎兵,舊金山巨人 @ 德州遊騎兵,51509648.1,360,[總分]大小 7.5,253042521.1,小 7.5,H,7.5,1.82,50,41,H,7.5,
2026-08-04,2026-08-04T21:05:16,台灣運彩,822865,3481094.1,128,2026-08-05T08:05:00+08:00,舊金山巨人,德州遊騎兵,舊金山巨人 @ 德州遊騎兵,51509645.1,362,德州遊騎兵 大小 4.5,253042516.1,大 4.5,A,4.5,1.76,25,19,A,4.5,
2026-08-04,2026-08-04T21:05:16,台灣運彩,822865,3481094.1,128,2026-08-05T08:05:00+08:00,舊金山巨人,德州遊騎兵,舊金山巨人 @ 德州遊騎兵,51509645.1,362,德州遊騎兵 大小 4.5,253042515.1,小 4.5,H,4.5,1.66,50,33,H,4.5,
2026-08-04,2026-08-04T21:05:16,台灣運彩,822865,3481094.1,128,2026-08-05T08:05:00+08:00,舊金山巨人,德州遊騎兵,舊金山巨人 @ 德州遊騎兵,51509642.1,363,舊金山巨人 大小 3.5,253042510.1,大 3.5,A,3.5,1.93,100,93,A,3.5,
2026-08-04,2026-08-04T21:05:16,台灣運彩,822865,3481094.1,128,2026-08-05T08:05:00+08:00,舊金山巨人,德州遊騎兵,舊金山巨人 @ 德州遊騎兵,51509642.1,363,舊金山巨人 大小 3.5,253042509.1,小 3.5,H,3.5,1.53,100,53,H,3.5,
2026-08-04,2026-08-04T21:05:16,台灣運彩,822865,3481094.1,128,2026-08-05T08:05:00+08:00,舊金山巨人,德州遊騎兵,舊金山巨人 @ 德州遊騎兵,51509640.1,366,[總分]單雙,253042506.1,單,,,1.48,25,12,,,
2026-08-04,2026-08-04T21:05:16,台灣運彩,822865,3481094.1,128,2026-08-05T08:05:00+08:00,舊金山巨人,德州遊騎兵,舊金山巨人 @ 德州遊騎兵,51509640.1,366,[總分]單雙,253042505.1,雙,,,2.00,1,1,,,
2026-08-04,2026-08-04T21:05:16,台灣運彩,822865,3481094.1,128,2026-08-05T08:05:00+08:00,舊金山巨人,德州遊騎兵,舊金山巨人 @ 德州遊騎兵,51510001.1,374,得分最高單局(不含延長賽),253043552.1,一樣多,,,2.20,5,6,,,
2026-08-04,2026-08-04T21:05:16,台灣運彩,822865,3481094.1,128,2026-08-05T08:05:00+08:00,舊金山巨人,德州遊騎兵,舊金山巨人 @ 德州遊騎兵,51510001.1,374,得分最高單局(不含延長賽),253043543.1,第1局,,,5.25,4,17,,,
2026-08-04,2026-08-04T21:05:16,台灣運彩,822865,3481094.1,128,2026-08-05T08:05:00+08:00,舊金山巨人,德州遊騎兵,舊金山巨人 @ 德州遊騎兵,51510001.1,374,得分最高單局(不含延長賽),253043544.1,第2局,,,6.25,4,21,,,
2026-08-04,2026-08-04T21:05:16,台灣運彩,822865,3481094.1,128,2026-08-05T08:05:00+08:00,舊金山巨人,德州遊騎兵,舊金山巨人 @ 德州遊騎兵,51510001.1,374,得分最高單局(不含延長賽),253043545.1,第3局,,,5.60,5,23,,,
2026-08-04,2026-08-04T21:05:16,台灣運彩,822865,3481094.1,128,2026-08-05T08:05:00+08:00,舊金山巨人,德州遊騎兵,舊金山巨人 @ 德州遊騎兵,51510001.1,374,得分最高單局(不含延長賽),253043546.1,第4局,,,6.00,1,5,,,
2026-08-04,2026-08-04T21:05:16,台灣運彩,822865,3481094.1,128,2026-08-05T08:05:00+08:00,舊金山巨人,德州遊騎兵,舊金山巨人 @ 德州遊騎兵,51510001.1,374,得分最高單局(不含延長賽),253043547.1,第5局,,,5.80,5,24,,,
2026-08-04,2026-08-04T21:05:16,台灣運彩,822865,3481094.1,128,2026-08-05T08:05:00+08:00,舊金山巨人,德州遊騎兵,舊金山巨人 @ 德州遊騎兵,51510001.1,374,得分最高單局(不含延長賽),253043548.1,第6局,,,6.25,4,21,,,
2026-08-04,2026-08-04T21:05:16,台灣運彩,822865,3481094.1,128,2026-08-05T08:05:00+08:00,舊金山巨人,德州遊騎兵,舊金山巨人 @ 德州遊騎兵,51510001.1,374,得分最高單局(不含延長賽),253043549.1,第7局,,,6.25,4,21,,,
2026-08-04,2026-08-04T21:05:16,台灣運彩,822865,3481094.1,128,2026-08-05T08:05:00+08:00,舊金山巨人,德州遊騎兵,舊金山巨人 @ 德州遊騎兵,51510001.1,374,得分最高單局(不含延長賽),253043550.1,第8局,,,6.00,1,5,,,
2026-08-04,2026-08-04T21:05:16,台灣運彩,822865,3481094.1,128,2026-08-05T08:05:00+08:00,舊金山巨人,德州遊騎兵,舊金山巨人 @ 德州遊騎兵,51510001.1,374,得分最高單局(不含延長賽),253043551.1,第9局,,,8.00,1,7,,,
2026-08-04,2026-08-04T21:05:16,台灣運彩,822865,3481094.1,128,2026-08-05T08:05:00+08:00,舊金山巨人,德州遊騎兵,舊金山巨人 @ 德州遊騎兵,51509998.1,376,[1-5局] 不讓分,253043535.1,德州遊騎兵,H,,1.50,2,1,H,,1
2026-08-04,2026-08-04T21:05:16,台灣運彩,822865,3481094.1,128,2026-08-05T08:05:00+08:00,舊金山巨人,德州遊騎兵,舊金山巨人 @ 德州遊騎兵,51509998.1,376,[1-5局] 不讓分,253043537.1,舊金山巨人,A,,2.40,5,7,A,,2
2026-08-04,2026-08-04T21:05:16,台灣運彩,822865,3481094.1,128,2026-08-05T08:05:00+08:00,舊金山巨人,德州遊騎兵,舊金山巨人 @ 德州遊騎兵,51509998.1,376,[1-5局] 不讓分,253043536.1,和局,D,,4.60,5,18,D,,
2026-08-04,2026-08-04T21:05:16,台灣運彩,822865,3481094.1,128,2026-08-05T08:05:00+08:00,舊金山巨人,德州遊騎兵,舊金山巨人 @ 德州遊騎兵,51509997.1,378,[1-5局] 大小 4.5,253043534.1,大 4.5,A,4.5,1.73,100,73,A,4.5,
2026-08-04,2026-08-04T21:05:16,台灣運彩,822865,3481094.1,128,2026-08-05T08:05:00+08:00,舊金山巨人,德州遊騎兵,舊金山巨人 @ 德州遊騎兵,51509997.1,378,[1-5局] 大小 4.5,253043533.1,小 4.5,H,4.5,1.60,5,3,H,4.5,
2026-08-04,2026-08-04T21:05:16,台灣運彩,822865,3481094.1,128,2026-08-05T08:05:00+08:00,舊金山巨人,德州遊騎兵,舊金山巨人 @ 德州遊騎兵,51509994.1,379,[1-5局] 德州遊騎兵 大小 2.5,253043528.1,大 2.5,A,2.5,1.76,25,19,A,2.5,
2026-08-04,2026-08-04T21:05:16,台灣運彩,822865,3481094.1,128,2026-08-05T08:05:00+08:00,舊金山巨人,德州遊騎兵,舊金山巨人 @ 德州遊騎兵,51509994.1,379,[1-5局] 德州遊騎兵 大小 2.5,253043527.1,小 2.5,H,2.5,1.66,50,33,H,2.5,
2026-08-04,2026-08-04T21:05:16,台灣運彩,822865,3481094.1,128,2026-08-05T08:05:00+08:00,舊金山巨人,德州遊騎兵,舊金山巨人 @ 德州遊騎兵,51509996.1,380,[1-5局] 舊金山巨人 大小 1.5,253043532.1,大 1.5,A,1.5,1.82,50,41,A,1.5,
2026-08-04,2026-08-04T21:05:16,台灣運彩,822865,3481094.1,128,2026-08-05T08:05:00+08:00,舊金山巨人,德州遊騎兵,舊金山巨人 @ 德州遊騎兵,51509996.1,380,[1-5局] 舊金山巨人 大小 1.5,253043531.1,小 1.5,H,1.5,1.62,50,31,H,1.5,
2026-08-04,2026-08-04T21:05:16,台灣運彩,822865,3481094.1,128,2026-08-05T08:05:00+08:00,舊金山巨人,德州遊騎兵,舊金山巨人 @ 德州遊騎兵,51509999.1,389,[第1局] 不讓分,253043538.1,德州遊騎兵,H,,2.55,20,31,H,,1
2026-08-04,2026-08-04T21:05:16,台灣運彩,822865,3481094.1,128,2026-08-05T08:05:00+08:00,舊金山巨人,德州遊騎兵,舊金山巨人 @ 德州遊騎兵,51509999.1,389,[第1局] 不讓分,253043540.1,舊金山巨人,A,,4.05,20,61,A,,2
2026-08-04,2026-08-04T21:05:16,台灣運彩,822865,3481094.1,128,2026-08-05T08:05:00+08:00,舊金山巨人,德州遊騎兵,舊金山巨人 @ 德州遊騎兵,51509999.1,389,[第1局] 不讓分,253043539.1,和局,D,,1.50,2,1,D,,
2026-08-04,2026-08-04T21:05:16,台灣運彩,822865,3481094.1,128,2026-08-05T08:05:00+08:00,舊金山巨人,德州遊騎兵,舊金山巨人 @ 德州遊騎兵,51510000.1,398,[第1局] 大小 0.5,253043542.1,大 0.5,A,0.5,1.71,100,71,A,0.5,
2026-08-04,2026-08-04T21:05:16,台灣運彩,822865,3481094.1,128,2026-08-05T08:05:00+08:00,舊金山巨人,德州遊騎兵,舊金山巨人 @ 德州遊騎兵,51510000.1,398,[第1局] 大小 0.5,253043541.1,小 0.5,H,0.5,1.62,50,31,H,0.5,
2026-08-04,2026-08-04T21:05:16,台灣運彩,824161,3481096.1,130,2026-08-05T08:10:00+08:00,多倫多藍鳥,休士頓太空人,多倫多藍鳥 @ 休士頓太空人,51509666.1,354,不讓分,253042562.1,休士頓太空人,H,,1.58,50,29,H,,1
2026-08-04,2026-08-04T21:05:16,台灣運彩,824161,3481096.1,130,2026-08-05T08:10:00+08:00,多倫多藍鳥,休士頓太空人,多倫多藍鳥 @ 休士頓太空人,51509666.1,354,不讓分,253042563.1,多倫多藍鳥,A,,1.92,25,23,A,,2
2026-08-04,2026-08-04T21:05:16,台灣運彩,824161,3481096.1,130,2026-08-05T08:10:00+08:00,多倫多藍鳥,休士頓太空人,多倫多藍鳥 @ 休士頓太空人,51509675.1,357,勝分差,253042580.1,休士頓太空人 1 分,H,,4.00,1,3,H,,
2026-08-04,2026-08-04T21:05:16,台灣運彩,824161,3481096.1,130,2026-08-05T08:10:00+08:00,多倫多藍鳥,休士頓太空人,多倫多藍鳥 @ 休士頓太空人,51509675.1,357,勝分差,253042581.1,休士頓太空人 2 分,H,,7.00,1,6,H,,
2026-08-04,2026-08-04T21:05:16,台灣運彩,824161,3481096.1,130,2026-08-05T08:10:00+08:00,多倫多藍鳥,休士頓太空人,多倫多藍鳥 @ 休士頓太空人,51509675.1,357,勝分差,253042582.1,休士頓太空人 > 2分,H,,2.60,5,8,H,,
2026-08-04,2026-08-04T21:05:16,台灣運彩,824161,3481096.1,130,2026-08-05T08:10:00+08:00,多倫多藍鳥,休士頓太空人,多倫多藍鳥 @ 休士頓太空人,51509675.1,357,勝分差,253042583.1,多倫多藍鳥 1 分,A,,5.55,20,91,A,,
2026-08-04,2026-08-04T21:05:16,台灣運彩,824161,3481096.1,130,2026-08-05T08:10:00+08:00,多倫多藍鳥,休士頓太空人,多倫多藍鳥 @ 休士頓太空人,51509675.1,357,勝分差,253042584.1,多倫多藍鳥 2 分,A,,7.50,2,13,A,,
2026-08-04,2026-08-04T21:05:16,台灣運彩,824161,3481096.1,130,2026-08-05T08:10:00+08:00,多倫多藍鳥,休士頓太空人,多倫多藍鳥 @ 休士頓太空人,51509675.1,357,勝分差,253042585.1,多倫多藍鳥 > 2分,A,,2.80,5,9,A,,
2026-08-04,2026-08-04T21:05:16,台灣運彩,824161,3481096.1,130,2026-08-05T08:10:00+08:00,多倫多藍鳥,休士頓太空人,多倫多藍鳥 @ 休士頓太空人,51509671.1,358,讓分 -1.5,253042572.1,休士頓太空人 -1.5,H,-1.5,2.10,10,11,H,-1.5,1
2026-08-04,2026-08-04T21:05:16,台灣運彩,824161,3481096.1,130,2026-08-05T08:10:00+08:00,多倫多藍鳥,休士頓太空人,多倫多藍鳥 @ 休士頓太空人,51509671.1,358,讓分 -1.5,253042573.1,多倫多藍鳥 +1.5,A,-1.5,1.45,20,9,A,-1.5,2
2026-08-04,2026-08-04T21:05:16,台灣運彩,824161,3481096.1,130,2026-08-05T08:10:00+08:00,多倫多藍鳥,休士頓太空人,多倫多藍鳥 @ 休士頓太空人,51509673.1,358,讓分 -2.5,253042576.1,休士頓太空人 -2.5,H,-2.5,2.70,10,17,H,-2.5,1
2026-08-04,2026-08-04T21:05:16,台灣運彩,824161,3481096.1,130,2026-08-05T08:10:00+08:00,多倫多藍鳥,休士頓太空人,多倫多藍鳥 @ 休士頓太空人,51509673.1,358,讓分 -2.5,253042577.1,多倫多藍鳥 +2.5,A,-2.5,1.28,25,7,A,-2.5,2
2026-08-04,2026-08-04T21:05:16,台灣運彩,824161,3481096.1,130,2026-08-05T08:10:00+08:00,多倫多藍鳥,休士頓太空人,多倫多藍鳥 @ 休士頓太空人,51509668.1,360,[總分]大小 7.5,253042567.1,大 7.5,A,7.5,1.55,20,11,A,7.5,
2026-08-04,2026-08-04T21:05:16,台灣運彩,824161,3481096.1,130,2026-08-05T08:10:00+08:00,多倫多藍鳥,休士頓太空人,多倫多藍鳥 @ 休士頓太空人,51509668.1,360,[總分]大小 7.5,253042566.1,小 7.5,H,7.5,1.95,20,19,H,7.5,
2026-08-04,2026-08-04T21:05:16,台灣運彩,824161,3481096.1,130,2026-08-05T08:10:00+08:00,多倫多藍鳥,休士頓太空人,多倫多藍鳥 @ 休士頓太空人,51509670.1,360,[總分]大小 8.5,253042571.1,大 8.5,A,8.5,1.78,50,39,A,8.5,
2026-08-04,2026-08-04T21:05:16,台灣運彩,824161,3481096.1,130,2026-08-05T08:10:00+08:00,多倫多藍鳥,休士頓太空人,多倫多藍鳥 @ 休士頓太空人,51509670.1,360,[總分]大小 8.5,253042570.1,小 8.5,H,8.5,1.72,25,18,H,8.5,
2026-08-04,2026-08-04T21:05:16,台灣運彩,824161,3481096.1,130,2026-08-05T08:10:00+08:00,多倫多藍鳥,休士頓太空人,多倫多藍鳥 @ 休士頓太空人,51509672.1,360,[總分]大小 9.5,253042575.1,大 9.5,A,9.5,2.10,10,11,A,9.5,
2026-08-04,2026-08-04T21:05:16,台灣運彩,824161,3481096.1,130,2026-08-05T08:10:00+08:00,多倫多藍鳥,休士頓太空人,多倫多藍鳥 @ 休士頓太空人,51509672.1,360,[總分]大小 9.5,253042574.1,小 9.5,H,9.5,1.45,20,9,H,9.5,
2026-08-04,2026-08-04T21:05:16,台灣運彩,824161,3481096.1,130,2026-08-05T08:10:00+08:00,多倫多藍鳥,休士頓太空人,多倫多藍鳥 @ 休士頓太空人,51509667.1,362,休士頓太空人 大小 4.5,253042565.1,大 4.5,A,4.5,1.88,25,22,A,4.5,
2026-08-04,2026-08-04T21:05:16,台灣運彩,824161,3481096.1,130,2026-08-05T08:10:00+08:00,多倫多藍鳥,休士頓太空人,多倫多藍鳥 @ 休士頓太空人,51509667.1,362,休士頓太空人 大小 4.5,253042564.1,小 4.5,H,4.5,1.56,25,14,H,4.5,
2026-08-04,2026-08-04T21:05:16,台灣運彩,824161,3481096.1,130,2026-08-05T08:10:00+08:00,多倫多藍鳥,休士頓太空人,多倫多藍鳥 @ 休士頓太空人,51509669.1,363,多倫多藍鳥 大小 3.5,253042569.1,大 3.5,A,3.5,1.62,50,31,A,3.5,
2026-08-04,2026-08-04T21:05:16,台灣運彩,824161,3481096.1,130,2026-08-05T08:10:00+08:00,多倫多藍鳥,休士頓太空人,多倫多藍鳥 @ 休士頓太空人,51509669.1,363,多倫多藍鳥 大小 3.5,253042568.1,小 3.5,H,3.5,1.82,50,41,H,3.5,
2026-08-04,2026-08-04T21:05:16,台灣運彩,824161,3481096.1,130,2026-08-05T08:10:00+08:00,多倫多藍鳥,休士頓太空人,多倫多藍鳥 @ 休士頓太空人,51509665.1,366,[總分]單雙,253042561.1,單,,,1.48,25,12,,,
2026-08-04,2026-08-04T21:05:16,台灣運彩,824161,3481096.1,130,2026-08-05T08:10:00+08:00,多倫多藍鳥,休士頓太空人,多倫多藍鳥 @ 休士頓太空人,51509665.1,366,[總分]單雙,253042560.1,雙,,,2.00,1,1,,,
2026-08-04,2026-08-04T21:05:16,台灣運彩,824161,3481096.1,130,2026-08-05T08:10:00+08:00,多倫多藍鳥,休士頓太空人,多倫多藍鳥 @ 休士頓太空人,51509889.1,374,得分最高單局(不含延長賽),253043214.1,一樣多,,,2.25,4,5,,,
2026-08-04,2026-08-04T21:05:16,台灣運彩,824161,3481096.1,130,2026-08-05T08:10:00+08:00,多倫多藍鳥,休士頓太空人,多倫多藍鳥 @ 休士頓太空人,51509889.1,374,得分最高單局(不含延長賽),253043205.1,第1局,,,5.35,20,87,,,
2026-08-04,2026-08-04T21:05:16,台灣運彩,824161,3481096.1,130,2026-08-05T08:10:00+08:00,多倫多藍鳥,休士頓太空人,多倫多藍鳥 @ 休士頓太空人,51509889.1,374,得分最高單局(不含延長賽),253043206.1,第2局,,,6.50,2,11,,,
2026-08-04,2026-08-04T21:05:16,台灣運彩,824161,3481096.1,130,2026-08-05T08:10:00+08:00,多倫多藍鳥,休士頓太空人,多倫多藍鳥 @ 休士頓太空人,51509889.1,374,得分最高單局(不含延長賽),253043207.1,第3局,,,5.60,5,23,,,
2026-08-04,2026-08-04T21:05:16,台灣運彩,824161,3481096.1,130,2026-08-05T08:10:00+08:00,多倫多藍鳥,休士頓太空人,多倫多藍鳥 @ 休士頓太空人,51509889.1,374,得分最高單局(不含延長賽),253043208.1,第4局,,,6.25,4,21,,,
2026-08-04,2026-08-04T21:05:16,台灣運彩,824161,3481096.1,130,2026-08-05T08:10:00+08:00,多倫多藍鳥,休士頓太空人,多倫多藍鳥 @ 休士頓太空人,51509889.1,374,得分最高單局(不含延長賽),253043209.1,第5局,,,6.00,1,5,,,
2026-08-04,2026-08-04T21:05:16,台灣運彩,824161,3481096.1,130,2026-08-05T08:10:00+08:00,多倫多藍鳥,休士頓太空人,多倫多藍鳥 @ 休士頓太空人,51509889.1,374,得分最高單局(不含延長賽),253043210.1,第6局,,,6.00,1,5,,,
2026-08-04,2026-08-04T21:05:16,台灣運彩,824161,3481096.1,130,2026-08-05T08:10:00+08:00,多倫多藍鳥,休士頓太空人,多倫多藍鳥 @ 休士頓太空人,51509889.1,374,得分最高單局(不含延長賽),253043211.1,第7局,,,6.25,4,21,,,
2026-08-04,2026-08-04T21:05:16,台灣運彩,824161,3481096.1,130,2026-08-05T08:10:00+08:00,多倫多藍鳥,休士頓太空人,多倫多藍鳥 @ 休士頓太空人,51509889.1,374,得分最高單局(不含延長賽),253043212.1,第8局,,,5.80,5,24,,,
2026-08-04,2026-08-04T21:05:16,台灣運彩,824161,3481096.1,130,2026-08-05T08:10:00+08:00,多倫多藍鳥,休士頓太空人,多倫多藍鳥 @ 休士頓太空人,51509889.1,374,得分最高單局(不含延長賽),253043213.1,第9局,,,8.00,1,7,,,
2026-08-04,2026-08-04T21:05:16,台灣運彩,824161,3481096.1,130,2026-08-05T08:10:00+08:00,多倫多藍鳥,休士頓太空人,多倫多藍鳥 @ 休士頓太空人,51509887.1,376,[1-5局] 不讓分,253043192.1,休士頓太空人,H,,1.75,4,3,H,,1
2026-08-04,2026-08-04T21:05:16,台灣運彩,824161,3481096.1,130,2026-08-05T08:10:00+08:00,多倫多藍鳥,休士頓太空人,多倫多藍鳥 @ 休士頓太空人,51509887.1,376,[1-5局] 不讓分,253043194.1,多倫多藍鳥,A,,2.00,1,1,A,,2
2026-08-04,2026-08-04T21:05:16,台灣運彩,824161,3481096.1,130,2026-08-05T08:10:00+08:00,多倫多藍鳥,休士頓太空人,多倫多藍鳥 @ 休士頓太空人,51509887.1,376,[1-5局] 不讓分,253043193.1,和局,D,,4.60,5,18,D,,
2026-08-04,2026-08-04T21:05:16,台灣運彩,824161,3481096.1,130,2026-08-05T08:10:00+08:00,多倫多藍鳥,休士頓太空人,多倫多藍鳥 @ 休士頓太空人,51509869.1,378,[1-5局] 大小 4.5,253043144.1,大 4.5,A,4.5,1.68,25,17,A,4.5,
2026-08-04,2026-08-04T21:05:16,台灣運彩,824161,3481096.1,130,2026-08-05T08:10:00+08:00,多倫多藍鳥,休士頓太空人,多倫多藍鳥 @ 休士頓太空人,51509869.1,378,[1-5局] 大小 4.5,253043143.1,小 4.5,H,4.5,1.65,20,13,H,4.5,
2026-08-04,2026-08-04T21:05:16,台灣運彩,824161,3481096.1,130,2026-08-05T08:10:00+08:00,多倫多藍鳥,休士頓太空人,多倫多藍鳥 @ 休士頓太空人,51509884.1,379,[1-5局] 休士頓太空人 大小 2.5,253043186.1,大 2.5,A,2.5,1.93,100,93,A,2.5,
2026-08-04,2026-08-04T21:05:16,台灣運彩,824161,3481096.1,130,2026-08-05T08:10:00+08:00,多倫多藍鳥,休士頓太空人,多倫多藍鳥 @ 休士頓太空人,51509884.1,379,[1-5局] 休士頓太空人 大小 2.5,253043185.1,小 2.5,H,2.5,1.53,100,53,H,2.5,
2026-08-04,2026-08-04T21:05:16,台灣運彩,824161,3481096.1,130,2026-08-05T08:10:00+08:00,多倫多藍鳥,休士頓太空人,多倫多藍鳥 @ 休士頓太空人,51509882.1,380,[1-5局] 多倫多藍鳥 大小 1.5,253043182.1,大 1.5,A,1.5,1.58,50,29,A,1.5,
2026-08-04,2026-08-04T21:05:16,台灣運彩,824161,3481096.1,130,2026-08-05T08:10:00+08:00,多倫多藍鳥,休士頓太空人,多倫多藍鳥 @ 休士頓太空人,51509882.1,380,[1-5局] 多倫多藍鳥 大小 1.5,253043181.1,小 1.5,H,1.5,1.86,50,43,H,1.5,
2026-08-04,2026-08-04T21:05:16,台灣運彩,824161,3481096.1,130,2026-08-05T08:10:00+08:00,多倫多藍鳥,休士頓太空人,多倫多藍鳥 @ 休士頓太空人,51509880.1,389,[第1局] 不讓分,253043176.1,休士頓太空人,H,,2.85,20,37,H,,1
2026-08-04,2026-08-04T21:05:16,台灣運彩,824161,3481096.1,130,2026-08-05T08:10:00+08:00,多倫多藍鳥,休士頓太空人,多倫多藍鳥 @ 休士頓太空人,51509880.1,389,[第1局] 不讓分,253043178.1,多倫多藍鳥,A,,3.40,5,12,A,,2
2026-08-04,2026-08-04T21:05:16,台灣運彩,824161,3481096.1,130,2026-08-05T08:10:00+08:00,多倫多藍鳥,休士頓太空人,多倫多藍鳥 @ 休士頓太空人,51509880.1,389,[第1局] 不讓分,253043177.1,和局,D,,1.55,20,11,D,,
2026-08-04,2026-08-04T21:05:16,台灣運彩,824161,3481096.1,130,2026-08-05T08:10:00+08:00,多倫多藍鳥,休士頓太空人,多倫多藍鳥 @ 休士頓太空人,51509886.1,398,[第1局] 大小 0.5,253043191.1,大 0.5,A,0.5,1.70,10,7,A,0.5,
2026-08-04,2026-08-04T21:05:16,台灣運彩,824161,3481096.1,130,2026-08-05T08:10:00+08:00,多倫多藍鳥,休士頓太空人,多倫多藍鳥 @ 休士頓太空人,51509886.1,398,[第1局] 大小 0.5,253043190.1,小 0.5,H,0.5,1.63,100,63,H,0.5,
2026-08-04,2026-08-04T21:05:16,台灣運彩,824321,3481100.1,131,2026-08-05T08:40:00+08:00,坦帕灣光芒,科羅拉多洛磯,坦帕灣光芒 @ 科羅拉多洛磯,51509805.1,354,不讓分,253042974.1,科羅拉多落磯,H,,2.05,20,21,H,,1
2026-08-04,2026-08-04T21:05:16,台灣運彩,824321,3481100.1,131,2026-08-05T08:40:00+08:00,坦帕灣光芒,科羅拉多洛磯,坦帕灣光芒 @ 科羅拉多洛磯,51509805.1,354,不讓分,253042975.1,坦帕灣光芒,A,,1.48,25,12,A,,2
2026-08-04,2026-08-04T21:05:16,台灣運彩,824321,3481100.1,131,2026-08-05T08:40:00+08:00,坦帕灣光芒,科羅拉多洛磯,坦帕灣光芒 @ 科羅拉多洛磯,51509815.1,357,勝分差,253042997.1,坦帕灣光芒 1 分,A,,6.25,4,21,A,,
2026-08-04,2026-08-04T21:05:16,台灣運彩,824321,3481100.1,131,2026-08-05T08:40:00+08:00,坦帕灣光芒,科羅拉多洛磯,坦帕灣光芒 @ 科羅拉多洛磯,51509815.1,357,勝分差,253042998.1,坦帕灣光芒 2 分,A,,7.25,4,25,A,,
2026-08-04,2026-08-04T21:05:16,台灣運彩,824321,3481100.1,131,2026-08-05T08:40:00+08:00,坦帕灣光芒,科羅拉多洛磯,坦帕灣光芒 @ 科羅拉多洛磯,51509815.1,357,勝分差,253042999.1,坦帕灣光芒 > 2分,A,,1.95,20,19,A,,
2026-08-04,2026-08-04T21:05:16,台灣運彩,824321,3481100.1,131,2026-08-05T08:40:00+08:00,坦帕灣光芒,科羅拉多洛磯,坦帕灣光芒 @ 科羅拉多洛磯,51509815.1,357,勝分差,253042994.1,科羅拉多落磯 1 分,H,,4.50,2,7,H,,
2026-08-04,2026-08-04T21:05:16,台灣運彩,824321,3481100.1,131,2026-08-05T08:40:00+08:00,坦帕灣光芒,科羅拉多洛磯,坦帕灣光芒 @ 科羅拉多洛磯,51509815.1,357,勝分差,253042995.1,科羅拉多落磯 2 分,H,,9.00,1,8,H,,
2026-08-04,2026-08-04T21:05:16,台灣運彩,824321,3481100.1,131,2026-08-05T08:40:00+08:00,坦帕灣光芒,科羅拉多洛磯,坦帕灣光芒 @ 科羅拉多洛磯,51509815.1,357,勝分差,253042996.1,科羅拉多落磯 > 2分,H,,3.25,4,9,H,,
2026-08-04,2026-08-04T21:05:16,台灣運彩,824321,3481100.1,131,2026-08-05T08:40:00+08:00,坦帕灣光芒,科羅拉多洛磯,坦帕灣光芒 @ 科羅拉多洛磯,51509809.1,358,讓分 1.5,253042982.1,科羅拉多落磯 +1.5,H,1.5,1.72,25,18,H,1.5,1
2026-08-04,2026-08-04T21:05:16,台灣運彩,824321,3481100.1,131,2026-08-05T08:40:00+08:00,坦帕灣光芒,科羅拉多洛磯,坦帕灣光芒 @ 科羅拉多洛磯,51509809.1,358,讓分 1.5,253042983.1,坦帕灣光芒 -1.5,A,1.5,1.78,50,39,A,1.5,2
2026-08-04,2026-08-04T21:05:16,台灣運彩,824321,3481100.1,131,2026-08-05T08:40:00+08:00,坦帕灣光芒,科羅拉多洛磯,坦帕灣光芒 @ 科羅拉多洛磯,51509814.1,358,讓分 2.5,253042992.1,科羅拉多落磯 +2.5,H,2.5,1.48,25,12,H,2.5,1
2026-08-04,2026-08-04T21:05:16,台灣運彩,824321,3481100.1,131,2026-08-05T08:40:00+08:00,坦帕灣光芒,科羅拉多洛磯,坦帕灣光芒 @ 科羅拉多洛磯,51509814.1,358,讓分 2.5,253042993.1,坦帕灣光芒 -2.5,A,2.5,2.05,20,21,A,2.5,2
2026-08-04,2026-08-04T21:05:16,台灣運彩,824321,3481100.1,131,2026-08-05T08:40:00+08:00,坦帕灣光芒,科羅拉多洛磯,坦帕灣光芒 @ 科羅拉多洛磯,51509808.1,360,[總分]大小 10.5,253042981.1,大 10.5,A,10.5,1.65,20,13,A,10.5,
2026-08-04,2026-08-04T21:05:16,台灣運彩,824321,3481100.1,131,2026-08-05T08:40:00+08:00,坦帕灣光芒,科羅拉多洛磯,坦帕灣光芒 @ 科羅拉多洛磯,51509808.1,360,[總分]大小 10.5,253042980.1,小 10.5,H,10.5,1.85,20,17,H,10.5,
2026-08-04,2026-08-04T21:05:16,台灣運彩,824321,3481100.1,131,2026-08-05T08:40:00+08:00,坦帕灣光芒,科羅拉多洛磯,坦帕灣光芒 @ 科羅拉多洛磯,51509812.1,360,[總分]大小 9.5,253042989.1,大 9.5,A,9.5,1.45,20,9,A,9.5,
2026-08-04,2026-08-04T21:05:16,台灣運彩,824321,3481100.1,131,2026-08-05T08:40:00+08:00,坦帕灣光芒,科羅拉多洛磯,坦帕灣光芒 @ 科羅拉多洛磯,51509812.1,360,[總分]大小 9.5,253042988.1,小 9.5,H,9.5,2.10,10,11,H,9.5,
2026-08-04,2026-08-04T21:05:16,台灣運彩,824321,3481100.1,131,2026-08-05T08:40:00+08:00,坦帕灣光芒,科羅拉多洛磯,坦帕灣光芒 @ 科羅拉多洛磯,51509813.1,360,[總分]大小 11.5,253042991.1,大 11.5,A,11.5,1.92,25,23,A,11.5,
2026-08-04,2026-08-04T21:05:16,台灣運彩,824321,3481100.1,131,2026-08-05T08:40:00+08:00,坦帕灣光芒,科羅拉多洛磯,坦帕灣光芒 @ 科羅拉多洛磯,51509813.1,360,[總分]大小 11.5,253042990.1,小 11.5,H,11.5,1.58,50,29,H,11.5,
2026-08-04,2026-08-04T21:05:16,台灣運彩,824321,3481100.1,131,2026-08-05T08:40:00+08:00,坦帕灣光芒,科羅拉多洛磯,坦帕灣光芒 @ 科羅拉多洛磯,51509810.1,362,科羅拉多落磯 大小 4.5,253042985.1,大 4.5,A,4.5,1.68,25,17,A,4.5,
2026-08-04,2026-08-04T21:05:16,台灣運彩,824321,3481100.1,131,2026-08-05T08:40:00+08:00,坦帕灣光芒,科羅拉多洛磯,坦帕灣光芒 @ 科羅拉多洛磯,51509810.1,362,科羅拉多落磯 大小 4.5,253042984.1,小 4.5,H,4.5,1.75,4,3,H,4.5,
2026-08-04,2026-08-04T21:05:16,台灣運彩,824321,3481100.1,131,2026-08-05T08:40:00+08:00,坦帕灣光芒,科羅拉多洛磯,坦帕灣光芒 @ 科羅拉多洛磯,51509807.1,363,坦帕灣光芒 大小 5.5,253042979.1,大 5.5,A,5.5,1.62,50,31,A,5.5,
2026-08-04,2026-08-04T21:05:16,台灣運彩,824321,3481100.1,131,2026-08-05T08:40:00+08:00,坦帕灣光芒,科羅拉多洛磯,坦帕灣光芒 @ 科羅拉多洛磯,51509807.1,363,坦帕灣光芒 大小 5.5,253042978.1,小 5.5,H,5.5,1.82,50,41,H,5.5,
2026-08-04,2026-08-04T21:05:16,台灣運彩,824321,3481100.1,131,2026-08-05T08:40:00+08:00,坦帕灣光芒,科羅拉多洛磯,坦帕灣光芒 @ 科羅拉多洛磯,51509806.1,366,[總分]單雙,253042977.1,單,,,1.50,2,1,,,
2026-08-04,2026-08-04T21:05:16,台灣運彩,824321,3481100.1,131,2026-08-05T08:40:00+08:00,坦帕灣光芒,科羅拉多洛磯,坦帕灣光芒 @ 科羅拉多洛磯,51509806.1,366,[總分]單雙,253042976.1,雙,,,1.96,25,24,,,
2026-08-04,2026-08-04T21:05:16,台灣運彩,824321,3481100.1,131,2026-08-05T08:40:00+08:00,坦帕灣光芒,科羅拉多洛磯,坦帕灣光芒 @ 科羅拉多洛磯,51509899.1,374,得分最高單局(不含延長賽),253043246.1,一樣多,,,2.40,5,7,,,
2026-08-04,2026-08-04T21:05:16,台灣運彩,824321,3481100.1,131,2026-08-05T08:40:00+08:00,坦帕灣光芒,科羅拉多洛磯,坦帕灣光芒 @ 科羅拉多洛磯,51509899.1,374,得分最高單局(不含延長賽),253043237.1,第1局,,,5.60,5,23,,,
2026-08-04,2026-08-04T21:05:16,台灣運彩,824321,3481100.1,131,2026-08-05T08:40:00+08:00,坦帕灣光芒,科羅拉多洛磯,坦帕灣光芒 @ 科羅拉多洛磯,51509899.1,374,得分最高單局(不含延長賽),253043238.1,第2局,,,6.75,4,23,,,
2026-08-04,2026-08-04T21:05:16,台灣運彩,824321,3481100.1,131,2026-08-05T08:40:00+08:00,坦帕灣光芒,科羅拉多洛磯,坦帕灣光芒 @ 科羅拉多洛磯,51509899.1,374,得分最高單局(不含延長賽),253043239.1,第3局,,,5.80,5,24,,,
2026-08-04,2026-08-04T21:05:16,台灣運彩,824321,3481100.1,131,2026-08-05T08:40:00+08:00,坦帕灣光芒,科羅拉多洛磯,坦帕灣光芒 @ 科羅拉多洛磯,51509899.1,374,得分最高單局(不含延長賽),253043240.1,第4局,,,6.50,2,11,,,
2026-08-04,2026-08-04T21:05:16,台灣運彩,824321,3481100.1,131,2026-08-05T08:40:00+08:00,坦帕灣光芒,科羅拉多洛磯,坦帕灣光芒 @ 科羅拉多洛磯,51509899.1,374,得分最高單局(不含延長賽),253043241.1,第5局,,,6.00,1,5,,,
2026-08-04,2026-08-04T21:05:16,台灣運彩,824321,3481100.1,131,2026-08-05T08:40:00+08:00,坦帕灣光芒,科羅拉多洛磯,坦帕灣光芒 @ 科羅拉多洛磯,51509899.1,374,得分最高單局(不含延長賽),253043242.1,第6局,,,5.75,4,19,,,
2026-08-04,2026-08-04T21:05:16,台灣運彩,824321,3481100.1,131,2026-08-05T08:40:00+08:00,坦帕灣光芒,科羅拉多洛磯,坦帕灣光芒 @ 科羅拉多洛磯,51509899.1,374,得分最高單局(不含延長賽),253043243.1,第7局,,,5.70,10,47,,,
2026-08-04,2026-08-04T21:05:16,台灣運彩,824321,3481100.1,131,2026-08-05T08:40:00+08:00,坦帕灣光芒,科羅拉多洛磯,坦帕灣光芒 @ 科羅拉多洛磯,51509899.1,374,得分最高單局(不含延長賽),253043244.1,第8局,,,5.70,10,47,,,
2026-08-04,2026-08-04T21:05:16,台灣運彩,824321,3481100.1,131,2026-08-05T08:40:00+08:00,坦帕灣光芒,科羅拉多洛磯,坦帕灣光芒 @ 科羅拉多洛磯,51509899.1,374,得分最高單局(不含延長賽),253043245.1,第9局,,,7.50,2,13,,,
2026-08-04,2026-08-04T21:05:16,台灣運彩,824321,3481100.1,131,2026-08-05T08:40:00+08:00,坦帕灣光芒,科羅拉多洛磯,坦帕灣光芒 @ 科羅拉多洛磯,51509898.1,376,[1-5局] 不讓分,253043234.1,科羅拉多落磯,H,,2.00,1,1,H,,1
2026-08-04,2026-08-04T21:05:16,台灣運彩,824321,3481100.1,131,2026-08-05T08:40:00+08:00,坦帕灣光芒,科羅拉多洛磯,坦帕灣光芒 @ 科羅拉多洛磯,51509898.1,376,[1-5局] 不讓分,253043236.1,坦帕灣光芒,A,,1.60,5,3,A,,2
2026-08-04,2026-08-04T21:05:16,台灣運彩,824321,3481100.1,131,2026-08-05T08:40:00+08:00,坦帕灣光芒,科羅拉多洛磯,坦帕灣光芒 @ 科羅拉多洛磯,51509898.1,376,[1-5局] 不讓分,253043235.1,和局,D,,5.45,20,89,D,,
2026-08-04,2026-08-04T21:05:16,台灣運彩,824321,3481100.1,131,2026-08-05T08:40:00+08:00,坦帕灣光芒,科羅拉多洛磯,坦帕灣光芒 @ 科羅拉多洛磯,51509894.1,378,[1-5局] 大小 5.5,253043226.1,大 5.5,A,5.5,1.60,5,3,A,5.5,
2026-08-04,2026-08-04T21:05:16,台灣運彩,824321,3481100.1,131,2026-08-05T08:40:00+08:00,坦帕灣光芒,科羅拉多洛磯,坦帕灣光芒 @ 科羅拉多洛磯,51509894.1,378,[1-5局] 大小 5.5,253043225.1,小 5.5,H,5.5,1.73,100,73,H,5.5,
2026-08-04,2026-08-04T21:05:16,台灣運彩,824321,3481100.1,131,2026-08-05T08:40:00+08:00,坦帕灣光芒,科羅拉多洛磯,坦帕灣光芒 @ 科羅拉多洛磯,51509897.1,379,[1-5局] 科羅拉多落磯 大小 2.5,253043233.1,大 2.5,A,2.5,1.82,50,41,A,2.5,
2026-08-04,2026-08-04T21:05:16,台灣運彩,824321,3481100.1,131,2026-08-05T08:40:00+08:00,坦帕灣光芒,科羅拉多洛磯,坦帕灣光芒 @ 科羅拉多洛磯,51509897.1,379,[1-5局] 科羅拉多落磯 大小 2.5,253043232.1,小 2.5,H,2.5,1.62,50,31,H,2.5,
2026-08-04,2026-08-04T21:05:16,台灣運彩,824321,3481100.1,131,2026-08-05T08:40:00+08:00,坦帕灣光芒,科羅拉多洛磯,坦帕灣光芒 @ 科羅拉多洛磯,51509896.1,380,[1-5局] 坦帕灣光芒 大小 2.5,253043231.1,大 2.5,A,2.5,1.56,25,14,A,2.5,
2026-08-04,2026-08-04T21:05:16,台灣運彩,824321,3481100.1,131,2026-08-05T08:40:00+08:00,坦帕灣光芒,科羅拉多洛磯,坦帕灣光芒 @ 科羅拉多洛磯,51509896.1,380,[1-5局] 坦帕灣光芒 大小 2.5,253043230.1,小 2.5,H,2.5,1.88,25,22,H,2.5,
2026-08-04,2026-08-04T21:05:16,台灣運彩,824321,3481100.1,131,2026-08-05T08:40:00+08:00,坦帕灣光芒,科羅拉多洛磯,坦帕灣光芒 @ 科羅拉多洛磯,51509895.1,389,[第1局] 不讓分,253043227.1,科羅拉多落磯,H,,3.05,20,41,H,,1
2026-08-04,2026-08-04T21:05:16,台灣運彩,824321,3481100.1,131,2026-08-05T08:40:00+08:00,坦帕灣光芒,科羅拉多洛磯,坦帕灣光芒 @ 科羅拉多洛磯,51509895.1,389,[第1局] 不讓分,253043229.1,坦帕灣光芒,A,,2.55,20,31,A,,2
2026-08-04,2026-08-04T21:05:16,台灣運彩,824321,3481100.1,131,2026-08-05T08:40:00+08:00,坦帕灣光芒,科羅拉多洛磯,坦帕灣光芒 @ 科羅拉多洛磯,51509895.1,389,[第1局] 不讓分,253043228.1,和局,D,,1.70,10,7,D,,
2026-08-04,2026-08-04T21:05:16,台灣運彩,824321,3481100.1,131,2026-08-05T08:40:00+08:00,坦帕灣光芒,科羅拉多洛磯,坦帕灣光芒 @ 科羅拉多洛磯,51509893.1,398,[第1局] 大小 0.5,253043224.1,大 0.5,A,0.5,1.50,2,1,A,0.5,
2026-08-04,2026-08-04T21:05:16,台灣運彩,824321,3481100.1,131,2026-08-05T08:40:00+08:00,坦帕灣光芒,科羅拉多洛磯,坦帕灣光芒 @ 科羅拉多洛磯,51509893.1,398,[第1局] 大小 0.5,253043223.1,小 0.5,H,0.5,1.85,20,17,H,0.5,
2026-08-04,2026-08-04T21:05:16,台灣運彩,823108,3481103.1,133,2026-08-05T09:40:00+08:00,底特律老虎,西雅圖水手,底特律老虎 @ 西雅圖水手,51509918.1,354,不讓分,253043295.1,西雅圖水手,H,,1.52,25,13,H,,1
2026-08-04,2026-08-04T21:05:16,台灣運彩,823108,3481103.1,133,2026-08-05T09:40:00+08:00,底特律老虎,西雅圖水手,底特律老虎 @ 西雅圖水手,51509918.1,354,不讓分,253043296.1,底特律老虎,A,,1.98,50,49,A,,2
2026-08-04,2026-08-04T21:05:16,台灣運彩,823108,3481103.1,133,2026-08-05T09:40:00+08:00,底特律老虎,西雅圖水手,底特律老虎 @ 西雅圖水手,51509932.1,357,勝分差,253043326.1,底特律老虎 1 分,A,,5.65,20,93,A,,
2026-08-04,2026-08-04T21:05:16,台灣運彩,823108,3481103.1,133,2026-08-05T09:40:00+08:00,底特律老虎,西雅圖水手,底特律老虎 @ 西雅圖水手,51509932.1,357,勝分差,253043327.1,底特律老虎 2 分,A,,7.50,2,13,A,,
2026-08-04,2026-08-04T21:05:16,台灣運彩,823108,3481103.1,133,2026-08-05T09:40:00+08:00,底特律老虎,西雅圖水手,底特律老虎 @ 西雅圖水手,51509932.1,357,勝分差,253043328.1,底特律老虎 > 2分,A,,3.05,20,41,A,,
2026-08-04,2026-08-04T21:05:16,台灣運彩,823108,3481103.1,133,2026-08-05T09:40:00+08:00,底特律老虎,西雅圖水手,底特律老虎 @ 西雅圖水手,51509932.1,357,勝分差,253043323.1,西雅圖水手 1 分,H,,3.90,10,29,H,,
2026-08-04,2026-08-04T21:05:16,台灣運彩,823108,3481103.1,133,2026-08-05T09:40:00+08:00,底特律老虎,西雅圖水手,底特律老虎 @ 西雅圖水手,51509932.1,357,勝分差,253043324.1,西雅圖水手 2 分,H,,6.50,2,11,H,,
2026-08-04,2026-08-04T21:05:16,台灣運彩,823108,3481103.1,133,2026-08-05T09:40:00+08:00,底特律老虎,西雅圖水手,底特律老虎 @ 西雅圖水手,51509932.1,357,勝分差,253043325.1,西雅圖水手 > 2分,H,,2.50,2,3,H,,
2026-08-04,2026-08-04T21:05:16,台灣運彩,823108,3481103.1,133,2026-08-05T09:40:00+08:00,底特律老虎,西雅圖水手,底特律老虎 @ 西雅圖水手,51509920.1,358,讓分 -1.5,253043299.1,西雅圖水手 -1.5,H,-1.5,2.05,20,21,H,-1.5,1
2026-08-04,2026-08-04T21:05:16,台灣運彩,823108,3481103.1,133,2026-08-05T09:40:00+08:00,底特律老虎,西雅圖水手,底特律老虎 @ 西雅圖水手,51509920.1,358,讓分 -1.5,253043300.1,底特律老虎 +1.5,A,-1.5,1.48,25,12,A,-1.5,2
2026-08-04,2026-08-04T21:05:16,台灣運彩,823108,3481103.1,133,2026-08-05T09:40:00+08:00,底特律老虎,西雅圖水手,底特律老虎 @ 西雅圖水手,51509925.1,358,讓分 -2.5,253043309.1,西雅圖水手 -2.5,H,-2.5,2.60,5,8,H,-2.5,1
2026-08-04,2026-08-04T21:05:16,台灣運彩,823108,3481103.1,133,2026-08-05T09:40:00+08:00,底特律老虎,西雅圖水手,底特律老虎 @ 西雅圖水手,51509925.1,358,讓分 -2.5,253043310.1,底特律老虎 +2.5,A,-2.5,1.30,10,3,A,-2.5,2
2026-08-04,2026-08-04T21:05:16,台灣運彩,823108,3481103.1,133,2026-08-05T09:40:00+08:00,底特律老虎,西雅圖水手,底特律老虎 @ 西雅圖水手,51509922.1,360,[總分]大小 8.5,253043304.1,大 8.5,A,8.5,1.85,20,17,A,8.5,
2026-08-04,2026-08-04T21:05:16,台灣運彩,823108,3481103.1,133,2026-08-05T09:40:00+08:00,底特律老虎,西雅圖水手,底特律老虎 @ 西雅圖水手,51509922.1,360,[總分]大小 8.5,253043303.1,小 8.5,H,8.5,1.65,20,13,H,8.5,
2026-08-04,2026-08-04T21:05:16,台灣運彩,823108,3481103.1,133,2026-08-05T09:40:00+08:00,底特律老虎,西雅圖水手,底特律老虎 @ 西雅圖水手,51509923.1,360,[總分]大小 7.5,253043306.1,大 7.5,A,7.5,1.62,50,31,A,7.5,
2026-08-04,2026-08-04T21:05:16,台灣運彩,823108,3481103.1,133,2026-08-05T09:40:00+08:00,底特律老虎,西雅圖水手,底特律老虎 @ 西雅圖水手,51509923.1,360,[總分]大小 7.5,253043305.1,小 7.5,H,7.5,1.88,25,22,H,7.5,
2026-08-04,2026-08-04T21:05:16,台灣運彩,823108,3481103.1,133,2026-08-05T09:40:00+08:00,底特律老虎,西雅圖水手,底特律老虎 @ 西雅圖水手,51509927.1,360,[總分]大小 9.5,253043314.1,大 9.5,A,9.5,2.30,10,13,A,9.5,
2026-08-04,2026-08-04T21:05:16,台灣運彩,823108,3481103.1,133,2026-08-05T09:40:00+08:00,底特律老虎,西雅圖水手,底特律老虎 @ 西雅圖水手,51509927.1,360,[總分]大小 9.5,253043313.1,小 9.5,H,9.5,1.40,5,2,H,9.5,
2026-08-04,2026-08-04T21:05:16,台灣運彩,823108,3481103.1,133,2026-08-05T09:40:00+08:00,底特律老虎,西雅圖水手,底特律老虎 @ 西雅圖水手,51509929.1,362,西雅圖水手 大小 4.5,253043318.1,大 4.5,A,4.5,1.90,10,9,A,4.5,
2026-08-04,2026-08-04T21:05:16,台灣運彩,823108,3481103.1,133,2026-08-05T09:40:00+08:00,底特律老虎,西雅圖水手,底特律老虎 @ 西雅圖水手,51509929.1,362,西雅圖水手 大小 4.5,253043317.1,小 4.5,H,4.5,1.55,20,11,H,4.5,
2026-08-04,2026-08-04T21:05:16,台灣運彩,823108,3481103.1,133,2026-08-05T09:40:00+08:00,底特律老虎,西雅圖水手,底特律老虎 @ 西雅圖水手,51509921.1,363,底特律老虎 大小 3.5,253043302.1,大 3.5,A,3.5,1.70,10,7,A,3.5,
2026-08-04,2026-08-04T21:05:16,台灣運彩,823108,3481103.1,133,2026-08-05T09:40:00+08:00,底特律老虎,西雅圖水手,底特律老虎 @ 西雅圖水手,51509921.1,363,底特律老虎 大小 3.5,253043301.1,小 3.5,H,3.5,1.73,100,73,H,3.5,
2026-08-04,2026-08-04T21:05:16,台灣運彩,823108,3481103.1,133,2026-08-05T09:40:00+08:00,底特律老虎,西雅圖水手,底特律老虎 @ 西雅圖水手,51509919.1,366,[總分]單雙,253043298.1,單,,,1.48,25,12,,,
2026-08-04,2026-08-04T21:05:16,台灣運彩,823108,3481103.1,133,2026-08-05T09:40:00+08:00,底特律老虎,西雅圖水手,底特律老虎 @ 西雅圖水手,51509919.1,366,[總分]單雙,253043297.1,雙,,,2.00,1,1,,,
2026-08-04,2026-08-04T21:05:16,台灣運彩,823108,3481103.1,133,2026-08-05T09:40:00+08:00,底特律老虎,西雅圖水手,底特律老虎 @ 西雅圖水手,51510548.1,374,得分最高單局(不含延長賽),253044957.1,一樣多,,,2.25,4,5,,,
2026-08-04,2026-08-04T21:05:16,台灣運彩,823108,3481103.1,133,2026-08-05T09:40:00+08:00,底特律老虎,西雅圖水手,底特律老虎 @ 西雅圖水手,51510548.1,374,得分最高單局(不含延長賽),253044948.1,第1局,,,5.60,5,23,,,
2026-08-04,2026-08-04T21:05:16,台灣運彩,823108,3481103.1,133,2026-08-05T09:40:00+08:00,底特律老虎,西雅圖水手,底特律老虎 @ 西雅圖水手,51510548.1,374,得分最高單局(不含延長賽),253044949.1,第2局,,,6.50,2,11,,,
2026-08-04,2026-08-04T21:05:16,台灣運彩,823108,3481103.1,133,2026-08-05T09:40:00+08:00,底特律老虎,西雅圖水手,底特律老虎 @ 西雅圖水手,51510548.1,374,得分最高單局(不含延長賽),253044950.1,第3局,,,5.85,20,97,,,
2026-08-04,2026-08-04T21:05:16,台灣運彩,823108,3481103.1,133,2026-08-05T09:40:00+08:00,底特律老虎,西雅圖水手,底特律老虎 @ 西雅圖水手,51510548.1,374,得分最高單局(不含延長賽),253044951.1,第4局,,,6.25,4,21,,,
2026-08-04,2026-08-04T21:05:16,台灣運彩,823108,3481103.1,133,2026-08-05T09:40:00+08:00,底特律老虎,西雅圖水手,底特律老虎 @ 西雅圖水手,51510548.1,374,得分最高單局(不含延長賽),253044952.1,第5局,,,6.00,1,5,,,
2026-08-04,2026-08-04T21:05:16,台灣運彩,823108,3481103.1,133,2026-08-05T09:40:00+08:00,底特律老虎,西雅圖水手,底特律老虎 @ 西雅圖水手,51510548.1,374,得分最高單局(不含延長賽),253044953.1,第6局,,,5.70,10,47,,,
2026-08-04,2026-08-04T21:05:16,台灣運彩,823108,3481103.1,133,2026-08-05T09:40:00+08:00,底特律老虎,西雅圖水手,底特律老虎 @ 西雅圖水手,51510548.1,374,得分最高單局(不含延長賽),253044954.1,第7局,,,5.90,10,49,,,
2026-08-04,2026-08-04T21:05:16,台灣運彩,823108,3481103.1,133,2026-08-05T09:40:00+08:00,底特律老虎,西雅圖水手,底特律老虎 @ 西雅圖水手,51510548.1,374,得分最高單局(不含延長賽),253044955.1,第8局,,,5.75,4,19,,,
2026-08-04,2026-08-04T21:05:16,台灣運彩,823108,3481103.1,133,2026-08-05T09:40:00+08:00,底特律老虎,西雅圖水手,底特律老虎 @ 西雅圖水手,51510548.1,374,得分最高單局(不含延長賽),253044956.1,第9局,,,8.00,1,7,,,
2026-08-04,2026-08-04T21:05:16,台灣運彩,823108,3481103.1,133,2026-08-05T09:40:00+08:00,底特律老虎,西雅圖水手,底特律老虎 @ 西雅圖水手,51510546.1,376,[1-5局] 不讓分,253044942.1,西雅圖水手,H,,1.70,10,7,H,,1
2026-08-04,2026-08-04T21:05:16,台灣運彩,823108,3481103.1,133,2026-08-05T09:40:00+08:00,底特律老虎,西雅圖水手,底特律老虎 @ 西雅圖水手,51510546.1,376,[1-5局] 不讓分,253044944.1,底特律老虎,A,,2.10,10,11,A,,2
2026-08-04,2026-08-04T21:05:16,台灣運彩,823108,3481103.1,133,2026-08-05T09:40:00+08:00,底特律老虎,西雅圖水手,底特律老虎 @ 西雅圖水手,51510546.1,376,[1-5局] 不讓分,253044943.1,和局,D,,4.40,5,17,D,,
2026-08-04,2026-08-04T21:05:16,台灣運彩,823108,3481103.1,133,2026-08-05T09:40:00+08:00,底特律老虎,西雅圖水手,底特律老虎 @ 西雅圖水手,51510542.1,378,[1-5局] 大小 4.5,253044935.1,大 4.5,A,4.5,1.78,50,39,A,4.5,
2026-08-04,2026-08-04T21:05:16,台灣運彩,823108,3481103.1,133,2026-08-05T09:40:00+08:00,底特律老虎,西雅圖水手,底特律老虎 @ 西雅圖水手,51510542.1,378,[1-5局] 大小 4.5,253044934.1,小 4.5,H,4.5,1.56,25,14,H,4.5,
2026-08-04,2026-08-04T21:05:16,台灣運彩,823108,3481103.1,133,2026-08-05T09:40:00+08:00,底特律老虎,西雅圖水手,底特律老虎 @ 西雅圖水手,51510543.1,379,[1-5局] 西雅圖水手 大小 2.5,253044937.1,大 2.5,A,2.5,1.94,50,47,A,2.5,
2026-08-04,2026-08-04T21:05:16,台灣運彩,823108,3481103.1,133,2026-08-05T09:40:00+08:00,底特律老虎,西雅圖水手,底特律老虎 @ 西雅圖水手,51510543.1,379,[1-5局] 西雅圖水手 大小 2.5,253044936.1,小 2.5,H,2.5,1.52,25,13,H,2.5,
2026-08-04,2026-08-04T21:05:16,台灣運彩,823108,3481103.1,133,2026-08-05T09:40:00+08:00,底特律老虎,西雅圖水手,底特律老虎 @ 西雅圖水手,51510541.1,380,[1-5局] 底特律老虎 大小 1.5,253044933.1,大 1.5,A,1.5,1.66,50,33,A,1.5,
2026-08-04,2026-08-04T21:05:16,台灣運彩,823108,3481103.1,133,2026-08-05T09:40:00+08:00,底特律老虎,西雅圖水手,底特律老虎 @ 西雅圖水手,51510541.1,380,[1-5局] 底特律老虎 大小 1.5,253044932.1,小 1.5,H,1.5,1.76,25,19,H,1.5,
2026-08-04,2026-08-04T21:05:16,台灣運彩,823108,3481103.1,133,2026-08-05T09:40:00+08:00,底特律老虎,西雅圖水手,底特律老虎 @ 西雅圖水手,51510547.1,389,[第1局] 不讓分,253044945.1,西雅圖水手,H,,2.85,20,37,H,,1
2026-08-04,2026-08-04T21:05:16,台灣運彩,823108,3481103.1,133,2026-08-05T09:40:00+08:00,底特律老虎,西雅圖水手,底特律老虎 @ 西雅圖水手,51510547.1,389,[第1局] 不讓分,253044947.1,底特律老虎,A,,3.55,20,51,A,,2
2026-08-04,2026-08-04T21:05:16,台灣運彩,823108,3481103.1,133,2026-08-05T09:40:00+08:00,底特律老虎,西雅圖水手,底特律老虎 @ 西雅圖水手,51510547.1,389,[第1局] 不讓分,253044946.1,和局,D,,1.50,2,1,D,,
2026-08-04,2026-08-04T21:05:16,台灣運彩,823108,3481103.1,133,2026-08-05T09:40:00+08:00,底特律老虎,西雅圖水手,底特律老虎 @ 西雅圖水手,51510545.1,398,[第1局] 大小 0.5,253044941.1,大 0.5,A,0.5,1.75,4,3,A,0.5,
2026-08-04,2026-08-04T21:05:16,台灣運彩,823108,3481103.1,133,2026-08-05T09:40:00+08:00,底特律老虎,西雅圖水手,底特律老虎 @ 西雅圖水手,51510545.1,398,[第1局] 大小 0.5,253044940.1,小 0.5,H,0.5,1.58,50,29,H,0.5,
2026-08-04,2026-08-04T21:05:16,台灣運彩,825054,3481104.1,134,2026-08-05T09:40:00+08:00,聖地牙哥教士,亞利桑那響尾蛇,聖地牙哥教士 @ 亞利桑那響尾蛇,51509938.1,354,不讓分,253043339.1,亞歷桑那響尾蛇,H,,1.60,5,3,H,,1
2026-08-04,2026-08-04T21:05:16,台灣運彩,825054,3481104.1,134,2026-08-05T09:40:00+08:00,聖地牙哥教士,亞利桑那響尾蛇,聖地牙哥教士 @ 亞利桑那響尾蛇,51509938.1,354,不讓分,253043340.1,聖地牙哥教士,A,,1.90,10,9,A,,2
2026-08-04,2026-08-04T21:05:16,台灣運彩,825054,3481104.1,134,2026-08-05T09:40:00+08:00,聖地牙哥教士,亞利桑那響尾蛇,聖地牙哥教士 @ 亞利桑那響尾蛇,51509939.1,357,勝分差,253043341.1,亞歷桑那響尾蛇 1 分,H,,4.15,20,63,H,,
2026-08-04,2026-08-04T21:05:16,台灣運彩,825054,3481104.1,134,2026-08-05T09:40:00+08:00,聖地牙哥教士,亞利桑那響尾蛇,聖地牙哥教士 @ 亞利桑那響尾蛇,51509939.1,357,勝分差,253043342.1,亞歷桑那響尾蛇 2 分,H,,6.75,4,23,H,,
2026-08-04,2026-08-04T21:05:16,台灣運彩,825054,3481104.1,134,2026-08-05T09:40:00+08:00,聖地牙哥教士,亞利桑那響尾蛇,聖地牙哥教士 @ 亞利桑那響尾蛇,51509939.1,357,勝分差,253043343.1,亞歷桑那響尾蛇 > 2分,H,,2.45,20,29,H,,
2026-08-04,2026-08-04T21:05:16,台灣運彩,825054,3481104.1,134,2026-08-05T09:40:00+08:00,聖地牙哥教士,亞利桑那響尾蛇,聖地牙哥教士 @ 亞利桑那響尾蛇,51509939.1,357,勝分差,253043344.1,聖地牙哥教士 1 分,A,,5.95,20,99,A,,
2026-08-04,2026-08-04T21:05:16,台灣運彩,825054,3481104.1,134,2026-08-05T09:40:00+08:00,聖地牙哥教士,亞利桑那響尾蛇,聖地牙哥教士 @ 亞利桑那響尾蛇,51509939.1,357,勝分差,253043345.1,聖地牙哥教士 2 分,A,,7.75,4,27,A,,
2026-08-04,2026-08-04T21:05:16,台灣運彩,825054,3481104.1,134,2026-08-05T09:40:00+08:00,聖地牙哥教士,亞利桑那響尾蛇,聖地牙哥教士 @ 亞利桑那響尾蛇,51509939.1,357,勝分差,253043346.1,聖地牙哥教士 > 2分,A,,2.85,20,37,A,,
2026-08-04,2026-08-04T21:05:16,台灣運彩,825054,3481104.1,134,2026-08-05T09:40:00+08:00,聖地牙哥教士,亞利桑那響尾蛇,聖地牙哥教士 @ 亞利桑那響尾蛇,51509933.1,358,讓分 -1.5,253043329.1,亞歷桑那響尾蛇 -1.5,H,-1.5,2.05,20,21,H,-1.5,1
2026-08-04,2026-08-04T21:05:16,台灣運彩,825054,3481104.1,134,2026-08-05T09:40:00+08:00,聖地牙哥教士,亞利桑那響尾蛇,聖地牙哥教士 @ 亞利桑那響尾蛇,51509933.1,358,讓分 -1.5,253043330.1,聖地牙哥教士 +1.5,A,-1.5,1.48,25,12,A,-1.5,2
2026-08-04,2026-08-04T21:05:16,台灣運彩,825054,3481104.1,134,2026-08-05T09:40:00+08:00,聖地牙哥教士,亞利桑那響尾蛇,聖地牙哥教士 @ 亞利桑那響尾蛇,51509936.1,358,讓分 -2.5,253043335.1,亞歷桑那響尾蛇 -2.5,H,-2.5,2.50,2,3,H,-2.5,1
2026-08-04,2026-08-04T21:05:16,台灣運彩,825054,3481104.1,134,2026-08-05T09:40:00+08:00,聖地牙哥教士,亞利桑那響尾蛇,聖地牙哥教士 @ 亞利桑那響尾蛇,51509936.1,358,讓分 -2.5,253043336.1,聖地牙哥教士 +2.5,A,-2.5,1.32,25,8,A,-2.5,2
2026-08-04,2026-08-04T21:05:16,台灣運彩,825054,3481104.1,134,2026-08-05T09:40:00+08:00,聖地牙哥教士,亞利桑那響尾蛇,聖地牙哥教士 @ 亞利桑那響尾蛇,51509930.1,360,[總分]大小 8.5,253043320.1,大 8.5,A,8.5,1.66,50,33,A,8.5,
2026-08-04,2026-08-04T21:05:16,台灣運彩,825054,3481104.1,134,2026-08-05T09:40:00+08:00,聖地牙哥教士,亞利桑那響尾蛇,聖地牙哥教士 @ 亞利桑那響尾蛇,51509930.1,360,[總分]大小 8.5,253043319.1,小 8.5,H,8.5,1.84,25,21,H,8.5,
2026-08-04,2026-08-04T21:05:16,台灣運彩,825054,3481104.1,134,2026-08-05T09:40:00+08:00,聖地牙哥教士,亞利桑那響尾蛇,聖地牙哥教士 @ 亞利桑那響尾蛇,51509931.1,360,[總分]大小 9.5,253043322.1,大 9.5,A,9.5,1.94,50,47,A,9.5,
2026-08-04,2026-08-04T21:05:16,台灣運彩,825054,3481104.1,134,2026-08-05T09:40:00+08:00,聖地牙哥教士,亞利桑那響尾蛇,聖地牙哥教士 @ 亞利桑那響尾蛇,51509931.1,360,[總分]大小 9.5,253043321.1,小 9.5,H,9.5,1.56,25,14,H,9.5,
2026-08-04,2026-08-04T21:05:16,台灣運彩,825054,3481104.1,134,2026-08-05T09:40:00+08:00,聖地牙哥教士,亞利桑那響尾蛇,聖地牙哥教士 @ 亞利桑那響尾蛇,51509944.1,360,[總分]大小 7.5,253043358.1,大 7.5,A,7.5,1.43,100,43,A,7.5,
2026-08-04,2026-08-04T21:05:16,台灣運彩,825054,3481104.1,134,2026-08-05T09:40:00+08:00,聖地牙哥教士,亞利桑那響尾蛇,聖地牙哥教士 @ 亞利桑那響尾蛇,51509944.1,360,[總分]大小 7.5,253043357.1,小 7.5,H,7.5,2.15,20,23,H,7.5,
2026-08-04,2026-08-04T21:05:16,台灣運彩,825054,3481104.1,134,2026-08-05T09:40:00+08:00,聖地牙哥教士,亞利桑那響尾蛇,聖地牙哥教士 @ 亞利桑那響尾蛇,51509935.1,362,亞歷桑那響尾蛇 大小 4.5,253043334.1,大 4.5,A,4.5,1.78,50,39,A,4.5,
2026-08-04,2026-08-04T21:05:16,台灣運彩,825054,3481104.1,134,2026-08-05T09:40:00+08:00,聖地牙哥教士,亞利桑那響尾蛇,聖地牙哥教士 @ 亞利桑那響尾蛇,51509935.1,362,亞歷桑那響尾蛇 大小 4.5,253043333.1,小 4.5,H,4.5,1.65,20,13,H,4.5,
2026-08-04,2026-08-04T21:05:16,台灣運彩,825054,3481104.1,134,2026-08-05T09:40:00+08:00,聖地牙哥教士,亞利桑那響尾蛇,聖地牙哥教士 @ 亞利桑那響尾蛇,51510009.1,363,聖地牙哥教士 大小 3.5,253043578.1,大 3.5,A,3.5,1.53,100,53,A,3.5,
2026-08-04,2026-08-04T21:05:16,台灣運彩,825054,3481104.1,134,2026-08-05T09:40:00+08:00,聖地牙哥教士,亞利桑那響尾蛇,聖地牙哥教士 @ 亞利桑那響尾蛇,51510009.1,363,聖地牙哥教士 大小 3.5,253043577.1,小 3.5,H,3.5,1.93,100,93,H,3.5,
2026-08-04,2026-08-04T21:05:16,台灣運彩,825054,3481104.1,134,2026-08-05T09:40:00+08:00,聖地牙哥教士,亞利桑那響尾蛇,聖地牙哥教士 @ 亞利桑那響尾蛇,51509926.1,366,[總分]單雙,253043312.1,單,,,1.46,50,23,,,
2026-08-04,2026-08-04T21:05:16,台灣運彩,825054,3481104.1,134,2026-08-05T09:40:00+08:00,聖地牙哥教士,亞利桑那響尾蛇,聖地牙哥教士 @ 亞利桑那響尾蛇,51509926.1,366,[總分]單雙,253043311.1,雙,,,1.93,100,93,,,
2026-08-04,2026-08-04T21:05:16,台灣運彩,825054,3481104.1,134,2026-08-05T09:40:00+08:00,聖地牙哥教士,亞利桑那響尾蛇,聖地牙哥教士 @ 亞利桑那響尾蛇,51510019.1,374,得分最高單局(不含延長賽),253043609.1,一樣多,,,2.30,10,13,,,
2026-08-04,2026-08-04T21:05:16,台灣運彩,825054,3481104.1,134,2026-08-05T09:40:00+08:00,聖地牙哥教士,亞利桑那響尾蛇,聖地牙哥教士 @ 亞利桑那響尾蛇,51510019.1,374,得分最高單局(不含延長賽),253043600.1,第1局,,,5.25,4,17,,,
2026-08-04,2026-08-04T21:05:16,台灣運彩,825054,3481104.1,134,2026-08-05T09:40:00+08:00,聖地牙哥教士,亞利桑那響尾蛇,聖地牙哥教士 @ 亞利桑那響尾蛇,51510019.1,374,得分最高單局(不含延長賽),253043601.1,第2局,,,6.25,4,21,,,
2026-08-04,2026-08-04T21:05:16,台灣運彩,825054,3481104.1,134,2026-08-05T09:40:00+08:00,聖地牙哥教士,亞利桑那響尾蛇,聖地牙哥教士 @ 亞利桑那響尾蛇,51510019.1,374,得分最高單局(不含延長賽),253043602.1,第3局,,,5.55,20,91,,,
2026-08-04,2026-08-04T21:05:16,台灣運彩,825054,3481104.1,134,2026-08-05T09:40:00+08:00,聖地牙哥教士,亞利桑那響尾蛇,聖地牙哥教士 @ 亞利桑那響尾蛇,51510019.1,374,得分最高單局(不含延長賽),253043603.1,第4局,,,6.00,1,5,,,
2026-08-04,2026-08-04T21:05:16,台灣運彩,825054,3481104.1,134,2026-08-05T09:40:00+08:00,聖地牙哥教士,亞利桑那響尾蛇,聖地牙哥教士 @ 亞利桑那響尾蛇,51510019.1,374,得分最高單局(不含延長賽),253043604.1,第5局,,,4.25,4,13,,,
2026-08-04,2026-08-04T21:05:16,台灣運彩,825054,3481104.1,134,2026-08-05T09:40:00+08:00,聖地牙哥教士,亞利桑那響尾蛇,聖地牙哥教士 @ 亞利桑那響尾蛇,51510019.1,374,得分最高單局(不含延長賽),253043605.1,第6局,,,6.75,4,23,,,
2026-08-04,2026-08-04T21:05:16,台灣運彩,825054,3481104.1,134,2026-08-05T09:40:00+08:00,聖地牙哥教士,亞利桑那響尾蛇,聖地牙哥教士 @ 亞利桑那響尾蛇,51510019.1,374,得分最高單局(不含延長賽),253043606.1,第7局,,,7.25,4,25,,,
2026-08-04,2026-08-04T21:05:16,台灣運彩,825054,3481104.1,134,2026-08-05T09:40:00+08:00,聖地牙哥教士,亞利桑那響尾蛇,聖地牙哥教士 @ 亞利桑那響尾蛇,51510019.1,374,得分最高單局(不含延長賽),253043607.1,第8局,,,6.75,4,23,,,
2026-08-04,2026-08-04T21:05:16,台灣運彩,825054,3481104.1,134,2026-08-05T09:40:00+08:00,聖地牙哥教士,亞利桑那響尾蛇,聖地牙哥教士 @ 亞利桑那響尾蛇,51510019.1,374,得分最高單局(不含延長賽),253043608.1,第9局,,,8.00,1,7,,,
2026-08-04,2026-08-04T21:05:16,台灣運彩,825054,3481104.1,134,2026-08-05T09:40:00+08:00,聖地牙哥教士,亞利桑那響尾蛇,聖地牙哥教士 @ 亞利桑那響尾蛇,51510015.1,376,[1-5局] 不讓分,253043590.1,亞歷桑那響尾蛇,H,,1.65,20,13,H,,1
2026-08-04,2026-08-04T21:05:16,台灣運彩,825054,3481104.1,134,2026-08-05T09:40:00+08:00,聖地牙哥教士,亞利桑那響尾蛇,聖地牙哥教士 @ 亞利桑那響尾蛇,51510015.1,376,[1-5局] 不讓分,253043592.1,聖地牙哥教士,A,,2.00,1,1,A,,2
2026-08-04,2026-08-04T21:05:16,台灣運彩,825054,3481104.1,134,2026-08-05T09:40:00+08:00,聖地牙哥教士,亞利桑那響尾蛇,聖地牙哥教士 @ 亞利桑那響尾蛇,51510015.1,376,[1-5局] 不讓分,253043591.1,和局,D,,4.95,20,79,D,,
2026-08-04,2026-08-04T21:05:16,台灣運彩,825054,3481104.1,134,2026-08-05T09:40:00+08:00,聖地牙哥教士,亞利桑那響尾蛇,聖地牙哥教士 @ 亞利桑那響尾蛇,51510769.1,378,[1-5局] 大小 4.5,253045703.1,大 4.5,A,4.5,1.53,100,53,A,4.5,
2026-08-04,2026-08-04T21:05:16,台灣運彩,825054,3481104.1,134,2026-08-05T09:40:00+08:00,聖地牙哥教士,亞利桑那響尾蛇,聖地牙哥教士 @ 亞利桑那響尾蛇,51510769.1,378,[1-5局] 大小 4.5,253045702.1,小 4.5,H,4.5,1.82,50,41,H,4.5,
2026-08-04,2026-08-04T21:05:16,台灣運彩,825054,3481104.1,134,2026-08-05T09:40:00+08:00,聖地牙哥教士,亞利桑那響尾蛇,聖地牙哥教士 @ 亞利桑那響尾蛇,51510016.1,379,[1-5局] 亞歷桑那響尾蛇 大小 2.5,253043594.1,大 2.5,A,2.5,1.76,25,19,A,2.5,
2026-08-04,2026-08-04T21:05:16,台灣運彩,825054,3481104.1,134,2026-08-05T09:40:00+08:00,聖地牙哥教士,亞利桑那響尾蛇,聖地牙哥教士 @ 亞利桑那響尾蛇,51510016.1,379,[1-5局] 亞歷桑那響尾蛇 大小 2.5,253043593.1,小 2.5,H,2.5,1.66,50,33,H,2.5,
2026-08-04,2026-08-04T21:05:16,台灣運彩,825054,3481104.1,134,2026-08-05T09:40:00+08:00,聖地牙哥教士,亞利桑那響尾蛇,聖地牙哥教士 @ 亞利桑那響尾蛇,51510770.1,380,[1-5局] 聖地牙哥教士 大小 1.5,253045705.1,大 1.5,A,1.5,1.48,25,12,A,1.5,
2026-08-04,2026-08-04T21:05:16,台灣運彩,825054,3481104.1,134,2026-08-05T09:40:00+08:00,聖地牙哥教士,亞利桑那響尾蛇,聖地牙哥教士 @ 亞利桑那響尾蛇,51510770.1,380,[1-5局] 聖地牙哥教士 大小 1.5,253045704.1,小 1.5,H,1.5,2.00,1,1,H,1.5,
2026-08-04,2026-08-04T21:05:16,台灣運彩,825054,3481104.1,134,2026-08-05T09:40:00+08:00,聖地牙哥教士,亞利桑那響尾蛇,聖地牙哥教士 @ 亞利桑那響尾蛇,51510017.1,389,[第1局] 不讓分,253043595.1,亞歷桑那響尾蛇,H,,2.70,10,17,H,,1
2026-08-04,2026-08-04T21:05:16,台灣運彩,825054,3481104.1,134,2026-08-05T09:40:00+08:00,聖地牙哥教士,亞利桑那響尾蛇,聖地牙哥教士 @ 亞利桑那響尾蛇,51510017.1,389,[第1局] 不讓分,253043597.1,聖地牙哥教士,A,,3.30,10,23,A,,2
2026-08-04,2026-08-04T21:05:16,台灣運彩,825054,3481104.1,134,2026-08-05T09:40:00+08:00,聖地牙哥教士,亞利桑那響尾蛇,聖地牙哥教士 @ 亞利桑那響尾蛇,51510017.1,389,[第1局] 不讓分,253043596.1,和局,D,,1.60,5,3,D,,
2026-08-04,2026-08-04T21:05:16,台灣運彩,825054,3481104.1,134,2026-08-05T09:40:00+08:00,聖地牙哥教士,亞利桑那響尾蛇,聖地牙哥教士 @ 亞利桑那響尾蛇,51510014.1,398,[第1局] 大小 0.5,253043589.1,大 0.5,A,0.5,1.62,50,31,A,0.5,
2026-08-04,2026-08-04T21:05:16,台灣運彩,825054,3481104.1,134,2026-08-05T09:40:00+08:00,聖地牙哥教士,亞利桑那響尾蛇,聖地牙哥教士 @ 亞利桑那響尾蛇,51510014.1,398,[第1局] 大小 0.5,253043588.1,小 0.5,H,0.5,1.71,100,71,H,0.5,
