date,captured_at_tw,sportsbook,game_pk,official_event_id,event_no,kickoff_tw,away_zh,home_zh,matchup_zh,market_id,market_ti,market_name,selection_id,selection_name,selection_side,selection_line,odds_decimal,pd,pu,raw_v,raw_hv,raw_cn
2026-07-12,2026-07-12T13:52:17,台灣運彩,,3477718.1,127,2026-07-12T16:00:00+08:00,歐力士猛牛,羅德海洋,歐力士猛牛 @ 羅德海洋,51444471.1,354,不讓分,252841705.1,羅德海洋,H,,1.76,25,19,H,,1
2026-07-12,2026-07-12T13:52:17,台灣運彩,,3477718.1,127,2026-07-12T16:00:00+08:00,歐力士猛牛,羅德海洋,歐力士猛牛 @ 羅德海洋,51444471.1,354,不讓分,252841706.1,歐力士猛牛,A,,1.66,50,33,A,,2
2026-07-12,2026-07-12T13:52:17,台灣運彩,,3477718.1,127,2026-07-12T16:00:00+08:00,歐力士猛牛,羅德海洋,歐力士猛牛 @ 羅德海洋,51444472.1,358,讓分 1.5,252841707.1,羅德海洋 +1.5,H,1.5,1.40,5,2,H,1.5,1
2026-07-12,2026-07-12T13:52:17,台灣運彩,,3477718.1,127,2026-07-12T16:00:00+08:00,歐力士猛牛,羅德海洋,歐力士猛牛 @ 羅德海洋,51444472.1,358,讓分 1.5,252841708.1,歐力士猛牛 -1.5,A,1.5,2.20,5,6,A,1.5,2
2026-07-12,2026-07-12T13:52:17,台灣運彩,,3477718.1,127,2026-07-12T16:00:00+08:00,歐力士猛牛,羅德海洋,歐力士猛牛 @ 羅德海洋,51444476.1,360,[總分]大小 6.5,252841718.1,大 6.5,A,6.5,1.73,100,73,A,6.5,
2026-07-12,2026-07-12T13:52:17,台灣運彩,,3477718.1,127,2026-07-12T16:00:00+08:00,歐力士猛牛,羅德海洋,歐力士猛牛 @ 羅德海洋,51444476.1,360,[總分]大小 6.5,252841717.1,小 6.5,H,6.5,1.70,10,7,H,6.5,
2026-07-12,2026-07-12T13:52:17,台灣運彩,,3477718.1,127,2026-07-12T16:00:00+08:00,歐力士猛牛,羅德海洋,歐力士猛牛 @ 羅德海洋,51444475.1,362,羅德海洋 大小 2.5,252841716.1,大 2.5,A,2.5,1.56,25,14,A,2.5,
2026-07-12,2026-07-12T13:52:17,台灣運彩,,3477718.1,127,2026-07-12T16:00:00+08:00,歐力士猛牛,羅德海洋,歐力士猛牛 @ 羅德海洋,51444475.1,362,羅德海洋 大小 2.5,252841715.1,小 2.5,H,2.5,1.78,50,39,H,2.5,
2026-07-12,2026-07-12T13:52:17,台灣運彩,,3477718.1,127,2026-07-12T16:00:00+08:00,歐力士猛牛,羅德海洋,歐力士猛牛 @ 羅德海洋,51444477.1,363,歐力士猛牛 大小 3.5,252841720.1,大 3.5,A,3.5,1.85,20,17,A,3.5,
2026-07-12,2026-07-12T13:52:17,台灣運彩,,3477718.1,127,2026-07-12T16:00:00+08:00,歐力士猛牛,羅德海洋,歐力士猛牛 @ 羅德海洋,51444477.1,363,歐力士猛牛 大小 3.5,252841719.1,小 3.5,H,3.5,1.50,2,1,H,3.5,
2026-07-12,2026-07-12T13:52:17,台灣運彩,,3477718.1,127,2026-07-12T16:00:00+08:00,歐力士猛牛,羅德海洋,歐力士猛牛 @ 羅德海洋,51444470.1,366,[總分]單雙,252841704.1,單,,,1.50,2,1,,,
2026-07-12,2026-07-12T13:52:17,台灣運彩,,3477718.1,127,2026-07-12T16:00:00+08:00,歐力士猛牛,羅德海洋,歐力士猛牛 @ 羅德海洋,51444470.1,366,[總分]單雙,252841703.1,雙,,,1.96,25,24,,,
2026-07-12,2026-07-12T13:52:17,台灣運彩,,3477718.1,127,2026-07-12T16:00:00+08:00,歐力士猛牛,羅德海洋,歐力士猛牛 @ 羅德海洋,51444474.1,376,[1-5局] 不讓分,252841712.1,羅德海洋,H,,2.00,1,1,H,,1
2026-07-12,2026-07-12T13:52:17,台灣運彩,,3477718.1,127,2026-07-12T16:00:00+08:00,歐力士猛牛,羅德海洋,歐力士猛牛 @ 羅德海洋,51444474.1,376,[1-5局] 不讓分,252841714.1,歐力士猛牛,A,,1.90,10,9,A,,2
2026-07-12,2026-07-12T13:52:17,台灣運彩,,3477718.1,127,2026-07-12T16:00:00+08:00,歐力士猛牛,羅德海洋,歐力士猛牛 @ 羅德海洋,51444474.1,376,[1-5局] 不讓分,252841713.1,和局,D,,3.80,5,14,D,,
2026-07-12,2026-07-12T13:52:17,台灣運彩,,3477718.1,127,2026-07-12T16:00:00+08:00,歐力士猛牛,羅德海洋,歐力士猛牛 @ 羅德海洋,51444836.1,378,[1-5局] 大小 3.5,252842775.1,大 3.5,A,3.5,1.73,100,73,A,3.5,
2026-07-12,2026-07-12T13:52:17,台灣運彩,,3477718.1,127,2026-07-12T16:00:00+08:00,歐力士猛牛,羅德海洋,歐力士猛牛 @ 羅德海洋,51444836.1,378,[1-5局] 大小 3.5,252842774.1,小 3.5,H,3.5,1.60,5,3,H,3.5,
2026-07-12,2026-07-12T13:52:17,台灣運彩,,3477718.1,127,2026-07-12T16:00:00+08:00,歐力士猛牛,羅德海洋,歐力士猛牛 @ 羅德海洋,51444473.1,389,[第1局] 不讓分,252841709.1,羅德海洋,H,,3.50,2,5,H,,1
2026-07-12,2026-07-12T13:52:17,台灣運彩,,3477718.1,127,2026-07-12T16:00:00+08:00,歐力士猛牛,羅德海洋,歐力士猛牛 @ 羅德海洋,51444473.1,389,[第1局] 不讓分,252841711.1,歐力士猛牛,A,,3.45,20,49,A,,2
2026-07-12,2026-07-12T13:52:17,台灣運彩,,3477718.1,127,2026-07-12T16:00:00+08:00,歐力士猛牛,羅德海洋,歐力士猛牛 @ 羅德海洋,51444473.1,389,[第1局] 不讓分,252841710.1,和局,D,,1.40,5,2,D,,
2026-07-12,2026-07-12T13:52:17,台灣運彩,,3477756.1,140,2026-07-12T16:05:00+08:00,味全龍,統一獅,味全龍 @ 統一獅,51445038.1,354,不讓分,252843372.1,統一獅,H,,1.94,50,47,H,,1
2026-07-12,2026-07-12T13:52:17,台灣運彩,,3477756.1,140,2026-07-12T16:05:00+08:00,味全龍,統一獅,味全龍 @ 統一獅,51445038.1,354,不讓分,252843373.1,味全龍,A,,1.52,25,13,A,,2
2026-07-12,2026-07-12T13:52:17,台灣運彩,,3477756.1,140,2026-07-12T16:05:00+08:00,味全龍,統一獅,味全龍 @ 統一獅,51445039.1,358,讓分 1.5,252843374.1,統一獅 +1.5,H,1.5,1.48,25,12,H,1.5,1
2026-07-12,2026-07-12T13:52:17,台灣運彩,,3477756.1,140,2026-07-12T16:05:00+08:00,味全龍,統一獅,味全龍 @ 統一獅,51445039.1,358,讓分 1.5,252843375.1,味全龍 -1.5,A,1.5,2.00,1,1,A,1.5,2
2026-07-12,2026-07-12T13:52:17,台灣運彩,,3477756.1,140,2026-07-12T16:05:00+08:00,味全龍,統一獅,味全龍 @ 統一獅,51445052.1,360,[總分]大小 5.5,252843411.1,大 5.5,A,5.5,1.60,5,3,A,5.5,
2026-07-12,2026-07-12T13:52:17,台灣運彩,,3477756.1,140,2026-07-12T16:05:00+08:00,味全龍,統一獅,味全龍 @ 統一獅,51445052.1,360,[總分]大小 5.5,252843410.1,小 5.5,H,5.5,1.85,20,17,H,5.5,
2026-07-12,2026-07-12T13:52:17,台灣運彩,,3477756.1,140,2026-07-12T16:05:00+08:00,味全龍,統一獅,味全龍 @ 統一獅,51445037.1,366,[總分]單雙,252843371.1,單,,,1.50,2,1,,,
2026-07-12,2026-07-12T13:52:17,台灣運彩,,3477756.1,140,2026-07-12T16:05:00+08:00,味全龍,統一獅,味全龍 @ 統一獅,51445037.1,366,[總分]單雙,252843370.1,雙,,,1.96,25,24,,,
2026-07-12,2026-07-12T13:52:17,台灣運彩,,3477728.1,133,2026-07-12T17:00:00+08:00,讀賣巨人,橫濱海灣之星,讀賣巨人 @ 橫濱海灣之星,51444628.1,354,不讓分,252842151.1,橫濱海灣之星,H,,1.80,5,4,H,,1
2026-07-12,2026-07-12T13:52:17,台灣運彩,,3477728.1,133,2026-07-12T17:00:00+08:00,讀賣巨人,橫濱海灣之星,讀賣巨人 @ 橫濱海灣之星,51444628.1,354,不讓分,252842152.1,讀賣巨人,A,,1.63,100,63,A,,2
2026-07-12,2026-07-12T13:52:17,台灣運彩,,3477728.1,133,2026-07-12T17:00:00+08:00,讀賣巨人,橫濱海灣之星,讀賣巨人 @ 橫濱海灣之星,51444633.1,358,讓分 1.5,252842161.1,橫濱海灣之星 +1.5,H,1.5,1.42,50,21,H,1.5,1
2026-07-12,2026-07-12T13:52:17,台灣運彩,,3477728.1,133,2026-07-12T17:00:00+08:00,讀賣巨人,橫濱海灣之星,讀賣巨人 @ 橫濱海灣之星,51444633.1,358,讓分 1.5,252842162.1,讀賣巨人 -1.5,A,1.5,2.15,20,23,A,1.5,2
2026-07-12,2026-07-12T13:52:17,台灣運彩,,3477728.1,133,2026-07-12T17:00:00+08:00,讀賣巨人,橫濱海灣之星,讀賣巨人 @ 橫濱海灣之星,51444630.1,360,[總分]大小 6.5,252842156.1,大 6.5,A,6.5,1.66,50,33,A,6.5,
2026-07-12,2026-07-12T13:52:17,台灣運彩,,3477728.1,133,2026-07-12T17:00:00+08:00,讀賣巨人,橫濱海灣之星,讀賣巨人 @ 橫濱海灣之星,51444630.1,360,[總分]大小 6.5,252842155.1,小 6.5,H,6.5,1.76,25,19,H,6.5,
2026-07-12,2026-07-12T13:52:17,台灣運彩,,3477728.1,133,2026-07-12T17:00:00+08:00,讀賣巨人,橫濱海灣之星,讀賣巨人 @ 橫濱海灣之星,51444631.1,362,橫濱海灣之星 大小 2.5,252842158.1,大 2.5,A,2.5,1.55,20,11,A,2.5,
2026-07-12,2026-07-12T13:52:17,台灣運彩,,3477728.1,133,2026-07-12T17:00:00+08:00,讀賣巨人,橫濱海灣之星,讀賣巨人 @ 橫濱海灣之星,51444631.1,362,橫濱海灣之星 大小 2.5,252842157.1,小 2.5,H,2.5,1.80,5,4,H,2.5,
2026-07-12,2026-07-12T13:52:17,台灣運彩,,3477728.1,133,2026-07-12T17:00:00+08:00,讀賣巨人,橫濱海灣之星,讀賣巨人 @ 橫濱海灣之星,51444632.1,363,讀賣巨人 大小 3.5,252842160.1,大 3.5,A,3.5,1.80,5,4,A,3.5,
2026-07-12,2026-07-12T13:52:17,台灣運彩,,3477728.1,133,2026-07-12T17:00:00+08:00,讀賣巨人,橫濱海灣之星,讀賣巨人 @ 橫濱海灣之星,51444632.1,363,讀賣巨人 大小 3.5,252842159.1,小 3.5,H,3.5,1.55,20,11,H,3.5,
2026-07-12,2026-07-12T13:52:17,台灣運彩,,3477728.1,133,2026-07-12T17:00:00+08:00,讀賣巨人,橫濱海灣之星,讀賣巨人 @ 橫濱海灣之星,51444629.1,366,[總分]單雙,252842154.1,單,,,1.50,2,1,,,
2026-07-12,2026-07-12T13:52:17,台灣運彩,,3477728.1,133,2026-07-12T17:00:00+08:00,讀賣巨人,橫濱海灣之星,讀賣巨人 @ 橫濱海灣之星,51444629.1,366,[總分]單雙,252842153.1,雙,,,1.96,25,24,,,
2026-07-12,2026-07-12T13:52:17,台灣運彩,,3477728.1,133,2026-07-12T17:00:00+08:00,讀賣巨人,橫濱海灣之星,讀賣巨人 @ 橫濱海灣之星,51444634.1,376,[1-5局] 不讓分,252842163.1,橫濱海灣之星,H,,2.00,1,1,H,,1
2026-07-12,2026-07-12T13:52:17,台灣運彩,,3477728.1,133,2026-07-12T17:00:00+08:00,讀賣巨人,橫濱海灣之星,讀賣巨人 @ 橫濱海灣之星,51444634.1,376,[1-5局] 不讓分,252842165.1,讀賣巨人,A,,1.85,20,17,A,,2
2026-07-12,2026-07-12T13:52:17,台灣運彩,,3477728.1,133,2026-07-12T17:00:00+08:00,讀賣巨人,橫濱海灣之星,讀賣巨人 @ 橫濱海灣之星,51444634.1,376,[1-5局] 不讓分,252842164.1,和局,D,,3.80,5,14,D,,
2026-07-12,2026-07-12T13:52:17,台灣運彩,,3477728.1,133,2026-07-12T17:00:00+08:00,讀賣巨人,橫濱海灣之星,讀賣巨人 @ 橫濱海灣之星,51444833.1,378,[1-5局] 大小 3.5,252842769.1,大 3.5,A,3.5,1.70,10,7,A,3.5,
2026-07-12,2026-07-12T13:52:17,台灣運彩,,3477728.1,133,2026-07-12T17:00:00+08:00,讀賣巨人,橫濱海灣之星,讀賣巨人 @ 橫濱海灣之星,51444833.1,378,[1-5局] 大小 3.5,252842768.1,小 3.5,H,3.5,1.63,100,63,H,3.5,
2026-07-12,2026-07-12T13:52:17,台灣運彩,,3477728.1,133,2026-07-12T17:00:00+08:00,讀賣巨人,橫濱海灣之星,讀賣巨人 @ 橫濱海灣之星,51444635.1,389,[第1局] 不讓分,252842166.1,橫濱海灣之星,H,,3.50,2,5,H,,1
2026-07-12,2026-07-12T13:52:17,台灣運彩,,3477728.1,133,2026-07-12T17:00:00+08:00,讀賣巨人,橫濱海灣之星,讀賣巨人 @ 橫濱海灣之星,51444635.1,389,[第1局] 不讓分,252842168.1,讀賣巨人,A,,3.40,5,12,A,,2
2026-07-12,2026-07-12T13:52:17,台灣運彩,,3477728.1,133,2026-07-12T17:00:00+08:00,讀賣巨人,橫濱海灣之星,讀賣巨人 @ 橫濱海灣之星,51444635.1,389,[第1局] 不讓分,252842167.1,和局,D,,1.40,5,2,D,,
2026-07-12,2026-07-12T13:52:17,台灣運彩,,3477730.1,134,2026-07-12T17:00:00+08:00,養樂多燕子,阪神虎,養樂多燕子 @ 阪神虎,51444664.1,354,不讓分,252842280.1,阪神虎,H,,1.30,10,3,H,,1
2026-07-12,2026-07-12T13:52:17,台灣運彩,,3477730.1,134,2026-07-12T17:00:00+08:00,養樂多燕子,阪神虎,養樂多燕子 @ 阪神虎,51444664.1,354,不讓分,252842281.1,養樂多燕子,A,,2.50,2,3,A,,2
2026-07-12,2026-07-12T13:52:17,台灣運彩,,3477730.1,134,2026-07-12T17:00:00+08:00,養樂多燕子,阪神虎,養樂多燕子 @ 阪神虎,51444668.1,358,讓分 -1.5,252842289.1,阪神虎 -1.5,H,-1.5,1.78,50,39,H,-1.5,1
2026-07-12,2026-07-12T13:52:17,台灣運彩,,3477730.1,134,2026-07-12T17:00:00+08:00,養樂多燕子,阪神虎,養樂多燕子 @ 阪神虎,51444668.1,358,讓分 -1.5,252842290.1,養樂多燕子 +1.5,A,-1.5,1.65,20,13,A,-1.5,2
2026-07-12,2026-07-12T13:52:17,台灣運彩,,3477730.1,134,2026-07-12T17:00:00+08:00,養樂多燕子,阪神虎,養樂多燕子 @ 阪神虎,51444671.1,360,[總分]大小 5.5,252842297.1,大 5.5,A,5.5,1.70,10,7,A,5.5,
2026-07-12,2026-07-12T13:52:17,台灣運彩,,3477730.1,134,2026-07-12T17:00:00+08:00,養樂多燕子,阪神虎,養樂多燕子 @ 阪神虎,51444671.1,360,[總分]大小 5.5,252842296.1,小 5.5,H,5.5,1.73,100,73,H,5.5,
2026-07-12,2026-07-12T13:52:17,台灣運彩,,3477730.1,134,2026-07-12T17:00:00+08:00,養樂多燕子,阪神虎,養樂多燕子 @ 阪神虎,51444666.1,362,阪神虎 大小 3.5,252842286.1,大 3.5,A,3.5,1.75,4,3,A,3.5,
2026-07-12,2026-07-12T13:52:17,台灣運彩,,3477730.1,134,2026-07-12T17:00:00+08:00,養樂多燕子,阪神虎,養樂多燕子 @ 阪神虎,51444666.1,362,阪神虎 大小 3.5,252842285.1,小 3.5,H,3.5,1.58,50,29,H,3.5,
2026-07-12,2026-07-12T13:52:17,台灣運彩,,3477730.1,134,2026-07-12T17:00:00+08:00,養樂多燕子,阪神虎,養樂多燕子 @ 阪神虎,51444667.1,366,[總分]單雙,252842288.1,單,,,1.52,25,13,,,
2026-07-12,2026-07-12T13:52:17,台灣運彩,,3477730.1,134,2026-07-12T17:00:00+08:00,養樂多燕子,阪神虎,養樂多燕子 @ 阪神虎,51444667.1,366,[總分]單雙,252842287.1,雙,,,1.94,50,47,,,
2026-07-12,2026-07-12T13:52:17,台灣運彩,,3477730.1,134,2026-07-12T17:00:00+08:00,養樂多燕子,阪神虎,養樂多燕子 @ 阪神虎,51444665.1,376,[1-5局] 不讓分,252842282.1,阪神虎,H,,1.50,2,1,H,,1
2026-07-12,2026-07-12T13:52:17,台灣運彩,,3477730.1,134,2026-07-12T17:00:00+08:00,養樂多燕子,阪神虎,養樂多燕子 @ 阪神虎,51444665.1,376,[1-5局] 不讓分,252842284.1,養樂多燕子,A,,2.95,20,39,A,,2
2026-07-12,2026-07-12T13:52:17,台灣運彩,,3477730.1,134,2026-07-12T17:00:00+08:00,養樂多燕子,阪神虎,養樂多燕子 @ 阪神虎,51444665.1,376,[1-5局] 不讓分,252842283.1,和局,D,,3.55,20,51,D,,
2026-07-12,2026-07-12T13:52:17,台灣運彩,,3477730.1,134,2026-07-12T17:00:00+08:00,養樂多燕子,阪神虎,養樂多燕子 @ 阪神虎,51444832.1,378,[1-5局] 大小 3.5,252842767.1,大 3.5,A,3.5,1.85,20,17,A,3.5,
2026-07-12,2026-07-12T13:52:17,台灣運彩,,3477730.1,134,2026-07-12T17:00:00+08:00,養樂多燕子,阪神虎,養樂多燕子 @ 阪神虎,51444832.1,378,[1-5局] 大小 3.5,252842766.1,小 3.5,H,3.5,1.50,2,1,H,3.5,
2026-07-12,2026-07-12T13:52:17,台灣運彩,,3477730.1,134,2026-07-12T17:00:00+08:00,養樂多燕子,阪神虎,養樂多燕子 @ 阪神虎,51444669.1,389,[第1局] 不讓分,252842291.1,阪神虎,H,,2.75,4,7,H,,1
2026-07-12,2026-07-12T13:52:17,台灣運彩,,3477730.1,134,2026-07-12T17:00:00+08:00,養樂多燕子,阪神虎,養樂多燕子 @ 阪神虎,51444669.1,389,[第1局] 不讓分,252842293.1,養樂多燕子,A,,5.45,20,89,A,,2
2026-07-12,2026-07-12T13:52:17,台灣運彩,,3477730.1,134,2026-07-12T17:00:00+08:00,養樂多燕子,阪神虎,養樂多燕子 @ 阪神虎,51444669.1,389,[第1局] 不讓分,252842292.1,和局,D,,1.35,20,7,D,,
2026-07-12,2026-07-12T13:52:17,台灣運彩,,3477762.1,145,2026-07-12T17:05:00+08:00,中信兄弟,富邦悍將,中信兄弟 @ 富邦悍將,51445109.1,354,不讓分,252843554.1,富邦悍將,H,,1.70,10,7,H,,1
2026-07-12,2026-07-12T13:52:17,台灣運彩,,3477762.1,145,2026-07-12T17:05:00+08:00,中信兄弟,富邦悍將,中信兄弟 @ 富邦悍將,51445109.1,354,不讓分,252843555.1,中信兄弟,A,,1.73,100,73,A,,2
2026-07-12,2026-07-12T13:52:17,台灣運彩,,3477762.1,145,2026-07-12T17:05:00+08:00,中信兄弟,富邦悍將,中信兄弟 @ 富邦悍將,51445196.1,358,讓分 -1.5,252843761.1,富邦悍將 -1.5,H,-1.5,2.28,25,32,H,-1.5,1
2026-07-12,2026-07-12T13:52:17,台灣運彩,,3477762.1,145,2026-07-12T17:05:00+08:00,中信兄弟,富邦悍將,中信兄弟 @ 富邦悍將,51445196.1,358,讓分 -1.5,252843762.1,中信兄弟 +1.5,A,-1.5,1.36,25,9,A,-1.5,2
2026-07-12,2026-07-12T13:52:17,台灣運彩,,3477762.1,145,2026-07-12T17:05:00+08:00,中信兄弟,富邦悍將,中信兄弟 @ 富邦悍將,51445107.1,360,[總分]大小 6.5,252843551.1,大 6.5,A,6.5,1.78,50,39,A,6.5,
2026-07-12,2026-07-12T13:52:17,台灣運彩,,3477762.1,145,2026-07-12T17:05:00+08:00,中信兄弟,富邦悍將,中信兄弟 @ 富邦悍將,51445107.1,360,[總分]大小 6.5,252843550.1,小 6.5,H,6.5,1.65,20,13,H,6.5,
2026-07-12,2026-07-12T13:52:17,台灣運彩,,3477762.1,145,2026-07-12T17:05:00+08:00,中信兄弟,富邦悍將,中信兄弟 @ 富邦悍將,51445106.1,366,[總分]單雙,252843549.1,單,,,1.50,2,1,,,
2026-07-12,2026-07-12T13:52:17,台灣運彩,,3477762.1,145,2026-07-12T17:05:00+08:00,中信兄弟,富邦悍將,中信兄弟 @ 富邦悍將,51445106.1,366,[總分]單雙,252843548.1,雙,,,1.96,25,24,,,
2026-07-12,2026-07-12T13:52:17,台灣運彩,,3477763.1,146,2026-07-12T17:05:00+08:00,台鋼雄鷹,樂天桃猿,台鋼雄鷹 @ 樂天桃猿,51445110.1,354,不讓分,252843556.1,樂天桃猿,H,,1.66,50,33,H,,1
2026-07-12,2026-07-12T13:52:17,台灣運彩,,3477763.1,146,2026-07-12T17:05:00+08:00,台鋼雄鷹,樂天桃猿,台鋼雄鷹 @ 樂天桃猿,51445110.1,354,不讓分,252843557.1,台鋼雄鷹,A,,1.76,25,19,A,,2
2026-07-12,2026-07-12T13:52:17,台灣運彩,,3477763.1,146,2026-07-12T17:05:00+08:00,台鋼雄鷹,樂天桃猿,台鋼雄鷹 @ 樂天桃猿,51445113.1,358,讓分 1.5,252843562.1,樂天桃猿 +1.5,H,1.5,1.32,25,8,H,1.5,1
2026-07-12,2026-07-12T13:52:17,台灣運彩,,3477763.1,146,2026-07-12T17:05:00+08:00,台鋼雄鷹,樂天桃猿,台鋼雄鷹 @ 樂天桃猿,51445113.1,358,讓分 1.5,252843563.1,台鋼雄鷹 -1.5,A,1.5,2.40,5,7,A,1.5,2
2026-07-12,2026-07-12T13:52:17,台灣運彩,,3477763.1,146,2026-07-12T17:05:00+08:00,台鋼雄鷹,樂天桃猿,台鋼雄鷹 @ 樂天桃猿,51445119.1,360,[總分]大小 5.5,252843575.1,大 5.5,A,5.5,1.62,50,31,A,5.5,
2026-07-12,2026-07-12T13:52:17,台灣運彩,,3477763.1,146,2026-07-12T17:05:00+08:00,台鋼雄鷹,樂天桃猿,台鋼雄鷹 @ 樂天桃猿,51445119.1,360,[總分]大小 5.5,252843574.1,小 5.5,H,5.5,1.82,50,41,H,5.5,
2026-07-12,2026-07-12T13:52:17,台灣運彩,,3477763.1,146,2026-07-12T17:05:00+08:00,台鋼雄鷹,樂天桃猿,台鋼雄鷹 @ 樂天桃猿,51445111.1,366,[總分]單雙,252843559.1,單,,,1.50,2,1,,,
2026-07-12,2026-07-12T13:52:17,台灣運彩,,3477763.1,146,2026-07-12T17:05:00+08:00,台鋼雄鷹,樂天桃猿,台鋼雄鷹 @ 樂天桃猿,51445111.1,366,[總分]單雙,252843558.1,雙,,,1.96,25,24,,,
2026-07-12,2026-07-12T13:52:17,台灣運彩,824814,3477704.1,113,2026-07-13T01:35:00+08:00,堪薩斯市皇家,巴爾的摩金鶯,堪薩斯市皇家 @ 巴爾的摩金鶯,51444275.1,354,不讓分,252841085.1,巴爾的摩金鶯,H,,1.48,25,12,H,,1
2026-07-12,2026-07-12T13:52:17,台灣運彩,824814,3477704.1,113,2026-07-13T01:35:00+08:00,堪薩斯市皇家,巴爾的摩金鶯,堪薩斯市皇家 @ 巴爾的摩金鶯,51444275.1,354,不讓分,252841086.1,堪薩斯皇家,A,,2.05,20,21,A,,2
2026-07-12,2026-07-12T13:52:17,台灣運彩,824814,3477704.1,113,2026-07-13T01:35:00+08:00,堪薩斯市皇家,巴爾的摩金鶯,堪薩斯市皇家 @ 巴爾的摩金鶯,51444285.1,357,勝分差,252841108.1,堪薩斯皇家 1 分,A,,6.25,4,21,A,,
2026-07-12,2026-07-12T13:52:17,台灣運彩,824814,3477704.1,113,2026-07-13T01:35:00+08:00,堪薩斯市皇家,巴爾的摩金鶯,堪薩斯市皇家 @ 巴爾的摩金鶯,51444285.1,357,勝分差,252841109.1,堪薩斯皇家 2 分,A,,8.50,2,15,A,,
2026-07-12,2026-07-12T13:52:17,台灣運彩,824814,3477704.1,113,2026-07-13T01:35:00+08:00,堪薩斯市皇家,巴爾的摩金鶯,堪薩斯市皇家 @ 巴爾的摩金鶯,51444285.1,357,勝分差,252841110.1,堪薩斯皇家 > 2分,A,,3.00,1,2,A,,
2026-07-12,2026-07-12T13:52:17,台灣運彩,824814,3477704.1,113,2026-07-13T01:35:00+08:00,堪薩斯市皇家,巴爾的摩金鶯,堪薩斯市皇家 @ 巴爾的摩金鶯,51444285.1,357,勝分差,252841105.1,巴爾的摩金鶯 1 分,H,,4.10,10,31,H,,
2026-07-12,2026-07-12T13:52:17,台灣運彩,824814,3477704.1,113,2026-07-13T01:35:00+08:00,堪薩斯市皇家,巴爾的摩金鶯,堪薩斯市皇家 @ 巴爾的摩金鶯,51444285.1,357,勝分差,252841106.1,巴爾的摩金鶯 2 分,H,,7.00,1,6,H,,
2026-07-12,2026-07-12T13:52:17,台灣運彩,824814,3477704.1,113,2026-07-13T01:35:00+08:00,堪薩斯市皇家,巴爾的摩金鶯,堪薩斯市皇家 @ 巴爾的摩金鶯,51444285.1,357,勝分差,252841107.1,巴爾的摩金鶯 > 2分,H,,2.20,5,6,H,,
2026-07-12,2026-07-12T13:52:17,台灣運彩,824814,3477704.1,113,2026-07-13T01:35:00+08:00,堪薩斯市皇家,巴爾的摩金鶯,堪薩斯市皇家 @ 巴爾的摩金鶯,51444278.1,358,讓分 -2.5,252841091.1,巴爾的摩金鶯 -2.5,H,-2.5,2.33,100,133,H,-2.5,1
2026-07-12,2026-07-12T13:52:17,台灣運彩,824814,3477704.1,113,2026-07-13T01:35:00+08:00,堪薩斯市皇家,巴爾的摩金鶯,堪薩斯市皇家 @ 巴爾的摩金鶯,51444278.1,358,讓分 -2.5,252841092.1,堪薩斯皇家 +2.5,A,-2.5,1.38,50,19,A,-2.5,2
2026-07-12,2026-07-12T13:52:17,台灣運彩,824814,3477704.1,113,2026-07-13T01:35:00+08:00,堪薩斯市皇家,巴爾的摩金鶯,堪薩斯市皇家 @ 巴爾的摩金鶯,51444280.1,358,讓分 -1.5,252841095.1,巴爾的摩金鶯 -1.5,H,-1.5,1.92,25,23,H,-1.5,1
2026-07-12,2026-07-12T13:52:17,台灣運彩,824814,3477704.1,113,2026-07-13T01:35:00+08:00,堪薩斯市皇家,巴爾的摩金鶯,堪薩斯市皇家 @ 巴爾的摩金鶯,51444280.1,358,讓分 -1.5,252841096.1,堪薩斯皇家 +1.5,A,-1.5,1.58,50,29,A,-1.5,2
2026-07-12,2026-07-12T13:52:17,台灣運彩,824814,3477704.1,113,2026-07-13T01:35:00+08:00,堪薩斯市皇家,巴爾的摩金鶯,堪薩斯市皇家 @ 巴爾的摩金鶯,51444281.1,360,[總分]大小 9.5,252841098.1,大 9.5,A,9.5,1.80,5,4,A,9.5,
2026-07-12,2026-07-12T13:52:17,台灣運彩,824814,3477704.1,113,2026-07-13T01:35:00+08:00,堪薩斯市皇家,巴爾的摩金鶯,堪薩斯市皇家 @ 巴爾的摩金鶯,51444281.1,360,[總分]大小 9.5,252841097.1,小 9.5,H,9.5,1.70,10,7,H,9.5,
2026-07-12,2026-07-12T13:52:17,台灣運彩,824814,3477704.1,113,2026-07-13T01:35:00+08:00,堪薩斯市皇家,巴爾的摩金鶯,堪薩斯市皇家 @ 巴爾的摩金鶯,51444282.1,360,[總分]大小 8.5,252841100.1,大 8.5,A,8.5,1.50,2,1,A,8.5,
2026-07-12,2026-07-12T13:52:17,台灣運彩,824814,3477704.1,113,2026-07-13T01:35:00+08:00,堪薩斯市皇家,巴爾的摩金鶯,堪薩斯市皇家 @ 巴爾的摩金鶯,51444282.1,360,[總分]大小 8.5,252841099.1,小 8.5,H,8.5,2.00,1,1,H,8.5,
2026-07-12,2026-07-12T13:52:17,台灣運彩,824814,3477704.1,113,2026-07-13T01:35:00+08:00,堪薩斯市皇家,巴爾的摩金鶯,堪薩斯市皇家 @ 巴爾的摩金鶯,51444284.1,360,[總分]大小 10.5,252841104.1,大 10.5,A,10.5,2.00,1,1,A,10.5,
2026-07-12,2026-07-12T13:52:17,台灣運彩,824814,3477704.1,113,2026-07-13T01:35:00+08:00,堪薩斯市皇家,巴爾的摩金鶯,堪薩斯市皇家 @ 巴爾的摩金鶯,51444284.1,360,[總分]大小 10.5,252841103.1,小 10.5,H,10.5,1.50,2,1,H,10.5,
2026-07-12,2026-07-12T13:52:17,台灣運彩,824814,3477704.1,113,2026-07-13T01:35:00+08:00,堪薩斯市皇家,巴爾的摩金鶯,堪薩斯市皇家 @ 巴爾的摩金鶯,51444283.1,362,巴爾的摩金鶯 大小 4.5,252841102.1,大 4.5,A,4.5,1.60,5,3,A,4.5,
2026-07-12,2026-07-12T13:52:17,台灣運彩,824814,3477704.1,113,2026-07-13T01:35:00+08:00,堪薩斯市皇家,巴爾的摩金鶯,堪薩斯市皇家 @ 巴爾的摩金鶯,51444283.1,362,巴爾的摩金鶯 大小 4.5,252841101.1,小 4.5,H,4.5,1.85,20,17,H,4.5,
2026-07-12,2026-07-12T13:52:17,台灣運彩,824814,3477704.1,113,2026-07-13T01:35:00+08:00,堪薩斯市皇家,巴爾的摩金鶯,堪薩斯市皇家 @ 巴爾的摩金鶯,51444276.1,363,堪薩斯皇家 大小 4.5,252841088.1,大 4.5,A,4.5,1.88,25,22,A,4.5,
2026-07-12,2026-07-12T13:52:17,台灣運彩,824814,3477704.1,113,2026-07-13T01:35:00+08:00,堪薩斯市皇家,巴爾的摩金鶯,堪薩斯市皇家 @ 巴爾的摩金鶯,51444276.1,363,堪薩斯皇家 大小 4.5,252841087.1,小 4.5,H,4.5,1.56,25,14,H,4.5,
2026-07-12,2026-07-12T13:52:17,台灣運彩,824814,3477704.1,113,2026-07-13T01:35:00+08:00,堪薩斯市皇家,巴爾的摩金鶯,堪薩斯市皇家 @ 巴爾的摩金鶯,51444277.1,366,[總分]單雙,252841090.1,單,,,1.48,25,12,,,
2026-07-12,2026-07-12T13:52:17,台灣運彩,824814,3477704.1,113,2026-07-13T01:35:00+08:00,堪薩斯市皇家,巴爾的摩金鶯,堪薩斯市皇家 @ 巴爾的摩金鶯,51444277.1,366,[總分]單雙,252841089.1,雙,,,2.00,1,1,,,
2026-07-12,2026-07-12T13:52:17,台灣運彩,824814,3477704.1,113,2026-07-13T01:35:00+08:00,堪薩斯市皇家,巴爾的摩金鶯,堪薩斯市皇家 @ 巴爾的摩金鶯,51444955.1,374,得分最高單局(不含延長賽),252843116.1,一樣多,,,2.30,10,13,,,
2026-07-12,2026-07-12T13:52:17,台灣運彩,824814,3477704.1,113,2026-07-13T01:35:00+08:00,堪薩斯市皇家,巴爾的摩金鶯,堪薩斯市皇家 @ 巴爾的摩金鶯,51444955.1,374,得分最高單局(不含延長賽),252843107.1,第1局,,,5.35,20,87,,,
2026-07-12,2026-07-12T13:52:17,台灣運彩,824814,3477704.1,113,2026-07-13T01:35:00+08:00,堪薩斯市皇家,巴爾的摩金鶯,堪薩斯市皇家 @ 巴爾的摩金鶯,51444955.1,374,得分最高單局(不含延長賽),252843108.1,第2局,,,6.50,2,11,,,
2026-07-12,2026-07-12T13:52:17,台灣運彩,824814,3477704.1,113,2026-07-13T01:35:00+08:00,堪薩斯市皇家,巴爾的摩金鶯,堪薩斯市皇家 @ 巴爾的摩金鶯,51444955.1,374,得分最高單局(不含延長賽),252843109.1,第3局,,,5.50,2,9,,,
2026-07-12,2026-07-12T13:52:17,台灣運彩,824814,3477704.1,113,2026-07-13T01:35:00+08:00,堪薩斯市皇家,巴爾的摩金鶯,堪薩斯市皇家 @ 巴爾的摩金鶯,51444955.1,374,得分最高單局(不含延長賽),252843110.1,第4局,,,6.25,4,21,,,
2026-07-12,2026-07-12T13:52:17,台灣運彩,824814,3477704.1,113,2026-07-13T01:35:00+08:00,堪薩斯市皇家,巴爾的摩金鶯,堪薩斯市皇家 @ 巴爾的摩金鶯,51444955.1,374,得分最高單局(不含延長賽),252843111.1,第5局,,,5.85,20,97,,,
2026-07-12,2026-07-12T13:52:17,台灣運彩,824814,3477704.1,113,2026-07-13T01:35:00+08:00,堪薩斯市皇家,巴爾的摩金鶯,堪薩斯市皇家 @ 巴爾的摩金鶯,51444955.1,374,得分最高單局(不含延長賽),252843112.1,第6局,,,6.00,1,5,,,
2026-07-12,2026-07-12T13:52:17,台灣運彩,824814,3477704.1,113,2026-07-13T01:35:00+08:00,堪薩斯市皇家,巴爾的摩金鶯,堪薩斯市皇家 @ 巴爾的摩金鶯,51444955.1,374,得分最高單局(不含延長賽),252843113.1,第7局,,,6.00,1,5,,,
2026-07-12,2026-07-12T13:52:17,台灣運彩,824814,3477704.1,113,2026-07-13T01:35:00+08:00,堪薩斯市皇家,巴爾的摩金鶯,堪薩斯市皇家 @ 巴爾的摩金鶯,51444955.1,374,得分最高單局(不含延長賽),252843114.1,第8局,,,5.85,20,97,,,
2026-07-12,2026-07-12T13:52:17,台灣運彩,824814,3477704.1,113,2026-07-13T01:35:00+08:00,堪薩斯市皇家,巴爾的摩金鶯,堪薩斯市皇家 @ 巴爾的摩金鶯,51444955.1,374,得分最高單局(不含延長賽),252843115.1,第9局,,,8.00,1,7,,,
2026-07-12,2026-07-12T13:52:17,台灣運彩,824814,3477704.1,113,2026-07-13T01:35:00+08:00,堪薩斯市皇家,巴爾的摩金鶯,堪薩斯市皇家 @ 巴爾的摩金鶯,51444958.1,376,[1-5局] 不讓分,252843121.1,巴爾的摩金鶯,H,,1.60,5,3,H,,1
2026-07-12,2026-07-12T13:52:17,台灣運彩,824814,3477704.1,113,2026-07-13T01:35:00+08:00,堪薩斯市皇家,巴爾的摩金鶯,堪薩斯市皇家 @ 巴爾的摩金鶯,51444958.1,376,[1-5局] 不讓分,252843123.1,堪薩斯皇家,A,,2.10,10,11,A,,2
2026-07-12,2026-07-12T13:52:17,台灣運彩,824814,3477704.1,113,2026-07-13T01:35:00+08:00,堪薩斯市皇家,巴爾的摩金鶯,堪薩斯市皇家 @ 巴爾的摩金鶯,51444958.1,376,[1-5局] 不讓分,252843122.1,和局,D,,5.20,5,21,D,,
2026-07-12,2026-07-12T13:52:17,台灣運彩,824814,3477704.1,113,2026-07-13T01:35:00+08:00,堪薩斯市皇家,巴爾的摩金鶯,堪薩斯市皇家 @ 巴爾的摩金鶯,51444956.1,378,[1-5局] 大小 5.5,252843118.1,大 5.5,A,5.5,1.80,5,4,A,5.5,
2026-07-12,2026-07-12T13:52:17,台灣運彩,824814,3477704.1,113,2026-07-13T01:35:00+08:00,堪薩斯市皇家,巴爾的摩金鶯,堪薩斯市皇家 @ 巴爾的摩金鶯,51444956.1,378,[1-5局] 大小 5.5,252843117.1,小 5.5,H,5.5,1.55,20,11,H,5.5,
2026-07-12,2026-07-12T13:52:17,台灣運彩,824814,3477704.1,113,2026-07-13T01:35:00+08:00,堪薩斯市皇家,巴爾的摩金鶯,堪薩斯市皇家 @ 巴爾的摩金鶯,51444952.1,379,[1-5局] 巴爾的摩金鶯 大小 2.5,252843101.1,大 2.5,A,2.5,1.66,50,33,A,2.5,
2026-07-12,2026-07-12T13:52:17,台灣運彩,824814,3477704.1,113,2026-07-13T01:35:00+08:00,堪薩斯市皇家,巴爾的摩金鶯,堪薩斯市皇家 @ 巴爾的摩金鶯,51444952.1,379,[1-5局] 巴爾的摩金鶯 大小 2.5,252843100.1,小 2.5,H,2.5,1.76,25,19,H,2.5,
2026-07-12,2026-07-12T13:52:17,台灣運彩,824814,3477704.1,113,2026-07-13T01:35:00+08:00,堪薩斯市皇家,巴爾的摩金鶯,堪薩斯市皇家 @ 巴爾的摩金鶯,51444957.1,380,[1-5局] 堪薩斯皇家 大小 1.5,252843120.1,大 1.5,A,1.5,1.52,25,13,A,1.5,
2026-07-12,2026-07-12T13:52:17,台灣運彩,824814,3477704.1,113,2026-07-13T01:35:00+08:00,堪薩斯市皇家,巴爾的摩金鶯,堪薩斯市皇家 @ 巴爾的摩金鶯,51444957.1,380,[1-5局] 堪薩斯皇家 大小 1.5,252843119.1,小 1.5,H,1.5,1.94,50,47,H,1.5,
2026-07-12,2026-07-12T13:52:17,台灣運彩,824814,3477704.1,113,2026-07-13T01:35:00+08:00,堪薩斯市皇家,巴爾的摩金鶯,堪薩斯市皇家 @ 巴爾的摩金鶯,51444954.1,389,[第1局] 不讓分,252843104.1,巴爾的摩金鶯,H,,2.55,20,31,H,,1
2026-07-12,2026-07-12T13:52:17,台灣運彩,824814,3477704.1,113,2026-07-13T01:35:00+08:00,堪薩斯市皇家,巴爾的摩金鶯,堪薩斯市皇家 @ 巴爾的摩金鶯,51444954.1,389,[第1局] 不讓分,252843106.1,堪薩斯皇家,A,,3.45,20,49,A,,2
2026-07-12,2026-07-12T13:52:17,台灣運彩,824814,3477704.1,113,2026-07-13T01:35:00+08:00,堪薩斯市皇家,巴爾的摩金鶯,堪薩斯市皇家 @ 巴爾的摩金鶯,51444954.1,389,[第1局] 不讓分,252843105.1,和局,D,,1.65,20,13,D,,
2026-07-12,2026-07-12T13:52:17,台灣運彩,824814,3477704.1,113,2026-07-13T01:35:00+08:00,堪薩斯市皇家,巴爾的摩金鶯,堪薩斯市皇家 @ 巴爾的摩金鶯,51444953.1,398,[第1局] 大小 0.5,252843103.1,大 0.5,A,0.5,1.58,50,29,A,0.5,
2026-07-12,2026-07-12T13:52:17,台灣運彩,824814,3477704.1,113,2026-07-13T01:35:00+08:00,堪薩斯市皇家,巴爾的摩金鶯,堪薩斯市皇家 @ 巴爾的摩金鶯,51444953.1,398,[第1局] 大小 0.5,252843102.1,小 0.5,H,0.5,1.75,4,3,H,0.5,
2026-07-12,2026-07-12T13:52:17,台灣運彩,822708,3477735.1,137,2026-07-13T01:35:00+08:00,紐約洋基,華盛頓國民,紐約洋基 @ 華盛頓國民,51444779.1,354,不讓分,252842631.1,華盛頓國民,H,,1.84,25,21,H,,1
2026-07-12,2026-07-12T13:52:17,台灣運彩,822708,3477735.1,137,2026-07-13T01:35:00+08:00,紐約洋基,華盛頓國民,紐約洋基 @ 華盛頓國民,51444779.1,354,不讓分,252842632.1,紐約洋基,A,,1.66,50,33,A,,2
2026-07-12,2026-07-12T13:52:17,台灣運彩,822708,3477735.1,137,2026-07-13T01:35:00+08:00,紐約洋基,華盛頓國民,紐約洋基 @ 華盛頓國民,51444805.1,357,勝分差,252842694.1,紐約洋基 1 分,A,,5.70,10,47,A,,
2026-07-12,2026-07-12T13:52:17,台灣運彩,822708,3477735.1,137,2026-07-13T01:35:00+08:00,紐約洋基,華盛頓國民,紐約洋基 @ 華盛頓國民,51444805.1,357,勝分差,252842695.1,紐約洋基 2 分,A,,7.00,1,6,A,,
2026-07-12,2026-07-12T13:52:17,台灣運彩,822708,3477735.1,137,2026-07-13T01:35:00+08:00,紐約洋基,華盛頓國民,紐約洋基 @ 華盛頓國民,51444805.1,357,勝分差,252842696.1,紐約洋基 > 2分,A,,2.35,20,27,A,,
2026-07-12,2026-07-12T13:52:17,台灣運彩,822708,3477735.1,137,2026-07-13T01:35:00+08:00,紐約洋基,華盛頓國民,紐約洋基 @ 華盛頓國民,51444805.1,357,勝分差,252842691.1,華盛頓國民 1 分,H,,4.30,10,33,H,,
2026-07-12,2026-07-12T13:52:17,台灣運彩,822708,3477735.1,137,2026-07-13T01:35:00+08:00,紐約洋基,華盛頓國民,紐約洋基 @ 華盛頓國民,51444805.1,357,勝分差,252842692.1,華盛頓國民 2 分,H,,7.75,4,27,H,,
2026-07-12,2026-07-12T13:52:17,台灣運彩,822708,3477735.1,137,2026-07-13T01:35:00+08:00,紐約洋基,華盛頓國民,紐約洋基 @ 華盛頓國民,51444805.1,357,勝分差,252842693.1,華盛頓國民 > 2分,H,,2.85,20,37,H,,
2026-07-12,2026-07-12T13:52:17,台灣運彩,822708,3477735.1,137,2026-07-13T01:35:00+08:00,紐約洋基,華盛頓國民,紐約洋基 @ 華盛頓國民,51444808.1,358,讓分 2.5,252842701.1,華盛頓國民 +2.5,H,2.5,1.33,100,33,H,2.5,1
2026-07-12,2026-07-12T13:52:17,台灣運彩,822708,3477735.1,137,2026-07-13T01:35:00+08:00,紐約洋基,華盛頓國民,紐約洋基 @ 華盛頓國民,51444808.1,358,讓分 2.5,252842702.1,紐約洋基 -2.5,A,2.5,2.47,100,147,A,2.5,2
2026-07-12,2026-07-12T13:52:17,台灣運彩,822708,3477735.1,137,2026-07-13T01:35:00+08:00,紐約洋基,華盛頓國民,紐約洋基 @ 華盛頓國民,51444809.1,358,讓分 1.5,252842703.1,華盛頓國民 +1.5,H,1.5,1.50,2,1,H,1.5,1
2026-07-12,2026-07-12T13:52:17,台灣運彩,822708,3477735.1,137,2026-07-13T01:35:00+08:00,紐約洋基,華盛頓國民,紐約洋基 @ 華盛頓國民,51444809.1,358,讓分 1.5,252842704.1,紐約洋基 -1.5,A,1.5,2.00,1,1,A,1.5,2
2026-07-12,2026-07-12T13:52:17,台灣運彩,822708,3477735.1,137,2026-07-13T01:35:00+08:00,紐約洋基,華盛頓國民,紐約洋基 @ 華盛頓國民,51444804.1,360,[總分]大小 9.5,252842690.1,大 9.5,A,9.5,1.87,100,87,A,9.5,
2026-07-12,2026-07-12T13:52:17,台灣運彩,822708,3477735.1,137,2026-07-13T01:35:00+08:00,紐約洋基,華盛頓國民,紐約洋基 @ 華盛頓國民,51444804.1,360,[總分]大小 9.5,252842689.1,小 9.5,H,9.5,1.63,100,63,H,9.5,
2026-07-12,2026-07-12T13:52:17,台灣運彩,822708,3477735.1,137,2026-07-13T01:35:00+08:00,紐約洋基,華盛頓國民,紐約洋基 @ 華盛頓國民,51444807.1,360,[總分]大小 8.5,252842700.1,大 8.5,A,8.5,1.56,25,14,A,8.5,
2026-07-12,2026-07-12T13:52:17,台灣運彩,822708,3477735.1,137,2026-07-13T01:35:00+08:00,紐約洋基,華盛頓國民,紐約洋基 @ 華盛頓國民,51444807.1,360,[總分]大小 8.5,252842699.1,小 8.5,H,8.5,1.94,50,47,H,8.5,
2026-07-12,2026-07-12T13:52:17,台灣運彩,822708,3477735.1,137,2026-07-13T01:35:00+08:00,紐約洋基,華盛頓國民,紐約洋基 @ 華盛頓國民,51444939.1,360,[總分]大小 10.5,252843071.1,大 10.5,A,10.5,2.10,10,11,A,10.5,
2026-07-12,2026-07-12T13:52:17,台灣運彩,822708,3477735.1,137,2026-07-13T01:35:00+08:00,紐約洋基,華盛頓國民,紐約洋基 @ 華盛頓國民,51444939.1,360,[總分]大小 10.5,252843070.1,小 10.5,H,10.5,1.45,20,9,H,10.5,
2026-07-12,2026-07-12T13:52:17,台灣運彩,822708,3477735.1,137,2026-07-13T01:35:00+08:00,紐約洋基,華盛頓國民,紐約洋基 @ 華盛頓國民,51444806.1,362,華盛頓國民 大小 4.5,252842698.1,大 4.5,A,4.5,1.85,20,17,A,4.5,
2026-07-12,2026-07-12T13:52:17,台灣運彩,822708,3477735.1,137,2026-07-13T01:35:00+08:00,紐約洋基,華盛頓國民,紐約洋基 @ 華盛頓國民,51444806.1,362,華盛頓國民 大小 4.5,252842697.1,小 4.5,H,4.5,1.60,5,3,H,4.5,
2026-07-12,2026-07-12T13:52:17,台灣運彩,822708,3477735.1,137,2026-07-13T01:35:00+08:00,紐約洋基,華盛頓國民,紐約洋基 @ 華盛頓國民,51444802.1,363,紐約洋基 大小 4.5,252842686.1,大 4.5,A,4.5,1.72,25,18,A,4.5,
2026-07-12,2026-07-12T13:52:17,台灣運彩,822708,3477735.1,137,2026-07-13T01:35:00+08:00,紐約洋基,華盛頓國民,紐約洋基 @ 華盛頓國民,51444802.1,363,紐約洋基 大小 4.5,252842685.1,小 4.5,H,4.5,1.72,25,18,H,4.5,
2026-07-12,2026-07-12T13:52:17,台灣運彩,822708,3477735.1,137,2026-07-13T01:35:00+08:00,紐約洋基,華盛頓國民,紐約洋基 @ 華盛頓國民,51444801.1,366,[總分]單雙,252842684.1,單,,,1.48,25,12,,,
2026-07-12,2026-07-12T13:52:17,台灣運彩,822708,3477735.1,137,2026-07-13T01:35:00+08:00,紐約洋基,華盛頓國民,紐約洋基 @ 華盛頓國民,51444801.1,366,[總分]單雙,252842683.1,雙,,,2.00,1,1,,,
2026-07-12,2026-07-12T13:52:17,台灣運彩,822708,3477735.1,137,2026-07-13T01:35:00+08:00,紐約洋基,華盛頓國民,紐約洋基 @ 華盛頓國民,51444858.1,374,得分最高單局(不含延長賽),252842846.1,一樣多,,,2.30,10,13,,,
2026-07-12,2026-07-12T13:52:17,台灣運彩,822708,3477735.1,137,2026-07-13T01:35:00+08:00,紐約洋基,華盛頓國民,紐約洋基 @ 華盛頓國民,51444858.1,374,得分最高單局(不含延長賽),252842837.1,第1局,,,5.60,5,23,,,
2026-07-12,2026-07-12T13:52:17,台灣運彩,822708,3477735.1,137,2026-07-13T01:35:00+08:00,紐約洋基,華盛頓國民,紐約洋基 @ 華盛頓國民,51444858.1,374,得分最高單局(不含延長賽),252842838.1,第2局,,,6.75,4,23,,,
2026-07-12,2026-07-12T13:52:17,台灣運彩,822708,3477735.1,137,2026-07-13T01:35:00+08:00,紐約洋基,華盛頓國民,紐約洋基 @ 華盛頓國民,51444858.1,374,得分最高單局(不含延長賽),252842839.1,第3局,,,5.80,5,24,,,
2026-07-12,2026-07-12T13:52:17,台灣運彩,822708,3477735.1,137,2026-07-13T01:35:00+08:00,紐約洋基,華盛頓國民,紐約洋基 @ 華盛頓國民,51444858.1,374,得分最高單局(不含延長賽),252842840.1,第4局,,,6.25,4,21,,,
2026-07-12,2026-07-12T13:52:17,台灣運彩,822708,3477735.1,137,2026-07-13T01:35:00+08:00,紐約洋基,華盛頓國民,紐約洋基 @ 華盛頓國民,51444858.1,374,得分最高單局(不含延長賽),252842841.1,第5局,,,6.00,1,5,,,
2026-07-12,2026-07-12T13:52:17,台灣運彩,822708,3477735.1,137,2026-07-13T01:35:00+08:00,紐約洋基,華盛頓國民,紐約洋基 @ 華盛頓國民,51444858.1,374,得分最高單局(不含延長賽),252842842.1,第6局,,,5.85,20,97,,,
2026-07-12,2026-07-12T13:52:17,台灣運彩,822708,3477735.1,137,2026-07-13T01:35:00+08:00,紐約洋基,華盛頓國民,紐約洋基 @ 華盛頓國民,51444858.1,374,得分最高單局(不含延長賽),252842843.1,第7局,,,5.90,10,49,,,
2026-07-12,2026-07-12T13:52:17,台灣運彩,822708,3477735.1,137,2026-07-13T01:35:00+08:00,紐約洋基,華盛頓國民,紐約洋基 @ 華盛頓國民,51444858.1,374,得分最高單局(不含延長賽),252842844.1,第8局,,,5.70,10,47,,,
2026-07-12,2026-07-12T13:52:17,台灣運彩,822708,3477735.1,137,2026-07-13T01:35:00+08:00,紐約洋基,華盛頓國民,紐約洋基 @ 華盛頓國民,51444858.1,374,得分最高單局(不含延長賽),252842845.1,第9局,,,8.00,1,7,,,
2026-07-12,2026-07-12T13:52:17,台灣運彩,822708,3477735.1,137,2026-07-13T01:35:00+08:00,紐約洋基,華盛頓國民,紐約洋基 @ 華盛頓國民,51444855.1,376,[1-5局] 不讓分,252842830.1,華盛頓國民,H,,1.85,20,17,H,,1
2026-07-12,2026-07-12T13:52:17,台灣運彩,822708,3477735.1,137,2026-07-13T01:35:00+08:00,紐約洋基,華盛頓國民,紐約洋基 @ 華盛頓國民,51444855.1,376,[1-5局] 不讓分,252842832.1,紐約洋基,A,,1.80,5,4,A,,2
2026-07-12,2026-07-12T13:52:17,台灣運彩,822708,3477735.1,137,2026-07-13T01:35:00+08:00,紐約洋基,華盛頓國民,紐約洋基 @ 華盛頓國民,51444855.1,376,[1-5局] 不讓分,252842831.1,和局,D,,4.90,10,39,D,,
2026-07-12,2026-07-12T13:52:17,台灣運彩,822708,3477735.1,137,2026-07-13T01:35:00+08:00,紐約洋基,華盛頓國民,紐約洋基 @ 華盛頓國民,51444847.1,378,[1-5局] 大小 4.5,252842809.1,大 4.5,A,4.5,1.58,50,29,A,4.5,
2026-07-12,2026-07-12T13:52:17,台灣運彩,822708,3477735.1,137,2026-07-13T01:35:00+08:00,紐約洋基,華盛頓國民,紐約洋基 @ 華盛頓國民,51444847.1,378,[1-5局] 大小 4.5,252842808.1,小 4.5,H,4.5,1.75,4,3,H,4.5,
2026-07-12,2026-07-12T13:52:17,台灣運彩,822708,3477735.1,137,2026-07-13T01:35:00+08:00,紐約洋基,華盛頓國民,紐約洋基 @ 華盛頓國民,51444857.1,379,[1-5局] 華盛頓國民 大小 2.5,252842836.1,大 2.5,A,2.5,1.93,100,93,A,2.5,
2026-07-12,2026-07-12T13:52:17,台灣運彩,822708,3477735.1,137,2026-07-13T01:35:00+08:00,紐約洋基,華盛頓國民,紐約洋基 @ 華盛頓國民,51444857.1,379,[1-5局] 華盛頓國民 大小 2.5,252842835.1,小 2.5,H,2.5,1.53,100,53,H,2.5,
2026-07-12,2026-07-12T13:52:17,台灣運彩,822708,3477735.1,137,2026-07-13T01:35:00+08:00,紐約洋基,華盛頓國民,紐約洋基 @ 華盛頓國民,51444853.1,380,[1-5局] 紐約洋基 大小 2.5,252842826.1,大 2.5,A,2.5,1.90,10,9,A,2.5,
2026-07-12,2026-07-12T13:52:17,台灣運彩,822708,3477735.1,137,2026-07-13T01:35:00+08:00,紐約洋基,華盛頓國民,紐約洋基 @ 華盛頓國民,51444853.1,380,[1-5局] 紐約洋基 大小 2.5,252842825.1,小 2.5,H,2.5,1.55,20,11,H,2.5,
2026-07-12,2026-07-12T13:52:17,台灣運彩,822708,3477735.1,137,2026-07-13T01:35:00+08:00,紐約洋基,華盛頓國民,紐約洋基 @ 華盛頓國民,51444854.1,389,[第1局] 不讓分,252842827.1,華盛頓國民,H,,3.00,1,2,H,,1
2026-07-12,2026-07-12T13:52:17,台灣運彩,822708,3477735.1,137,2026-07-13T01:35:00+08:00,紐約洋基,華盛頓國民,紐約洋基 @ 華盛頓國民,51444854.1,389,[第1局] 不讓分,252842829.1,紐約洋基,A,,3.10,10,21,A,,2
2026-07-12,2026-07-12T13:52:17,台灣運彩,822708,3477735.1,137,2026-07-13T01:35:00+08:00,紐約洋基,華盛頓國民,紐約洋基 @ 華盛頓國民,51444854.1,389,[第1局] 不讓分,252842828.1,和局,D,,1.55,20,11,D,,
2026-07-12,2026-07-12T13:52:17,台灣運彩,822708,3477735.1,137,2026-07-13T01:35:00+08:00,紐約洋基,華盛頓國民,紐約洋基 @ 華盛頓國民,51444856.1,398,[第1局] 大小 0.5,252842834.1,大 0.5,A,0.5,1.65,20,13,A,0.5,
2026-07-12,2026-07-12T13:52:17,台灣運彩,822708,3477735.1,137,2026-07-13T01:35:00+08:00,紐約洋基,華盛頓國民,紐約洋基 @ 華盛頓國民,51444856.1,398,[第1局] 大小 0.5,252842833.1,小 0.5,H,0.5,1.68,25,17,H,0.5,
2026-07-12,2026-07-12T13:52:17,台灣運彩,822951,3477705.1,115,2026-07-13T01:40:00+08:00,西雅圖水手,坦帕灣光芒,西雅圖水手 @ 坦帕灣光芒,51444287.1,354,不讓分,252841113.1,坦帕灣光芒,H,,1.56,25,14,H,,1
2026-07-12,2026-07-12T13:52:17,台灣運彩,822951,3477705.1,115,2026-07-13T01:40:00+08:00,西雅圖水手,坦帕灣光芒,西雅圖水手 @ 坦帕灣光芒,51444287.1,354,不讓分,252841114.1,西雅圖水手,A,,1.94,50,47,A,,2
2026-07-12,2026-07-12T13:52:17,台灣運彩,822951,3477705.1,115,2026-07-13T01:40:00+08:00,西雅圖水手,坦帕灣光芒,西雅圖水手 @ 坦帕灣光芒,51444297.1,357,勝分差,252841133.1,坦帕灣光芒 1 分,H,,3.85,20,57,H,,
2026-07-12,2026-07-12T13:52:17,台灣運彩,822951,3477705.1,115,2026-07-13T01:40:00+08:00,西雅圖水手,坦帕灣光芒,西雅圖水手 @ 坦帕灣光芒,51444297.1,357,勝分差,252841134.1,坦帕灣光芒 2 分,H,,6.75,4,23,H,,
2026-07-12,2026-07-12T13:52:17,台灣運彩,822951,3477705.1,115,2026-07-13T01:40:00+08:00,西雅圖水手,坦帕灣光芒,西雅圖水手 @ 坦帕灣光芒,51444297.1,357,勝分差,252841135.1,坦帕灣光芒 > 2分,H,,2.60,5,8,H,,
2026-07-12,2026-07-12T13:52:17,台灣運彩,822951,3477705.1,115,2026-07-13T01:40:00+08:00,西雅圖水手,坦帕灣光芒,西雅圖水手 @ 坦帕灣光芒,51444297.1,357,勝分差,252841136.1,西雅圖水手 1 分,A,,5.45,20,89,A,,
2026-07-12,2026-07-12T13:52:17,台灣運彩,822951,3477705.1,115,2026-07-13T01:40:00+08:00,西雅圖水手,坦帕灣光芒,西雅圖水手 @ 坦帕灣光芒,51444297.1,357,勝分差,252841137.1,西雅圖水手 2 分,A,,7.25,4,25,A,,
2026-07-12,2026-07-12T13:52:17,台灣運彩,822951,3477705.1,115,2026-07-13T01:40:00+08:00,西雅圖水手,坦帕灣光芒,西雅圖水手 @ 坦帕灣光芒,51444297.1,357,勝分差,252841138.1,西雅圖水手 > 2分,A,,2.95,20,39,A,,
2026-07-12,2026-07-12T13:52:17,台灣運彩,822951,3477705.1,115,2026-07-13T01:40:00+08:00,西雅圖水手,坦帕灣光芒,西雅圖水手 @ 坦帕灣光芒,51444293.1,358,讓分 -2.5,252841125.1,坦帕灣光芒 -2.5,H,-2.5,2.70,10,17,H,-2.5,1
2026-07-12,2026-07-12T13:52:17,台灣運彩,822951,3477705.1,115,2026-07-13T01:40:00+08:00,西雅圖水手,坦帕灣光芒,西雅圖水手 @ 坦帕灣光芒,51444293.1,358,讓分 -2.5,252841126.1,西雅圖水手 +2.5,A,-2.5,1.28,25,7,A,-2.5,2
2026-07-12,2026-07-12T13:52:17,台灣運彩,822951,3477705.1,115,2026-07-13T01:40:00+08:00,西雅圖水手,坦帕灣光芒,西雅圖水手 @ 坦帕灣光芒,51444295.1,358,讓分 -1.5,252841129.1,坦帕灣光芒 -1.5,H,-1.5,2.10,10,11,H,-1.5,1
2026-07-12,2026-07-12T13:52:17,台灣運彩,822951,3477705.1,115,2026-07-13T01:40:00+08:00,西雅圖水手,坦帕灣光芒,西雅圖水手 @ 坦帕灣光芒,51444295.1,358,讓分 -1.5,252841130.1,西雅圖水手 +1.5,A,-1.5,1.45,20,9,A,-1.5,2
2026-07-12,2026-07-12T13:52:17,台灣運彩,822951,3477705.1,115,2026-07-13T01:40:00+08:00,西雅圖水手,坦帕灣光芒,西雅圖水手 @ 坦帕灣光芒,51444289.1,360,[總分]大小 7.5,252841118.1,大 7.5,A,7.5,1.70,10,7,A,7.5,
2026-07-12,2026-07-12T13:52:17,台灣運彩,822951,3477705.1,115,2026-07-13T01:40:00+08:00,西雅圖水手,坦帕灣光芒,西雅圖水手 @ 坦帕灣光芒,51444289.1,360,[總分]大小 7.5,252841117.1,小 7.5,H,7.5,1.80,5,4,H,7.5,
2026-07-12,2026-07-12T13:52:17,台灣運彩,822951,3477705.1,115,2026-07-13T01:40:00+08:00,西雅圖水手,坦帕灣光芒,西雅圖水手 @ 坦帕灣光芒,51444292.1,360,[總分]大小 6.5,252841124.1,大 6.5,A,6.5,1.42,50,21,A,6.5,
2026-07-12,2026-07-12T13:52:17,台灣運彩,822951,3477705.1,115,2026-07-13T01:40:00+08:00,西雅圖水手,坦帕灣光芒,西雅圖水手 @ 坦帕灣光芒,51444292.1,360,[總分]大小 6.5,252841123.1,小 6.5,H,6.5,2.20,5,6,H,6.5,
2026-07-12,2026-07-12T13:52:17,台灣運彩,822951,3477705.1,115,2026-07-13T01:40:00+08:00,西雅圖水手,坦帕灣光芒,西雅圖水手 @ 坦帕灣光芒,51444294.1,360,[總分]大小 8.5,252841128.1,大 8.5,A,8.5,1.94,50,47,A,8.5,
2026-07-12,2026-07-12T13:52:17,台灣運彩,822951,3477705.1,115,2026-07-13T01:40:00+08:00,西雅圖水手,坦帕灣光芒,西雅圖水手 @ 坦帕灣光芒,51444294.1,360,[總分]大小 8.5,252841127.1,小 8.5,H,8.5,1.56,25,14,H,8.5,
2026-07-12,2026-07-12T13:52:17,台灣運彩,822951,3477705.1,115,2026-07-13T01:40:00+08:00,西雅圖水手,坦帕灣光芒,西雅圖水手 @ 坦帕灣光芒,51444290.1,362,坦帕灣光芒 大小 3.5,252841120.1,大 3.5,A,3.5,1.60,5,3,A,3.5,
2026-07-12,2026-07-12T13:52:17,台灣運彩,822951,3477705.1,115,2026-07-13T01:40:00+08:00,西雅圖水手,坦帕灣光芒,西雅圖水手 @ 坦帕灣光芒,51444290.1,362,坦帕灣光芒 大小 3.5,252841119.1,小 3.5,H,3.5,1.85,20,17,H,3.5,
2026-07-12,2026-07-12T13:52:17,台灣運彩,822951,3477705.1,115,2026-07-13T01:40:00+08:00,西雅圖水手,坦帕灣光芒,西雅圖水手 @ 坦帕灣光芒,51444296.1,363,西雅圖水手 大小 3.5,252841132.1,大 3.5,A,3.5,1.73,100,73,A,3.5,
2026-07-12,2026-07-12T13:52:17,台灣運彩,822951,3477705.1,115,2026-07-13T01:40:00+08:00,西雅圖水手,坦帕灣光芒,西雅圖水手 @ 坦帕灣光芒,51444296.1,363,西雅圖水手 大小 3.5,252841131.1,小 3.5,H,3.5,1.70,10,7,H,3.5,
2026-07-12,2026-07-12T13:52:17,台灣運彩,822951,3477705.1,115,2026-07-13T01:40:00+08:00,西雅圖水手,坦帕灣光芒,西雅圖水手 @ 坦帕灣光芒,51444288.1,366,[總分]單雙,252841116.1,單,,,1.48,25,12,,,
2026-07-12,2026-07-12T13:52:17,台灣運彩,822951,3477705.1,115,2026-07-13T01:40:00+08:00,西雅圖水手,坦帕灣光芒,西雅圖水手 @ 坦帕灣光芒,51444288.1,366,[總分]單雙,252841115.1,雙,,,2.00,1,1,,,
2026-07-12,2026-07-12T13:52:17,台灣運彩,822951,3477705.1,115,2026-07-13T01:40:00+08:00,西雅圖水手,坦帕灣光芒,西雅圖水手 @ 坦帕灣光芒,51444972.1,374,得分最高單局(不含延長賽),252843171.1,一樣多,,,2.20,5,6,,,
2026-07-12,2026-07-12T13:52:17,台灣運彩,822951,3477705.1,115,2026-07-13T01:40:00+08:00,西雅圖水手,坦帕灣光芒,西雅圖水手 @ 坦帕灣光芒,51444972.1,374,得分最高單局(不含延長賽),252843162.1,第1局,,,5.50,2,9,,,
2026-07-12,2026-07-12T13:52:17,台灣運彩,822951,3477705.1,115,2026-07-13T01:40:00+08:00,西雅圖水手,坦帕灣光芒,西雅圖水手 @ 坦帕灣光芒,51444972.1,374,得分最高單局(不含延長賽),252843163.1,第2局,,,6.50,2,11,,,
2026-07-12,2026-07-12T13:52:17,台灣運彩,822951,3477705.1,115,2026-07-13T01:40:00+08:00,西雅圖水手,坦帕灣光芒,西雅圖水手 @ 坦帕灣光芒,51444972.1,374,得分最高單局(不含延長賽),252843164.1,第3局,,,5.95,20,99,,,
2026-07-12,2026-07-12T13:52:17,台灣運彩,822951,3477705.1,115,2026-07-13T01:40:00+08:00,西雅圖水手,坦帕灣光芒,西雅圖水手 @ 坦帕灣光芒,51444972.1,374,得分最高單局(不含延長賽),252843165.1,第4局,,,6.25,4,21,,,
2026-07-12,2026-07-12T13:52:17,台灣運彩,822951,3477705.1,115,2026-07-13T01:40:00+08:00,西雅圖水手,坦帕灣光芒,西雅圖水手 @ 坦帕灣光芒,51444972.1,374,得分最高單局(不含延長賽),252843166.1,第5局,,,6.00,1,5,,,
2026-07-12,2026-07-12T13:52:17,台灣運彩,822951,3477705.1,115,2026-07-13T01:40:00+08:00,西雅圖水手,坦帕灣光芒,西雅圖水手 @ 坦帕灣光芒,51444972.1,374,得分最高單局(不含延長賽),252843167.1,第6局,,,5.80,5,24,,,
2026-07-12,2026-07-12T13:52:17,台灣運彩,822951,3477705.1,115,2026-07-13T01:40:00+08:00,西雅圖水手,坦帕灣光芒,西雅圖水手 @ 坦帕灣光芒,51444972.1,374,得分最高單局(不含延長賽),252843168.1,第7局,,,6.00,1,5,,,
2026-07-12,2026-07-12T13:52:17,台灣運彩,822951,3477705.1,115,2026-07-13T01:40:00+08:00,西雅圖水手,坦帕灣光芒,西雅圖水手 @ 坦帕灣光芒,51444972.1,374,得分最高單局(不含延長賽),252843169.1,第8局,,,5.70,10,47,,,
2026-07-12,2026-07-12T13:52:17,台灣運彩,822951,3477705.1,115,2026-07-13T01:40:00+08:00,西雅圖水手,坦帕灣光芒,西雅圖水手 @ 坦帕灣光芒,51444972.1,374,得分最高單局(不含延長賽),252843170.1,第9局,,,8.00,1,7,,,
2026-07-12,2026-07-12T13:52:17,台灣運彩,822951,3477705.1,115,2026-07-13T01:40:00+08:00,西雅圖水手,坦帕灣光芒,西雅圖水手 @ 坦帕灣光芒,51444967.1,376,[1-5局] 不讓分,252843150.1,坦帕灣光芒,H,,1.75,4,3,H,,1
2026-07-12,2026-07-12T13:52:17,台灣運彩,822951,3477705.1,115,2026-07-13T01:40:00+08:00,西雅圖水手,坦帕灣光芒,西雅圖水手 @ 坦帕灣光芒,51444967.1,376,[1-5局] 不讓分,252843152.1,西雅圖水手,A,,2.05,20,21,A,,2
2026-07-12,2026-07-12T13:52:17,台灣運彩,822951,3477705.1,115,2026-07-13T01:40:00+08:00,西雅圖水手,坦帕灣光芒,西雅圖水手 @ 坦帕灣光芒,51444967.1,376,[1-5局] 不讓分,252843151.1,和局,D,,4.30,10,33,D,,
2026-07-12,2026-07-12T13:52:17,台灣運彩,822951,3477705.1,115,2026-07-13T01:40:00+08:00,西雅圖水手,坦帕灣光芒,西雅圖水手 @ 坦帕灣光芒,51444966.1,378,[1-5局] 大小 4.5,252843149.1,大 4.5,A,4.5,1.83,100,83,A,4.5,
2026-07-12,2026-07-12T13:52:17,台灣運彩,822951,3477705.1,115,2026-07-13T01:40:00+08:00,西雅圖水手,坦帕灣光芒,西雅圖水手 @ 坦帕灣光芒,51444966.1,378,[1-5局] 大小 4.5,252843148.1,小 4.5,H,4.5,1.52,25,13,H,4.5,
2026-07-12,2026-07-12T13:52:17,台灣運彩,822951,3477705.1,115,2026-07-13T01:40:00+08:00,西雅圖水手,坦帕灣光芒,西雅圖水手 @ 坦帕灣光芒,51444968.1,379,[1-5局] 坦帕灣光芒 大小 1.5,252843154.1,大 1.5,A,1.5,1.52,25,13,A,1.5,
2026-07-12,2026-07-12T13:52:17,台灣運彩,822951,3477705.1,115,2026-07-13T01:40:00+08:00,西雅圖水手,坦帕灣光芒,西雅圖水手 @ 坦帕灣光芒,51444968.1,379,[1-5局] 坦帕灣光芒 大小 1.5,252843153.1,小 1.5,H,1.5,1.94,50,47,H,1.5,
2026-07-12,2026-07-12T13:52:17,台灣運彩,822951,3477705.1,115,2026-07-13T01:40:00+08:00,西雅圖水手,坦帕灣光芒,西雅圖水手 @ 坦帕灣光芒,51444970.1,380,[1-5局] 西雅圖水手 大小 1.5,252843159.1,大 1.5,A,1.5,1.68,25,17,A,1.5,
2026-07-12,2026-07-12T13:52:17,台灣運彩,822951,3477705.1,115,2026-07-13T01:40:00+08:00,西雅圖水手,坦帕灣光芒,西雅圖水手 @ 坦帕灣光芒,51444970.1,380,[1-5局] 西雅圖水手 大小 1.5,252843158.1,小 1.5,H,1.5,1.75,4,3,H,1.5,
2026-07-12,2026-07-12T13:52:17,台灣運彩,822951,3477705.1,115,2026-07-13T01:40:00+08:00,西雅圖水手,坦帕灣光芒,西雅圖水手 @ 坦帕灣光芒,51444969.1,389,[第1局] 不讓分,252843155.1,坦帕灣光芒,H,,2.95,20,39,H,,1
2026-07-12,2026-07-12T13:52:17,台灣運彩,822951,3477705.1,115,2026-07-13T01:40:00+08:00,西雅圖水手,坦帕灣光芒,西雅圖水手 @ 坦帕灣光芒,51444969.1,389,[第1局] 不讓分,252843157.1,西雅圖水手,A,,3.50,2,5,A,,2
2026-07-12,2026-07-12T13:52:17,台灣運彩,822951,3477705.1,115,2026-07-13T01:40:00+08:00,西雅圖水手,坦帕灣光芒,西雅圖水手 @ 坦帕灣光芒,51444969.1,389,[第1局] 不讓分,252843156.1,和局,D,,1.50,2,1,D,,
2026-07-12,2026-07-12T13:52:17,台灣運彩,822951,3477705.1,115,2026-07-13T01:40:00+08:00,西雅圖水手,坦帕灣光芒,西雅圖水手 @ 坦帕灣光芒,51444971.1,398,[第1局] 大小 0.5,252843161.1,大 0.5,A,0.5,1.75,4,3,A,0.5,
2026-07-12,2026-07-12T13:52:17,台灣運彩,822951,3477705.1,115,2026-07-13T01:40:00+08:00,西雅圖水手,坦帕灣光芒,西雅圖水手 @ 坦帕灣光芒,51444971.1,398,[第1局] 大小 0.5,252843160.1,小 0.5,H,0.5,1.58,50,29,H,0.5,
2026-07-12,2026-07-12T13:52:17,台灣運彩,824250,3477706.1,116,2026-07-13T01:40:00+08:00,費城費城人,底特律老虎,費城費城人 @ 底特律老虎,51444298.1,354,不讓分,252841139.1,底特律老虎,H,,1.68,25,17,H,,1
2026-07-12,2026-07-12T13:52:17,台灣運彩,824250,3477706.1,116,2026-07-13T01:40:00+08:00,費城費城人,底特律老虎,費城費城人 @ 底特律老虎,51444298.1,354,不讓分,252841140.1,費城費城人,A,,1.82,50,41,A,,2
2026-07-12,2026-07-12T13:52:17,台灣運彩,824250,3477706.1,116,2026-07-13T01:40:00+08:00,費城費城人,底特律老虎,費城費城人 @ 底特律老虎,51444306.1,357,勝分差,252841155.1,底特律老虎 1 分,H,,3.80,5,14,H,,
2026-07-12,2026-07-12T13:52:17,台灣運彩,824250,3477706.1,116,2026-07-13T01:40:00+08:00,費城費城人,底特律老虎,費城費城人 @ 底特律老虎,51444306.1,357,勝分差,252841156.1,底特律老虎 2 分,H,,7.00,1,6,H,,
2026-07-12,2026-07-12T13:52:17,台灣運彩,824250,3477706.1,116,2026-07-13T01:40:00+08:00,費城費城人,底特律老虎,費城費城人 @ 底特律老虎,51444306.1,357,勝分差,252841157.1,底特律老虎 > 2分,H,,2.95,20,39,H,,
2026-07-12,2026-07-12T13:52:17,台灣運彩,824250,3477706.1,116,2026-07-13T01:40:00+08:00,費城費城人,底特律老虎,費城費城人 @ 底特律老虎,51444306.1,357,勝分差,252841158.1,費城費城人 1 分,A,,5.00,1,4,A,,
2026-07-12,2026-07-12T13:52:17,台灣運彩,824250,3477706.1,116,2026-07-13T01:40:00+08:00,費城費城人,底特律老虎,費城費城人 @ 底特律老虎,51444306.1,357,勝分差,252841159.1,費城費城人 2 分,A,,6.75,4,23,A,,
2026-07-12,2026-07-12T13:52:17,台灣運彩,824250,3477706.1,116,2026-07-13T01:40:00+08:00,費城費城人,底特律老虎,費城費城人 @ 底特律老虎,51444306.1,357,勝分差,252841160.1,費城費城人 > 2分,A,,2.80,5,9,A,,
2026-07-12,2026-07-12T13:52:17,台灣運彩,824250,3477706.1,116,2026-07-13T01:40:00+08:00,費城費城人,底特律老虎,費城費城人 @ 底特律老虎,51444301.1,358,讓分 -1.5,252841145.1,底特律老虎 -1.5,H,-1.5,2.33,100,133,H,-1.5,1
2026-07-12,2026-07-12T13:52:17,台灣運彩,824250,3477706.1,116,2026-07-13T01:40:00+08:00,費城費城人,底特律老虎,費城費城人 @ 底特律老虎,51444301.1,358,讓分 -1.5,252841146.1,費城費城人 +1.5,A,-1.5,1.38,50,19,A,-1.5,2
2026-07-12,2026-07-12T13:52:17,台灣運彩,824250,3477706.1,116,2026-07-13T01:40:00+08:00,費城費城人,底特律老虎,費城費城人 @ 底特律老虎,51444307.1,358,讓分 -2.5,252841161.1,底特律老虎 -2.5,H,-2.5,3.00,1,2,H,-2.5,1
2026-07-12,2026-07-12T13:52:17,台灣運彩,824250,3477706.1,116,2026-07-13T01:40:00+08:00,費城費城人,底特律老虎,費城費城人 @ 底特律老虎,51444307.1,358,讓分 -2.5,252841162.1,費城費城人 +2.5,A,-2.5,1.22,50,11,A,-2.5,2
2026-07-12,2026-07-12T13:52:17,台灣運彩,824250,3477706.1,116,2026-07-13T01:40:00+08:00,費城費城人,底特律老虎,費城費城人 @ 底特律老虎,51444976.1,358,讓分 1.5,252843178.1,底特律老虎 +1.5,H,1.5,1.36,25,9,H,1.5,1
2026-07-12,2026-07-12T13:52:17,台灣運彩,824250,3477706.1,116,2026-07-13T01:40:00+08:00,費城費城人,底特律老虎,費城費城人 @ 底特律老虎,51444976.1,358,讓分 1.5,252843179.1,費城費城人 -1.5,A,1.5,2.40,5,7,A,1.5,2
2026-07-12,2026-07-12T13:52:17,台灣運彩,824250,3477706.1,116,2026-07-13T01:40:00+08:00,費城費城人,底特律老虎,費城費城人 @ 底特律老虎,51444303.1,360,[總分]大小 6.5,252841150.1,大 6.5,A,6.5,1.52,25,13,A,6.5,
2026-07-12,2026-07-12T13:52:17,台灣運彩,824250,3477706.1,116,2026-07-13T01:40:00+08:00,費城費城人,底特律老虎,費城費城人 @ 底特律老虎,51444303.1,360,[總分]大小 6.5,252841149.1,小 6.5,H,6.5,1.98,50,49,H,6.5,
2026-07-12,2026-07-12T13:52:17,台灣運彩,824250,3477706.1,116,2026-07-13T01:40:00+08:00,費城費城人,底特律老虎,費城費城人 @ 底特律老虎,51444304.1,360,[總分]大小 7.5,252841152.1,大 7.5,A,7.5,1.88,25,22,A,7.5,
2026-07-12,2026-07-12T13:52:17,台灣運彩,824250,3477706.1,116,2026-07-13T01:40:00+08:00,費城費城人,底特律老虎,費城費城人 @ 底特律老虎,51444304.1,360,[總分]大小 7.5,252841151.1,小 7.5,H,7.5,1.62,50,31,H,7.5,
2026-07-12,2026-07-12T13:52:17,台灣運彩,824250,3477706.1,116,2026-07-13T01:40:00+08:00,費城費城人,底特律老虎,費城費城人 @ 底特律老虎,51444308.1,360,[總分]大小 8.5,252841164.1,大 8.5,A,8.5,2.15,20,23,A,8.5,
2026-07-12,2026-07-12T13:52:17,台灣運彩,824250,3477706.1,116,2026-07-13T01:40:00+08:00,費城費城人,底特律老虎,費城費城人 @ 底特律老虎,51444308.1,360,[總分]大小 8.5,252841163.1,小 8.5,H,8.5,1.43,100,43,H,8.5,
2026-07-12,2026-07-12T13:52:17,台灣運彩,824250,3477706.1,116,2026-07-13T01:40:00+08:00,費城費城人,底特律老虎,費城費城人 @ 底特律老虎,51444302.1,362,底特律老虎 大小 3.5,252841148.1,大 3.5,A,3.5,1.78,50,39,A,3.5,
2026-07-12,2026-07-12T13:52:17,台灣運彩,824250,3477706.1,116,2026-07-13T01:40:00+08:00,費城費城人,底特律老虎,費城費城人 @ 底特律老虎,51444302.1,362,底特律老虎 大小 3.5,252841147.1,小 3.5,H,3.5,1.65,20,13,H,3.5,
2026-07-12,2026-07-12T13:52:17,台灣運彩,824250,3477706.1,116,2026-07-13T01:40:00+08:00,費城費城人,底特律老虎,費城費城人 @ 底特律老虎,51444305.1,363,費城費城人 大小 3.5,252841154.1,大 3.5,A,3.5,1.78,50,39,A,3.5,
2026-07-12,2026-07-12T13:52:17,台灣運彩,824250,3477706.1,116,2026-07-13T01:40:00+08:00,費城費城人,底特律老虎,費城費城人 @ 底特律老虎,51444305.1,363,費城費城人 大小 3.5,252841153.1,小 3.5,H,3.5,1.65,20,13,H,3.5,
2026-07-12,2026-07-12T13:52:17,台灣運彩,824250,3477706.1,116,2026-07-13T01:40:00+08:00,費城費城人,底特律老虎,費城費城人 @ 底特律老虎,51444300.1,366,[總分]單雙,252841144.1,單,,,1.46,50,23,,,
2026-07-12,2026-07-12T13:52:17,台灣運彩,824250,3477706.1,116,2026-07-13T01:40:00+08:00,費城費城人,底特律老虎,費城費城人 @ 底特律老虎,51444300.1,366,[總分]單雙,252841143.1,雙,,,2.05,20,21,,,
2026-07-12,2026-07-12T13:52:17,台灣運彩,824250,3477706.1,116,2026-07-13T01:40:00+08:00,費城費城人,底特律老虎,費城費城人 @ 底特律老虎,51444980.1,374,得分最高單局(不含延長賽),252843197.1,一樣多,,,2.20,5,6,,,
2026-07-12,2026-07-12T13:52:17,台灣運彩,824250,3477706.1,116,2026-07-13T01:40:00+08:00,費城費城人,底特律老虎,費城費城人 @ 底特律老虎,51444980.1,374,得分最高單局(不含延長賽),252843188.1,第1局,,,5.80,5,24,,,
2026-07-12,2026-07-12T13:52:17,台灣運彩,824250,3477706.1,116,2026-07-13T01:40:00+08:00,費城費城人,底特律老虎,費城費城人 @ 底特律老虎,51444980.1,374,得分最高單局(不含延長賽),252843189.1,第2局,,,6.75,4,23,,,
2026-07-12,2026-07-12T13:52:17,台灣運彩,824250,3477706.1,116,2026-07-13T01:40:00+08:00,費城費城人,底特律老虎,費城費城人 @ 底特律老虎,51444980.1,374,得分最高單局(不含延長賽),252843190.1,第3局,,,6.25,4,21,,,
2026-07-12,2026-07-12T13:52:17,台灣運彩,824250,3477706.1,116,2026-07-13T01:40:00+08:00,費城費城人,底特律老虎,費城費城人 @ 底特律老虎,51444980.1,374,得分最高單局(不含延長賽),252843191.1,第4局,,,6.75,4,23,,,
2026-07-12,2026-07-12T13:52:17,台灣運彩,824250,3477706.1,116,2026-07-13T01:40:00+08:00,費城費城人,底特律老虎,費城費城人 @ 底特律老虎,51444980.1,374,得分最高單局(不含延長賽),252843192.1,第5局,,,6.50,2,11,,,
2026-07-12,2026-07-12T13:52:17,台灣運彩,824250,3477706.1,116,2026-07-13T01:40:00+08:00,費城費城人,底特律老虎,費城費城人 @ 底特律老虎,51444980.1,374,得分最高單局(不含延長賽),252843193.1,第6局,,,5.40,5,22,,,
2026-07-12,2026-07-12T13:52:17,台灣運彩,824250,3477706.1,116,2026-07-13T01:40:00+08:00,費城費城人,底特律老虎,費城費城人 @ 底特律老虎,51444980.1,374,得分最高單局(不含延長賽),252843194.1,第7局,,,5.80,5,24,,,
2026-07-12,2026-07-12T13:52:17,台灣運彩,824250,3477706.1,116,2026-07-13T01:40:00+08:00,費城費城人,底特律老虎,費城費城人 @ 底特律老虎,51444980.1,374,得分最高單局(不含延長賽),252843195.1,第8局,,,5.35,20,87,,,
2026-07-12,2026-07-12T13:52:17,台灣運彩,824250,3477706.1,116,2026-07-13T01:40:00+08:00,費城費城人,底特律老虎,費城費城人 @ 底特律老虎,51444980.1,374,得分最高單局(不含延長賽),252843196.1,第9局,,,8.00,1,7,,,
2026-07-12,2026-07-12T13:52:17,台灣運彩,824250,3477706.1,116,2026-07-13T01:40:00+08:00,費城費城人,底特律老虎,費城費城人 @ 底特律老虎,51444978.1,376,[1-5局] 不讓分,252843182.1,底特律老虎,H,,1.85,20,17,H,,1
2026-07-12,2026-07-12T13:52:17,台灣運彩,824250,3477706.1,116,2026-07-13T01:40:00+08:00,費城費城人,底特律老虎,費城費城人 @ 底特律老虎,51444978.1,376,[1-5局] 不讓分,252843184.1,費城費城人,A,,1.95,20,19,A,,2
2026-07-12,2026-07-12T13:52:17,台灣運彩,824250,3477706.1,116,2026-07-13T01:40:00+08:00,費城費城人,底特律老虎,費城費城人 @ 底特律老虎,51444978.1,376,[1-5局] 不讓分,252843183.1,和局,D,,4.00,1,3,D,,
2026-07-12,2026-07-12T13:52:17,台灣運彩,824250,3477706.1,116,2026-07-13T01:40:00+08:00,費城費城人,底特律老虎,費城費城人 @ 底特律老虎,51444974.1,378,[1-5局] 大小 3.5,252843175.1,大 3.5,A,3.5,1.65,20,13,A,3.5,
2026-07-12,2026-07-12T13:52:17,台灣運彩,824250,3477706.1,116,2026-07-13T01:40:00+08:00,費城費城人,底特律老虎,費城費城人 @ 底特律老虎,51444974.1,378,[1-5局] 大小 3.5,252843174.1,小 3.5,H,3.5,1.68,25,17,H,3.5,
2026-07-12,2026-07-12T13:52:17,台灣運彩,824250,3477706.1,116,2026-07-13T01:40:00+08:00,費城費城人,底特律老虎,費城費城人 @ 底特律老虎,51444973.1,379,[1-5局] 底特律老虎 大小 1.5,252843173.1,大 1.5,A,1.5,1.72,25,18,A,1.5,
2026-07-12,2026-07-12T13:52:17,台灣運彩,824250,3477706.1,116,2026-07-13T01:40:00+08:00,費城費城人,底特律老虎,費城費城人 @ 底特律老虎,51444973.1,379,[1-5局] 底特律老虎 大小 1.5,252843172.1,小 1.5,H,1.5,1.72,25,18,H,1.5,
2026-07-12,2026-07-12T13:52:17,台灣運彩,824250,3477706.1,116,2026-07-13T01:40:00+08:00,費城費城人,底特律老虎,費城費城人 @ 底特律老虎,51444977.1,380,[1-5局] 費城費城人 大小 1.5,252843181.1,大 1.5,A,1.5,1.75,4,3,A,1.5,
2026-07-12,2026-07-12T13:52:17,台灣運彩,824250,3477706.1,116,2026-07-13T01:40:00+08:00,費城費城人,底特律老虎,費城費城人 @ 底特律老虎,51444977.1,380,[1-5局] 費城費城人 大小 1.5,252843180.1,小 1.5,H,1.5,1.68,25,17,H,1.5,
2026-07-12,2026-07-12T13:52:17,台灣運彩,824250,3477706.1,116,2026-07-13T01:40:00+08:00,費城費城人,底特律老虎,費城費城人 @ 底特律老虎,51444979.1,389,[第1局] 不讓分,252843185.1,底特律老虎,H,,3.30,10,23,H,,1
2026-07-12,2026-07-12T13:52:17,台灣運彩,824250,3477706.1,116,2026-07-13T01:40:00+08:00,費城費城人,底特律老虎,費城費城人 @ 底特律老虎,51444979.1,389,[第1局] 不讓分,252843187.1,費城費城人,A,,3.50,2,5,A,,2
2026-07-12,2026-07-12T13:52:17,台灣運彩,824250,3477706.1,116,2026-07-13T01:40:00+08:00,費城費城人,底特律老虎,費城費城人 @ 底特律老虎,51444979.1,389,[第1局] 不讓分,252843186.1,和局,D,,1.40,5,2,D,,
2026-07-12,2026-07-12T13:52:17,台灣運彩,824250,3477706.1,116,2026-07-13T01:40:00+08:00,費城費城人,底特律老虎,費城費城人 @ 底特律老虎,51444975.1,398,[第1局] 大小 0.5,252843177.1,大 0.5,A,0.5,1.90,10,9,A,0.5,
2026-07-12,2026-07-12T13:52:17,台灣運彩,824250,3477706.1,116,2026-07-13T01:40:00+08:00,費城費城人,底特律老虎,費城費城人 @ 底特律老虎,51444975.1,398,[第1局] 大小 0.5,252843176.1,小 0.5,H,0.5,1.48,25,12,H,0.5,
2026-07-12,2026-07-12T13:52:17,台灣運彩,824491,3477710.1,126,2026-07-13T01:40:00+08:00,芝加哥小熊,辛辛那提紅人,芝加哥小熊 @ 辛辛那提紅人,51444337.1,354,不讓分,252841229.1,辛辛那堤紅人,H,,1.92,25,23,H,,1
2026-07-12,2026-07-12T13:52:17,台灣運彩,824491,3477710.1,126,2026-07-13T01:40:00+08:00,芝加哥小熊,辛辛那提紅人,芝加哥小熊 @ 辛辛那提紅人,51444337.1,354,不讓分,252841230.1,芝加哥小熊,A,,1.58,50,29,A,,2
2026-07-12,2026-07-12T13:52:17,台灣運彩,824491,3477710.1,126,2026-07-13T01:40:00+08:00,芝加哥小熊,辛辛那提紅人,芝加哥小熊 @ 辛辛那提紅人,51444347.1,357,勝分差,252841252.1,芝加哥小熊 1 分,A,,5.85,20,97,A,,
2026-07-12,2026-07-12T13:52:17,台灣運彩,824491,3477710.1,126,2026-07-13T01:40:00+08:00,芝加哥小熊,辛辛那提紅人,芝加哥小熊 @ 辛辛那提紅人,51444347.1,357,勝分差,252841253.1,芝加哥小熊 2 分,A,,7.00,1,6,A,,
2026-07-12,2026-07-12T13:52:17,台灣運彩,824491,3477710.1,126,2026-07-13T01:40:00+08:00,芝加哥小熊,辛辛那提紅人,芝加哥小熊 @ 辛辛那提紅人,51444347.1,357,勝分差,252841254.1,芝加哥小熊 > 2分,A,,2.20,5,6,A,,
2026-07-12,2026-07-12T13:52:17,台灣運彩,824491,3477710.1,126,2026-07-13T01:40:00+08:00,芝加哥小熊,辛辛那提紅人,芝加哥小熊 @ 辛辛那提紅人,51444347.1,357,勝分差,252841249.1,辛辛那堤紅人 1 分,H,,4.30,10,33,H,,
2026-07-12,2026-07-12T13:52:17,台灣運彩,824491,3477710.1,126,2026-07-13T01:40:00+08:00,芝加哥小熊,辛辛那提紅人,芝加哥小熊 @ 辛辛那提紅人,51444347.1,357,勝分差,252841250.1,辛辛那堤紅人 2 分,H,,8.00,1,7,H,,
2026-07-12,2026-07-12T13:52:17,台灣運彩,824491,3477710.1,126,2026-07-13T01:40:00+08:00,芝加哥小熊,辛辛那提紅人,芝加哥小熊 @ 辛辛那提紅人,51444347.1,357,勝分差,252841251.1,辛辛那堤紅人 > 2分,H,,3.05,20,41,H,,
2026-07-12,2026-07-12T13:52:17,台灣運彩,824491,3477710.1,126,2026-07-13T01:40:00+08:00,芝加哥小熊,辛辛那提紅人,芝加哥小熊 @ 辛辛那提紅人,51444344.1,358,讓分 2.5,252841243.1,辛辛那堤紅人 +2.5,H,2.5,1.38,50,19,H,2.5,1
2026-07-12,2026-07-12T13:52:17,台灣運彩,824491,3477710.1,126,2026-07-13T01:40:00+08:00,芝加哥小熊,辛辛那提紅人,芝加哥小熊 @ 辛辛那提紅人,51444344.1,358,讓分 2.5,252841244.1,芝加哥小熊 -2.5,A,2.5,2.33,100,133,A,2.5,2
2026-07-12,2026-07-12T13:52:17,台灣運彩,824491,3477710.1,126,2026-07-13T01:40:00+08:00,芝加哥小熊,辛辛那提紅人,芝加哥小熊 @ 辛辛那提紅人,51444345.1,358,讓分 1.5,252841245.1,辛辛那堤紅人 +1.5,H,1.5,1.58,50,29,H,1.5,1
2026-07-12,2026-07-12T13:52:17,台灣運彩,824491,3477710.1,126,2026-07-13T01:40:00+08:00,芝加哥小熊,辛辛那提紅人,芝加哥小熊 @ 辛辛那提紅人,51444345.1,358,讓分 1.5,252841246.1,芝加哥小熊 -1.5,A,1.5,1.92,25,23,A,1.5,2
2026-07-12,2026-07-12T13:52:17,台灣運彩,824491,3477710.1,126,2026-07-13T01:40:00+08:00,芝加哥小熊,辛辛那提紅人,芝加哥小熊 @ 辛辛那提紅人,51444340.1,360,[總分]大小 8.5,252841236.1,大 8.5,A,8.5,1.52,25,13,A,8.5,
2026-07-12,2026-07-12T13:52:17,台灣運彩,824491,3477710.1,126,2026-07-13T01:40:00+08:00,芝加哥小熊,辛辛那提紅人,芝加哥小熊 @ 辛辛那提紅人,51444340.1,360,[總分]大小 8.5,252841235.1,小 8.5,H,8.5,1.98,50,49,H,8.5,
2026-07-12,2026-07-12T13:52:17,台灣運彩,824491,3477710.1,126,2026-07-13T01:40:00+08:00,芝加哥小熊,辛辛那提紅人,芝加哥小熊 @ 辛辛那提紅人,51444341.1,360,[總分]大小 9.5,252841238.1,大 9.5,A,9.5,1.82,50,41,A,9.5,
2026-07-12,2026-07-12T13:52:17,台灣運彩,824491,3477710.1,126,2026-07-13T01:40:00+08:00,芝加哥小熊,辛辛那提紅人,芝加哥小熊 @ 辛辛那提紅人,51444341.1,360,[總分]大小 9.5,252841237.1,小 9.5,H,9.5,1.68,25,17,H,9.5,
2026-07-12,2026-07-12T13:52:17,台灣運彩,824491,3477710.1,126,2026-07-13T01:40:00+08:00,芝加哥小熊,辛辛那提紅人,芝加哥小熊 @ 辛辛那提紅人,51444346.1,360,[總分]大小 10.5,252841248.1,大 10.5,A,10.5,2.05,20,21,A,10.5,
2026-07-12,2026-07-12T13:52:17,台灣運彩,824491,3477710.1,126,2026-07-13T01:40:00+08:00,芝加哥小熊,辛辛那提紅人,芝加哥小熊 @ 辛辛那提紅人,51444346.1,360,[總分]大小 10.5,252841247.1,小 10.5,H,10.5,1.48,25,12,H,10.5,
2026-07-12,2026-07-12T13:52:17,台灣運彩,824491,3477710.1,126,2026-07-13T01:40:00+08:00,芝加哥小熊,辛辛那提紅人,芝加哥小熊 @ 辛辛那提紅人,51444343.1,362,辛辛那堤紅人 大小 4.5,252841242.1,大 4.5,A,4.5,1.86,50,43,A,4.5,
2026-07-12,2026-07-12T13:52:17,台灣運彩,824491,3477710.1,126,2026-07-13T01:40:00+08:00,芝加哥小熊,辛辛那提紅人,芝加哥小熊 @ 辛辛那提紅人,51444343.1,362,辛辛那堤紅人 大小 4.5,252841241.1,小 4.5,H,4.5,1.58,50,29,H,4.5,
2026-07-12,2026-07-12T13:52:17,台灣運彩,824491,3477710.1,126,2026-07-13T01:40:00+08:00,芝加哥小熊,辛辛那提紅人,芝加哥小熊 @ 辛辛那提紅人,51444338.1,363,芝加哥小熊 大小 4.5,252841232.1,大 4.5,A,4.5,1.63,100,63,A,4.5,
2026-07-12,2026-07-12T13:52:17,台灣運彩,824491,3477710.1,126,2026-07-13T01:40:00+08:00,芝加哥小熊,辛辛那提紅人,芝加哥小熊 @ 辛辛那提紅人,51444338.1,363,芝加哥小熊 大小 4.5,252841231.1,小 4.5,H,4.5,1.80,5,4,H,4.5,
2026-07-12,2026-07-12T13:52:17,台灣運彩,824491,3477710.1,126,2026-07-13T01:40:00+08:00,芝加哥小熊,辛辛那提紅人,芝加哥小熊 @ 辛辛那提紅人,51444339.1,366,[總分]單雙,252841234.1,單,,,1.50,2,1,,,
2026-07-12,2026-07-12T13:52:17,台灣運彩,824491,3477710.1,126,2026-07-13T01:40:00+08:00,芝加哥小熊,辛辛那提紅人,芝加哥小熊 @ 辛辛那提紅人,51444339.1,366,[總分]單雙,252841233.1,雙,,,1.96,25,24,,,
2026-07-12,2026-07-12T13:52:17,台灣運彩,824491,3477710.1,126,2026-07-13T01:40:00+08:00,芝加哥小熊,辛辛那提紅人,芝加哥小熊 @ 辛辛那提紅人,51444963.1,374,得分最高單局(不含延長賽),252843143.1,一樣多,,,2.30,10,13,,,
2026-07-12,2026-07-12T13:52:17,台灣運彩,824491,3477710.1,126,2026-07-13T01:40:00+08:00,芝加哥小熊,辛辛那提紅人,芝加哥小熊 @ 辛辛那提紅人,51444963.1,374,得分最高單局(不含延長賽),252843134.1,第1局,,,5.65,20,93,,,
2026-07-12,2026-07-12T13:52:17,台灣運彩,824491,3477710.1,126,2026-07-13T01:40:00+08:00,芝加哥小熊,辛辛那提紅人,芝加哥小熊 @ 辛辛那提紅人,51444963.1,374,得分最高單局(不含延長賽),252843135.1,第2局,,,6.75,4,23,,,
2026-07-12,2026-07-12T13:52:17,台灣運彩,824491,3477710.1,126,2026-07-13T01:40:00+08:00,芝加哥小熊,辛辛那提紅人,芝加哥小熊 @ 辛辛那提紅人,51444963.1,374,得分最高單局(不含延長賽),252843136.1,第3局,,,6.00,1,5,,,
2026-07-12,2026-07-12T13:52:17,台灣運彩,824491,3477710.1,126,2026-07-13T01:40:00+08:00,芝加哥小熊,辛辛那提紅人,芝加哥小熊 @ 辛辛那提紅人,51444963.1,374,得分最高單局(不含延長賽),252843137.1,第4局,,,6.75,4,23,,,
2026-07-12,2026-07-12T13:52:17,台灣運彩,824491,3477710.1,126,2026-07-13T01:40:00+08:00,芝加哥小熊,辛辛那提紅人,芝加哥小熊 @ 辛辛那提紅人,51444963.1,374,得分最高單局(不含延長賽),252843138.1,第5局,,,6.25,4,21,,,
2026-07-12,2026-07-12T13:52:17,台灣運彩,824491,3477710.1,126,2026-07-13T01:40:00+08:00,芝加哥小熊,辛辛那提紅人,芝加哥小熊 @ 辛辛那提紅人,51444963.1,374,得分最高單局(不含延長賽),252843139.1,第6局,,,5.45,20,89,,,
2026-07-12,2026-07-12T13:52:17,台灣運彩,824491,3477710.1,126,2026-07-13T01:40:00+08:00,芝加哥小熊,辛辛那提紅人,芝加哥小熊 @ 辛辛那提紅人,51444963.1,374,得分最高單局(不含延長賽),252843140.1,第7局,,,5.70,10,47,,,
2026-07-12,2026-07-12T13:52:17,台灣運彩,824491,3477710.1,126,2026-07-13T01:40:00+08:00,芝加哥小熊,辛辛那提紅人,芝加哥小熊 @ 辛辛那提紅人,51444963.1,374,得分最高單局(不含延長賽),252843141.1,第8局,,,5.55,20,91,,,
2026-07-12,2026-07-12T13:52:17,台灣運彩,824491,3477710.1,126,2026-07-13T01:40:00+08:00,芝加哥小熊,辛辛那提紅人,芝加哥小熊 @ 辛辛那提紅人,51444963.1,374,得分最高單局(不含延長賽),252843142.1,第9局,,,8.00,1,7,,,
2026-07-12,2026-07-12T13:52:17,台灣運彩,824491,3477710.1,126,2026-07-13T01:40:00+08:00,芝加哥小熊,辛辛那提紅人,芝加哥小熊 @ 辛辛那提紅人,51444960.1,376,[1-5局] 不讓分,252843126.1,辛辛那堤紅人,H,,1.95,20,19,H,,1
2026-07-12,2026-07-12T13:52:17,台灣運彩,824491,3477710.1,126,2026-07-13T01:40:00+08:00,芝加哥小熊,辛辛那提紅人,芝加哥小熊 @ 辛辛那提紅人,51444960.1,376,[1-5局] 不讓分,252843128.1,芝加哥小熊,A,,1.70,10,7,A,,2
2026-07-12,2026-07-12T13:52:17,台灣運彩,824491,3477710.1,126,2026-07-13T01:40:00+08:00,芝加哥小熊,辛辛那提紅人,芝加哥小熊 @ 辛辛那提紅人,51444960.1,376,[1-5局] 不讓分,252843127.1,和局,D,,4.90,10,39,D,,
2026-07-12,2026-07-12T13:52:17,台灣運彩,824491,3477710.1,126,2026-07-13T01:40:00+08:00,芝加哥小熊,辛辛那提紅人,芝加哥小熊 @ 辛辛那提紅人,51444964.1,378,[1-5局] 大小 4.5,252843145.1,大 4.5,A,4.5,1.58,50,29,A,4.5,
2026-07-12,2026-07-12T13:52:17,台灣運彩,824491,3477710.1,126,2026-07-13T01:40:00+08:00,芝加哥小熊,辛辛那提紅人,芝加哥小熊 @ 辛辛那提紅人,51444964.1,378,[1-5局] 大小 4.5,252843144.1,小 4.5,H,4.5,1.75,4,3,H,4.5,
2026-07-12,2026-07-12T13:52:17,台灣運彩,824491,3477710.1,126,2026-07-13T01:40:00+08:00,芝加哥小熊,辛辛那提紅人,芝加哥小熊 @ 辛辛那提紅人,51445118.1,379,[1-5局] 辛辛那堤紅人 大小 1.5,252843573.1,大 1.5,A,1.5,1.48,25,12,A,1.5,
2026-07-12,2026-07-12T13:52:17,台灣運彩,824491,3477710.1,126,2026-07-13T01:40:00+08:00,芝加哥小熊,辛辛那提紅人,芝加哥小熊 @ 辛辛那提紅人,51445118.1,379,[1-5局] 辛辛那堤紅人 大小 1.5,252843572.1,小 1.5,H,1.5,2.00,1,1,H,1.5,
2026-07-12,2026-07-12T13:52:17,台灣運彩,824491,3477710.1,126,2026-07-13T01:40:00+08:00,芝加哥小熊,辛辛那提紅人,芝加哥小熊 @ 辛辛那提紅人,51444959.1,380,[1-5局] 芝加哥小熊 大小 2.5,252843125.1,大 2.5,A,2.5,1.85,20,17,A,2.5,
2026-07-12,2026-07-12T13:52:17,台灣運彩,824491,3477710.1,126,2026-07-13T01:40:00+08:00,芝加哥小熊,辛辛那提紅人,芝加哥小熊 @ 辛辛那提紅人,51444959.1,380,[1-5局] 芝加哥小熊 大小 2.5,252843124.1,小 2.5,H,2.5,1.60,5,3,H,2.5,
2026-07-12,2026-07-12T13:52:17,台灣運彩,824491,3477710.1,126,2026-07-13T01:40:00+08:00,芝加哥小熊,辛辛那提紅人,芝加哥小熊 @ 辛辛那提紅人,51444961.1,389,[第1局] 不讓分,252843129.1,辛辛那堤紅人,H,,3.15,20,43,H,,1
2026-07-12,2026-07-12T13:52:17,台灣運彩,824491,3477710.1,126,2026-07-13T01:40:00+08:00,芝加哥小熊,辛辛那提紅人,芝加哥小熊 @ 辛辛那提紅人,51444961.1,389,[第1局] 不讓分,252843131.1,芝加哥小熊,A,,2.90,10,19,A,,2
2026-07-12,2026-07-12T13:52:17,台灣運彩,824491,3477710.1,126,2026-07-13T01:40:00+08:00,芝加哥小熊,辛辛那提紅人,芝加哥小熊 @ 辛辛那提紅人,51444961.1,389,[第1局] 不讓分,252843130.1,和局,D,,1.55,20,11,D,,
2026-07-12,2026-07-12T13:52:17,台灣運彩,824491,3477710.1,126,2026-07-13T01:40:00+08:00,芝加哥小熊,辛辛那提紅人,芝加哥小熊 @ 辛辛那提紅人,51444965.1,398,[第1局] 大小 0.5,252843147.1,大 0.5,A,0.5,1.65,20,13,A,0.5,
2026-07-12,2026-07-12T13:52:17,台灣運彩,824491,3477710.1,126,2026-07-13T01:40:00+08:00,芝加哥小熊,辛辛那提紅人,芝加哥小熊 @ 辛辛那提紅人,51444965.1,398,[第1局] 大小 0.5,252843146.1,小 0.5,H,0.5,1.68,25,17,H,0.5,
2026-07-12,2026-07-12T13:52:17,台灣運彩,823842,3477736.1,138,2026-07-13T01:40:00+08:00,克里夫蘭守護者,邁阿密馬林魚,克里夫蘭守護者 @ 邁阿密馬林魚,51444791.1,354,不讓分,252842659.1,邁阿密馬林魚,H,,1.66,50,33,H,,1
2026-07-12,2026-07-12T13:52:17,台灣運彩,823842,3477736.1,138,2026-07-13T01:40:00+08:00,克里夫蘭守護者,邁阿密馬林魚,克里夫蘭守護者 @ 邁阿密馬林魚,51444791.1,354,不讓分,252842660.1,克里夫蘭守護者,A,,1.84,25,21,A,,2
2026-07-12,2026-07-12T13:52:17,台灣運彩,823842,3477736.1,138,2026-07-13T01:40:00+08:00,克里夫蘭守護者,邁阿密馬林魚,克里夫蘭守護者 @ 邁阿密馬林魚,51444794.1,357,勝分差,252842668.1,克里夫蘭守護者 1 分,A,,5.40,5,22,A,,
2026-07-12,2026-07-12T13:52:17,台灣運彩,823842,3477736.1,138,2026-07-13T01:40:00+08:00,克里夫蘭守護者,邁阿密馬林魚,克里夫蘭守護者 @ 邁阿密馬林魚,51444794.1,357,勝分差,252842669.1,克里夫蘭守護者 2 分,A,,7.25,4,25,A,,
2026-07-12,2026-07-12T13:52:17,台灣運彩,823842,3477736.1,138,2026-07-13T01:40:00+08:00,克里夫蘭守護者,邁阿密馬林魚,克里夫蘭守護者 @ 邁阿密馬林魚,51444794.1,357,勝分差,252842670.1,克里夫蘭守護者 > 2分,A,,2.65,20,33,A,,
2026-07-12,2026-07-12T13:52:17,台灣運彩,823842,3477736.1,138,2026-07-13T01:40:00+08:00,克里夫蘭守護者,邁阿密馬林魚,克里夫蘭守護者 @ 邁阿密馬林魚,51444794.1,357,勝分差,252842665.1,邁阿密馬林魚 1 分,H,,4.05,20,61,H,,
2026-07-12,2026-07-12T13:52:17,台灣運彩,823842,3477736.1,138,2026-07-13T01:40:00+08:00,克里夫蘭守護者,邁阿密馬林魚,克里夫蘭守護者 @ 邁阿密馬林魚,51444794.1,357,勝分差,252842666.1,邁阿密馬林魚 2 分,H,,7.00,1,6,H,,
2026-07-12,2026-07-12T13:52:17,台灣運彩,823842,3477736.1,138,2026-07-13T01:40:00+08:00,克里夫蘭守護者,邁阿密馬林魚,克里夫蘭守護者 @ 邁阿密馬林魚,51444794.1,357,勝分差,252842667.1,邁阿密馬林魚 > 2分,H,,2.80,5,9,H,,
2026-07-12,2026-07-12T13:52:17,台灣運彩,823842,3477736.1,138,2026-07-13T01:40:00+08:00,克里夫蘭守護者,邁阿密馬林魚,克里夫蘭守護者 @ 邁阿密馬林魚,51444796.1,358,讓分 -1.5,252842673.1,邁阿密馬林魚 -1.5,H,-1.5,2.30,10,13,H,-1.5,1
2026-07-12,2026-07-12T13:52:17,台灣運彩,823842,3477736.1,138,2026-07-13T01:40:00+08:00,克里夫蘭守護者,邁阿密馬林魚,克里夫蘭守護者 @ 邁阿密馬林魚,51444796.1,358,讓分 -1.5,252842674.1,克里夫蘭守護者 +1.5,A,-1.5,1.40,5,2,A,-1.5,2
2026-07-12,2026-07-12T13:52:17,台灣運彩,823842,3477736.1,138,2026-07-13T01:40:00+08:00,克里夫蘭守護者,邁阿密馬林魚,克里夫蘭守護者 @ 邁阿密馬林魚,51444797.1,358,讓分 -2.5,252842675.1,邁阿密馬林魚 -2.5,H,-2.5,2.85,20,37,H,-2.5,1
2026-07-12,2026-07-12T13:52:17,台灣運彩,823842,3477736.1,138,2026-07-13T01:40:00+08:00,克里夫蘭守護者,邁阿密馬林魚,克里夫蘭守護者 @ 邁阿密馬林魚,51444797.1,358,讓分 -2.5,252842676.1,克里夫蘭守護者 +2.5,A,-2.5,1.25,4,1,A,-2.5,2
2026-07-12,2026-07-12T13:52:17,台灣運彩,823842,3477736.1,138,2026-07-13T01:40:00+08:00,克里夫蘭守護者,邁阿密馬林魚,克里夫蘭守護者 @ 邁阿密馬林魚,51444790.1,360,[總分]大小 8.5,252842658.1,大 8.5,A,8.5,1.82,50,41,A,8.5,
2026-07-12,2026-07-12T13:52:17,台灣運彩,823842,3477736.1,138,2026-07-13T01:40:00+08:00,克里夫蘭守護者,邁阿密馬林魚,克里夫蘭守護者 @ 邁阿密馬林魚,51444790.1,360,[總分]大小 8.5,252842657.1,小 8.5,H,8.5,1.68,25,17,H,8.5,
2026-07-12,2026-07-12T13:52:17,台灣運彩,823842,3477736.1,138,2026-07-13T01:40:00+08:00,克里夫蘭守護者,邁阿密馬林魚,克里夫蘭守護者 @ 邁阿密馬林魚,51444792.1,360,[總分]大小 7.5,252842662.1,大 7.5,A,7.5,1.58,50,29,A,7.5,
2026-07-12,2026-07-12T13:52:17,台灣運彩,823842,3477736.1,138,2026-07-13T01:40:00+08:00,克里夫蘭守護者,邁阿密馬林魚,克里夫蘭守護者 @ 邁阿密馬林魚,51444792.1,360,[總分]大小 7.5,252842661.1,小 7.5,H,7.5,1.92,25,23,H,7.5,
2026-07-12,2026-07-12T13:52:17,台灣運彩,823842,3477736.1,138,2026-07-13T01:40:00+08:00,克里夫蘭守護者,邁阿密馬林魚,克里夫蘭守護者 @ 邁阿密馬林魚,51444800.1,360,[總分]大小 9.5,252842682.1,大 9.5,A,9.5,2.20,5,6,A,9.5,
2026-07-12,2026-07-12T13:52:17,台灣運彩,823842,3477736.1,138,2026-07-13T01:40:00+08:00,克里夫蘭守護者,邁阿密馬林魚,克里夫蘭守護者 @ 邁阿密馬林魚,51444800.1,360,[總分]大小 9.5,252842681.1,小 9.5,H,9.5,1.42,50,21,H,9.5,
2026-07-12,2026-07-12T13:52:17,台灣運彩,823842,3477736.1,138,2026-07-13T01:40:00+08:00,克里夫蘭守護者,邁阿密馬林魚,克里夫蘭守護者 @ 邁阿密馬林魚,51444798.1,362,邁阿密馬林魚 大小 3.5,252842678.1,大 3.5,A,3.5,1.58,50,29,A,3.5,
2026-07-12,2026-07-12T13:52:17,台灣運彩,823842,3477736.1,138,2026-07-13T01:40:00+08:00,克里夫蘭守護者,邁阿密馬林魚,克里夫蘭守護者 @ 邁阿密馬林魚,51444798.1,362,邁阿密馬林魚 大小 3.5,252842677.1,小 3.5,H,3.5,1.86,50,43,H,3.5,
2026-07-12,2026-07-12T13:52:17,台灣運彩,823842,3477736.1,138,2026-07-13T01:40:00+08:00,克里夫蘭守護者,邁阿密馬林魚,克里夫蘭守護者 @ 邁阿密馬林魚,51444793.1,363,克里夫蘭守護者 大小 3.5,252842664.1,大 3.5,A,3.5,1.60,5,3,A,3.5,
2026-07-12,2026-07-12T13:52:17,台灣運彩,823842,3477736.1,138,2026-07-13T01:40:00+08:00,克里夫蘭守護者,邁阿密馬林魚,克里夫蘭守護者 @ 邁阿密馬林魚,51444793.1,363,克里夫蘭守護者 大小 3.5,252842663.1,小 3.5,H,3.5,1.85,20,17,H,3.5,
2026-07-12,2026-07-12T13:52:17,台灣運彩,823842,3477736.1,138,2026-07-13T01:40:00+08:00,克里夫蘭守護者,邁阿密馬林魚,克里夫蘭守護者 @ 邁阿密馬林魚,51444795.1,366,[總分]單雙,252842672.1,單,,,1.48,25,12,,,
2026-07-12,2026-07-12T13:52:17,台灣運彩,823842,3477736.1,138,2026-07-13T01:40:00+08:00,克里夫蘭守護者,邁阿密馬林魚,克里夫蘭守護者 @ 邁阿密馬林魚,51444795.1,366,[總分]單雙,252842671.1,雙,,,2.00,1,1,,,
2026-07-12,2026-07-12T13:52:17,台灣運彩,823842,3477736.1,138,2026-07-13T01:40:00+08:00,克里夫蘭守護者,邁阿密馬林魚,克里夫蘭守護者 @ 邁阿密馬林魚,51444841.1,374,得分最高單局(不含延長賽),252842794.1,一樣多,,,2.20,5,6,,,
2026-07-12,2026-07-12T13:52:17,台灣運彩,823842,3477736.1,138,2026-07-13T01:40:00+08:00,克里夫蘭守護者,邁阿密馬林魚,克里夫蘭守護者 @ 邁阿密馬林魚,51444841.1,374,得分最高單局(不含延長賽),252842785.1,第1局,,,5.20,5,21,,,
2026-07-12,2026-07-12T13:52:17,台灣運彩,823842,3477736.1,138,2026-07-13T01:40:00+08:00,克里夫蘭守護者,邁阿密馬林魚,克里夫蘭守護者 @ 邁阿密馬林魚,51444841.1,374,得分最高單局(不含延長賽),252842786.1,第2局,,,6.25,4,21,,,
2026-07-12,2026-07-12T13:52:17,台灣運彩,823842,3477736.1,138,2026-07-13T01:40:00+08:00,克里夫蘭守護者,邁阿密馬林魚,克里夫蘭守護者 @ 邁阿密馬林魚,51444841.1,374,得分最高單局(不含延長賽),252842787.1,第3局,,,5.55,20,91,,,
2026-07-12,2026-07-12T13:52:17,台灣運彩,823842,3477736.1,138,2026-07-13T01:40:00+08:00,克里夫蘭守護者,邁阿密馬林魚,克里夫蘭守護者 @ 邁阿密馬林魚,51444841.1,374,得分最高單局(不含延長賽),252842788.1,第4局,,,5.95,20,99,,,
2026-07-12,2026-07-12T13:52:17,台灣運彩,823842,3477736.1,138,2026-07-13T01:40:00+08:00,克里夫蘭守護者,邁阿密馬林魚,克里夫蘭守護者 @ 邁阿密馬林魚,51444841.1,374,得分最高單局(不含延長賽),252842789.1,第5局,,,5.80,5,24,,,
2026-07-12,2026-07-12T13:52:17,台灣運彩,823842,3477736.1,138,2026-07-13T01:40:00+08:00,克里夫蘭守護者,邁阿密馬林魚,克里夫蘭守護者 @ 邁阿密馬林魚,51444841.1,374,得分最高單局(不含延長賽),252842790.1,第6局,,,6.25,4,21,,,
2026-07-12,2026-07-12T13:52:17,台灣運彩,823842,3477736.1,138,2026-07-13T01:40:00+08:00,克里夫蘭守護者,邁阿密馬林魚,克里夫蘭守護者 @ 邁阿密馬林魚,51444841.1,374,得分最高單局(不含延長賽),252842791.1,第7局,,,6.75,4,23,,,
2026-07-12,2026-07-12T13:52:17,台灣運彩,823842,3477736.1,138,2026-07-13T01:40:00+08:00,克里夫蘭守護者,邁阿密馬林魚,克里夫蘭守護者 @ 邁阿密馬林魚,51444841.1,374,得分最高單局(不含延長賽),252842792.1,第8局,,,6.25,4,21,,,
2026-07-12,2026-07-12T13:52:17,台灣運彩,823842,3477736.1,138,2026-07-13T01:40:00+08:00,克里夫蘭守護者,邁阿密馬林魚,克里夫蘭守護者 @ 邁阿密馬林魚,51444841.1,374,得分最高單局(不含延長賽),252842793.1,第9局,,,8.00,1,7,,,
2026-07-12,2026-07-12T13:52:17,台灣運彩,823842,3477736.1,138,2026-07-13T01:40:00+08:00,克里夫蘭守護者,邁阿密馬林魚,克里夫蘭守護者 @ 邁阿密馬林魚,51444839.1,376,[1-5局] 不讓分,252842780.1,邁阿密馬林魚,H,,1.80,5,4,H,,1
2026-07-12,2026-07-12T13:52:17,台灣運彩,823842,3477736.1,138,2026-07-13T01:40:00+08:00,克里夫蘭守護者,邁阿密馬林魚,克里夫蘭守護者 @ 邁阿密馬林魚,51444839.1,376,[1-5局] 不讓分,252842782.1,克里夫蘭守護者,A,,1.90,10,9,A,,2
2026-07-12,2026-07-12T13:52:17,台灣運彩,823842,3477736.1,138,2026-07-13T01:40:00+08:00,克里夫蘭守護者,邁阿密馬林魚,克里夫蘭守護者 @ 邁阿密馬林魚,51444839.1,376,[1-5局] 不讓分,252842781.1,和局,D,,4.75,4,15,D,,
2026-07-12,2026-07-12T13:52:17,台灣運彩,823842,3477736.1,138,2026-07-13T01:40:00+08:00,克里夫蘭守護者,邁阿密馬林魚,克里夫蘭守護者 @ 邁阿密馬林魚,51444837.1,378,[1-5局] 大小 4.5,252842777.1,大 4.5,A,4.5,1.66,50,33,A,4.5,
2026-07-12,2026-07-12T13:52:17,台灣運彩,823842,3477736.1,138,2026-07-13T01:40:00+08:00,克里夫蘭守護者,邁阿密馬林魚,克里夫蘭守護者 @ 邁阿密馬林魚,51444837.1,378,[1-5局] 大小 4.5,252842776.1,小 4.5,H,4.5,1.66,50,33,H,4.5,
2026-07-12,2026-07-12T13:52:17,台灣運彩,823842,3477736.1,138,2026-07-13T01:40:00+08:00,克里夫蘭守護者,邁阿密馬林魚,克里夫蘭守護者 @ 邁阿密馬林魚,51444842.1,379,[1-5局] 邁阿密馬林魚 大小 2.5,252842796.1,大 2.5,A,2.5,1.96,25,24,A,2.5,
2026-07-12,2026-07-12T13:52:17,台灣運彩,823842,3477736.1,138,2026-07-13T01:40:00+08:00,克里夫蘭守護者,邁阿密馬林魚,克里夫蘭守護者 @ 邁阿密馬林魚,51444842.1,379,[1-5局] 邁阿密馬林魚 大小 2.5,252842795.1,小 2.5,H,2.5,1.50,2,1,H,2.5,
2026-07-12,2026-07-12T13:52:17,台灣運彩,823842,3477736.1,138,2026-07-13T01:40:00+08:00,克里夫蘭守護者,邁阿密馬林魚,克里夫蘭守護者 @ 邁阿密馬林魚,51444840.1,380,[1-5局] 克里夫蘭守護者 大小 1.5,252842784.1,大 1.5,A,1.5,1.52,25,13,A,1.5,
2026-07-12,2026-07-12T13:52:17,台灣運彩,823842,3477736.1,138,2026-07-13T01:40:00+08:00,克里夫蘭守護者,邁阿密馬林魚,克里夫蘭守護者 @ 邁阿密馬林魚,51444840.1,380,[1-5局] 克里夫蘭守護者 大小 1.5,252842783.1,小 1.5,H,1.5,1.94,50,47,H,1.5,
2026-07-12,2026-07-12T13:52:17,台灣運彩,823842,3477736.1,138,2026-07-13T01:40:00+08:00,克里夫蘭守護者,邁阿密馬林魚,克里夫蘭守護者 @ 邁阿密馬林魚,51444843.1,389,[第1局] 不讓分,252842797.1,邁阿密馬林魚,H,,2.95,20,39,H,,1
2026-07-12,2026-07-12T13:52:17,台灣運彩,823842,3477736.1,138,2026-07-13T01:40:00+08:00,克里夫蘭守護者,邁阿密馬林魚,克里夫蘭守護者 @ 邁阿密馬林魚,51444843.1,389,[第1局] 不讓分,252842799.1,克里夫蘭守護者,A,,3.20,5,11,A,,2
2026-07-12,2026-07-12T13:52:17,台灣運彩,823842,3477736.1,138,2026-07-13T01:40:00+08:00,克里夫蘭守護者,邁阿密馬林魚,克里夫蘭守護者 @ 邁阿密馬林魚,51444843.1,389,[第1局] 不讓分,252842798.1,和局,D,,1.55,20,11,D,,
2026-07-12,2026-07-12T13:52:17,台灣運彩,823842,3477736.1,138,2026-07-13T01:40:00+08:00,克里夫蘭守護者,邁阿密馬林魚,克里夫蘭守護者 @ 邁阿密馬林魚,51444838.1,398,[第1局] 大小 0.5,252842779.1,大 0.5,A,0.5,1.68,25,17,A,0.5,
2026-07-12,2026-07-12T13:52:17,台灣運彩,823842,3477736.1,138,2026-07-13T01:40:00+08:00,克里夫蘭守護者,邁阿密馬林魚,克里夫蘭守護者 @ 邁阿密馬林魚,51444838.1,398,[第1局] 大小 0.5,252842778.1,小 0.5,H,0.5,1.65,20,13,H,0.5,
2026-07-12,2026-07-12T13:52:17,台灣運彩,823602,3477741.1,139,2026-07-13T01:40:00+08:00,波士頓紅襪,紐約大都會,波士頓紅襪 @ 紐約大都會,51444871.1,354,不讓分,252842879.1,紐約大都會,H,,1.88,25,22,H,,1
2026-07-12,2026-07-12T13:52:17,台灣運彩,823602,3477741.1,139,2026-07-13T01:40:00+08:00,波士頓紅襪,紐約大都會,波士頓紅襪 @ 紐約大都會,51444871.1,354,不讓分,252842880.1,波士頓紅襪,A,,1.62,50,31,A,,2
2026-07-12,2026-07-12T13:52:17,台灣運彩,823602,3477741.1,139,2026-07-13T01:40:00+08:00,波士頓紅襪,紐約大都會,波士頓紅襪 @ 紐約大都會,51444890.1,357,勝分差,252842924.1,波士頓紅襪 1 分,A,,5.30,10,43,A,,
2026-07-12,2026-07-12T13:52:17,台灣運彩,823602,3477741.1,139,2026-07-13T01:40:00+08:00,波士頓紅襪,紐約大都會,波士頓紅襪 @ 紐約大都會,51444890.1,357,勝分差,252842925.1,波士頓紅襪 2 分,A,,6.75,4,23,A,,
2026-07-12,2026-07-12T13:52:17,台灣運彩,823602,3477741.1,139,2026-07-13T01:40:00+08:00,波士頓紅襪,紐約大都會,波士頓紅襪 @ 紐約大都會,51444890.1,357,勝分差,252842926.1,波士頓紅襪 > 2分,A,,2.35,20,27,A,,
2026-07-12,2026-07-12T13:52:17,台灣運彩,823602,3477741.1,139,2026-07-13T01:40:00+08:00,波士頓紅襪,紐約大都會,波士頓紅襪 @ 紐約大都會,51444890.1,357,勝分差,252842921.1,紐約大都會 1 分,H,,4.10,10,31,H,,
2026-07-12,2026-07-12T13:52:17,台灣運彩,823602,3477741.1,139,2026-07-13T01:40:00+08:00,波士頓紅襪,紐約大都會,波士頓紅襪 @ 紐約大都會,51444890.1,357,勝分差,252842922.1,紐約大都會 2 分,H,,7.50,2,13,H,,
2026-07-12,2026-07-12T13:52:17,台灣運彩,823602,3477741.1,139,2026-07-13T01:40:00+08:00,波士頓紅襪,紐約大都會,波士頓紅襪 @ 紐約大都會,51444890.1,357,勝分差,252842923.1,紐約大都會 > 2分,H,,3.20,5,11,H,,
2026-07-12,2026-07-12T13:52:17,台灣運彩,823602,3477741.1,139,2026-07-13T01:40:00+08:00,波士頓紅襪,紐約大都會,波士頓紅襪 @ 紐約大都會,51444883.1,358,讓分 2.5,252842907.1,紐約大都會 +2.5,H,2.5,1.35,20,7,H,2.5,1
2026-07-12,2026-07-12T13:52:17,台灣運彩,823602,3477741.1,139,2026-07-13T01:40:00+08:00,波士頓紅襪,紐約大都會,波士頓紅襪 @ 紐約大都會,51444883.1,358,讓分 2.5,252842908.1,波士頓紅襪 -2.5,A,2.5,2.45,20,29,A,2.5,2
2026-07-12,2026-07-12T13:52:17,台灣運彩,823602,3477741.1,139,2026-07-13T01:40:00+08:00,波士頓紅襪,紐約大都會,波士頓紅襪 @ 紐約大都會,51444887.1,358,讓分 1.5,252842915.1,紐約大都會 +1.5,H,1.5,1.52,25,13,H,1.5,1
2026-07-12,2026-07-12T13:52:17,台灣運彩,823602,3477741.1,139,2026-07-13T01:40:00+08:00,波士頓紅襪,紐約大都會,波士頓紅襪 @ 紐約大都會,51444887.1,358,讓分 1.5,252842916.1,波士頓紅襪 -1.5,A,1.5,1.98,50,49,A,1.5,2
2026-07-12,2026-07-12T13:52:17,台灣運彩,823602,3477741.1,139,2026-07-13T01:40:00+08:00,波士頓紅襪,紐約大都會,波士頓紅襪 @ 紐約大都會,51444888.1,358,讓分 3.5,252842917.1,紐約大都會 +3.5,H,3.5,1.22,50,11,H,3.5,1
2026-07-12,2026-07-12T13:52:17,台灣運彩,823602,3477741.1,139,2026-07-13T01:40:00+08:00,波士頓紅襪,紐約大都會,波士頓紅襪 @ 紐約大都會,51444888.1,358,讓分 3.5,252842918.1,波士頓紅襪 -3.5,A,3.5,3.00,1,2,A,3.5,2
2026-07-12,2026-07-12T13:52:17,台灣運彩,823602,3477741.1,139,2026-07-13T01:40:00+08:00,波士頓紅襪,紐約大都會,波士頓紅襪 @ 紐約大都會,51444881.1,360,[總分]大小 7.5,252842904.1,大 7.5,A,7.5,1.58,50,29,A,7.5,
2026-07-12,2026-07-12T13:52:17,台灣運彩,823602,3477741.1,139,2026-07-13T01:40:00+08:00,波士頓紅襪,紐約大都會,波士頓紅襪 @ 紐約大都會,51444881.1,360,[總分]大小 7.5,252842903.1,小 7.5,H,7.5,1.92,25,23,H,7.5,
2026-07-12,2026-07-12T13:52:17,台灣運彩,823602,3477741.1,139,2026-07-13T01:40:00+08:00,波士頓紅襪,紐約大都會,波士頓紅襪 @ 紐約大都會,51444884.1,360,[總分]大小 9.5,252842910.1,大 9.5,A,9.5,2.20,5,6,A,9.5,
2026-07-12,2026-07-12T13:52:17,台灣運彩,823602,3477741.1,139,2026-07-13T01:40:00+08:00,波士頓紅襪,紐約大都會,波士頓紅襪 @ 紐約大都會,51444884.1,360,[總分]大小 9.5,252842909.1,小 9.5,H,9.5,1.42,50,21,H,9.5,
2026-07-12,2026-07-12T13:52:17,台灣運彩,823602,3477741.1,139,2026-07-13T01:40:00+08:00,波士頓紅襪,紐約大都會,波士頓紅襪 @ 紐約大都會,51444886.1,360,[總分]大小 8.5,252842914.1,大 8.5,A,8.5,1.82,50,41,A,8.5,
2026-07-12,2026-07-12T13:52:17,台灣運彩,823602,3477741.1,139,2026-07-13T01:40:00+08:00,波士頓紅襪,紐約大都會,波士頓紅襪 @ 紐約大都會,51444886.1,360,[總分]大小 8.5,252842913.1,小 8.5,H,8.5,1.68,25,17,H,8.5,
2026-07-12,2026-07-12T13:52:17,台灣運彩,823602,3477741.1,139,2026-07-13T01:40:00+08:00,波士頓紅襪,紐約大都會,波士頓紅襪 @ 紐約大都會,51444885.1,362,紐約大都會 大小 3.5,252842912.1,大 3.5,A,3.5,1.66,50,33,A,3.5,
2026-07-12,2026-07-12T13:52:17,台灣運彩,823602,3477741.1,139,2026-07-13T01:40:00+08:00,波士頓紅襪,紐約大都會,波士頓紅襪 @ 紐約大都會,51444885.1,362,紐約大都會 大小 3.5,252842911.1,小 3.5,H,3.5,1.76,25,19,H,3.5,
2026-07-12,2026-07-12T13:52:17,台灣運彩,823602,3477741.1,139,2026-07-13T01:40:00+08:00,波士頓紅襪,紐約大都會,波士頓紅襪 @ 紐約大都會,51444889.1,363,波士頓紅襪 大小 4.5,252842920.1,大 4.5,A,4.5,1.86,50,43,A,4.5,
2026-07-12,2026-07-12T13:52:17,台灣運彩,823602,3477741.1,139,2026-07-13T01:40:00+08:00,波士頓紅襪,紐約大都會,波士頓紅襪 @ 紐約大都會,51444889.1,363,波士頓紅襪 大小 4.5,252842919.1,小 4.5,H,4.5,1.58,50,29,H,4.5,
2026-07-12,2026-07-12T13:52:17,台灣運彩,823602,3477741.1,139,2026-07-13T01:40:00+08:00,波士頓紅襪,紐約大都會,波士頓紅襪 @ 紐約大都會,51444882.1,366,[總分]單雙,252842906.1,單,,,1.48,25,12,,,
2026-07-12,2026-07-12T13:52:17,台灣運彩,823602,3477741.1,139,2026-07-13T01:40:00+08:00,波士頓紅襪,紐約大都會,波士頓紅襪 @ 紐約大都會,51444882.1,366,[總分]單雙,252842905.1,雙,,,2.00,1,1,,,
2026-07-12,2026-07-12T13:52:17,台灣運彩,823602,3477741.1,139,2026-07-13T01:40:00+08:00,波士頓紅襪,紐約大都會,波士頓紅襪 @ 紐約大都會,51445051.1,374,得分最高單局(不含延長賽),252843409.1,一樣多,,,2.25,4,5,,,
2026-07-12,2026-07-12T13:52:17,台灣運彩,823602,3477741.1,139,2026-07-13T01:40:00+08:00,波士頓紅襪,紐約大都會,波士頓紅襪 @ 紐約大都會,51445051.1,374,得分最高單局(不含延長賽),252843400.1,第1局,,,5.45,20,89,,,
2026-07-12,2026-07-12T13:52:17,台灣運彩,823602,3477741.1,139,2026-07-13T01:40:00+08:00,波士頓紅襪,紐約大都會,波士頓紅襪 @ 紐約大都會,51445051.1,374,得分最高單局(不含延長賽),252843401.1,第2局,,,6.25,4,21,,,
2026-07-12,2026-07-12T13:52:17,台灣運彩,823602,3477741.1,139,2026-07-13T01:40:00+08:00,波士頓紅襪,紐約大都會,波士頓紅襪 @ 紐約大都會,51445051.1,374,得分最高單局(不含延長賽),252843402.1,第3局,,,5.65,20,93,,,
2026-07-12,2026-07-12T13:52:17,台灣運彩,823602,3477741.1,139,2026-07-13T01:40:00+08:00,波士頓紅襪,紐約大都會,波士頓紅襪 @ 紐約大都會,51445051.1,374,得分最高單局(不含延長賽),252843403.1,第4局,,,6.25,4,21,,,
2026-07-12,2026-07-12T13:52:17,台灣運彩,823602,3477741.1,139,2026-07-13T01:40:00+08:00,波士頓紅襪,紐約大都會,波士頓紅襪 @ 紐約大都會,51445051.1,374,得分最高單局(不含延長賽),252843404.1,第5局,,,5.95,20,99,,,
2026-07-12,2026-07-12T13:52:17,台灣運彩,823602,3477741.1,139,2026-07-13T01:40:00+08:00,波士頓紅襪,紐約大都會,波士頓紅襪 @ 紐約大都會,51445051.1,374,得分最高單局(不含延長賽),252843405.1,第6局,,,6.00,1,5,,,
2026-07-12,2026-07-12T13:52:17,台灣運彩,823602,3477741.1,139,2026-07-13T01:40:00+08:00,波士頓紅襪,紐約大都會,波士頓紅襪 @ 紐約大都會,51445051.1,374,得分最高單局(不含延長賽),252843406.1,第7局,,,6.25,4,21,,,
2026-07-12,2026-07-12T13:52:17,台灣運彩,823602,3477741.1,139,2026-07-13T01:40:00+08:00,波士頓紅襪,紐約大都會,波士頓紅襪 @ 紐約大都會,51445051.1,374,得分最高單局(不含延長賽),252843407.1,第8局,,,6.00,1,5,,,
2026-07-12,2026-07-12T13:52:17,台灣運彩,823602,3477741.1,139,2026-07-13T01:40:00+08:00,波士頓紅襪,紐約大都會,波士頓紅襪 @ 紐約大都會,51445051.1,374,得分最高單局(不含延長賽),252843408.1,第9局,,,8.00,1,7,,,
2026-07-12,2026-07-12T13:52:17,台灣運彩,823602,3477741.1,139,2026-07-13T01:40:00+08:00,波士頓紅襪,紐約大都會,波士頓紅襪 @ 紐約大都會,51445049.1,376,[1-5局] 不讓分,252843395.1,紐約大都會,H,,1.95,20,19,H,,1
2026-07-12,2026-07-12T13:52:17,台灣運彩,823602,3477741.1,139,2026-07-13T01:40:00+08:00,波士頓紅襪,紐約大都會,波士頓紅襪 @ 紐約大都會,51445049.1,376,[1-5局] 不讓分,252843397.1,波士頓紅襪,A,,1.75,4,3,A,,2
2026-07-12,2026-07-12T13:52:17,台灣運彩,823602,3477741.1,139,2026-07-13T01:40:00+08:00,波士頓紅襪,紐約大都會,波士頓紅襪 @ 紐約大都會,51445049.1,376,[1-5局] 不讓分,252843396.1,和局,D,,4.55,20,71,D,,
2026-07-12,2026-07-12T13:52:17,台灣運彩,823602,3477741.1,139,2026-07-13T01:40:00+08:00,波士頓紅襪,紐約大都會,波士頓紅襪 @ 紐約大都會,51445045.1,378,[1-5局] 大小 4.5,252843387.1,大 4.5,A,4.5,1.73,100,73,A,4.5,
2026-07-12,2026-07-12T13:52:17,台灣運彩,823602,3477741.1,139,2026-07-13T01:40:00+08:00,波士頓紅襪,紐約大都會,波士頓紅襪 @ 紐約大都會,51445045.1,378,[1-5局] 大小 4.5,252843386.1,小 4.5,H,4.5,1.60,5,3,H,4.5,
2026-07-12,2026-07-12T13:52:17,台灣運彩,823602,3477741.1,139,2026-07-13T01:40:00+08:00,波士頓紅襪,紐約大都會,波士頓紅襪 @ 紐約大都會,51445047.1,379,[1-5局] 紐約大都會 大小 1.5,252843392.1,大 1.5,A,1.5,1.58,50,29,A,1.5,
2026-07-12,2026-07-12T13:52:17,台灣運彩,823602,3477741.1,139,2026-07-13T01:40:00+08:00,波士頓紅襪,紐約大都會,波士頓紅襪 @ 紐約大都會,51445047.1,379,[1-5局] 紐約大都會 大小 1.5,252843391.1,小 1.5,H,1.5,1.86,50,43,H,1.5,
2026-07-12,2026-07-12T13:52:17,台灣運彩,823602,3477741.1,139,2026-07-13T01:40:00+08:00,波士頓紅襪,紐約大都會,波士頓紅襪 @ 紐約大都會,51445055.1,380,[1-5局] 波士頓紅襪 大小 2.5,252843419.1,大 2.5,A,2.5,1.96,25,24,A,2.5,
2026-07-12,2026-07-12T13:52:17,台灣運彩,823602,3477741.1,139,2026-07-13T01:40:00+08:00,波士頓紅襪,紐約大都會,波士頓紅襪 @ 紐約大都會,51445055.1,380,[1-5局] 波士頓紅襪 大小 2.5,252843418.1,小 2.5,H,2.5,1.50,2,1,H,2.5,
2026-07-12,2026-07-12T13:52:17,台灣運彩,823602,3477741.1,139,2026-07-13T01:40:00+08:00,波士頓紅襪,紐約大都會,波士頓紅襪 @ 紐約大都會,51445046.1,389,[第1局] 不讓分,252843388.1,紐約大都會,H,,3.25,4,9,H,,1
2026-07-12,2026-07-12T13:52:17,台灣運彩,823602,3477741.1,139,2026-07-13T01:40:00+08:00,波士頓紅襪,紐約大都會,波士頓紅襪 @ 紐約大都會,51445046.1,389,[第1局] 不讓分,252843390.1,波士頓紅襪,A,,3.05,20,41,A,,2
2026-07-12,2026-07-12T13:52:17,台灣運彩,823602,3477741.1,139,2026-07-13T01:40:00+08:00,波士頓紅襪,紐約大都會,波士頓紅襪 @ 紐約大都會,51445046.1,389,[第1局] 不讓分,252843389.1,和局,D,,1.50,2,1,D,,
2026-07-12,2026-07-12T13:52:17,台灣運彩,823602,3477741.1,139,2026-07-13T01:40:00+08:00,波士頓紅襪,紐約大都會,波士頓紅襪 @ 紐約大都會,51445050.1,398,[第1局] 大小 0.5,252843399.1,大 0.5,A,0.5,1.73,100,73,A,0.5,
2026-07-12,2026-07-12T13:52:17,台灣運彩,823602,3477741.1,139,2026-07-13T01:40:00+08:00,波士頓紅襪,紐約大都會,波士頓紅襪 @ 紐約大都會,51445050.1,398,[第1局] 大小 0.5,252843398.1,小 0.5,H,0.5,1.60,5,3,H,0.5,
2026-07-12,2026-07-12T13:52:17,台灣運彩,823681,3477707.1,117,2026-07-13T02:10:00+08:00,洛杉磯天使,明尼蘇達雙城,洛杉磯天使 @ 明尼蘇達雙城,51444310.1,354,不讓分,252841167.1,明尼蘇達雙城,H,,1.60,5,3,H,,1
2026-07-12,2026-07-12T13:52:17,台灣運彩,823681,3477707.1,117,2026-07-13T02:10:00+08:00,洛杉磯天使,明尼蘇達雙城,洛杉磯天使 @ 明尼蘇達雙城,51444310.1,354,不讓分,252841168.1,洛杉磯天使,A,,1.90,10,9,A,,2
2026-07-12,2026-07-12T13:52:17,台灣運彩,823681,3477707.1,117,2026-07-13T02:10:00+08:00,洛杉磯天使,明尼蘇達雙城,洛杉磯天使 @ 明尼蘇達雙城,51445030.1,357,勝分差,252843342.1,明尼蘇達雙城 1 分,H,,4.00,1,3,H,,
2026-07-12,2026-07-12T13:52:17,台灣運彩,823681,3477707.1,117,2026-07-13T02:10:00+08:00,洛杉磯天使,明尼蘇達雙城,洛杉磯天使 @ 明尼蘇達雙城,51445030.1,357,勝分差,252843343.1,明尼蘇達雙城 2 分,H,,7.00,1,6,H,,
2026-07-12,2026-07-12T13:52:17,台灣運彩,823681,3477707.1,117,2026-07-13T02:10:00+08:00,洛杉磯天使,明尼蘇達雙城,洛杉磯天使 @ 明尼蘇達雙城,51445030.1,357,勝分差,252843344.1,明尼蘇達雙城 > 2分,H,,2.55,20,31,H,,
2026-07-12,2026-07-12T13:52:17,台灣運彩,823681,3477707.1,117,2026-07-13T02:10:00+08:00,洛杉磯天使,明尼蘇達雙城,洛杉磯天使 @ 明尼蘇達雙城,51445030.1,357,勝分差,252843345.1,洛杉磯天使 1 分,A,,5.70,10,47,A,,
2026-07-12,2026-07-12T13:52:17,台灣運彩,823681,3477707.1,117,2026-07-13T02:10:00+08:00,洛杉磯天使,明尼蘇達雙城,洛杉磯天使 @ 明尼蘇達雙城,51445030.1,357,勝分差,252843346.1,洛杉磯天使 2 分,A,,7.75,4,27,A,,
2026-07-12,2026-07-12T13:52:17,台灣運彩,823681,3477707.1,117,2026-07-13T02:10:00+08:00,洛杉磯天使,明尼蘇達雙城,洛杉磯天使 @ 明尼蘇達雙城,51445030.1,357,勝分差,252843347.1,洛杉磯天使 > 2分,A,,2.80,5,9,A,,
2026-07-12,2026-07-12T13:52:17,台灣運彩,823681,3477707.1,117,2026-07-13T02:10:00+08:00,洛杉磯天使,明尼蘇達雙城,洛杉磯天使 @ 明尼蘇達雙城,51445023.1,358,讓分 -1.5,252843327.1,明尼蘇達雙城 -1.5,H,-1.5,2.07,100,107,H,-1.5,1
2026-07-12,2026-07-12T13:52:17,台灣運彩,823681,3477707.1,117,2026-07-13T02:10:00+08:00,洛杉磯天使,明尼蘇達雙城,洛杉磯天使 @ 明尼蘇達雙城,51445023.1,358,讓分 -1.5,252843328.1,洛杉磯天使 +1.5,A,-1.5,1.46,50,23,A,-1.5,2
2026-07-12,2026-07-12T13:52:17,台灣運彩,823681,3477707.1,117,2026-07-13T02:10:00+08:00,洛杉磯天使,明尼蘇達雙城,洛杉磯天使 @ 明尼蘇達雙城,51445026.1,360,[總分]大小 8.5,252843334.1,大 8.5,A,8.5,1.68,25,17,A,8.5,
2026-07-12,2026-07-12T13:52:17,台灣運彩,823681,3477707.1,117,2026-07-13T02:10:00+08:00,洛杉磯天使,明尼蘇達雙城,洛杉磯天使 @ 明尼蘇達雙城,51445026.1,360,[總分]大小 8.5,252843333.1,小 8.5,H,8.5,1.82,50,41,H,8.5,
2026-07-12,2026-07-12T13:52:17,台灣運彩,823681,3477707.1,117,2026-07-13T02:10:00+08:00,洛杉磯天使,明尼蘇達雙城,洛杉磯天使 @ 明尼蘇達雙城,51445029.1,362,明尼蘇達雙城 大小 4.5,252843341.1,大 4.5,A,4.5,1.80,5,4,A,4.5,
2026-07-12,2026-07-12T13:52:17,台灣運彩,823681,3477707.1,117,2026-07-13T02:10:00+08:00,洛杉磯天使,明尼蘇達雙城,洛杉磯天使 @ 明尼蘇達雙城,51445029.1,362,明尼蘇達雙城 大小 4.5,252843340.1,小 4.5,H,4.5,1.63,100,63,H,4.5,
2026-07-12,2026-07-12T13:52:17,台灣運彩,823681,3477707.1,117,2026-07-13T02:10:00+08:00,洛杉磯天使,明尼蘇達雙城,洛杉磯天使 @ 明尼蘇達雙城,51445021.1,363,洛杉磯天使 大小 3.5,252843323.1,大 3.5,A,3.5,1.53,100,53,A,3.5,
2026-07-12,2026-07-12T13:52:17,台灣運彩,823681,3477707.1,117,2026-07-13T02:10:00+08:00,洛杉磯天使,明尼蘇達雙城,洛杉磯天使 @ 明尼蘇達雙城,51445021.1,363,洛杉磯天使 大小 3.5,252843322.1,小 3.5,H,3.5,1.93,100,93,H,3.5,
2026-07-12,2026-07-12T13:52:17,台灣運彩,823681,3477707.1,117,2026-07-13T02:10:00+08:00,洛杉磯天使,明尼蘇達雙城,洛杉磯天使 @ 明尼蘇達雙城,51445020.1,366,[總分]單雙,252843321.1,單,,,1.45,20,9,,,
2026-07-12,2026-07-12T13:52:17,台灣運彩,823681,3477707.1,117,2026-07-13T02:10:00+08:00,洛杉磯天使,明尼蘇達雙城,洛杉磯天使 @ 明尼蘇達雙城,51445020.1,366,[總分]單雙,252843320.1,雙,,,1.95,20,19,,,
2026-07-12,2026-07-12T13:52:17,台灣運彩,823681,3477707.1,117,2026-07-13T02:10:00+08:00,洛杉磯天使,明尼蘇達雙城,洛杉磯天使 @ 明尼蘇達雙城,51445032.1,374,得分最高單局(不含延長賽),252843359.1,一樣多,,,2.35,20,27,,,
2026-07-12,2026-07-12T13:52:17,台灣運彩,823681,3477707.1,117,2026-07-13T02:10:00+08:00,洛杉磯天使,明尼蘇達雙城,洛杉磯天使 @ 明尼蘇達雙城,51445032.1,374,得分最高單局(不含延長賽),252843350.1,第1局,,,5.90,10,49,,,
2026-07-12,2026-07-12T13:52:17,台灣運彩,823681,3477707.1,117,2026-07-13T02:10:00+08:00,洛杉磯天使,明尼蘇達雙城,洛杉磯天使 @ 明尼蘇達雙城,51445032.1,374,得分最高單局(不含延長賽),252843351.1,第2局,,,7.25,4,25,,,
2026-07-12,2026-07-12T13:52:17,台灣運彩,823681,3477707.1,117,2026-07-13T02:10:00+08:00,洛杉磯天使,明尼蘇達雙城,洛杉磯天使 @ 明尼蘇達雙城,51445032.1,374,得分最高單局(不含延長賽),252843352.1,第3局,,,6.25,4,21,,,
2026-07-12,2026-07-12T13:52:17,台灣運彩,823681,3477707.1,117,2026-07-13T02:10:00+08:00,洛杉磯天使,明尼蘇達雙城,洛杉磯天使 @ 明尼蘇達雙城,51445032.1,374,得分最高單局(不含延長賽),252843353.1,第4局,,,7.00,1,6,,,
2026-07-12,2026-07-12T13:52:17,台灣運彩,823681,3477707.1,117,2026-07-13T02:10:00+08:00,洛杉磯天使,明尼蘇達雙城,洛杉磯天使 @ 明尼蘇達雙城,51445032.1,374,得分最高單局(不含延長賽),252843354.1,第5局,,,4.00,1,3,,,
2026-07-12,2026-07-12T13:52:17,台灣運彩,823681,3477707.1,117,2026-07-13T02:10:00+08:00,洛杉磯天使,明尼蘇達雙城,洛杉磯天使 @ 明尼蘇達雙城,51445032.1,374,得分最高單局(不含延長賽),252843355.1,第6局,,,5.95,20,99,,,
2026-07-12,2026-07-12T13:52:17,台灣運彩,823681,3477707.1,117,2026-07-13T02:10:00+08:00,洛杉磯天使,明尼蘇達雙城,洛杉磯天使 @ 明尼蘇達雙城,51445032.1,374,得分最高單局(不含延長賽),252843356.1,第7局,,,6.00,1,5,,,
2026-07-12,2026-07-12T13:52:17,台灣運彩,823681,3477707.1,117,2026-07-13T02:10:00+08:00,洛杉磯天使,明尼蘇達雙城,洛杉磯天使 @ 明尼蘇達雙城,51445032.1,374,得分最高單局(不含延長賽),252843357.1,第8局,,,5.95,20,99,,,
2026-07-12,2026-07-12T13:52:17,台灣運彩,823681,3477707.1,117,2026-07-13T02:10:00+08:00,洛杉磯天使,明尼蘇達雙城,洛杉磯天使 @ 明尼蘇達雙城,51445032.1,374,得分最高單局(不含延長賽),252843358.1,第9局,,,8.00,1,7,,,
2026-07-12,2026-07-12T13:52:17,台灣運彩,823681,3477707.1,117,2026-07-13T02:10:00+08:00,洛杉磯天使,明尼蘇達雙城,洛杉磯天使 @ 明尼蘇達雙城,51445022.1,376,[1-5局] 不讓分,252843324.1,明尼蘇達雙城,H,,1.70,10,7,H,,1
2026-07-12,2026-07-12T13:52:17,台灣運彩,823681,3477707.1,117,2026-07-13T02:10:00+08:00,洛杉磯天使,明尼蘇達雙城,洛杉磯天使 @ 明尼蘇達雙城,51445022.1,376,[1-5局] 不讓分,252843326.1,洛杉磯天使,A,,2.00,1,1,A,,2
2026-07-12,2026-07-12T13:52:17,台灣運彩,823681,3477707.1,117,2026-07-13T02:10:00+08:00,洛杉磯天使,明尼蘇達雙城,洛杉磯天使 @ 明尼蘇達雙城,51445022.1,376,[1-5局] 不讓分,252843325.1,和局,D,,4.70,10,37,D,,
2026-07-12,2026-07-12T13:52:17,台灣運彩,823681,3477707.1,117,2026-07-13T02:10:00+08:00,洛杉磯天使,明尼蘇達雙城,洛杉磯天使 @ 明尼蘇達雙城,51445024.1,378,[1-5局] 大小 4.5,252843330.1,大 4.5,A,4.5,1.66,50,33,A,4.5,
2026-07-12,2026-07-12T13:52:17,台灣運彩,823681,3477707.1,117,2026-07-13T02:10:00+08:00,洛杉磯天使,明尼蘇達雙城,洛杉磯天使 @ 明尼蘇達雙城,51445024.1,378,[1-5局] 大小 4.5,252843329.1,小 4.5,H,4.5,1.66,50,33,H,4.5,
2026-07-12,2026-07-12T13:52:17,台灣運彩,823681,3477707.1,117,2026-07-13T02:10:00+08:00,洛杉磯天使,明尼蘇達雙城,洛杉磯天使 @ 明尼蘇達雙城,51445028.1,379,[1-5局] 明尼蘇達雙城 大小 2.5,252843339.1,大 2.5,A,2.5,1.90,10,9,A,2.5,
2026-07-12,2026-07-12T13:52:17,台灣運彩,823681,3477707.1,117,2026-07-13T02:10:00+08:00,洛杉磯天使,明尼蘇達雙城,洛杉磯天使 @ 明尼蘇達雙城,51445028.1,379,[1-5局] 明尼蘇達雙城 大小 2.5,252843338.1,小 2.5,H,2.5,1.55,20,11,H,2.5,
2026-07-12,2026-07-12T13:52:17,台灣運彩,823681,3477707.1,117,2026-07-13T02:10:00+08:00,洛杉磯天使,明尼蘇達雙城,洛杉磯天使 @ 明尼蘇達雙城,51445025.1,380,[1-5局] 洛杉磯天使 大小 1.5,252843332.1,大 1.5,A,1.5,1.56,25,14,A,1.5,
2026-07-12,2026-07-12T13:52:17,台灣運彩,823681,3477707.1,117,2026-07-13T02:10:00+08:00,洛杉磯天使,明尼蘇達雙城,洛杉磯天使 @ 明尼蘇達雙城,51445025.1,380,[1-5局] 洛杉磯天使 大小 1.5,252843331.1,小 1.5,H,1.5,1.88,25,22,H,1.5,
2026-07-12,2026-07-12T13:52:17,台灣運彩,823681,3477707.1,117,2026-07-13T02:10:00+08:00,洛杉磯天使,明尼蘇達雙城,洛杉磯天使 @ 明尼蘇達雙城,51445027.1,389,[第1局] 不讓分,252843335.1,明尼蘇達雙城,H,,2.85,20,37,H,,1
2026-07-12,2026-07-12T13:52:17,台灣運彩,823681,3477707.1,117,2026-07-13T02:10:00+08:00,洛杉磯天使,明尼蘇達雙城,洛杉磯天使 @ 明尼蘇達雙城,51445027.1,389,[第1局] 不讓分,252843337.1,洛杉磯天使,A,,3.40,5,12,A,,2
2026-07-12,2026-07-12T13:52:17,台灣運彩,823681,3477707.1,117,2026-07-13T02:10:00+08:00,洛杉磯天使,明尼蘇達雙城,洛杉磯天使 @ 明尼蘇達雙城,51445027.1,389,[第1局] 不讓分,252843336.1,和局,D,,1.55,20,11,D,,
2026-07-12,2026-07-12T13:52:17,台灣運彩,823681,3477707.1,117,2026-07-13T02:10:00+08:00,洛杉磯天使,明尼蘇達雙城,洛杉磯天使 @ 明尼蘇達雙城,51445031.1,398,[第1局] 大小 0.5,252843349.1,大 0.5,A,0.5,1.68,25,17,A,0.5,
2026-07-12,2026-07-12T13:52:17,台灣運彩,823681,3477707.1,117,2026-07-13T02:10:00+08:00,洛杉磯天使,明尼蘇達雙城,洛杉磯天使 @ 明尼蘇達雙城,51445031.1,398,[第1局] 大小 0.5,252843348.1,小 0.5,H,0.5,1.65,20,13,H,0.5,
2026-07-12,2026-07-12T13:52:17,台灣運彩,824574,3477708.1,118,2026-07-13T02:10:00+08:00,運動家,芝加哥白襪,運動家 @ 芝加哥白襪,51444311.1,354,不讓分,252841169.1,芝加哥白襪,H,,1.65,20,13,H,,1
2026-07-12,2026-07-12T13:52:17,台灣運彩,824574,3477708.1,118,2026-07-13T02:10:00+08:00,運動家,芝加哥白襪,運動家 @ 芝加哥白襪,51444311.1,354,不讓分,252841170.1,運動家,A,,1.85,20,17,A,,2
2026-07-12,2026-07-12T13:52:17,台灣運彩,824574,3477708.1,118,2026-07-13T02:10:00+08:00,運動家,芝加哥白襪,運動家 @ 芝加哥白襪,51444333.1,357,勝分差,252841217.1,芝加哥白襪 1 分,H,,4.00,1,3,H,,
2026-07-12,2026-07-12T13:52:17,台灣運彩,824574,3477708.1,118,2026-07-13T02:10:00+08:00,運動家,芝加哥白襪,運動家 @ 芝加哥白襪,51444333.1,357,勝分差,252841218.1,芝加哥白襪 2 分,H,,7.25,4,25,H,,
2026-07-12,2026-07-12T13:52:17,台灣運彩,824574,3477708.1,118,2026-07-13T02:10:00+08:00,運動家,芝加哥白襪,運動家 @ 芝加哥白襪,51444333.1,357,勝分差,252841219.1,芝加哥白襪 > 2分,H,,2.65,20,33,H,,
2026-07-12,2026-07-12T13:52:17,台灣運彩,824574,3477708.1,118,2026-07-13T02:10:00+08:00,運動家,芝加哥白襪,運動家 @ 芝加哥白襪,51444333.1,357,勝分差,252841220.1,運動家 1 分,A,,5.75,4,19,A,,
2026-07-12,2026-07-12T13:52:17,台灣運彩,824574,3477708.1,118,2026-07-13T02:10:00+08:00,運動家,芝加哥白襪,運動家 @ 芝加哥白襪,51444333.1,357,勝分差,252841221.1,運動家 2 分,A,,7.25,4,25,A,,
2026-07-12,2026-07-12T13:52:17,台灣運彩,824574,3477708.1,118,2026-07-13T02:10:00+08:00,運動家,芝加哥白襪,運動家 @ 芝加哥白襪,51444333.1,357,勝分差,252841222.1,運動家 > 2分,A,,2.65,20,33,A,,
2026-07-12,2026-07-12T13:52:17,台灣運彩,824574,3477708.1,118,2026-07-13T02:10:00+08:00,運動家,芝加哥白襪,運動家 @ 芝加哥白襪,51444327.1,358,讓分 -2.5,252841205.1,芝加哥白襪 -2.5,H,-2.5,2.70,10,17,H,-2.5,1
2026-07-12,2026-07-12T13:52:17,台灣運彩,824574,3477708.1,118,2026-07-13T02:10:00+08:00,運動家,芝加哥白襪,運動家 @ 芝加哥白襪,51444327.1,358,讓分 -2.5,252841206.1,運動家 +2.5,A,-2.5,1.28,25,7,A,-2.5,2
2026-07-12,2026-07-12T13:52:17,台灣運彩,824574,3477708.1,118,2026-07-13T02:10:00+08:00,運動家,芝加哥白襪,運動家 @ 芝加哥白襪,51444331.1,358,讓分 1.5,252841213.1,芝加哥白襪 +1.5,H,1.5,1.38,50,19,H,1.5,1
2026-07-12,2026-07-12T13:52:17,台灣運彩,824574,3477708.1,118,2026-07-13T02:10:00+08:00,運動家,芝加哥白襪,運動家 @ 芝加哥白襪,51444331.1,358,讓分 1.5,252841214.1,運動家 -1.5,A,1.5,2.33,100,133,A,1.5,2
2026-07-12,2026-07-12T13:52:17,台灣運彩,824574,3477708.1,118,2026-07-13T02:10:00+08:00,運動家,芝加哥白襪,運動家 @ 芝加哥白襪,51444332.1,358,讓分 -1.5,252841215.1,芝加哥白襪 -1.5,H,-1.5,2.20,5,6,H,-1.5,1
2026-07-12,2026-07-12T13:52:17,台灣運彩,824574,3477708.1,118,2026-07-13T02:10:00+08:00,運動家,芝加哥白襪,運動家 @ 芝加哥白襪,51444332.1,358,讓分 -1.5,252841216.1,運動家 +1.5,A,-1.5,1.42,50,21,A,-1.5,2
2026-07-12,2026-07-12T13:52:17,台灣運彩,824574,3477708.1,118,2026-07-13T02:10:00+08:00,運動家,芝加哥白襪,運動家 @ 芝加哥白襪,51444325.1,360,[總分]大小 7.5,252841202.1,大 7.5,A,7.5,1.50,2,1,A,7.5,
2026-07-12,2026-07-12T13:52:17,台灣運彩,824574,3477708.1,118,2026-07-13T02:10:00+08:00,運動家,芝加哥白襪,運動家 @ 芝加哥白襪,51444325.1,360,[總分]大小 7.5,252841201.1,小 7.5,H,7.5,2.00,1,1,H,7.5,
2026-07-12,2026-07-12T13:52:17,台灣運彩,824574,3477708.1,118,2026-07-13T02:10:00+08:00,運動家,芝加哥白襪,運動家 @ 芝加哥白襪,51444329.1,360,[總分]大小 9.5,252841210.1,大 9.5,A,9.5,2.05,20,21,A,9.5,
2026-07-12,2026-07-12T13:52:17,台灣運彩,824574,3477708.1,118,2026-07-13T02:10:00+08:00,運動家,芝加哥白襪,運動家 @ 芝加哥白襪,51444329.1,360,[總分]大小 9.5,252841209.1,小 9.5,H,9.5,1.48,25,12,H,9.5,
2026-07-12,2026-07-12T13:52:17,台灣運彩,824574,3477708.1,118,2026-07-13T02:10:00+08:00,運動家,芝加哥白襪,運動家 @ 芝加哥白襪,51444330.1,360,[總分]大小 8.5,252841212.1,大 8.5,A,8.5,1.71,100,71,A,8.5,
2026-07-12,2026-07-12T13:52:17,台灣運彩,824574,3477708.1,118,2026-07-13T02:10:00+08:00,運動家,芝加哥白襪,運動家 @ 芝加哥白襪,51444330.1,360,[總分]大小 8.5,252841211.1,小 8.5,H,8.5,1.79,100,79,H,8.5,
2026-07-12,2026-07-12T13:52:17,台灣運彩,824574,3477708.1,118,2026-07-13T02:10:00+08:00,運動家,芝加哥白襪,運動家 @ 芝加哥白襪,51444334.1,362,芝加哥白襪 大小 4.5,252841224.1,大 4.5,A,4.5,1.88,25,22,A,4.5,
2026-07-12,2026-07-12T13:52:17,台灣運彩,824574,3477708.1,118,2026-07-13T02:10:00+08:00,運動家,芝加哥白襪,運動家 @ 芝加哥白襪,51444334.1,362,芝加哥白襪 大小 4.5,252841223.1,小 4.5,H,4.5,1.56,25,14,H,4.5,
2026-07-12,2026-07-12T13:52:17,台灣運彩,824574,3477708.1,118,2026-07-13T02:10:00+08:00,運動家,芝加哥白襪,運動家 @ 芝加哥白襪,51445147.1,363,運動家 大小 3.5,252843644.1,大 3.5,A,3.5,1.55,20,11,A,3.5,
2026-07-12,2026-07-12T13:52:17,台灣運彩,824574,3477708.1,118,2026-07-13T02:10:00+08:00,運動家,芝加哥白襪,運動家 @ 芝加哥白襪,51445147.1,363,運動家 大小 3.5,252843643.1,小 3.5,H,3.5,1.90,10,9,H,3.5,
2026-07-12,2026-07-12T13:52:17,台灣運彩,824574,3477708.1,118,2026-07-13T02:10:00+08:00,運動家,芝加哥白襪,運動家 @ 芝加哥白襪,51444328.1,366,[總分]單雙,252841208.1,單,,,1.48,25,12,,,
2026-07-12,2026-07-12T13:52:17,台灣運彩,824574,3477708.1,118,2026-07-13T02:10:00+08:00,運動家,芝加哥白襪,運動家 @ 芝加哥白襪,51444328.1,366,[總分]單雙,252841207.1,雙,,,2.00,1,1,,,
2026-07-12,2026-07-12T13:52:17,台灣運彩,824574,3477708.1,118,2026-07-13T02:10:00+08:00,運動家,芝加哥白襪,運動家 @ 芝加哥白襪,51444987.1,374,得分最高單局(不含延長賽),252843221.1,一樣多,,,2.25,4,5,,,
2026-07-12,2026-07-12T13:52:17,台灣運彩,824574,3477708.1,118,2026-07-13T02:10:00+08:00,運動家,芝加哥白襪,運動家 @ 芝加哥白襪,51444987.1,374,得分最高單局(不含延長賽),252843212.1,第1局,,,5.45,20,89,,,
2026-07-12,2026-07-12T13:52:17,台灣運彩,824574,3477708.1,118,2026-07-13T02:10:00+08:00,運動家,芝加哥白襪,運動家 @ 芝加哥白襪,51444987.1,374,得分最高單局(不含延長賽),252843213.1,第2局,,,6.50,2,11,,,
2026-07-12,2026-07-12T13:52:17,台灣運彩,824574,3477708.1,118,2026-07-13T02:10:00+08:00,運動家,芝加哥白襪,運動家 @ 芝加哥白襪,51444987.1,374,得分最高單局(不含延長賽),252843214.1,第3局,,,5.60,5,23,,,
2026-07-12,2026-07-12T13:52:17,台灣運彩,824574,3477708.1,118,2026-07-13T02:10:00+08:00,運動家,芝加哥白襪,運動家 @ 芝加哥白襪,51444987.1,374,得分最高單局(不含延長賽),252843215.1,第4局,,,6.25,4,21,,,
2026-07-12,2026-07-12T13:52:17,台灣運彩,824574,3477708.1,118,2026-07-13T02:10:00+08:00,運動家,芝加哥白襪,運動家 @ 芝加哥白襪,51444987.1,374,得分最高單局(不含延長賽),252843216.1,第5局,,,5.95,20,99,,,
2026-07-12,2026-07-12T13:52:17,台灣運彩,824574,3477708.1,118,2026-07-13T02:10:00+08:00,運動家,芝加哥白襪,運動家 @ 芝加哥白襪,51444987.1,374,得分最高單局(不含延長賽),252843217.1,第6局,,,5.90,10,49,,,
2026-07-12,2026-07-12T13:52:17,台灣運彩,824574,3477708.1,118,2026-07-13T02:10:00+08:00,運動家,芝加哥白襪,運動家 @ 芝加哥白襪,51444987.1,374,得分最高單局(不含延長賽),252843218.1,第7局,,,6.25,4,21,,,
2026-07-12,2026-07-12T13:52:17,台灣運彩,824574,3477708.1,118,2026-07-13T02:10:00+08:00,運動家,芝加哥白襪,運動家 @ 芝加哥白襪,51444987.1,374,得分最高單局(不含延長賽),252843219.1,第8局,,,5.85,20,97,,,
2026-07-12,2026-07-12T13:52:17,台灣運彩,824574,3477708.1,118,2026-07-13T02:10:00+08:00,運動家,芝加哥白襪,運動家 @ 芝加哥白襪,51444987.1,374,得分最高單局(不含延長賽),252843220.1,第9局,,,8.00,1,7,,,
2026-07-12,2026-07-12T13:52:17,台灣運彩,824574,3477708.1,118,2026-07-13T02:10:00+08:00,運動家,芝加哥白襪,運動家 @ 芝加哥白襪,51444986.1,376,[1-5局] 不讓分,252843209.1,芝加哥白襪,H,,1.75,4,3,H,,1
2026-07-12,2026-07-12T13:52:17,台灣運彩,824574,3477708.1,118,2026-07-13T02:10:00+08:00,運動家,芝加哥白襪,運動家 @ 芝加哥白襪,51444986.1,376,[1-5局] 不讓分,252843211.1,運動家,A,,1.90,10,9,A,,2
2026-07-12,2026-07-12T13:52:17,台灣運彩,824574,3477708.1,118,2026-07-13T02:10:00+08:00,運動家,芝加哥白襪,運動家 @ 芝加哥白襪,51444986.1,376,[1-5局] 不讓分,252843210.1,和局,D,,4.80,5,19,D,,
2026-07-12,2026-07-12T13:52:17,台灣運彩,824574,3477708.1,118,2026-07-13T02:10:00+08:00,運動家,芝加哥白襪,運動家 @ 芝加哥白襪,51444984.1,378,[1-5局] 大小 4.5,252843205.1,大 4.5,A,4.5,1.65,20,13,A,4.5,
2026-07-12,2026-07-12T13:52:17,台灣運彩,824574,3477708.1,118,2026-07-13T02:10:00+08:00,運動家,芝加哥白襪,運動家 @ 芝加哥白襪,51444984.1,378,[1-5局] 大小 4.5,252843204.1,小 4.5,H,4.5,1.68,25,17,H,4.5,
2026-07-12,2026-07-12T13:52:17,台灣運彩,824574,3477708.1,118,2026-07-13T02:10:00+08:00,運動家,芝加哥白襪,運動家 @ 芝加哥白襪,51444983.1,379,[1-5局] 芝加哥白襪 大小 2.5,252843203.1,大 2.5,A,2.5,1.93,100,93,A,2.5,
2026-07-12,2026-07-12T13:52:17,台灣運彩,824574,3477708.1,118,2026-07-13T02:10:00+08:00,運動家,芝加哥白襪,運動家 @ 芝加哥白襪,51444983.1,379,[1-5局] 芝加哥白襪 大小 2.5,252843202.1,小 2.5,H,2.5,1.53,100,53,H,2.5,
2026-07-12,2026-07-12T13:52:17,台灣運彩,824574,3477708.1,118,2026-07-13T02:10:00+08:00,運動家,芝加哥白襪,運動家 @ 芝加哥白襪,51444982.1,380,[1-5局] 運動家 大小 1.5,252843201.1,大 1.5,A,1.5,1.52,25,13,A,1.5,
2026-07-12,2026-07-12T13:52:17,台灣運彩,824574,3477708.1,118,2026-07-13T02:10:00+08:00,運動家,芝加哥白襪,運動家 @ 芝加哥白襪,51444982.1,380,[1-5局] 運動家 大小 1.5,252843200.1,小 1.5,H,1.5,1.94,50,47,H,1.5,
2026-07-12,2026-07-12T13:52:17,台灣運彩,824574,3477708.1,118,2026-07-13T02:10:00+08:00,運動家,芝加哥白襪,運動家 @ 芝加哥白襪,51444985.1,389,[第1局] 不讓分,252843206.1,芝加哥白襪,H,,2.90,10,19,H,,1
2026-07-12,2026-07-12T13:52:17,台灣運彩,824574,3477708.1,118,2026-07-13T02:10:00+08:00,運動家,芝加哥白襪,運動家 @ 芝加哥白襪,51444985.1,389,[第1局] 不讓分,252843208.1,運動家,A,,3.25,4,9,A,,2
2026-07-12,2026-07-12T13:52:17,台灣運彩,824574,3477708.1,118,2026-07-13T02:10:00+08:00,運動家,芝加哥白襪,運動家 @ 芝加哥白襪,51444985.1,389,[第1局] 不讓分,252843207.1,和局,D,,1.55,20,11,D,,
2026-07-12,2026-07-12T13:52:17,台灣運彩,824574,3477708.1,118,2026-07-13T02:10:00+08:00,運動家,芝加哥白襪,運動家 @ 芝加哥白襪,51444981.1,398,[第1局] 大小 0.5,252843199.1,大 0.5,A,0.5,1.68,25,17,A,0.5,
2026-07-12,2026-07-12T13:52:17,台灣運彩,824574,3477708.1,118,2026-07-13T02:10:00+08:00,運動家,芝加哥白襪,運動家 @ 芝加哥白襪,51444981.1,398,[第1局] 大小 0.5,252843198.1,小 0.5,H,0.5,1.65,20,13,H,0.5,
2026-07-12,2026-07-12T13:52:17,台灣運彩,823029,3477709.1,124,2026-07-13T02:15:00+08:00,亞特蘭大勇士,聖路易紅雀,亞特蘭大勇士 @ 聖路易紅雀,51444312.1,354,不讓分,252841171.1,聖路易紅雀,H,,1.56,25,14,H,,1
2026-07-12,2026-07-12T13:52:17,台灣運彩,823029,3477709.1,124,2026-07-13T02:15:00+08:00,亞特蘭大勇士,聖路易紅雀,亞特蘭大勇士 @ 聖路易紅雀,51444312.1,354,不讓分,252841172.1,亞特蘭大勇士,A,,1.94,50,47,A,,2
2026-07-12,2026-07-12T13:52:17,台灣運彩,823029,3477709.1,124,2026-07-13T02:15:00+08:00,亞特蘭大勇士,聖路易紅雀,亞特蘭大勇士 @ 聖路易紅雀,51444323.1,357,勝分差,252841196.1,亞特蘭大勇士 1 分,A,,5.65,20,93,A,,
2026-07-12,2026-07-12T13:52:17,台灣運彩,823029,3477709.1,124,2026-07-13T02:15:00+08:00,亞特蘭大勇士,聖路易紅雀,亞特蘭大勇士 @ 聖路易紅雀,51444323.1,357,勝分差,252841197.1,亞特蘭大勇士 2 分,A,,7.25,4,25,A,,
2026-07-12,2026-07-12T13:52:17,台灣運彩,823029,3477709.1,124,2026-07-13T02:15:00+08:00,亞特蘭大勇士,聖路易紅雀,亞特蘭大勇士 @ 聖路易紅雀,51444323.1,357,勝分差,252841198.1,亞特蘭大勇士 > 2分,A,,2.90,10,19,A,,
2026-07-12,2026-07-12T13:52:17,台灣運彩,823029,3477709.1,124,2026-07-13T02:15:00+08:00,亞特蘭大勇士,聖路易紅雀,亞特蘭大勇士 @ 聖路易紅雀,51444323.1,357,勝分差,252841193.1,聖路易紅雀 1 分,H,,4.05,20,61,H,,
2026-07-12,2026-07-12T13:52:17,台灣運彩,823029,3477709.1,124,2026-07-13T02:15:00+08:00,亞特蘭大勇士,聖路易紅雀,亞特蘭大勇士 @ 聖路易紅雀,51444323.1,357,勝分差,252841194.1,聖路易紅雀 2 分,H,,7.00,1,6,H,,
2026-07-12,2026-07-12T13:52:17,台灣運彩,823029,3477709.1,124,2026-07-13T02:15:00+08:00,亞特蘭大勇士,聖路易紅雀,亞特蘭大勇士 @ 聖路易紅雀,51444323.1,357,勝分差,252841195.1,聖路易紅雀 > 2分,H,,2.50,2,3,H,,
2026-07-12,2026-07-12T13:52:17,台灣運彩,823029,3477709.1,124,2026-07-13T02:15:00+08:00,亞特蘭大勇士,聖路易紅雀,亞特蘭大勇士 @ 聖路易紅雀,51444315.1,358,讓分 -2.5,252841177.1,聖路易紅雀 -2.5,H,-2.5,2.60,5,8,H,-2.5,1
2026-07-12,2026-07-12T13:52:17,台灣運彩,823029,3477709.1,124,2026-07-13T02:15:00+08:00,亞特蘭大勇士,聖路易紅雀,亞特蘭大勇士 @ 聖路易紅雀,51444315.1,358,讓分 -2.5,252841178.1,亞特蘭大勇士 +2.5,A,-2.5,1.30,10,3,A,-2.5,2
2026-07-12,2026-07-12T13:52:17,台灣運彩,823029,3477709.1,124,2026-07-13T02:15:00+08:00,亞特蘭大勇士,聖路易紅雀,亞特蘭大勇士 @ 聖路易紅雀,51444322.1,358,讓分 -1.5,252841191.1,聖路易紅雀 -1.5,H,-1.5,2.07,100,107,H,-1.5,1
2026-07-12,2026-07-12T13:52:17,台灣運彩,823029,3477709.1,124,2026-07-13T02:15:00+08:00,亞特蘭大勇士,聖路易紅雀,亞特蘭大勇士 @ 聖路易紅雀,51444322.1,358,讓分 -1.5,252841192.1,亞特蘭大勇士 +1.5,A,-1.5,1.46,50,23,A,-1.5,2
2026-07-12,2026-07-12T13:52:17,台灣運彩,823029,3477709.1,124,2026-07-13T02:15:00+08:00,亞特蘭大勇士,聖路易紅雀,亞特蘭大勇士 @ 聖路易紅雀,51444318.1,360,[總分]大小 8.5,252841184.1,大 8.5,A,8.5,1.80,5,4,A,8.5,
2026-07-12,2026-07-12T13:52:17,台灣運彩,823029,3477709.1,124,2026-07-13T02:15:00+08:00,亞特蘭大勇士,聖路易紅雀,亞特蘭大勇士 @ 聖路易紅雀,51444318.1,360,[總分]大小 8.5,252841183.1,小 8.5,H,8.5,1.70,10,7,H,8.5,
2026-07-12,2026-07-12T13:52:17,台灣運彩,823029,3477709.1,124,2026-07-13T02:15:00+08:00,亞特蘭大勇士,聖路易紅雀,亞特蘭大勇士 @ 聖路易紅雀,51444319.1,360,[總分]大小 9.5,252841186.1,大 9.5,A,9.5,2.15,20,23,A,9.5,
2026-07-12,2026-07-12T13:52:17,台灣運彩,823029,3477709.1,124,2026-07-13T02:15:00+08:00,亞特蘭大勇士,聖路易紅雀,亞特蘭大勇士 @ 聖路易紅雀,51444319.1,360,[總分]大小 9.5,252841185.1,小 9.5,H,9.5,1.43,100,43,H,9.5,
2026-07-12,2026-07-12T13:52:17,台灣運彩,823029,3477709.1,124,2026-07-13T02:15:00+08:00,亞特蘭大勇士,聖路易紅雀,亞特蘭大勇士 @ 聖路易紅雀,51444320.1,360,[總分]大小 7.5,252841188.1,大 7.5,A,7.5,1.56,25,14,A,7.5,
2026-07-12,2026-07-12T13:52:17,台灣運彩,823029,3477709.1,124,2026-07-13T02:15:00+08:00,亞特蘭大勇士,聖路易紅雀,亞特蘭大勇士 @ 聖路易紅雀,51444320.1,360,[總分]大小 7.5,252841187.1,小 7.5,H,7.5,1.94,50,47,H,7.5,
2026-07-12,2026-07-12T13:52:17,台灣運彩,823029,3477709.1,124,2026-07-13T02:15:00+08:00,亞特蘭大勇士,聖路易紅雀,亞特蘭大勇士 @ 聖路易紅雀,51444316.1,362,聖路易紅雀 大小 4.5,252841180.1,大 4.5,A,4.5,1.88,25,22,A,4.5,
2026-07-12,2026-07-12T13:52:17,台灣運彩,823029,3477709.1,124,2026-07-13T02:15:00+08:00,亞特蘭大勇士,聖路易紅雀,亞特蘭大勇士 @ 聖路易紅雀,51444316.1,362,聖路易紅雀 大小 4.5,252841179.1,小 4.5,H,4.5,1.56,25,14,H,4.5,
2026-07-12,2026-07-12T13:52:17,台灣運彩,823029,3477709.1,124,2026-07-13T02:15:00+08:00,亞特蘭大勇士,聖路易紅雀,亞特蘭大勇士 @ 聖路易紅雀,51444314.1,363,亞特蘭大勇士 大小 3.5,252841176.1,大 3.5,A,3.5,1.65,20,13,A,3.5,
2026-07-12,2026-07-12T13:52:17,台灣運彩,823029,3477709.1,124,2026-07-13T02:15:00+08:00,亞特蘭大勇士,聖路易紅雀,亞特蘭大勇士 @ 聖路易紅雀,51444314.1,363,亞特蘭大勇士 大小 3.5,252841175.1,小 3.5,H,3.5,1.78,50,39,H,3.5,
2026-07-12,2026-07-12T13:52:17,台灣運彩,823029,3477709.1,124,2026-07-13T02:15:00+08:00,亞特蘭大勇士,聖路易紅雀,亞特蘭大勇士 @ 聖路易紅雀,51444317.1,366,[總分]單雙,252841182.1,單,,,1.48,25,12,,,
2026-07-12,2026-07-12T13:52:17,台灣運彩,823029,3477709.1,124,2026-07-13T02:15:00+08:00,亞特蘭大勇士,聖路易紅雀,亞特蘭大勇士 @ 聖路易紅雀,51444317.1,366,[總分]單雙,252841181.1,雙,,,2.00,1,1,,,
2026-07-12,2026-07-12T13:52:17,台灣運彩,823029,3477709.1,124,2026-07-13T02:15:00+08:00,亞特蘭大勇士,聖路易紅雀,亞特蘭大勇士 @ 聖路易紅雀,51444994.1,374,得分最高單局(不含延長賽),252843245.1,一樣多,,,2.25,4,5,,,
2026-07-12,2026-07-12T13:52:17,台灣運彩,823029,3477709.1,124,2026-07-13T02:15:00+08:00,亞特蘭大勇士,聖路易紅雀,亞特蘭大勇士 @ 聖路易紅雀,51444994.1,374,得分最高單局(不含延長賽),252843236.1,第1局,,,5.10,10,41,,,
2026-07-12,2026-07-12T13:52:17,台灣運彩,823029,3477709.1,124,2026-07-13T02:15:00+08:00,亞特蘭大勇士,聖路易紅雀,亞特蘭大勇士 @ 聖路易紅雀,51444994.1,374,得分最高單局(不含延長賽),252843237.1,第2局,,,5.95,20,99,,,
2026-07-12,2026-07-12T13:52:17,台灣運彩,823029,3477709.1,124,2026-07-13T02:15:00+08:00,亞特蘭大勇士,聖路易紅雀,亞特蘭大勇士 @ 聖路易紅雀,51444994.1,374,得分最高單局(不含延長賽),252843238.1,第3局,,,5.25,4,17,,,
2026-07-12,2026-07-12T13:52:17,台灣運彩,823029,3477709.1,124,2026-07-13T02:15:00+08:00,亞特蘭大勇士,聖路易紅雀,亞特蘭大勇士 @ 聖路易紅雀,51444994.1,374,得分最高單局(不含延長賽),252843239.1,第4局,,,5.75,4,19,,,
2026-07-12,2026-07-12T13:52:17,台灣運彩,823029,3477709.1,124,2026-07-13T02:15:00+08:00,亞特蘭大勇士,聖路易紅雀,亞特蘭大勇士 @ 聖路易紅雀,51444994.1,374,得分最高單局(不含延長賽),252843240.1,第5局,,,5.40,5,22,,,
2026-07-12,2026-07-12T13:52:17,台灣運彩,823029,3477709.1,124,2026-07-13T02:15:00+08:00,亞特蘭大勇士,聖路易紅雀,亞特蘭大勇士 @ 聖路易紅雀,51444994.1,374,得分最高單局(不含延長賽),252843241.1,第6局,,,6.75,4,23,,,
2026-07-12,2026-07-12T13:52:17,台灣運彩,823029,3477709.1,124,2026-07-13T02:15:00+08:00,亞特蘭大勇士,聖路易紅雀,亞特蘭大勇士 @ 聖路易紅雀,51444994.1,374,得分最高單局(不含延長賽),252843242.1,第7局,,,6.75,4,23,,,
2026-07-12,2026-07-12T13:52:17,台灣運彩,823029,3477709.1,124,2026-07-13T02:15:00+08:00,亞特蘭大勇士,聖路易紅雀,亞特蘭大勇士 @ 聖路易紅雀,51444994.1,374,得分最高單局(不含延長賽),252843243.1,第8局,,,6.50,2,11,,,
2026-07-12,2026-07-12T13:52:17,台灣運彩,823029,3477709.1,124,2026-07-13T02:15:00+08:00,亞特蘭大勇士,聖路易紅雀,亞特蘭大勇士 @ 聖路易紅雀,51444994.1,374,得分最高單局(不含延長賽),252843244.1,第9局,,,8.00,1,7,,,
2026-07-12,2026-07-12T13:52:17,台灣運彩,823029,3477709.1,124,2026-07-13T02:15:00+08:00,亞特蘭大勇士,聖路易紅雀,亞特蘭大勇士 @ 聖路易紅雀,51444989.1,376,[1-5局] 不讓分,252843224.1,聖路易紅雀,H,,1.70,10,7,H,,1
2026-07-12,2026-07-12T13:52:17,台灣運彩,823029,3477709.1,124,2026-07-13T02:15:00+08:00,亞特蘭大勇士,聖路易紅雀,亞特蘭大勇士 @ 聖路易紅雀,51444989.1,376,[1-5局] 不讓分,252843226.1,亞特蘭大勇士,A,,2.00,1,1,A,,2
2026-07-12,2026-07-12T13:52:17,台灣運彩,823029,3477709.1,124,2026-07-13T02:15:00+08:00,亞特蘭大勇士,聖路易紅雀,亞特蘭大勇士 @ 聖路易紅雀,51444989.1,376,[1-5局] 不讓分,252843225.1,和局,D,,4.80,5,19,D,,
2026-07-12,2026-07-12T13:52:17,台灣運彩,823029,3477709.1,124,2026-07-13T02:15:00+08:00,亞特蘭大勇士,聖路易紅雀,亞特蘭大勇士 @ 聖路易紅雀,51444988.1,378,[1-5局] 大小 4.5,252843223.1,大 4.5,A,4.5,1.60,5,3,A,4.5,
2026-07-12,2026-07-12T13:52:17,台灣運彩,823029,3477709.1,124,2026-07-13T02:15:00+08:00,亞特蘭大勇士,聖路易紅雀,亞特蘭大勇士 @ 聖路易紅雀,51444988.1,378,[1-5局] 大小 4.5,252843222.1,小 4.5,H,4.5,1.73,100,73,H,4.5,
2026-07-12,2026-07-12T13:52:17,台灣運彩,823029,3477709.1,124,2026-07-13T02:15:00+08:00,亞特蘭大勇士,聖路易紅雀,亞特蘭大勇士 @ 聖路易紅雀,51444990.1,379,[1-5局] 聖路易紅雀 大小 2.5,252843228.1,大 2.5,A,2.5,1.82,50,41,A,2.5,
2026-07-12,2026-07-12T13:52:17,台灣運彩,823029,3477709.1,124,2026-07-13T02:15:00+08:00,亞特蘭大勇士,聖路易紅雀,亞特蘭大勇士 @ 聖路易紅雀,51444990.1,379,[1-5局] 聖路易紅雀 大小 2.5,252843227.1,小 2.5,H,2.5,1.62,50,31,H,2.5,
2026-07-12,2026-07-12T13:52:17,台灣運彩,823029,3477709.1,124,2026-07-13T02:15:00+08:00,亞特蘭大勇士,聖路易紅雀,亞特蘭大勇士 @ 聖路易紅雀,51444991.1,380,[1-5局] 亞特蘭大勇士 大小 1.5,252843230.1,大 1.5,A,1.5,1.53,100,53,A,1.5,
2026-07-12,2026-07-12T13:52:17,台灣運彩,823029,3477709.1,124,2026-07-13T02:15:00+08:00,亞特蘭大勇士,聖路易紅雀,亞特蘭大勇士 @ 聖路易紅雀,51444991.1,380,[1-5局] 亞特蘭大勇士 大小 1.5,252843229.1,小 1.5,H,1.5,1.93,100,93,H,1.5,
2026-07-12,2026-07-12T13:52:17,台灣運彩,823029,3477709.1,124,2026-07-13T02:15:00+08:00,亞特蘭大勇士,聖路易紅雀,亞特蘭大勇士 @ 聖路易紅雀,51444992.1,389,[第1局] 不讓分,252843231.1,聖路易紅雀,H,,2.75,4,7,H,,1
2026-07-12,2026-07-12T13:52:17,台灣運彩,823029,3477709.1,124,2026-07-13T02:15:00+08:00,亞特蘭大勇士,聖路易紅雀,亞特蘭大勇士 @ 聖路易紅雀,51444992.1,389,[第1局] 不讓分,252843233.1,亞特蘭大勇士,A,,3.35,20,47,A,,2
2026-07-12,2026-07-12T13:52:17,台灣運彩,823029,3477709.1,124,2026-07-13T02:15:00+08:00,亞特蘭大勇士,聖路易紅雀,亞特蘭大勇士 @ 聖路易紅雀,51444992.1,389,[第1局] 不讓分,252843232.1,和局,D,,1.55,20,11,D,,
2026-07-12,2026-07-12T13:52:17,台灣運彩,823029,3477709.1,124,2026-07-13T02:15:00+08:00,亞特蘭大勇士,聖路易紅雀,亞特蘭大勇士 @ 聖路易紅雀,51444993.1,398,[第1局] 大小 0.5,252843235.1,大 0.5,A,0.5,1.66,50,33,A,0.5,
2026-07-12,2026-07-12T13:52:17,台灣運彩,823029,3477709.1,124,2026-07-13T02:15:00+08:00,亞特蘭大勇士,聖路易紅雀,亞特蘭大勇士 @ 聖路易紅雀,51444993.1,398,[第1局] 大小 0.5,252843234.1,小 0.5,H,0.5,1.66,50,33,H,0.5,
2026-07-12,2026-07-12T13:52:17,台灣運彩,822876,3477761.1,144,2026-07-13T02:35:00+08:00,休士頓太空人,德州遊騎兵,休士頓太空人 @ 德州遊騎兵,51445067.1,354,不讓分,252843448.1,德州遊騎兵,H,,1.58,50,29,H,,1
2026-07-12,2026-07-12T13:52:17,台灣運彩,822876,3477761.1,144,2026-07-13T02:35:00+08:00,休士頓太空人,德州遊騎兵,休士頓太空人 @ 德州遊騎兵,51445067.1,354,不讓分,252843449.1,休士頓太空人,A,,1.92,25,23,A,,2
2026-07-12,2026-07-12T13:52:17,台灣運彩,822876,3477761.1,144,2026-07-13T02:35:00+08:00,休士頓太空人,德州遊騎兵,休士頓太空人 @ 德州遊騎兵,51445077.1,357,勝分差,252843471.1,休士頓太空人 1 分,A,,5.55,20,91,A,,
2026-07-12,2026-07-12T13:52:17,台灣運彩,822876,3477761.1,144,2026-07-13T02:35:00+08:00,休士頓太空人,德州遊騎兵,休士頓太空人 @ 德州遊騎兵,51445077.1,357,勝分差,252843472.1,休士頓太空人 2 分,A,,7.50,2,13,A,,
2026-07-12,2026-07-12T13:52:17,台灣運彩,822876,3477761.1,144,2026-07-13T02:35:00+08:00,休士頓太空人,德州遊騎兵,休士頓太空人 @ 德州遊騎兵,51445077.1,357,勝分差,252843473.1,休士頓太空人 > 2分,A,,2.85,20,37,A,,
2026-07-12,2026-07-12T13:52:17,台灣運彩,822876,3477761.1,144,2026-07-13T02:35:00+08:00,休士頓太空人,德州遊騎兵,休士頓太空人 @ 德州遊騎兵,51445077.1,357,勝分差,252843468.1,德州遊騎兵 1 分,H,,4.05,20,61,H,,
2026-07-12,2026-07-12T13:52:17,台灣運彩,822876,3477761.1,144,2026-07-13T02:35:00+08:00,休士頓太空人,德州遊騎兵,休士頓太空人 @ 德州遊騎兵,51445077.1,357,勝分差,252843469.1,德州遊騎兵 2 分,H,,7.00,1,6,H,,
2026-07-12,2026-07-12T13:52:17,台灣運彩,822876,3477761.1,144,2026-07-13T02:35:00+08:00,休士頓太空人,德州遊騎兵,休士頓太空人 @ 德州遊騎兵,51445077.1,357,勝分差,252843470.1,德州遊騎兵 > 2分,H,,2.55,20,31,H,,
2026-07-12,2026-07-12T13:52:17,台灣運彩,822876,3477761.1,144,2026-07-13T02:35:00+08:00,休士頓太空人,德州遊騎兵,休士頓太空人 @ 德州遊騎兵,51445072.1,358,讓分 -2.5,252843458.1,德州遊騎兵 -2.5,H,-2.5,2.60,5,8,H,-2.5,1
2026-07-12,2026-07-12T13:52:17,台灣運彩,822876,3477761.1,144,2026-07-13T02:35:00+08:00,休士頓太空人,德州遊騎兵,休士頓太空人 @ 德州遊騎兵,51445072.1,358,讓分 -2.5,252843459.1,休士頓太空人 +2.5,A,-2.5,1.30,10,3,A,-2.5,2
2026-07-12,2026-07-12T13:52:17,台灣運彩,822876,3477761.1,144,2026-07-13T02:35:00+08:00,休士頓太空人,德州遊騎兵,休士頓太空人 @ 德州遊騎兵,51445074.1,358,讓分 -1.5,252843462.1,德州遊騎兵 -1.5,H,-1.5,2.07,100,107,H,-1.5,1
2026-07-12,2026-07-12T13:52:17,台灣運彩,822876,3477761.1,144,2026-07-13T02:35:00+08:00,休士頓太空人,德州遊騎兵,休士頓太空人 @ 德州遊騎兵,51445074.1,358,讓分 -1.5,252843463.1,休士頓太空人 +1.5,A,-1.5,1.46,50,23,A,-1.5,2
2026-07-12,2026-07-12T13:52:17,台灣運彩,822876,3477761.1,144,2026-07-13T02:35:00+08:00,休士頓太空人,德州遊騎兵,休士頓太空人 @ 德州遊騎兵,51445076.1,358,讓分 -3.5,252843466.1,德州遊騎兵 -3.5,H,-3.5,3.25,4,9,H,-3.5,1
2026-07-12,2026-07-12T13:52:17,台灣運彩,822876,3477761.1,144,2026-07-13T02:35:00+08:00,休士頓太空人,德州遊騎兵,休士頓太空人 @ 德州遊騎兵,51445076.1,358,讓分 -3.5,252843467.1,休士頓太空人 +3.5,A,-3.5,1.18,50,9,A,-3.5,2
2026-07-12,2026-07-12T13:52:17,台灣運彩,822876,3477761.1,144,2026-07-13T02:35:00+08:00,休士頓太空人,德州遊騎兵,休士頓太空人 @ 德州遊騎兵,51445071.1,360,[總分]大小 7.5,252843457.1,大 7.5,A,7.5,1.53,100,53,A,7.5,
2026-07-12,2026-07-12T13:52:17,台灣運彩,822876,3477761.1,144,2026-07-13T02:35:00+08:00,休士頓太空人,德州遊騎兵,休士頓太空人 @ 德州遊騎兵,51445071.1,360,[總分]大小 7.5,252843456.1,小 7.5,H,7.5,1.97,100,97,H,7.5,
2026-07-12,2026-07-12T13:52:17,台灣運彩,822876,3477761.1,144,2026-07-13T02:35:00+08:00,休士頓太空人,德州遊騎兵,休士頓太空人 @ 德州遊騎兵,51445073.1,360,[總分]大小 9.5,252843461.1,大 9.5,A,9.5,2.10,10,11,A,9.5,
2026-07-12,2026-07-12T13:52:17,台灣運彩,822876,3477761.1,144,2026-07-13T02:35:00+08:00,休士頓太空人,德州遊騎兵,休士頓太空人 @ 德州遊騎兵,51445073.1,360,[總分]大小 9.5,252843460.1,小 9.5,H,9.5,1.45,20,9,H,9.5,
2026-07-12,2026-07-12T13:52:17,台灣運彩,822876,3477761.1,144,2026-07-13T02:35:00+08:00,休士頓太空人,德州遊騎兵,休士頓太空人 @ 德州遊騎兵,51445075.1,360,[總分]大小 8.5,252843465.1,大 8.5,A,8.5,1.76,25,19,A,8.5,
2026-07-12,2026-07-12T13:52:17,台灣運彩,822876,3477761.1,144,2026-07-13T02:35:00+08:00,休士頓太空人,德州遊騎兵,休士頓太空人 @ 德州遊騎兵,51445075.1,360,[總分]大小 8.5,252843464.1,小 8.5,H,8.5,1.74,50,37,H,8.5,
2026-07-12,2026-07-12T13:52:17,台灣運彩,822876,3477761.1,144,2026-07-13T02:35:00+08:00,休士頓太空人,德州遊騎兵,休士頓太空人 @ 德州遊騎兵,51445070.1,362,德州遊騎兵 大小 4.5,252843455.1,大 4.5,A,4.5,1.86,50,43,A,4.5,
2026-07-12,2026-07-12T13:52:17,台灣運彩,822876,3477761.1,144,2026-07-13T02:35:00+08:00,休士頓太空人,德州遊騎兵,休士頓太空人 @ 德州遊騎兵,51445070.1,362,德州遊騎兵 大小 4.5,252843454.1,小 4.5,H,4.5,1.58,50,29,H,4.5,
2026-07-12,2026-07-12T13:52:17,台灣運彩,822876,3477761.1,144,2026-07-13T02:35:00+08:00,休士頓太空人,德州遊騎兵,休士頓太空人 @ 德州遊騎兵,51445069.1,363,休士頓太空人 大小 3.5,252843453.1,大 3.5,A,3.5,1.62,50,31,A,3.5,
2026-07-12,2026-07-12T13:52:17,台灣運彩,822876,3477761.1,144,2026-07-13T02:35:00+08:00,休士頓太空人,德州遊騎兵,休士頓太空人 @ 德州遊騎兵,51445069.1,363,休士頓太空人 大小 3.5,252843452.1,小 3.5,H,3.5,1.82,50,41,H,3.5,
2026-07-12,2026-07-12T13:52:17,台灣運彩,822876,3477761.1,144,2026-07-13T02:35:00+08:00,休士頓太空人,德州遊騎兵,休士頓太空人 @ 德州遊騎兵,51445068.1,366,[總分]單雙,252843451.1,單,,,1.48,25,12,,,
2026-07-12,2026-07-12T13:52:17,台灣運彩,822876,3477761.1,144,2026-07-13T02:35:00+08:00,休士頓太空人,德州遊騎兵,休士頓太空人 @ 德州遊騎兵,51445068.1,366,[總分]單雙,252843450.1,雙,,,2.00,1,1,,,
2026-07-12,2026-07-12T13:52:17,台灣運彩,822876,3477761.1,144,2026-07-13T02:35:00+08:00,休士頓太空人,德州遊騎兵,休士頓太空人 @ 德州遊騎兵,51445105.1,374,得分最高單局(不含延長賽),252843547.1,一樣多,,,2.25,4,5,,,
2026-07-12,2026-07-12T13:52:17,台灣運彩,822876,3477761.1,144,2026-07-13T02:35:00+08:00,休士頓太空人,德州遊騎兵,休士頓太空人 @ 德州遊騎兵,51445105.1,374,得分最高單局(不含延長賽),252843538.1,第1局,,,5.05,20,81,,,
2026-07-12,2026-07-12T13:52:17,台灣運彩,822876,3477761.1,144,2026-07-13T02:35:00+08:00,休士頓太空人,德州遊騎兵,休士頓太空人 @ 德州遊騎兵,51445105.1,374,得分最高單局(不含延長賽),252843539.1,第2局,,,5.95,20,99,,,
2026-07-12,2026-07-12T13:52:17,台灣運彩,822876,3477761.1,144,2026-07-13T02:35:00+08:00,休士頓太空人,德州遊騎兵,休士頓太空人 @ 德州遊騎兵,51445105.1,374,得分最高單局(不含延長賽),252843540.1,第3局,,,5.40,5,22,,,
2026-07-12,2026-07-12T13:52:17,台灣運彩,822876,3477761.1,144,2026-07-13T02:35:00+08:00,休士頓太空人,德州遊騎兵,休士頓太空人 @ 德州遊騎兵,51445105.1,374,得分最高單局(不含延長賽),252843541.1,第4局,,,5.85,20,97,,,
2026-07-12,2026-07-12T13:52:17,台灣運彩,822876,3477761.1,144,2026-07-13T02:35:00+08:00,休士頓太空人,德州遊騎兵,休士頓太空人 @ 德州遊騎兵,51445105.1,374,得分最高單局(不含延長賽),252843542.1,第5局,,,5.75,4,19,,,
2026-07-12,2026-07-12T13:52:17,台灣運彩,822876,3477761.1,144,2026-07-13T02:35:00+08:00,休士頓太空人,德州遊騎兵,休士頓太空人 @ 德州遊騎兵,51445105.1,374,得分最高單局(不含延長賽),252843543.1,第6局,,,6.50,2,11,,,
2026-07-12,2026-07-12T13:52:17,台灣運彩,822876,3477761.1,144,2026-07-13T02:35:00+08:00,休士頓太空人,德州遊騎兵,休士頓太空人 @ 德州遊騎兵,51445105.1,374,得分最高單局(不含延長賽),252843544.1,第7局,,,6.50,2,11,,,
2026-07-12,2026-07-12T13:52:17,台灣運彩,822876,3477761.1,144,2026-07-13T02:35:00+08:00,休士頓太空人,德州遊騎兵,休士頓太空人 @ 德州遊騎兵,51445105.1,374,得分最高單局(不含延長賽),252843545.1,第8局,,,6.25,4,21,,,
2026-07-12,2026-07-12T13:52:17,台灣運彩,822876,3477761.1,144,2026-07-13T02:35:00+08:00,休士頓太空人,德州遊騎兵,休士頓太空人 @ 德州遊騎兵,51445105.1,374,得分最高單局(不含延長賽),252843546.1,第9局,,,8.00,1,7,,,
2026-07-12,2026-07-12T13:52:17,台灣運彩,822876,3477761.1,144,2026-07-13T02:35:00+08:00,休士頓太空人,德州遊騎兵,休士頓太空人 @ 德州遊騎兵,51445099.1,376,[1-5局] 不讓分,252843524.1,德州遊騎兵,H,,1.70,10,7,H,,1
2026-07-12,2026-07-12T13:52:17,台灣運彩,822876,3477761.1,144,2026-07-13T02:35:00+08:00,休士頓太空人,德州遊騎兵,休士頓太空人 @ 德州遊騎兵,51445099.1,376,[1-5局] 不讓分,252843526.1,休士頓太空人,A,,2.00,1,1,A,,2
2026-07-12,2026-07-12T13:52:17,台灣運彩,822876,3477761.1,144,2026-07-13T02:35:00+08:00,休士頓太空人,德州遊騎兵,休士頓太空人 @ 德州遊騎兵,51445099.1,376,[1-5局] 不讓分,252843525.1,和局,D,,4.75,4,15,D,,
2026-07-12,2026-07-12T13:52:17,台灣運彩,822876,3477761.1,144,2026-07-13T02:35:00+08:00,休士頓太空人,德州遊騎兵,休士頓太空人 @ 德州遊騎兵,51445104.1,378,[1-5局] 大小 4.5,252843537.1,大 4.5,A,4.5,1.60,5,3,A,4.5,
2026-07-12,2026-07-12T13:52:17,台灣運彩,822876,3477761.1,144,2026-07-13T02:35:00+08:00,休士頓太空人,德州遊騎兵,休士頓太空人 @ 德州遊騎兵,51445104.1,378,[1-5局] 大小 4.5,252843536.1,小 4.5,H,4.5,1.73,100,73,H,4.5,
2026-07-12,2026-07-12T13:52:17,台灣運彩,822876,3477761.1,144,2026-07-13T02:35:00+08:00,休士頓太空人,德州遊騎兵,休士頓太空人 @ 德州遊騎兵,51445100.1,379,[1-5局] 德州遊騎兵 大小 2.5,252843528.1,大 2.5,A,2.5,1.85,20,17,A,2.5,
2026-07-12,2026-07-12T13:52:17,台灣運彩,822876,3477761.1,144,2026-07-13T02:35:00+08:00,休士頓太空人,德州遊騎兵,休士頓太空人 @ 德州遊騎兵,51445100.1,379,[1-5局] 德州遊騎兵 大小 2.5,252843527.1,小 2.5,H,2.5,1.60,5,3,H,2.5,
2026-07-12,2026-07-12T13:52:17,台灣運彩,822876,3477761.1,144,2026-07-13T02:35:00+08:00,休士頓太空人,德州遊騎兵,休士頓太空人 @ 德州遊騎兵,51445101.1,380,[1-5局] 休士頓太空人 大小 1.5,252843530.1,大 1.5,A,1.5,1.52,25,13,A,1.5,
2026-07-12,2026-07-12T13:52:17,台灣運彩,822876,3477761.1,144,2026-07-13T02:35:00+08:00,休士頓太空人,德州遊騎兵,休士頓太空人 @ 德州遊騎兵,51445101.1,380,[1-5局] 休士頓太空人 大小 1.5,252843529.1,小 1.5,H,1.5,1.94,50,47,H,1.5,
2026-07-12,2026-07-12T13:52:17,台灣運彩,822876,3477761.1,144,2026-07-13T02:35:00+08:00,休士頓太空人,德州遊騎兵,休士頓太空人 @ 德州遊騎兵,51445103.1,389,[第1局] 不讓分,252843533.1,德州遊騎兵,H,,2.80,5,9,H,,1
2026-07-12,2026-07-12T13:52:17,台灣運彩,822876,3477761.1,144,2026-07-13T02:35:00+08:00,休士頓太空人,德州遊騎兵,休士頓太空人 @ 德州遊騎兵,51445103.1,389,[第1局] 不讓分,252843535.1,休士頓太空人,A,,3.30,10,23,A,,2
2026-07-12,2026-07-12T13:52:17,台灣運彩,822876,3477761.1,144,2026-07-13T02:35:00+08:00,休士頓太空人,德州遊騎兵,休士頓太空人 @ 德州遊騎兵,51445103.1,389,[第1局] 不讓分,252843534.1,和局,D,,1.55,20,11,D,,
2026-07-12,2026-07-12T13:52:17,台灣運彩,822876,3477761.1,144,2026-07-13T02:35:00+08:00,休士頓太空人,德州遊騎兵,休士頓太空人 @ 德州遊騎兵,51445102.1,398,[第1局] 大小 0.5,252843532.1,大 0.5,A,0.5,1.65,20,13,A,0.5,
2026-07-12,2026-07-12T13:52:17,台灣運彩,822876,3477761.1,144,2026-07-13T02:35:00+08:00,休士頓太空人,德州遊騎兵,休士頓太空人 @ 德州遊騎兵,51445102.1,398,[第1局] 大小 0.5,252843531.1,小 0.5,H,0.5,1.68,25,17,H,0.5,
2026-07-12,2026-07-12T13:52:17,台灣運彩,823199,3477719.1,128,2026-07-13T04:05:00+08:00,科羅拉多洛磯,舊金山巨人,科羅拉多洛磯 @ 舊金山巨人,51444483.1,354,不讓分,252841731.1,舊金山巨人,H,,1.50,2,1,H,,1
2026-07-12,2026-07-12T13:52:17,台灣運彩,823199,3477719.1,128,2026-07-13T04:05:00+08:00,科羅拉多洛磯,舊金山巨人,科羅拉多洛磯 @ 舊金山巨人,51444483.1,354,不讓分,252841732.1,科羅拉多落磯,A,,2.00,1,1,A,,2
2026-07-12,2026-07-12T13:52:17,台灣運彩,823199,3477719.1,128,2026-07-13T04:05:00+08:00,科羅拉多洛磯,舊金山巨人,科羅拉多洛磯 @ 舊金山巨人,51444488.1,357,勝分差,252841744.1,科羅拉多落磯 1 分,A,,5.90,10,49,A,,
2026-07-12,2026-07-12T13:52:17,台灣運彩,823199,3477719.1,128,2026-07-13T04:05:00+08:00,科羅拉多洛磯,舊金山巨人,科羅拉多洛磯 @ 舊金山巨人,51444488.1,357,勝分差,252841745.1,科羅拉多落磯 2 分,A,,8.00,1,7,A,,
2026-07-12,2026-07-12T13:52:17,台灣運彩,823199,3477719.1,128,2026-07-13T04:05:00+08:00,科羅拉多洛磯,舊金山巨人,科羅拉多洛磯 @ 舊金山巨人,51444488.1,357,勝分差,252841746.1,科羅拉多落磯 > 2分,A,,3.05,20,41,A,,
2026-07-12,2026-07-12T13:52:17,台灣運彩,823199,3477719.1,128,2026-07-13T04:05:00+08:00,科羅拉多洛磯,舊金山巨人,科羅拉多洛磯 @ 舊金山巨人,51444488.1,357,勝分差,252841741.1,舊金山巨人 1 分,H,,3.95,20,59,H,,
2026-07-12,2026-07-12T13:52:17,台灣運彩,823199,3477719.1,128,2026-07-13T04:05:00+08:00,科羅拉多洛磯,舊金山巨人,科羅拉多洛磯 @ 舊金山巨人,51444488.1,357,勝分差,252841742.1,舊金山巨人 2 分,H,,6.75,4,23,H,,
2026-07-12,2026-07-12T13:52:17,台灣運彩,823199,3477719.1,128,2026-07-13T04:05:00+08:00,科羅拉多洛磯,舊金山巨人,科羅拉多洛磯 @ 舊金山巨人,51444488.1,357,勝分差,252841743.1,舊金山巨人 > 2分,H,,2.35,20,27,H,,
2026-07-12,2026-07-12T13:52:17,台灣運彩,823199,3477719.1,128,2026-07-13T04:05:00+08:00,科羅拉多洛磯,舊金山巨人,科羅拉多洛磯 @ 舊金山巨人,51444482.1,358,讓分 -2.5,252841729.1,舊金山巨人 -2.5,H,-2.5,2.45,20,29,H,-2.5,1
2026-07-12,2026-07-12T13:52:17,台灣運彩,823199,3477719.1,128,2026-07-13T04:05:00+08:00,科羅拉多洛磯,舊金山巨人,科羅拉多洛磯 @ 舊金山巨人,51444482.1,358,讓分 -2.5,252841730.1,科羅拉多落磯 +2.5,A,-2.5,1.35,20,7,A,-2.5,2
2026-07-12,2026-07-12T13:52:17,台灣運彩,823199,3477719.1,128,2026-07-13T04:05:00+08:00,科羅拉多洛磯,舊金山巨人,科羅拉多洛磯 @ 舊金山巨人,51444487.1,358,讓分 -1.5,252841739.1,舊金山巨人 -1.5,H,-1.5,1.97,100,97,H,-1.5,1
2026-07-12,2026-07-12T13:52:17,台灣運彩,823199,3477719.1,128,2026-07-13T04:05:00+08:00,科羅拉多洛磯,舊金山巨人,科羅拉多洛磯 @ 舊金山巨人,51444487.1,358,讓分 -1.5,252841740.1,科羅拉多落磯 +1.5,A,-1.5,1.53,100,53,A,-1.5,2
2026-07-12,2026-07-12T13:52:17,台灣運彩,823199,3477719.1,128,2026-07-13T04:05:00+08:00,科羅拉多洛磯,舊金山巨人,科羅拉多洛磯 @ 舊金山巨人,51444481.1,360,[總分]大小 7.5,252841728.1,大 7.5,A,7.5,1.48,25,12,A,7.5,
2026-07-12,2026-07-12T13:52:17,台灣運彩,823199,3477719.1,128,2026-07-13T04:05:00+08:00,科羅拉多洛磯,舊金山巨人,科羅拉多洛磯 @ 舊金山巨人,51444481.1,360,[總分]大小 7.5,252841727.1,小 7.5,H,7.5,2.05,20,21,H,7.5,
2026-07-12,2026-07-12T13:52:17,台灣運彩,823199,3477719.1,128,2026-07-13T04:05:00+08:00,科羅拉多洛磯,舊金山巨人,科羅拉多洛磯 @ 舊金山巨人,51444484.1,360,[總分]大小 8.5,252841734.1,大 8.5,A,8.5,1.70,10,7,A,8.5,
2026-07-12,2026-07-12T13:52:17,台灣運彩,823199,3477719.1,128,2026-07-13T04:05:00+08:00,科羅拉多洛磯,舊金山巨人,科羅拉多洛磯 @ 舊金山巨人,51444484.1,360,[總分]大小 8.5,252841733.1,小 8.5,H,8.5,1.80,5,4,H,8.5,
2026-07-12,2026-07-12T13:52:17,台灣運彩,823199,3477719.1,128,2026-07-13T04:05:00+08:00,科羅拉多洛磯,舊金山巨人,科羅拉多洛磯 @ 舊金山巨人,51444486.1,360,[總分]大小 9.5,252841738.1,大 9.5,A,9.5,2.00,1,1,A,9.5,
2026-07-12,2026-07-12T13:52:17,台灣運彩,823199,3477719.1,128,2026-07-13T04:05:00+08:00,科羅拉多洛磯,舊金山巨人,科羅拉多洛磯 @ 舊金山巨人,51444486.1,360,[總分]大小 9.5,252841737.1,小 9.5,H,9.5,1.50,2,1,H,9.5,
2026-07-12,2026-07-12T13:52:17,台灣運彩,823199,3477719.1,128,2026-07-13T04:05:00+08:00,科羅拉多洛磯,舊金山巨人,科羅拉多洛磯 @ 舊金山巨人,51444480.1,362,舊金山巨人 大小 4.5,252841726.1,大 4.5,A,4.5,1.75,4,3,A,4.5,
2026-07-12,2026-07-12T13:52:17,台灣運彩,823199,3477719.1,128,2026-07-13T04:05:00+08:00,科羅拉多洛磯,舊金山巨人,科羅拉多洛磯 @ 舊金山巨人,51444480.1,362,舊金山巨人 大小 4.5,252841725.1,小 4.5,H,4.5,1.68,25,17,H,4.5,
2026-07-12,2026-07-12T13:52:17,台灣運彩,823199,3477719.1,128,2026-07-13T04:05:00+08:00,科羅拉多洛磯,舊金山巨人,科羅拉多洛磯 @ 舊金山巨人,51444485.1,363,科羅拉多落磯 大小 3.5,252841736.1,大 3.5,A,3.5,1.63,100,63,A,3.5,
2026-07-12,2026-07-12T13:52:17,台灣運彩,823199,3477719.1,128,2026-07-13T04:05:00+08:00,科羅拉多洛磯,舊金山巨人,科羅拉多洛磯 @ 舊金山巨人,51444485.1,363,科羅拉多落磯 大小 3.5,252841735.1,小 3.5,H,3.5,1.80,5,4,H,3.5,
2026-07-12,2026-07-12T13:52:17,台灣運彩,823199,3477719.1,128,2026-07-13T04:05:00+08:00,科羅拉多洛磯,舊金山巨人,科羅拉多洛磯 @ 舊金山巨人,51444478.1,366,[總分]單雙,252841722.1,單,,,1.48,25,12,,,
2026-07-12,2026-07-12T13:52:17,台灣運彩,823199,3477719.1,128,2026-07-13T04:05:00+08:00,科羅拉多洛磯,舊金山巨人,科羅拉多洛磯 @ 舊金山巨人,51444478.1,366,[總分]單雙,252841721.1,雙,,,2.00,1,1,,,
2026-07-12,2026-07-12T13:52:17,台灣運彩,823199,3477719.1,128,2026-07-13T04:05:00+08:00,科羅拉多洛磯,舊金山巨人,科羅拉多洛磯 @ 舊金山巨人,51445003.1,374,得分最高單局(不含延長賽),252843275.1,一樣多,,,2.25,4,5,,,
2026-07-12,2026-07-12T13:52:17,台灣運彩,823199,3477719.1,128,2026-07-13T04:05:00+08:00,科羅拉多洛磯,舊金山巨人,科羅拉多洛磯 @ 舊金山巨人,51445003.1,374,得分最高單局(不含延長賽),252843266.1,第1局,,,5.20,5,21,,,
2026-07-12,2026-07-12T13:52:17,台灣運彩,823199,3477719.1,128,2026-07-13T04:05:00+08:00,科羅拉多洛磯,舊金山巨人,科羅拉多洛磯 @ 舊金山巨人,51445003.1,374,得分最高單局(不含延長賽),252843267.1,第2局,,,6.25,4,21,,,
2026-07-12,2026-07-12T13:52:17,台灣運彩,823199,3477719.1,128,2026-07-13T04:05:00+08:00,科羅拉多洛磯,舊金山巨人,科羅拉多洛磯 @ 舊金山巨人,51445003.1,374,得分最高單局(不含延長賽),252843268.1,第3局,,,5.55,20,91,,,
2026-07-12,2026-07-12T13:52:17,台灣運彩,823199,3477719.1,128,2026-07-13T04:05:00+08:00,科羅拉多洛磯,舊金山巨人,科羅拉多洛磯 @ 舊金山巨人,51445003.1,374,得分最高單局(不含延長賽),252843269.1,第4局,,,6.00,1,5,,,
2026-07-12,2026-07-12T13:52:17,台灣運彩,823199,3477719.1,128,2026-07-13T04:05:00+08:00,科羅拉多洛磯,舊金山巨人,科羅拉多洛磯 @ 舊金山巨人,51445003.1,374,得分最高單局(不含延長賽),252843270.1,第5局,,,5.70,10,47,,,
2026-07-12,2026-07-12T13:52:17,台灣運彩,823199,3477719.1,128,2026-07-13T04:05:00+08:00,科羅拉多洛磯,舊金山巨人,科羅拉多洛磯 @ 舊金山巨人,51445003.1,374,得分最高單局(不含延長賽),252843271.1,第6局,,,6.25,4,21,,,
2026-07-12,2026-07-12T13:52:17,台灣運彩,823199,3477719.1,128,2026-07-13T04:05:00+08:00,科羅拉多洛磯,舊金山巨人,科羅拉多洛磯 @ 舊金山巨人,51445003.1,374,得分最高單局(不含延長賽),252843272.1,第7局,,,6.25,4,21,,,
2026-07-12,2026-07-12T13:52:17,台灣運彩,823199,3477719.1,128,2026-07-13T04:05:00+08:00,科羅拉多洛磯,舊金山巨人,科羅拉多洛磯 @ 舊金山巨人,51445003.1,374,得分最高單局(不含延長賽),252843273.1,第8局,,,6.00,1,5,,,
2026-07-12,2026-07-12T13:52:17,台灣運彩,823199,3477719.1,128,2026-07-13T04:05:00+08:00,科羅拉多洛磯,舊金山巨人,科羅拉多洛磯 @ 舊金山巨人,51445003.1,374,得分最高單局(不含延長賽),252843274.1,第9局,,,8.00,1,7,,,
2026-07-12,2026-07-12T13:52:17,台灣運彩,823199,3477719.1,128,2026-07-13T04:05:00+08:00,科羅拉多洛磯,舊金山巨人,科羅拉多洛磯 @ 舊金山巨人,51445002.1,376,[1-5局] 不讓分,252843263.1,舊金山巨人,H,,1.60,5,3,H,,1
2026-07-12,2026-07-12T13:52:17,台灣運彩,823199,3477719.1,128,2026-07-13T04:05:00+08:00,科羅拉多洛磯,舊金山巨人,科羅拉多洛磯 @ 舊金山巨人,51445002.1,376,[1-5局] 不讓分,252843265.1,科羅拉多落磯,A,,2.10,10,11,A,,2
2026-07-12,2026-07-12T13:52:17,台灣運彩,823199,3477719.1,128,2026-07-13T04:05:00+08:00,科羅拉多洛磯,舊金山巨人,科羅拉多洛磯 @ 舊金山巨人,51445002.1,376,[1-5局] 不讓分,252843264.1,和局,D,,4.90,10,39,D,,
2026-07-12,2026-07-12T13:52:17,台灣運彩,823199,3477719.1,128,2026-07-13T04:05:00+08:00,科羅拉多洛磯,舊金山巨人,科羅拉多洛磯 @ 舊金山巨人,51444997.1,378,[1-5局] 大小 4.5,252843253.1,大 4.5,A,4.5,1.58,50,29,A,4.5,
2026-07-12,2026-07-12T13:52:17,台灣運彩,823199,3477719.1,128,2026-07-13T04:05:00+08:00,科羅拉多洛磯,舊金山巨人,科羅拉多洛磯 @ 舊金山巨人,51444997.1,378,[1-5局] 大小 4.5,252843252.1,小 4.5,H,4.5,1.75,4,3,H,4.5,
2026-07-12,2026-07-12T13:52:17,台灣運彩,823199,3477719.1,128,2026-07-13T04:05:00+08:00,科羅拉多洛磯,舊金山巨人,科羅拉多洛磯 @ 舊金山巨人,51444998.1,379,[1-5局] 舊金山巨人 大小 2.5,252843255.1,大 2.5,A,2.5,1.76,25,19,A,2.5,
2026-07-12,2026-07-12T13:52:17,台灣運彩,823199,3477719.1,128,2026-07-13T04:05:00+08:00,科羅拉多洛磯,舊金山巨人,科羅拉多洛磯 @ 舊金山巨人,51444998.1,379,[1-5局] 舊金山巨人 大小 2.5,252843254.1,小 2.5,H,2.5,1.66,50,33,H,2.5,
2026-07-12,2026-07-12T13:52:17,台灣運彩,823199,3477719.1,128,2026-07-13T04:05:00+08:00,科羅拉多洛磯,舊金山巨人,科羅拉多洛磯 @ 舊金山巨人,51444999.1,380,[1-5局] 科羅拉多落磯 大小 1.5,252843257.1,大 1.5,A,1.5,1.58,50,29,A,1.5,
2026-07-12,2026-07-12T13:52:17,台灣運彩,823199,3477719.1,128,2026-07-13T04:05:00+08:00,科羅拉多洛磯,舊金山巨人,科羅拉多洛磯 @ 舊金山巨人,51444999.1,380,[1-5局] 科羅拉多落磯 大小 1.5,252843256.1,小 1.5,H,1.5,1.86,50,43,H,1.5,
2026-07-12,2026-07-12T13:52:17,台灣運彩,823199,3477719.1,128,2026-07-13T04:05:00+08:00,科羅拉多洛磯,舊金山巨人,科羅拉多洛磯 @ 舊金山巨人,51445001.1,389,[第1局] 不讓分,252843260.1,舊金山巨人,H,,2.65,20,33,H,,1
2026-07-12,2026-07-12T13:52:17,台灣運彩,823199,3477719.1,128,2026-07-13T04:05:00+08:00,科羅拉多洛磯,舊金山巨人,科羅拉多洛磯 @ 舊金山巨人,51445001.1,389,[第1局] 不讓分,252843262.1,科羅拉多落磯,A,,3.45,20,49,A,,2
2026-07-12,2026-07-12T13:52:17,台灣運彩,823199,3477719.1,128,2026-07-13T04:05:00+08:00,科羅拉多洛磯,舊金山巨人,科羅拉多洛磯 @ 舊金山巨人,51445001.1,389,[第1局] 不讓分,252843261.1,和局,D,,1.60,5,3,D,,
2026-07-12,2026-07-12T13:52:17,台灣運彩,823199,3477719.1,128,2026-07-13T04:05:00+08:00,科羅拉多洛磯,舊金山巨人,科羅拉多洛磯 @ 舊金山巨人,51445000.1,398,[第1局] 大小 0.5,252843259.1,大 0.5,A,0.5,1.65,20,13,A,0.5,
2026-07-12,2026-07-12T13:52:17,台灣運彩,823199,3477719.1,128,2026-07-13T04:05:00+08:00,科羅拉多洛磯,舊金山巨人,科羅拉多洛磯 @ 舊金山巨人,51445000.1,398,[第1局] 大小 0.5,252843258.1,小 0.5,H,0.5,1.68,25,17,H,0.5,
2026-07-12,2026-07-12T13:52:17,台灣運彩,823274,3477722.1,131,2026-07-13T04:10:00+08:00,多倫多藍鳥,聖地牙哥教士,多倫多藍鳥 @ 聖地牙哥教士,51444526.1,354,不讓分,252841879.1,聖地牙哥教士,H,,1.90,10,9,H,,1
2026-07-12,2026-07-12T13:52:17,台灣運彩,823274,3477722.1,131,2026-07-13T04:10:00+08:00,多倫多藍鳥,聖地牙哥教士,多倫多藍鳥 @ 聖地牙哥教士,51444526.1,354,不讓分,252841880.1,多倫多藍鳥,A,,1.60,5,3,A,,2
2026-07-12,2026-07-12T13:52:17,台灣運彩,823274,3477722.1,131,2026-07-13T04:10:00+08:00,多倫多藍鳥,聖地牙哥教士,多倫多藍鳥 @ 聖地牙哥教士,51444535.1,357,勝分差,252841900.1,多倫多藍鳥 1 分,A,,5.40,5,22,A,,
2026-07-12,2026-07-12T13:52:17,台灣運彩,823274,3477722.1,131,2026-07-13T04:10:00+08:00,多倫多藍鳥,聖地牙哥教士,多倫多藍鳥 @ 聖地牙哥教士,51444535.1,357,勝分差,252841901.1,多倫多藍鳥 2 分,A,,6.75,4,23,A,,
2026-07-12,2026-07-12T13:52:17,台灣運彩,823274,3477722.1,131,2026-07-13T04:10:00+08:00,多倫多藍鳥,聖地牙哥教士,多倫多藍鳥 @ 聖地牙哥教士,51444535.1,357,勝分差,252841902.1,多倫多藍鳥 > 2分,A,,2.30,10,13,A,,
2026-07-12,2026-07-12T13:52:17,台灣運彩,823274,3477722.1,131,2026-07-13T04:10:00+08:00,多倫多藍鳥,聖地牙哥教士,多倫多藍鳥 @ 聖地牙哥教士,51444535.1,357,勝分差,252841897.1,聖地牙哥教士 1 分,H,,4.20,5,16,H,,
2026-07-12,2026-07-12T13:52:17,台灣運彩,823274,3477722.1,131,2026-07-13T04:10:00+08:00,多倫多藍鳥,聖地牙哥教士,多倫多藍鳥 @ 聖地牙哥教士,51444535.1,357,勝分差,252841898.1,聖地牙哥教士 2 分,H,,7.75,4,27,H,,
2026-07-12,2026-07-12T13:52:17,台灣運彩,823274,3477722.1,131,2026-07-13T04:10:00+08:00,多倫多藍鳥,聖地牙哥教士,多倫多藍鳥 @ 聖地牙哥教士,51444535.1,357,勝分差,252841899.1,聖地牙哥教士 > 2分,H,,3.15,20,43,H,,
2026-07-12,2026-07-12T13:52:17,台灣運彩,823274,3477722.1,131,2026-07-13T04:10:00+08:00,多倫多藍鳥,聖地牙哥教士,多倫多藍鳥 @ 聖地牙哥教士,51444533.1,358,讓分 2.5,252841893.1,聖地牙哥教士 +2.5,H,2.5,1.35,20,7,H,2.5,1
2026-07-12,2026-07-12T13:52:17,台灣運彩,823274,3477722.1,131,2026-07-13T04:10:00+08:00,多倫多藍鳥,聖地牙哥教士,多倫多藍鳥 @ 聖地牙哥教士,51444533.1,358,讓分 2.5,252841894.1,多倫多藍鳥 -2.5,A,2.5,2.45,20,29,A,2.5,2
2026-07-12,2026-07-12T13:52:17,台灣運彩,823274,3477722.1,131,2026-07-13T04:10:00+08:00,多倫多藍鳥,聖地牙哥教士,多倫多藍鳥 @ 聖地牙哥教士,51444534.1,358,讓分 1.5,252841895.1,聖地牙哥教士 +1.5,H,1.5,1.55,20,11,H,1.5,1
2026-07-12,2026-07-12T13:52:17,台灣運彩,823274,3477722.1,131,2026-07-13T04:10:00+08:00,多倫多藍鳥,聖地牙哥教士,多倫多藍鳥 @ 聖地牙哥教士,51444534.1,358,讓分 1.5,252841896.1,多倫多藍鳥 -1.5,A,1.5,1.95,20,19,A,1.5,2
2026-07-12,2026-07-12T13:52:17,台灣運彩,823274,3477722.1,131,2026-07-13T04:10:00+08:00,多倫多藍鳥,聖地牙哥教士,多倫多藍鳥 @ 聖地牙哥教士,51444528.1,360,[總分]大小 9.5,252841884.1,大 9.5,A,9.5,2.10,10,11,A,9.5,
2026-07-12,2026-07-12T13:52:17,台灣運彩,823274,3477722.1,131,2026-07-13T04:10:00+08:00,多倫多藍鳥,聖地牙哥教士,多倫多藍鳥 @ 聖地牙哥教士,51444528.1,360,[總分]大小 9.5,252841883.1,小 9.5,H,9.5,1.45,20,9,H,9.5,
2026-07-12,2026-07-12T13:52:17,台灣運彩,823274,3477722.1,131,2026-07-13T04:10:00+08:00,多倫多藍鳥,聖地牙哥教士,多倫多藍鳥 @ 聖地牙哥教士,51444531.1,360,[總分]大小 7.5,252841890.1,大 7.5,A,7.5,1.56,25,14,A,7.5,
2026-07-12,2026-07-12T13:52:17,台灣運彩,823274,3477722.1,131,2026-07-13T04:10:00+08:00,多倫多藍鳥,聖地牙哥教士,多倫多藍鳥 @ 聖地牙哥教士,51444531.1,360,[總分]大小 7.5,252841889.1,小 7.5,H,7.5,1.94,50,47,H,7.5,
2026-07-12,2026-07-12T13:52:17,台灣運彩,823274,3477722.1,131,2026-07-13T04:10:00+08:00,多倫多藍鳥,聖地牙哥教士,多倫多藍鳥 @ 聖地牙哥教士,51444532.1,360,[總分]大小 8.5,252841892.1,大 8.5,A,8.5,1.78,50,39,A,8.5,
2026-07-12,2026-07-12T13:52:17,台灣運彩,823274,3477722.1,131,2026-07-13T04:10:00+08:00,多倫多藍鳥,聖地牙哥教士,多倫多藍鳥 @ 聖地牙哥教士,51444532.1,360,[總分]大小 8.5,252841891.1,小 8.5,H,8.5,1.72,25,18,H,8.5,
2026-07-12,2026-07-12T13:52:17,台灣運彩,823274,3477722.1,131,2026-07-13T04:10:00+08:00,多倫多藍鳥,聖地牙哥教士,多倫多藍鳥 @ 聖地牙哥教士,51444527.1,362,聖地牙哥教士 大小 3.5,252841882.1,大 3.5,A,3.5,1.66,50,33,A,3.5,
2026-07-12,2026-07-12T13:52:17,台灣運彩,823274,3477722.1,131,2026-07-13T04:10:00+08:00,多倫多藍鳥,聖地牙哥教士,多倫多藍鳥 @ 聖地牙哥教士,51444527.1,362,聖地牙哥教士 大小 3.5,252841881.1,小 3.5,H,3.5,1.76,25,19,H,3.5,
2026-07-12,2026-07-12T13:52:17,台灣運彩,823274,3477722.1,131,2026-07-13T04:10:00+08:00,多倫多藍鳥,聖地牙哥教士,多倫多藍鳥 @ 聖地牙哥教士,51444529.1,363,多倫多藍鳥 大小 4.5,252841886.1,大 4.5,A,4.5,1.82,50,41,A,4.5,
2026-07-12,2026-07-12T13:52:17,台灣運彩,823274,3477722.1,131,2026-07-13T04:10:00+08:00,多倫多藍鳥,聖地牙哥教士,多倫多藍鳥 @ 聖地牙哥教士,51444529.1,363,多倫多藍鳥 大小 4.5,252841885.1,小 4.5,H,4.5,1.62,50,31,H,4.5,
2026-07-12,2026-07-12T13:52:17,台灣運彩,823274,3477722.1,131,2026-07-13T04:10:00+08:00,多倫多藍鳥,聖地牙哥教士,多倫多藍鳥 @ 聖地牙哥教士,51444525.1,366,[總分]單雙,252841878.1,單,,,1.48,25,12,,,
2026-07-12,2026-07-12T13:52:17,台灣運彩,823274,3477722.1,131,2026-07-13T04:10:00+08:00,多倫多藍鳥,聖地牙哥教士,多倫多藍鳥 @ 聖地牙哥教士,51444525.1,366,[總分]單雙,252841877.1,雙,,,2.00,1,1,,,
2026-07-12,2026-07-12T13:52:17,台灣運彩,823274,3477722.1,131,2026-07-13T04:10:00+08:00,多倫多藍鳥,聖地牙哥教士,多倫多藍鳥 @ 聖地牙哥教士,51445010.1,374,得分最高單局(不含延長賽),252843299.1,一樣多,,,2.25,4,5,,,
2026-07-12,2026-07-12T13:52:17,台灣運彩,823274,3477722.1,131,2026-07-13T04:10:00+08:00,多倫多藍鳥,聖地牙哥教士,多倫多藍鳥 @ 聖地牙哥教士,51445010.1,374,得分最高單局(不含延長賽),252843290.1,第1局,,,5.20,5,21,,,
2026-07-12,2026-07-12T13:52:17,台灣運彩,823274,3477722.1,131,2026-07-13T04:10:00+08:00,多倫多藍鳥,聖地牙哥教士,多倫多藍鳥 @ 聖地牙哥教士,51445010.1,374,得分最高單局(不含延長賽),252843291.1,第2局,,,6.00,1,5,,,
2026-07-12,2026-07-12T13:52:17,台灣運彩,823274,3477722.1,131,2026-07-13T04:10:00+08:00,多倫多藍鳥,聖地牙哥教士,多倫多藍鳥 @ 聖地牙哥教士,51445010.1,374,得分最高單局(不含延長賽),252843292.1,第3局,,,5.50,2,9,,,
2026-07-12,2026-07-12T13:52:17,台灣運彩,823274,3477722.1,131,2026-07-13T04:10:00+08:00,多倫多藍鳥,聖地牙哥教士,多倫多藍鳥 @ 聖地牙哥教士,51445010.1,374,得分最高單局(不含延長賽),252843293.1,第4局,,,5.80,5,24,,,
2026-07-12,2026-07-12T13:52:17,台灣運彩,823274,3477722.1,131,2026-07-13T04:10:00+08:00,多倫多藍鳥,聖地牙哥教士,多倫多藍鳥 @ 聖地牙哥教士,51445010.1,374,得分最高單局(不含延長賽),252843294.1,第5局,,,5.65,20,93,,,
2026-07-12,2026-07-12T13:52:17,台灣運彩,823274,3477722.1,131,2026-07-13T04:10:00+08:00,多倫多藍鳥,聖地牙哥教士,多倫多藍鳥 @ 聖地牙哥教士,51445010.1,374,得分最高單局(不含延長賽),252843295.1,第6局,,,6.50,2,11,,,
2026-07-12,2026-07-12T13:52:17,台灣運彩,823274,3477722.1,131,2026-07-13T04:10:00+08:00,多倫多藍鳥,聖地牙哥教士,多倫多藍鳥 @ 聖地牙哥教士,51445010.1,374,得分最高單局(不含延長賽),252843296.1,第7局,,,6.75,4,23,,,
2026-07-12,2026-07-12T13:52:17,台灣運彩,823274,3477722.1,131,2026-07-13T04:10:00+08:00,多倫多藍鳥,聖地牙哥教士,多倫多藍鳥 @ 聖地牙哥教士,51445010.1,374,得分最高單局(不含延長賽),252843297.1,第8局,,,6.25,4,21,,,
2026-07-12,2026-07-12T13:52:17,台灣運彩,823274,3477722.1,131,2026-07-13T04:10:00+08:00,多倫多藍鳥,聖地牙哥教士,多倫多藍鳥 @ 聖地牙哥教士,51445010.1,374,得分最高單局(不含延長賽),252843298.1,第9局,,,8.00,1,7,,,
2026-07-12,2026-07-12T13:52:17,台灣運彩,823274,3477722.1,131,2026-07-13T04:10:00+08:00,多倫多藍鳥,聖地牙哥教士,多倫多藍鳥 @ 聖地牙哥教士,51445007.1,376,[1-5局] 不讓分,252843282.1,聖地牙哥教士,H,,1.95,20,19,H,,1
2026-07-12,2026-07-12T13:52:17,台灣運彩,823274,3477722.1,131,2026-07-13T04:10:00+08:00,多倫多藍鳥,聖地牙哥教士,多倫多藍鳥 @ 聖地牙哥教士,51445007.1,376,[1-5局] 不讓分,252843284.1,多倫多藍鳥,A,,1.75,4,3,A,,2
2026-07-12,2026-07-12T13:52:17,台灣運彩,823274,3477722.1,131,2026-07-13T04:10:00+08:00,多倫多藍鳥,聖地牙哥教士,多倫多藍鳥 @ 聖地牙哥教士,51445007.1,376,[1-5局] 不讓分,252843283.1,和局,D,,4.75,4,15,D,,
2026-07-12,2026-07-12T13:52:17,台灣運彩,823274,3477722.1,131,2026-07-13T04:10:00+08:00,多倫多藍鳥,聖地牙哥教士,多倫多藍鳥 @ 聖地牙哥教士,51445008.1,378,[1-5局] 大小 4.5,252843286.1,大 4.5,A,4.5,1.62,50,31,A,4.5,
2026-07-12,2026-07-12T13:52:17,台灣運彩,823274,3477722.1,131,2026-07-13T04:10:00+08:00,多倫多藍鳥,聖地牙哥教士,多倫多藍鳥 @ 聖地牙哥教士,51445008.1,378,[1-5局] 大小 4.5,252843285.1,小 4.5,H,4.5,1.71,100,71,H,4.5,
2026-07-12,2026-07-12T13:52:17,台灣運彩,823274,3477722.1,131,2026-07-13T04:10:00+08:00,多倫多藍鳥,聖地牙哥教士,多倫多藍鳥 @ 聖地牙哥教士,51445004.1,379,[1-5局] 聖地牙哥教士 大小 1.5,252843277.1,大 1.5,A,1.5,1.52,25,13,A,1.5,
2026-07-12,2026-07-12T13:52:17,台灣運彩,823274,3477722.1,131,2026-07-13T04:10:00+08:00,多倫多藍鳥,聖地牙哥教士,多倫多藍鳥 @ 聖地牙哥教士,51445004.1,379,[1-5局] 聖地牙哥教士 大小 1.5,252843276.1,小 1.5,H,1.5,1.94,50,47,H,1.5,
2026-07-12,2026-07-12T13:52:17,台灣運彩,823274,3477722.1,131,2026-07-13T04:10:00+08:00,多倫多藍鳥,聖地牙哥教士,多倫多藍鳥 @ 聖地牙哥教士,51445006.1,380,[1-5局] 多倫多藍鳥 大小 2.5,252843281.1,大 2.5,A,2.5,1.88,25,22,A,2.5,
2026-07-12,2026-07-12T13:52:17,台灣運彩,823274,3477722.1,131,2026-07-13T04:10:00+08:00,多倫多藍鳥,聖地牙哥教士,多倫多藍鳥 @ 聖地牙哥教士,51445006.1,380,[1-5局] 多倫多藍鳥 大小 2.5,252843280.1,小 2.5,H,2.5,1.56,25,14,H,2.5,
2026-07-12,2026-07-12T13:52:17,台灣運彩,823274,3477722.1,131,2026-07-13T04:10:00+08:00,多倫多藍鳥,聖地牙哥教士,多倫多藍鳥 @ 聖地牙哥教士,51445009.1,389,[第1局] 不讓分,252843287.1,聖地牙哥教士,H,,3.20,5,11,H,,1
2026-07-12,2026-07-12T13:52:17,台灣運彩,823274,3477722.1,131,2026-07-13T04:10:00+08:00,多倫多藍鳥,聖地牙哥教士,多倫多藍鳥 @ 聖地牙哥教士,51445009.1,389,[第1局] 不讓分,252843289.1,多倫多藍鳥,A,,2.90,10,19,A,,2
2026-07-12,2026-07-12T13:52:17,台灣運彩,823274,3477722.1,131,2026-07-13T04:10:00+08:00,多倫多藍鳥,聖地牙哥教士,多倫多藍鳥 @ 聖地牙哥教士,51445009.1,389,[第1局] 不讓分,252843288.1,和局,D,,1.55,20,11,D,,
2026-07-12,2026-07-12T13:52:17,台灣運彩,823274,3477722.1,131,2026-07-13T04:10:00+08:00,多倫多藍鳥,聖地牙哥教士,多倫多藍鳥 @ 聖地牙哥教士,51445005.1,398,[第1局] 大小 0.5,252843279.1,大 0.5,A,0.5,1.68,25,17,A,0.5,
2026-07-12,2026-07-12T13:52:17,台灣運彩,823274,3477722.1,131,2026-07-13T04:10:00+08:00,多倫多藍鳥,聖地牙哥教士,多倫多藍鳥 @ 聖地牙哥教士,51445005.1,398,[第1局] 大小 0.5,252843278.1,小 0.5,H,0.5,1.65,20,13,H,0.5,
