date,captured_at_tw,sportsbook,game_pk,official_event_id,event_no,kickoff_tw,away_zh,home_zh,matchup_zh,market_id,market_ti,market_name,selection_id,selection_name,selection_side,selection_line,odds_decimal,pd,pu,raw_v,raw_hv,raw_cn
2026-07-10,2026-07-10T13:51:18,台灣運彩,,3477469.1,103,2026-07-10T17:00:00+08:00,歐力士猛牛,羅德海洋,歐力士猛牛 @ 羅德海洋,51439417.1,354,不讓分,252826255.1,羅德海洋,H,,1.63,100,63,H,,1
2026-07-10,2026-07-10T13:51:18,台灣運彩,,3477469.1,103,2026-07-10T17:00:00+08:00,歐力士猛牛,羅德海洋,歐力士猛牛 @ 羅德海洋,51439417.1,354,不讓分,252826256.1,歐力士猛牛,A,,1.80,5,4,A,,2
2026-07-10,2026-07-10T13:51:18,台灣運彩,,3477469.1,103,2026-07-10T17:00:00+08:00,歐力士猛牛,羅德海洋,歐力士猛牛 @ 羅德海洋,51440406.1,358,讓分 -1.5,252828797.1,羅德海洋 -1.5,H,-1.5,2.28,25,32,H,-1.5,1
2026-07-10,2026-07-10T13:51:18,台灣運彩,,3477469.1,103,2026-07-10T17:00:00+08:00,歐力士猛牛,羅德海洋,歐力士猛牛 @ 羅德海洋,51440406.1,358,讓分 -1.5,252828798.1,歐力士猛牛 +1.5,A,-1.5,1.36,25,9,A,-1.5,2
2026-07-10,2026-07-10T13:51:18,台灣運彩,,3477469.1,103,2026-07-10T17:00:00+08:00,歐力士猛牛,羅德海洋,歐力士猛牛 @ 羅德海洋,51439422.1,360,[總分]大小 7.5,252826268.1,大 7.5,A,7.5,1.88,25,22,A,7.5,
2026-07-10,2026-07-10T13:51:18,台灣運彩,,3477469.1,103,2026-07-10T17:00:00+08:00,歐力士猛牛,羅德海洋,歐力士猛牛 @ 羅德海洋,51439422.1,360,[總分]大小 7.5,252826267.1,小 7.5,H,7.5,1.56,25,14,H,7.5,
2026-07-10,2026-07-10T13:51:18,台灣運彩,,3477469.1,103,2026-07-10T17:00:00+08:00,歐力士猛牛,羅德海洋,歐力士猛牛 @ 羅德海洋,51439421.1,362,羅德海洋 大小 3.5,252826266.1,大 3.5,A,3.5,1.73,100,73,A,3.5,
2026-07-10,2026-07-10T13:51:18,台灣運彩,,3477469.1,103,2026-07-10T17:00:00+08:00,歐力士猛牛,羅德海洋,歐力士猛牛 @ 羅德海洋,51439421.1,362,羅德海洋 大小 3.5,252826265.1,小 3.5,H,3.5,1.60,5,3,H,3.5,
2026-07-10,2026-07-10T13:51:18,台灣運彩,,3477469.1,103,2026-07-10T17:00:00+08:00,歐力士猛牛,羅德海洋,歐力士猛牛 @ 羅德海洋,51439420.1,363,歐力士猛牛 大小 3.5,252826264.1,大 3.5,A,3.5,1.82,50,41,A,3.5,
2026-07-10,2026-07-10T13:51:18,台灣運彩,,3477469.1,103,2026-07-10T17:00:00+08:00,歐力士猛牛,羅德海洋,歐力士猛牛 @ 羅德海洋,51439420.1,363,歐力士猛牛 大小 3.5,252826263.1,小 3.5,H,3.5,1.53,100,53,H,3.5,
2026-07-10,2026-07-10T13:51:18,台灣運彩,,3477469.1,103,2026-07-10T17:00:00+08:00,歐力士猛牛,羅德海洋,歐力士猛牛 @ 羅德海洋,51439415.1,366,[總分]單雙,252826252.1,單,,,1.50,2,1,,,
2026-07-10,2026-07-10T13:51:18,台灣運彩,,3477469.1,103,2026-07-10T17:00:00+08:00,歐力士猛牛,羅德海洋,歐力士猛牛 @ 羅德海洋,51439415.1,366,[總分]單雙,252826251.1,雙,,,1.96,25,24,,,
2026-07-10,2026-07-10T13:51:18,台灣運彩,,3477469.1,103,2026-07-10T17:00:00+08:00,歐力士猛牛,羅德海洋,歐力士猛牛 @ 羅德海洋,51439418.1,376,[1-5局] 不讓分,252826257.1,羅德海洋,H,,1.80,5,4,H,,1
2026-07-10,2026-07-10T13:51:18,台灣運彩,,3477469.1,103,2026-07-10T17:00:00+08:00,歐力士猛牛,羅德海洋,歐力士猛牛 @ 羅德海洋,51439418.1,376,[1-5局] 不讓分,252826259.1,歐力士猛牛,A,,2.00,1,1,A,,2
2026-07-10,2026-07-10T13:51:18,台灣運彩,,3477469.1,103,2026-07-10T17:00:00+08:00,歐力士猛牛,羅德海洋,歐力士猛牛 @ 羅德海洋,51439418.1,376,[1-5局] 不讓分,252826258.1,和局,D,,4.15,20,63,D,,
2026-07-10,2026-07-10T13:51:18,台灣運彩,,3477469.1,103,2026-07-10T17:00:00+08:00,歐力士猛牛,羅德海洋,歐力士猛牛 @ 羅德海洋,51439868.1,378,[1-5局] 大小 3.5,252827481.1,大 3.5,A,3.5,1.60,5,3,A,3.5,
2026-07-10,2026-07-10T13:51:18,台灣運彩,,3477469.1,103,2026-07-10T17:00:00+08:00,歐力士猛牛,羅德海洋,歐力士猛牛 @ 羅德海洋,51439868.1,378,[1-5局] 大小 3.5,252827480.1,小 3.5,H,3.5,1.73,100,73,H,3.5,
2026-07-10,2026-07-10T13:51:18,台灣運彩,,3477469.1,103,2026-07-10T17:00:00+08:00,歐力士猛牛,羅德海洋,歐力士猛牛 @ 羅德海洋,51439419.1,389,[第1局] 不讓分,252826260.1,羅德海洋,H,,3.10,10,21,H,,1
2026-07-10,2026-07-10T13:51:18,台灣運彩,,3477469.1,103,2026-07-10T17:00:00+08:00,歐力士猛牛,羅德海洋,歐力士猛牛 @ 羅德海洋,51439419.1,389,[第1局] 不讓分,252826262.1,歐力士猛牛,A,,3.60,5,13,A,,2
2026-07-10,2026-07-10T13:51:18,台灣運彩,,3477469.1,103,2026-07-10T17:00:00+08:00,歐力士猛牛,羅德海洋,歐力士猛牛 @ 羅德海洋,51439419.1,389,[第1局] 不讓分,252826261.1,和局,D,,1.45,20,9,D,,
2026-07-10,2026-07-10T13:51:18,台灣運彩,,3477470.1,108,2026-07-10T17:00:00+08:00,樂天金鷲,福岡軟銀鷹,樂天金鷲 @ 福岡軟銀鷹,51439428.1,354,不讓分,252826275.1,福岡軟銀鷹,H,,1.33,100,33,H,,1
2026-07-10,2026-07-10T13:51:18,台灣運彩,,3477470.1,108,2026-07-10T17:00:00+08:00,樂天金鷲,福岡軟銀鷹,樂天金鷲 @ 福岡軟銀鷹,51439428.1,354,不讓分,252826278.1,樂天金鷲,A,,2.35,20,27,A,,2
2026-07-10,2026-07-10T13:51:18,台灣運彩,,3477470.1,108,2026-07-10T17:00:00+08:00,樂天金鷲,福岡軟銀鷹,樂天金鷲 @ 福岡軟銀鷹,51439438.1,358,讓分 -1.5,252826302.1,福岡軟銀鷹 -1.5,H,-1.5,1.82,50,41,H,-1.5,1
2026-07-10,2026-07-10T13:51:18,台灣運彩,,3477470.1,108,2026-07-10T17:00:00+08:00,樂天金鷲,福岡軟銀鷹,樂天金鷲 @ 福岡軟銀鷹,51439438.1,358,讓分 -1.5,252826304.1,樂天金鷲 +1.5,A,-1.5,1.62,50,31,A,-1.5,2
2026-07-10,2026-07-10T13:51:18,台灣運彩,,3477470.1,108,2026-07-10T17:00:00+08:00,樂天金鷲,福岡軟銀鷹,樂天金鷲 @ 福岡軟銀鷹,51439435.1,360,[總分]大小 6.5,252826297.1,大 6.5,A,6.5,1.66,50,33,A,6.5,
2026-07-10,2026-07-10T13:51:18,台灣運彩,,3477470.1,108,2026-07-10T17:00:00+08:00,樂天金鷲,福岡軟銀鷹,樂天金鷲 @ 福岡軟銀鷹,51439435.1,360,[總分]大小 6.5,252826294.1,小 6.5,H,6.5,1.76,25,19,H,6.5,
2026-07-10,2026-07-10T13:51:18,台灣運彩,,3477470.1,108,2026-07-10T17:00:00+08:00,樂天金鷲,福岡軟銀鷹,樂天金鷲 @ 福岡軟銀鷹,51439425.1,362,福岡軟銀鷹 大小 3.5,252826274.1,大 3.5,A,3.5,1.60,5,3,A,3.5,
2026-07-10,2026-07-10T13:51:18,台灣運彩,,3477470.1,108,2026-07-10T17:00:00+08:00,樂天金鷲,福岡軟銀鷹,樂天金鷲 @ 福岡軟銀鷹,51439425.1,362,福岡軟銀鷹 大小 3.5,252826272.1,小 3.5,H,3.5,1.73,100,73,H,3.5,
2026-07-10,2026-07-10T13:51:18,台灣運彩,,3477470.1,108,2026-07-10T17:00:00+08:00,樂天金鷲,福岡軟銀鷹,樂天金鷲 @ 福岡軟銀鷹,51439429.1,363,樂天金鷲 大小 2.5,252826283.1,大 2.5,A,2.5,1.78,50,39,A,2.5,
2026-07-10,2026-07-10T13:51:18,台灣運彩,,3477470.1,108,2026-07-10T17:00:00+08:00,樂天金鷲,福岡軟銀鷹,樂天金鷲 @ 福岡軟銀鷹,51439429.1,363,樂天金鷲 大小 2.5,252826281.1,小 2.5,H,2.5,1.56,25,14,H,2.5,
2026-07-10,2026-07-10T13:51:18,台灣運彩,,3477470.1,108,2026-07-10T17:00:00+08:00,樂天金鷲,福岡軟銀鷹,樂天金鷲 @ 福岡軟銀鷹,51439423.1,366,[總分]單雙,252826270.1,單,,,1.50,2,1,,,
2026-07-10,2026-07-10T13:51:18,台灣運彩,,3477470.1,108,2026-07-10T17:00:00+08:00,樂天金鷲,福岡軟銀鷹,樂天金鷲 @ 福岡軟銀鷹,51439423.1,366,[總分]單雙,252826269.1,雙,,,1.96,25,24,,,
2026-07-10,2026-07-10T13:51:18,台灣運彩,,3477470.1,108,2026-07-10T17:00:00+08:00,樂天金鷲,福岡軟銀鷹,樂天金鷲 @ 福岡軟銀鷹,51439432.1,376,[1-5局] 不讓分,252826286.1,福岡軟銀鷹,H,,1.50,2,1,H,,1
2026-07-10,2026-07-10T13:51:18,台灣運彩,,3477470.1,108,2026-07-10T17:00:00+08:00,樂天金鷲,福岡軟銀鷹,樂天金鷲 @ 福岡軟銀鷹,51439432.1,376,[1-5局] 不讓分,252826291.1,樂天金鷲,A,,2.55,20,31,A,,2
2026-07-10,2026-07-10T13:51:18,台灣運彩,,3477470.1,108,2026-07-10T17:00:00+08:00,樂天金鷲,福岡軟銀鷹,樂天金鷲 @ 福岡軟銀鷹,51439432.1,376,[1-5局] 不讓分,252826289.1,和局,D,,4.05,20,61,D,,
2026-07-10,2026-07-10T13:51:18,台灣運彩,,3477470.1,108,2026-07-10T17:00:00+08:00,樂天金鷲,福岡軟銀鷹,樂天金鷲 @ 福岡軟銀鷹,51439887.1,378,[1-5局] 大小 3.5,252827533.1,大 3.5,A,3.5,1.73,100,73,A,3.5,
2026-07-10,2026-07-10T13:51:18,台灣運彩,,3477470.1,108,2026-07-10T17:00:00+08:00,樂天金鷲,福岡軟銀鷹,樂天金鷲 @ 福岡軟銀鷹,51439887.1,378,[1-5局] 大小 3.5,252827532.1,小 3.5,H,3.5,1.60,5,3,H,3.5,
2026-07-10,2026-07-10T13:51:18,台灣運彩,,3477470.1,108,2026-07-10T17:00:00+08:00,樂天金鷲,福岡軟銀鷹,樂天金鷲 @ 福岡軟銀鷹,51439440.1,389,[第1局] 不讓分,252826307.1,福岡軟銀鷹,H,,2.70,10,17,H,,1
2026-07-10,2026-07-10T13:51:18,台灣運彩,,3477470.1,108,2026-07-10T17:00:00+08:00,樂天金鷲,福岡軟銀鷹,樂天金鷲 @ 福岡軟銀鷹,51439440.1,389,[第1局] 不讓分,252826312.1,樂天金鷲,A,,4.45,20,69,A,,2
2026-07-10,2026-07-10T13:51:18,台灣運彩,,3477470.1,108,2026-07-10T17:00:00+08:00,樂天金鷲,福岡軟銀鷹,樂天金鷲 @ 福岡軟銀鷹,51439440.1,389,[第1局] 不讓分,252826310.1,和局,D,,1.40,5,2,D,,
2026-07-10,2026-07-10T13:51:18,台灣運彩,,3477471.1,109,2026-07-10T17:00:00+08:00,西武獅,日本火腿鬥士,西武獅 @ 日本火腿鬥士,51439441.1,354,不讓分,252826308.1,日本火腿鬥士,H,,1.43,100,43,H,,1
2026-07-10,2026-07-10T13:51:18,台灣運彩,,3477471.1,109,2026-07-10T17:00:00+08:00,西武獅,日本火腿鬥士,西武獅 @ 日本火腿鬥士,51439441.1,354,不讓分,252826311.1,西武獅,A,,2.10,10,11,A,,2
2026-07-10,2026-07-10T13:51:18,台灣運彩,,3477471.1,109,2026-07-10T17:00:00+08:00,西武獅,日本火腿鬥士,西武獅 @ 日本火腿鬥士,51439444.1,358,讓分 -1.5,252826315.1,日本火腿鬥士 -1.5,H,-1.5,1.86,50,43,H,-1.5,1
2026-07-10,2026-07-10T13:51:18,台灣運彩,,3477471.1,109,2026-07-10T17:00:00+08:00,西武獅,日本火腿鬥士,西武獅 @ 日本火腿鬥士,51439444.1,358,讓分 -1.5,252826317.1,西武獅 +1.5,A,-1.5,1.58,50,29,A,-1.5,2
2026-07-10,2026-07-10T13:51:18,台灣運彩,,3477471.1,109,2026-07-10T17:00:00+08:00,西武獅,日本火腿鬥士,西武獅 @ 日本火腿鬥士,51439427.1,360,[總分]大小 7.5,252826279.1,大 7.5,A,7.5,1.85,20,17,A,7.5,
2026-07-10,2026-07-10T13:51:18,台灣運彩,,3477471.1,109,2026-07-10T17:00:00+08:00,西武獅,日本火腿鬥士,西武獅 @ 日本火腿鬥士,51439427.1,360,[總分]大小 7.5,252826276.1,小 7.5,H,7.5,1.60,5,3,H,7.5,
2026-07-10,2026-07-10T13:51:18,台灣運彩,,3477471.1,109,2026-07-10T17:00:00+08:00,西武獅,日本火腿鬥士,西武獅 @ 日本火腿鬥士,51439430.1,362,日本火腿鬥士 大小 3.5,252826284.1,大 3.5,A,3.5,1.40,5,2,A,3.5,
2026-07-10,2026-07-10T13:51:18,台灣運彩,,3477471.1,109,2026-07-10T17:00:00+08:00,西武獅,日本火腿鬥士,西武獅 @ 日本火腿鬥士,51439430.1,362,日本火腿鬥士 大小 3.5,252826282.1,小 3.5,H,3.5,2.05,20,21,H,3.5,
2026-07-10,2026-07-10T13:51:18,台灣運彩,,3477471.1,109,2026-07-10T17:00:00+08:00,西武獅,日本火腿鬥士,西武獅 @ 日本火腿鬥士,51439446.1,363,西武獅 大小 2.5,252826322.1,大 2.5,A,2.5,1.36,25,9,A,2.5,
2026-07-10,2026-07-10T13:51:18,台灣運彩,,3477471.1,109,2026-07-10T17:00:00+08:00,西武獅,日本火腿鬥士,西武獅 @ 日本火腿鬥士,51439446.1,363,西武獅 大小 2.5,252826320.1,小 2.5,H,2.5,2.15,20,23,H,2.5,
2026-07-10,2026-07-10T13:51:18,台灣運彩,,3477471.1,109,2026-07-10T17:00:00+08:00,西武獅,日本火腿鬥士,西武獅 @ 日本火腿鬥士,51439424.1,366,[總分]單雙,252826273.1,單,,,1.52,25,13,,,
2026-07-10,2026-07-10T13:51:18,台灣運彩,,3477471.1,109,2026-07-10T17:00:00+08:00,西武獅,日本火腿鬥士,西武獅 @ 日本火腿鬥士,51439424.1,366,[總分]單雙,252826271.1,雙,,,1.94,50,47,,,
2026-07-10,2026-07-10T13:51:18,台灣運彩,,3477471.1,109,2026-07-10T17:00:00+08:00,西武獅,日本火腿鬥士,西武獅 @ 日本火腿鬥士,51439433.1,376,[1-5局] 不讓分,252826288.1,日本火腿鬥士,H,,1.60,5,3,H,,1
2026-07-10,2026-07-10T13:51:18,台灣運彩,,3477471.1,109,2026-07-10T17:00:00+08:00,西武獅,日本火腿鬥士,西武獅 @ 日本火腿鬥士,51439433.1,376,[1-5局] 不讓分,252826292.1,西武獅,A,,2.30,10,13,A,,2
2026-07-10,2026-07-10T13:51:18,台灣運彩,,3477471.1,109,2026-07-10T17:00:00+08:00,西武獅,日本火腿鬥士,西武獅 @ 日本火腿鬥士,51439433.1,376,[1-5局] 不讓分,252826290.1,和局,D,,4.25,4,13,D,,
2026-07-10,2026-07-10T13:51:18,台灣運彩,,3477471.1,109,2026-07-10T17:00:00+08:00,西武獅,日本火腿鬥士,西武獅 @ 日本火腿鬥士,51439888.1,378,[1-5局] 大小 3.5,252827535.1,大 3.5,A,3.5,1.52,25,13,A,3.5,
2026-07-10,2026-07-10T13:51:18,台灣運彩,,3477471.1,109,2026-07-10T17:00:00+08:00,西武獅,日本火腿鬥士,西武獅 @ 日本火腿鬥士,51439888.1,378,[1-5局] 大小 3.5,252827534.1,小 3.5,H,3.5,1.83,100,83,H,3.5,
2026-07-10,2026-07-10T13:51:18,台灣運彩,,3477471.1,109,2026-07-10T17:00:00+08:00,西武獅,日本火腿鬥士,西武獅 @ 日本火腿鬥士,51439436.1,389,[第1局] 不讓分,252826296.1,日本火腿鬥士,H,,2.75,4,7,H,,1
2026-07-10,2026-07-10T13:51:18,台灣運彩,,3477471.1,109,2026-07-10T17:00:00+08:00,西武獅,日本火腿鬥士,西武獅 @ 日本火腿鬥士,51439436.1,389,[第1局] 不讓分,252826299.1,西武獅,A,,3.95,20,59,A,,2
2026-07-10,2026-07-10T13:51:18,台灣運彩,,3477471.1,109,2026-07-10T17:00:00+08:00,西武獅,日本火腿鬥士,西武獅 @ 日本火腿鬥士,51439436.1,389,[第1局] 不讓分,252826298.1,和局,D,,1.45,20,9,D,,
2026-07-10,2026-07-10T13:51:18,台灣運彩,,3477472.1,110,2026-07-10T17:00:00+08:00,養樂多燕子,阪神虎,養樂多燕子 @ 阪神虎,51439439.1,354,不讓分,252826305.1,阪神虎,H,,1.52,25,13,H,,1
2026-07-10,2026-07-10T13:51:18,台灣運彩,,3477472.1,110,2026-07-10T17:00:00+08:00,養樂多燕子,阪神虎,養樂多燕子 @ 阪神虎,51439439.1,354,不讓分,252826306.1,養樂多燕子,A,,1.94,50,47,A,,2
2026-07-10,2026-07-10T13:51:18,台灣運彩,,3477472.1,110,2026-07-10T17:00:00+08:00,養樂多燕子,阪神虎,養樂多燕子 @ 阪神虎,51439443.1,358,讓分 -1.5,252826314.1,阪神虎 -1.5,H,-1.5,2.25,4,5,H,-1.5,1
2026-07-10,2026-07-10T13:51:18,台灣運彩,,3477472.1,110,2026-07-10T17:00:00+08:00,養樂多燕子,阪神虎,養樂多燕子 @ 阪神虎,51439443.1,358,讓分 -1.5,252826316.1,養樂多燕子 +1.5,A,-1.5,1.38,50,19,A,-1.5,2
2026-07-10,2026-07-10T13:51:18,台灣運彩,,3477472.1,110,2026-07-10T17:00:00+08:00,養樂多燕子,阪神虎,養樂多燕子 @ 阪神虎,51439434.1,360,[總分]大小 5.5,252826295.1,大 5.5,A,5.5,1.70,10,7,A,5.5,
2026-07-10,2026-07-10T13:51:18,台灣運彩,,3477472.1,110,2026-07-10T17:00:00+08:00,養樂多燕子,阪神虎,養樂多燕子 @ 阪神虎,51439434.1,360,[總分]大小 5.5,252826293.1,小 5.5,H,5.5,1.73,100,73,H,5.5,
2026-07-10,2026-07-10T13:51:18,台灣運彩,,3477472.1,110,2026-07-10T17:00:00+08:00,養樂多燕子,阪神虎,養樂多燕子 @ 阪神虎,51439442.1,362,阪神虎 大小 2.5,252826313.1,大 2.5,A,2.5,1.56,25,14,A,2.5,
2026-07-10,2026-07-10T13:51:18,台灣運彩,,3477472.1,110,2026-07-10T17:00:00+08:00,養樂多燕子,阪神虎,養樂多燕子 @ 阪神虎,51439442.1,362,阪神虎 大小 2.5,252826309.1,小 2.5,H,2.5,1.78,50,39,H,2.5,
2026-07-10,2026-07-10T13:51:18,台灣運彩,,3477472.1,110,2026-07-10T17:00:00+08:00,養樂多燕子,阪神虎,養樂多燕子 @ 阪神虎,51439431.1,363,養樂多燕子 大小 2.5,252826287.1,大 2.5,A,2.5,1.78,50,39,A,2.5,
2026-07-10,2026-07-10T13:51:18,台灣運彩,,3477472.1,110,2026-07-10T17:00:00+08:00,養樂多燕子,阪神虎,養樂多燕子 @ 阪神虎,51439431.1,363,養樂多燕子 大小 2.5,252826285.1,小 2.5,H,2.5,1.56,25,14,H,2.5,
2026-07-10,2026-07-10T13:51:18,台灣運彩,,3477472.1,110,2026-07-10T17:00:00+08:00,養樂多燕子,阪神虎,養樂多燕子 @ 阪神虎,51439426.1,366,[總分]單雙,252826280.1,單,,,1.50,2,1,,,
2026-07-10,2026-07-10T13:51:18,台灣運彩,,3477472.1,110,2026-07-10T17:00:00+08:00,養樂多燕子,阪神虎,養樂多燕子 @ 阪神虎,51439426.1,366,[總分]單雙,252826277.1,雙,,,1.96,25,24,,,
2026-07-10,2026-07-10T13:51:18,台灣運彩,,3477472.1,110,2026-07-10T17:00:00+08:00,養樂多燕子,阪神虎,養樂多燕子 @ 阪神虎,51439445.1,376,[1-5局] 不讓分,252826318.1,阪神虎,H,,1.80,5,4,H,,1
2026-07-10,2026-07-10T13:51:18,台灣運彩,,3477472.1,110,2026-07-10T17:00:00+08:00,養樂多燕子,阪神虎,養樂多燕子 @ 阪神虎,51439445.1,376,[1-5局] 不讓分,252826321.1,養樂多燕子,A,,2.25,4,5,A,,2
2026-07-10,2026-07-10T13:51:18,台灣運彩,,3477472.1,110,2026-07-10T17:00:00+08:00,養樂多燕子,阪神虎,養樂多燕子 @ 阪神虎,51439445.1,376,[1-5局] 不讓分,252826319.1,和局,D,,3.40,5,12,D,,
2026-07-10,2026-07-10T13:51:18,台灣運彩,,3477472.1,110,2026-07-10T17:00:00+08:00,養樂多燕子,阪神虎,養樂多燕子 @ 阪神虎,51439865.1,378,[1-5局] 大小 2.5,252827473.1,大 2.5,A,2.5,1.50,2,1,A,2.5,
2026-07-10,2026-07-10T13:51:18,台灣運彩,,3477472.1,110,2026-07-10T17:00:00+08:00,養樂多燕子,阪神虎,養樂多燕子 @ 阪神虎,51439865.1,378,[1-5局] 大小 2.5,252827472.1,小 2.5,H,2.5,1.85,20,17,H,2.5,
2026-07-10,2026-07-10T13:51:18,台灣運彩,,3477472.1,110,2026-07-10T17:00:00+08:00,養樂多燕子,阪神虎,養樂多燕子 @ 阪神虎,51439437.1,389,[第1局] 不讓分,252826300.1,阪神虎,H,,3.30,10,23,H,,1
2026-07-10,2026-07-10T13:51:18,台灣運彩,,3477472.1,110,2026-07-10T17:00:00+08:00,養樂多燕子,阪神虎,養樂多燕子 @ 阪神虎,51439437.1,389,[第1局] 不讓分,252826303.1,養樂多燕子,A,,4.10,10,31,A,,2
2026-07-10,2026-07-10T13:51:18,台灣運彩,,3477472.1,110,2026-07-10T17:00:00+08:00,養樂多燕子,阪神虎,養樂多燕子 @ 阪神虎,51439437.1,389,[第1局] 不讓分,252826301.1,和局,D,,1.35,20,7,D,,
2026-07-10,2026-07-10T13:51:18,台灣運彩,,3477473.1,111,2026-07-10T17:00:00+08:00,廣島東洋鯉魚,中日龍,廣島東洋鯉魚 @ 中日龍,51439447.1,354,不讓分,252826323.1,中日龍,H,,1.46,50,23,H,,1
2026-07-10,2026-07-10T13:51:18,台灣運彩,,3477473.1,111,2026-07-10T17:00:00+08:00,廣島東洋鯉魚,中日龍,廣島東洋鯉魚 @ 中日龍,51439447.1,354,不讓分,252826324.1,廣島東洋鯉魚,A,,2.05,20,21,A,,2
2026-07-10,2026-07-10T13:51:18,台灣運彩,,3477473.1,111,2026-07-10T17:00:00+08:00,廣島東洋鯉魚,中日龍,廣島東洋鯉魚 @ 中日龍,51439448.1,358,讓分 -1.5,252826325.1,中日龍 -1.5,H,-1.5,2.07,100,107,H,-1.5,1
2026-07-10,2026-07-10T13:51:18,台灣運彩,,3477473.1,111,2026-07-10T17:00:00+08:00,廣島東洋鯉魚,中日龍,廣島東洋鯉魚 @ 中日龍,51439448.1,358,讓分 -1.5,252826326.1,廣島東洋鯉魚 +1.5,A,-1.5,1.45,20,9,A,-1.5,2
2026-07-10,2026-07-10T13:51:18,台灣運彩,,3477473.1,111,2026-07-10T17:00:00+08:00,廣島東洋鯉魚,中日龍,廣島東洋鯉魚 @ 中日龍,51439453.1,360,[總分]大小 6.5,252826337.1,大 6.5,A,6.5,1.82,50,41,A,6.5,
2026-07-10,2026-07-10T13:51:18,台灣運彩,,3477473.1,111,2026-07-10T17:00:00+08:00,廣島東洋鯉魚,中日龍,廣島東洋鯉魚 @ 中日龍,51439453.1,360,[總分]大小 6.5,252826336.1,小 6.5,H,6.5,1.62,50,31,H,6.5,
2026-07-10,2026-07-10T13:51:18,台灣運彩,,3477473.1,111,2026-07-10T17:00:00+08:00,廣島東洋鯉魚,中日龍,廣島東洋鯉魚 @ 中日龍,51439452.1,362,中日龍 大小 3.5,252826335.1,大 3.5,A,3.5,1.85,20,17,A,3.5,
2026-07-10,2026-07-10T13:51:18,台灣運彩,,3477473.1,111,2026-07-10T17:00:00+08:00,廣島東洋鯉魚,中日龍,廣島東洋鯉魚 @ 中日龍,51439452.1,362,中日龍 大小 3.5,252826334.1,小 3.5,H,3.5,1.50,2,1,H,3.5,
2026-07-10,2026-07-10T13:51:18,台灣運彩,,3477473.1,111,2026-07-10T17:00:00+08:00,廣島東洋鯉魚,中日龍,廣島東洋鯉魚 @ 中日龍,51439449.1,363,廣島東洋鯉魚 大小 2.5,252826328.1,大 2.5,A,2.5,1.73,100,73,A,2.5,
2026-07-10,2026-07-10T13:51:18,台灣運彩,,3477473.1,111,2026-07-10T17:00:00+08:00,廣島東洋鯉魚,中日龍,廣島東洋鯉魚 @ 中日龍,51439449.1,363,廣島東洋鯉魚 大小 2.5,252826327.1,小 2.5,H,2.5,1.60,5,3,H,2.5,
2026-07-10,2026-07-10T13:51:18,台灣運彩,,3477473.1,111,2026-07-10T17:00:00+08:00,廣島東洋鯉魚,中日龍,廣島東洋鯉魚 @ 中日龍,51439451.1,366,[總分]單雙,252826333.1,單,,,1.50,2,1,,,
2026-07-10,2026-07-10T13:51:18,台灣運彩,,3477473.1,111,2026-07-10T17:00:00+08:00,廣島東洋鯉魚,中日龍,廣島東洋鯉魚 @ 中日龍,51439451.1,366,[總分]單雙,252826332.1,雙,,,1.96,25,24,,,
2026-07-10,2026-07-10T13:51:18,台灣運彩,,3477473.1,111,2026-07-10T17:00:00+08:00,廣島東洋鯉魚,中日龍,廣島東洋鯉魚 @ 中日龍,51439454.1,376,[1-5局] 不讓分,252826338.1,中日龍,H,,1.70,10,7,H,,1
2026-07-10,2026-07-10T13:51:18,台灣運彩,,3477473.1,111,2026-07-10T17:00:00+08:00,廣島東洋鯉魚,中日龍,廣島東洋鯉魚 @ 中日龍,51439454.1,376,[1-5局] 不讓分,252826340.1,廣島東洋鯉魚,A,,2.30,10,13,A,,2
2026-07-10,2026-07-10T13:51:18,台灣運彩,,3477473.1,111,2026-07-10T17:00:00+08:00,廣島東洋鯉魚,中日龍,廣島東洋鯉魚 @ 中日龍,51439454.1,376,[1-5局] 不讓分,252826339.1,和局,D,,3.70,10,27,D,,
2026-07-10,2026-07-10T13:51:18,台灣運彩,,3477473.1,111,2026-07-10T17:00:00+08:00,廣島東洋鯉魚,中日龍,廣島東洋鯉魚 @ 中日龍,51439863.1,378,[1-5局] 大小 3.5,252827469.1,大 3.5,A,3.5,1.78,50,39,A,3.5,
2026-07-10,2026-07-10T13:51:18,台灣運彩,,3477473.1,111,2026-07-10T17:00:00+08:00,廣島東洋鯉魚,中日龍,廣島東洋鯉魚 @ 中日龍,51439863.1,378,[1-5局] 大小 3.5,252827468.1,小 3.5,H,3.5,1.56,25,14,H,3.5,
2026-07-10,2026-07-10T13:51:18,台灣運彩,,3477473.1,111,2026-07-10T17:00:00+08:00,廣島東洋鯉魚,中日龍,廣島東洋鯉魚 @ 中日龍,51439450.1,389,[第1局] 不讓分,252826329.1,中日龍,H,,3.05,20,41,H,,1
2026-07-10,2026-07-10T13:51:18,台灣運彩,,3477473.1,111,2026-07-10T17:00:00+08:00,廣島東洋鯉魚,中日龍,廣島東洋鯉魚 @ 中日龍,51439450.1,389,[第1局] 不讓分,252826331.1,廣島東洋鯉魚,A,,4.10,10,31,A,,2
2026-07-10,2026-07-10T13:51:18,台灣運彩,,3477473.1,111,2026-07-10T17:00:00+08:00,廣島東洋鯉魚,中日龍,廣島東洋鯉魚 @ 中日龍,51439450.1,389,[第1局] 不讓分,252826330.1,和局,D,,1.35,20,7,D,,
2026-07-10,2026-07-10T13:51:18,台灣運彩,,3477474.1,113,2026-07-10T17:15:00+08:00,讀賣巨人,橫濱海灣之星,讀賣巨人 @ 橫濱海灣之星,51439456.1,354,不讓分,252826343.1,橫濱海灣之星,H,,1.70,10,7,H,,1
2026-07-10,2026-07-10T13:51:18,台灣運彩,,3477474.1,113,2026-07-10T17:15:00+08:00,讀賣巨人,橫濱海灣之星,讀賣巨人 @ 橫濱海灣之星,51439456.1,354,不讓分,252826344.1,讀賣巨人,A,,1.73,100,73,A,,2
2026-07-10,2026-07-10T13:51:18,台灣運彩,,3477474.1,113,2026-07-10T17:15:00+08:00,讀賣巨人,橫濱海灣之星,讀賣巨人 @ 橫濱海灣之星,51439459.1,358,讓分 1.5,252826350.1,橫濱海灣之星 +1.5,H,1.5,1.35,20,7,H,1.5,1
2026-07-10,2026-07-10T13:51:18,台灣運彩,,3477474.1,113,2026-07-10T17:15:00+08:00,讀賣巨人,橫濱海灣之星,讀賣巨人 @ 橫濱海灣之星,51439459.1,358,讓分 1.5,252826351.1,讀賣巨人 -1.5,A,1.5,2.30,10,13,A,1.5,2
2026-07-10,2026-07-10T13:51:18,台灣運彩,,3477474.1,113,2026-07-10T17:15:00+08:00,讀賣巨人,橫濱海灣之星,讀賣巨人 @ 橫濱海灣之星,51439461.1,360,[總分]大小 6.5,252826356.1,大 6.5,A,6.5,1.63,100,63,A,6.5,
2026-07-10,2026-07-10T13:51:18,台灣運彩,,3477474.1,113,2026-07-10T17:15:00+08:00,讀賣巨人,橫濱海灣之星,讀賣巨人 @ 橫濱海灣之星,51439461.1,360,[總分]大小 6.5,252826355.1,小 6.5,H,6.5,1.80,5,4,H,6.5,
2026-07-10,2026-07-10T13:51:18,台灣運彩,,3477474.1,113,2026-07-10T17:15:00+08:00,讀賣巨人,橫濱海灣之星,讀賣巨人 @ 橫濱海灣之星,51439457.1,362,橫濱海灣之星 大小 3.5,252826346.1,大 3.5,A,3.5,1.90,10,9,A,3.5,
2026-07-10,2026-07-10T13:51:18,台灣運彩,,3477474.1,113,2026-07-10T17:15:00+08:00,讀賣巨人,橫濱海灣之星,讀賣巨人 @ 橫濱海灣之星,51439457.1,362,橫濱海灣之星 大小 3.5,252826345.1,小 3.5,H,3.5,1.48,25,12,H,3.5,
2026-07-10,2026-07-10T13:51:18,台灣運彩,,3477474.1,113,2026-07-10T17:15:00+08:00,讀賣巨人,橫濱海灣之星,讀賣巨人 @ 橫濱海灣之星,51439462.1,363,讀賣巨人 大小 3.5,252826358.1,大 3.5,A,3.5,1.85,20,17,A,3.5,
2026-07-10,2026-07-10T13:51:18,台灣運彩,,3477474.1,113,2026-07-10T17:15:00+08:00,讀賣巨人,橫濱海灣之星,讀賣巨人 @ 橫濱海灣之星,51439462.1,363,讀賣巨人 大小 3.5,252826357.1,小 3.5,H,3.5,1.50,2,1,H,3.5,
2026-07-10,2026-07-10T13:51:18,台灣運彩,,3477474.1,113,2026-07-10T17:15:00+08:00,讀賣巨人,橫濱海灣之星,讀賣巨人 @ 橫濱海灣之星,51439455.1,366,[總分]單雙,252826342.1,單,,,1.50,2,1,,,
2026-07-10,2026-07-10T13:51:18,台灣運彩,,3477474.1,113,2026-07-10T17:15:00+08:00,讀賣巨人,橫濱海灣之星,讀賣巨人 @ 橫濱海灣之星,51439455.1,366,[總分]單雙,252826341.1,雙,,,1.96,25,24,,,
2026-07-10,2026-07-10T13:51:18,台灣運彩,,3477474.1,113,2026-07-10T17:15:00+08:00,讀賣巨人,橫濱海灣之星,讀賣巨人 @ 橫濱海灣之星,51439458.1,376,[1-5局] 不讓分,252826347.1,橫濱海灣之星,H,,1.85,20,17,H,,1
2026-07-10,2026-07-10T13:51:18,台灣運彩,,3477474.1,113,2026-07-10T17:15:00+08:00,讀賣巨人,橫濱海灣之星,讀賣巨人 @ 橫濱海灣之星,51439458.1,376,[1-5局] 不讓分,252826349.1,讀賣巨人,A,,1.95,20,19,A,,2
2026-07-10,2026-07-10T13:51:18,台灣運彩,,3477474.1,113,2026-07-10T17:15:00+08:00,讀賣巨人,橫濱海灣之星,讀賣巨人 @ 橫濱海灣之星,51439458.1,376,[1-5局] 不讓分,252826348.1,和局,D,,4.00,1,3,D,,
2026-07-10,2026-07-10T13:51:18,台灣運彩,,3477474.1,113,2026-07-10T17:15:00+08:00,讀賣巨人,橫濱海灣之星,讀賣巨人 @ 橫濱海灣之星,51439867.1,378,[1-5局] 大小 3.5,252827479.1,大 3.5,A,3.5,1.66,50,33,A,3.5,
2026-07-10,2026-07-10T13:51:18,台灣運彩,,3477474.1,113,2026-07-10T17:15:00+08:00,讀賣巨人,橫濱海灣之星,讀賣巨人 @ 橫濱海灣之星,51439867.1,378,[1-5局] 大小 3.5,252827478.1,小 3.5,H,3.5,1.66,50,33,H,3.5,
2026-07-10,2026-07-10T13:51:18,台灣運彩,,3477474.1,113,2026-07-10T17:15:00+08:00,讀賣巨人,橫濱海灣之星,讀賣巨人 @ 橫濱海灣之星,51439460.1,389,[第1局] 不讓分,252826352.1,橫濱海灣之星,H,,3.30,10,23,H,,1
2026-07-10,2026-07-10T13:51:18,台灣運彩,,3477474.1,113,2026-07-10T17:15:00+08:00,讀賣巨人,橫濱海灣之星,讀賣巨人 @ 橫濱海灣之星,51439460.1,389,[第1局] 不讓分,252826354.1,讀賣巨人,A,,3.50,2,5,A,,2
2026-07-10,2026-07-10T13:51:18,台灣運彩,,3477474.1,113,2026-07-10T17:15:00+08:00,讀賣巨人,橫濱海灣之星,讀賣巨人 @ 橫濱海灣之星,51439460.1,389,[第1局] 不讓分,252826353.1,和局,D,,1.40,5,2,D,,
2026-07-10,2026-07-10T13:51:18,台灣運彩,,3477527.1,141,2026-07-10T18:35:00+08:00,味全龍,統一獅,味全龍 @ 統一獅,51440431.1,354,不讓分,252828852.1,統一獅,H,,1.68,25,17,H,,1
2026-07-10,2026-07-10T13:51:18,台灣運彩,,3477527.1,141,2026-07-10T18:35:00+08:00,味全龍,統一獅,味全龍 @ 統一獅,51440431.1,354,不讓分,252828853.1,味全龍,A,,1.75,4,3,A,,2
2026-07-10,2026-07-10T13:51:18,台灣運彩,,3477527.1,141,2026-07-10T18:35:00+08:00,味全龍,統一獅,味全龍 @ 統一獅,51440432.1,358,讓分 1.5,252828854.1,統一獅 +1.5,H,1.5,1.40,5,2,H,1.5,1
2026-07-10,2026-07-10T13:51:18,台灣運彩,,3477527.1,141,2026-07-10T18:35:00+08:00,味全龍,統一獅,味全龍 @ 統一獅,51440432.1,358,讓分 1.5,252828855.1,味全龍 -1.5,A,1.5,2.20,5,6,A,1.5,2
2026-07-10,2026-07-10T13:51:18,台灣運彩,,3477527.1,141,2026-07-10T18:35:00+08:00,味全龍,統一獅,味全龍 @ 統一獅,51440433.1,360,[總分]大小 8.5,252828857.1,大 8.5,A,8.5,1.80,5,4,A,8.5,
2026-07-10,2026-07-10T13:51:18,台灣運彩,,3477527.1,141,2026-07-10T18:35:00+08:00,味全龍,統一獅,味全龍 @ 統一獅,51440433.1,360,[總分]大小 8.5,252828856.1,小 8.5,H,8.5,1.63,100,63,H,8.5,
2026-07-10,2026-07-10T13:51:18,台灣運彩,,3477527.1,141,2026-07-10T18:35:00+08:00,味全龍,統一獅,味全龍 @ 統一獅,51440430.1,366,[總分]單雙,252828851.1,單,,,1.50,2,1,,,
2026-07-10,2026-07-10T13:51:18,台灣運彩,,3477527.1,141,2026-07-10T18:35:00+08:00,味全龍,統一獅,味全龍 @ 統一獅,51440430.1,366,[總分]單雙,252828850.1,雙,,,1.96,25,24,,,
2026-07-10,2026-07-10T13:51:18,台灣運彩,823357,3477483.1,115,2026-07-11T06:40:00+08:00,密爾瓦基釀酒人,匹茲堡海盜,密爾瓦基釀酒人 @ 匹茲堡海盜,51439553.1,354,不讓分,252826642.1,匹茲堡海盜,H,,1.56,25,14,H,,1
2026-07-10,2026-07-10T13:51:18,台灣運彩,823357,3477483.1,115,2026-07-11T06:40:00+08:00,密爾瓦基釀酒人,匹茲堡海盜,密爾瓦基釀酒人 @ 匹茲堡海盜,51439553.1,354,不讓分,252826643.1,密爾瓦基釀酒人,A,,1.94,50,47,A,,2
2026-07-10,2026-07-10T13:51:18,台灣運彩,823357,3477483.1,115,2026-07-11T06:40:00+08:00,密爾瓦基釀酒人,匹茲堡海盜,密爾瓦基釀酒人 @ 匹茲堡海盜,51439563.1,357,勝分差,252826662.1,匹茲堡海盜 1 分,H,,3.95,20,59,H,,
2026-07-10,2026-07-10T13:51:18,台灣運彩,823357,3477483.1,115,2026-07-11T06:40:00+08:00,密爾瓦基釀酒人,匹茲堡海盜,密爾瓦基釀酒人 @ 匹茲堡海盜,51439563.1,357,勝分差,252826663.1,匹茲堡海盜 2 分,H,,6.75,4,23,H,,
2026-07-10,2026-07-10T13:51:18,台灣運彩,823357,3477483.1,115,2026-07-11T06:40:00+08:00,密爾瓦基釀酒人,匹茲堡海盜,密爾瓦基釀酒人 @ 匹茲堡海盜,51439563.1,357,勝分差,252826664.1,匹茲堡海盜 > 2分,H,,2.60,5,8,H,,
2026-07-10,2026-07-10T13:51:18,台灣運彩,823357,3477483.1,115,2026-07-11T06:40:00+08:00,密爾瓦基釀酒人,匹茲堡海盜,密爾瓦基釀酒人 @ 匹茲堡海盜,51439563.1,357,勝分差,252826665.1,密爾瓦基釀酒人 1 分,A,,5.50,2,9,A,,
2026-07-10,2026-07-10T13:51:18,台灣運彩,823357,3477483.1,115,2026-07-11T06:40:00+08:00,密爾瓦基釀酒人,匹茲堡海盜,密爾瓦基釀酒人 @ 匹茲堡海盜,51439563.1,357,勝分差,252826666.1,密爾瓦基釀酒人 2 分,A,,7.25,4,25,A,,
2026-07-10,2026-07-10T13:51:18,台灣運彩,823357,3477483.1,115,2026-07-11T06:40:00+08:00,密爾瓦基釀酒人,匹茲堡海盜,密爾瓦基釀酒人 @ 匹茲堡海盜,51439563.1,357,勝分差,252826667.1,密爾瓦基釀酒人 > 2分,A,,2.90,10,19,A,,
2026-07-10,2026-07-10T13:51:18,台灣運彩,823357,3477483.1,115,2026-07-11T06:40:00+08:00,密爾瓦基釀酒人,匹茲堡海盜,密爾瓦基釀酒人 @ 匹茲堡海盜,51439555.1,358,讓分 -1.5,252826646.1,匹茲堡海盜 -1.5,H,-1.5,2.10,10,11,H,-1.5,1
2026-07-10,2026-07-10T13:51:18,台灣運彩,823357,3477483.1,115,2026-07-11T06:40:00+08:00,密爾瓦基釀酒人,匹茲堡海盜,密爾瓦基釀酒人 @ 匹茲堡海盜,51439555.1,358,讓分 -1.5,252826647.1,密爾瓦基釀酒人 +1.5,A,-1.5,1.45,20,9,A,-1.5,2
2026-07-10,2026-07-10T13:51:18,台灣運彩,823357,3477483.1,115,2026-07-11T06:40:00+08:00,密爾瓦基釀酒人,匹茲堡海盜,密爾瓦基釀酒人 @ 匹茲堡海盜,51439557.1,358,讓分 -2.5,252826650.1,匹茲堡海盜 -2.5,H,-2.5,2.70,10,17,H,-2.5,1
2026-07-10,2026-07-10T13:51:18,台灣運彩,823357,3477483.1,115,2026-07-11T06:40:00+08:00,密爾瓦基釀酒人,匹茲堡海盜,密爾瓦基釀酒人 @ 匹茲堡海盜,51439557.1,358,讓分 -2.5,252826651.1,密爾瓦基釀酒人 +2.5,A,-2.5,1.28,25,7,A,-2.5,2
2026-07-10,2026-07-10T13:51:18,台灣運彩,823357,3477483.1,115,2026-07-11T06:40:00+08:00,密爾瓦基釀酒人,匹茲堡海盜,密爾瓦基釀酒人 @ 匹茲堡海盜,51439556.1,360,[總分]大小 8.5,252826649.1,大 8.5,A,8.5,1.85,20,17,A,8.5,
2026-07-10,2026-07-10T13:51:18,台灣運彩,823357,3477483.1,115,2026-07-11T06:40:00+08:00,密爾瓦基釀酒人,匹茲堡海盜,密爾瓦基釀酒人 @ 匹茲堡海盜,51439556.1,360,[總分]大小 8.5,252826648.1,小 8.5,H,8.5,1.65,20,13,H,8.5,
2026-07-10,2026-07-10T13:51:18,台灣運彩,823357,3477483.1,115,2026-07-11T06:40:00+08:00,密爾瓦基釀酒人,匹茲堡海盜,密爾瓦基釀酒人 @ 匹茲堡海盜,51439561.1,360,[總分]大小 7.5,252826659.1,大 7.5,A,7.5,1.63,100,63,A,7.5,
2026-07-10,2026-07-10T13:51:18,台灣運彩,823357,3477483.1,115,2026-07-11T06:40:00+08:00,密爾瓦基釀酒人,匹茲堡海盜,密爾瓦基釀酒人 @ 匹茲堡海盜,51439561.1,360,[總分]大小 7.5,252826658.1,小 7.5,H,7.5,1.87,100,87,H,7.5,
2026-07-10,2026-07-10T13:51:18,台灣運彩,823357,3477483.1,115,2026-07-11T06:40:00+08:00,密爾瓦基釀酒人,匹茲堡海盜,密爾瓦基釀酒人 @ 匹茲堡海盜,51439562.1,360,[總分]大小 9.5,252826661.1,大 9.5,A,9.5,2.30,10,13,A,9.5,
2026-07-10,2026-07-10T13:51:18,台灣運彩,823357,3477483.1,115,2026-07-11T06:40:00+08:00,密爾瓦基釀酒人,匹茲堡海盜,密爾瓦基釀酒人 @ 匹茲堡海盜,51439562.1,360,[總分]大小 9.5,252826660.1,小 9.5,H,9.5,1.40,5,2,H,9.5,
2026-07-10,2026-07-10T13:51:18,台灣運彩,823357,3477483.1,115,2026-07-11T06:40:00+08:00,密爾瓦基釀酒人,匹茲堡海盜,密爾瓦基釀酒人 @ 匹茲堡海盜,51439818.1,362,匹茲堡海盜 大小 3.5,252827350.1,大 3.5,A,3.5,1.55,20,11,A,3.5,
2026-07-10,2026-07-10T13:51:18,台灣運彩,823357,3477483.1,115,2026-07-11T06:40:00+08:00,密爾瓦基釀酒人,匹茲堡海盜,密爾瓦基釀酒人 @ 匹茲堡海盜,51439818.1,362,匹茲堡海盜 大小 3.5,252827349.1,小 3.5,H,3.5,1.90,10,9,H,3.5,
2026-07-10,2026-07-10T13:51:18,台灣運彩,823357,3477483.1,115,2026-07-11T06:40:00+08:00,密爾瓦基釀酒人,匹茲堡海盜,密爾瓦基釀酒人 @ 匹茲堡海盜,51439559.1,363,密爾瓦基釀酒人 大小 3.5,252826655.1,大 3.5,A,3.5,1.68,25,17,A,3.5,
2026-07-10,2026-07-10T13:51:18,台灣運彩,823357,3477483.1,115,2026-07-11T06:40:00+08:00,密爾瓦基釀酒人,匹茲堡海盜,密爾瓦基釀酒人 @ 匹茲堡海盜,51439559.1,363,密爾瓦基釀酒人 大小 3.5,252826654.1,小 3.5,H,3.5,1.75,4,3,H,3.5,
2026-07-10,2026-07-10T13:51:18,台灣運彩,823357,3477483.1,115,2026-07-11T06:40:00+08:00,密爾瓦基釀酒人,匹茲堡海盜,密爾瓦基釀酒人 @ 匹茲堡海盜,51439554.1,366,[總分]單雙,252826645.1,單,,,1.48,25,12,,,
2026-07-10,2026-07-10T13:51:18,台灣運彩,823357,3477483.1,115,2026-07-11T06:40:00+08:00,密爾瓦基釀酒人,匹茲堡海盜,密爾瓦基釀酒人 @ 匹茲堡海盜,51439554.1,366,[總分]單雙,252826644.1,雙,,,2.00,1,1,,,
2026-07-10,2026-07-10T13:51:18,台灣運彩,823357,3477483.1,115,2026-07-11T06:40:00+08:00,密爾瓦基釀酒人,匹茲堡海盜,密爾瓦基釀酒人 @ 匹茲堡海盜,51439810.1,374,得分最高單局(不含延長賽),252827324.1,一樣多,,,2.25,4,5,,,
2026-07-10,2026-07-10T13:51:18,台灣運彩,823357,3477483.1,115,2026-07-11T06:40:00+08:00,密爾瓦基釀酒人,匹茲堡海盜,密爾瓦基釀酒人 @ 匹茲堡海盜,51439810.1,374,得分最高單局(不含延長賽),252827315.1,第1局,,,5.65,20,93,,,
2026-07-10,2026-07-10T13:51:18,台灣運彩,823357,3477483.1,115,2026-07-11T06:40:00+08:00,密爾瓦基釀酒人,匹茲堡海盜,密爾瓦基釀酒人 @ 匹茲堡海盜,51439810.1,374,得分最高單局(不含延長賽),252827316.1,第2局,,,6.75,4,23,,,
2026-07-10,2026-07-10T13:51:18,台灣運彩,823357,3477483.1,115,2026-07-11T06:40:00+08:00,密爾瓦基釀酒人,匹茲堡海盜,密爾瓦基釀酒人 @ 匹茲堡海盜,51439810.1,374,得分最高單局(不含延長賽),252827317.1,第3局,,,6.00,1,5,,,
2026-07-10,2026-07-10T13:51:18,台灣運彩,823357,3477483.1,115,2026-07-11T06:40:00+08:00,密爾瓦基釀酒人,匹茲堡海盜,密爾瓦基釀酒人 @ 匹茲堡海盜,51439810.1,374,得分最高單局(不含延長賽),252827318.1,第4局,,,6.50,2,11,,,
2026-07-10,2026-07-10T13:51:18,台灣運彩,823357,3477483.1,115,2026-07-11T06:40:00+08:00,密爾瓦基釀酒人,匹茲堡海盜,密爾瓦基釀酒人 @ 匹茲堡海盜,51439810.1,374,得分最高單局(不含延長賽),252827319.1,第5局,,,6.00,1,5,,,
2026-07-10,2026-07-10T13:51:18,台灣運彩,823357,3477483.1,115,2026-07-11T06:40:00+08:00,密爾瓦基釀酒人,匹茲堡海盜,密爾瓦基釀酒人 @ 匹茲堡海盜,51439810.1,374,得分最高單局(不含延長賽),252827320.1,第6局,,,5.65,20,93,,,
2026-07-10,2026-07-10T13:51:18,台灣運彩,823357,3477483.1,115,2026-07-11T06:40:00+08:00,密爾瓦基釀酒人,匹茲堡海盜,密爾瓦基釀酒人 @ 匹茲堡海盜,51439810.1,374,得分最高單局(不含延長賽),252827321.1,第7局,,,5.90,10,49,,,
2026-07-10,2026-07-10T13:51:18,台灣運彩,823357,3477483.1,115,2026-07-11T06:40:00+08:00,密爾瓦基釀酒人,匹茲堡海盜,密爾瓦基釀酒人 @ 匹茲堡海盜,51439810.1,374,得分最高單局(不含延長賽),252827322.1,第8局,,,5.55,20,91,,,
2026-07-10,2026-07-10T13:51:18,台灣運彩,823357,3477483.1,115,2026-07-11T06:40:00+08:00,密爾瓦基釀酒人,匹茲堡海盜,密爾瓦基釀酒人 @ 匹茲堡海盜,51439810.1,374,得分最高單局(不含延長賽),252827323.1,第9局,,,8.00,1,7,,,
2026-07-10,2026-07-10T13:51:18,台灣運彩,823357,3477483.1,115,2026-07-11T06:40:00+08:00,密爾瓦基釀酒人,匹茲堡海盜,密爾瓦基釀酒人 @ 匹茲堡海盜,51439808.1,376,[1-5局] 不讓分,252827310.1,匹茲堡海盜,H,,1.75,4,3,H,,1
2026-07-10,2026-07-10T13:51:18,台灣運彩,823357,3477483.1,115,2026-07-11T06:40:00+08:00,密爾瓦基釀酒人,匹茲堡海盜,密爾瓦基釀酒人 @ 匹茲堡海盜,51439808.1,376,[1-5局] 不讓分,252827312.1,密爾瓦基釀酒人,A,,2.00,1,1,A,,2
2026-07-10,2026-07-10T13:51:18,台灣運彩,823357,3477483.1,115,2026-07-11T06:40:00+08:00,密爾瓦基釀酒人,匹茲堡海盜,密爾瓦基釀酒人 @ 匹茲堡海盜,51439808.1,376,[1-5局] 不讓分,252827311.1,和局,D,,4.45,20,69,D,,
2026-07-10,2026-07-10T13:51:18,台灣運彩,823357,3477483.1,115,2026-07-11T06:40:00+08:00,密爾瓦基釀酒人,匹茲堡海盜,密爾瓦基釀酒人 @ 匹茲堡海盜,51439805.1,378,[1-5局] 大小 4.5,252827305.1,大 4.5,A,4.5,1.80,5,4,A,4.5,
2026-07-10,2026-07-10T13:51:18,台灣運彩,823357,3477483.1,115,2026-07-11T06:40:00+08:00,密爾瓦基釀酒人,匹茲堡海盜,密爾瓦基釀酒人 @ 匹茲堡海盜,51439805.1,378,[1-5局] 大小 4.5,252827304.1,小 4.5,H,4.5,1.55,20,11,H,4.5,
2026-07-10,2026-07-10T13:51:18,台灣運彩,823357,3477483.1,115,2026-07-11T06:40:00+08:00,密爾瓦基釀酒人,匹茲堡海盜,密爾瓦基釀酒人 @ 匹茲堡海盜,51439809.1,379,[1-5局] 匹茲堡海盜 大小 1.5,252827314.1,大 1.5,A,1.5,1.50,2,1,A,1.5,
2026-07-10,2026-07-10T13:51:18,台灣運彩,823357,3477483.1,115,2026-07-11T06:40:00+08:00,密爾瓦基釀酒人,匹茲堡海盜,密爾瓦基釀酒人 @ 匹茲堡海盜,51439809.1,379,[1-5局] 匹茲堡海盜 大小 1.5,252827313.1,小 1.5,H,1.5,1.96,25,24,H,1.5,
2026-07-10,2026-07-10T13:51:18,台灣運彩,823357,3477483.1,115,2026-07-11T06:40:00+08:00,密爾瓦基釀酒人,匹茲堡海盜,密爾瓦基釀酒人 @ 匹茲堡海盜,51439806.1,380,[1-5局] 密爾瓦基釀酒人 大小 1.5,252827307.1,大 1.5,A,1.5,1.65,20,13,A,1.5,
2026-07-10,2026-07-10T13:51:18,台灣運彩,823357,3477483.1,115,2026-07-11T06:40:00+08:00,密爾瓦基釀酒人,匹茲堡海盜,密爾瓦基釀酒人 @ 匹茲堡海盜,51439806.1,380,[1-5局] 密爾瓦基釀酒人 大小 1.5,252827306.1,小 1.5,H,1.5,1.78,50,39,H,1.5,
2026-07-10,2026-07-10T13:51:18,台灣運彩,823357,3477483.1,115,2026-07-11T06:40:00+08:00,密爾瓦基釀酒人,匹茲堡海盜,密爾瓦基釀酒人 @ 匹茲堡海盜,51439803.1,389,[第1局] 不讓分,252827299.1,匹茲堡海盜,H,,2.90,10,19,H,,1
2026-07-10,2026-07-10T13:51:18,台灣運彩,823357,3477483.1,115,2026-07-11T06:40:00+08:00,密爾瓦基釀酒人,匹茲堡海盜,密爾瓦基釀酒人 @ 匹茲堡海盜,51439803.1,389,[第1局] 不讓分,252827301.1,密爾瓦基釀酒人,A,,3.50,2,5,A,,2
2026-07-10,2026-07-10T13:51:18,台灣運彩,823357,3477483.1,115,2026-07-11T06:40:00+08:00,密爾瓦基釀酒人,匹茲堡海盜,密爾瓦基釀酒人 @ 匹茲堡海盜,51439803.1,389,[第1局] 不讓分,252827300.1,和局,D,,1.50,2,1,D,,
2026-07-10,2026-07-10T13:51:18,台灣運彩,823357,3477483.1,115,2026-07-11T06:40:00+08:00,密爾瓦基釀酒人,匹茲堡海盜,密爾瓦基釀酒人 @ 匹茲堡海盜,51439804.1,398,[第1局] 大小 0.5,252827303.1,大 0.5,A,0.5,1.75,4,3,A,0.5,
2026-07-10,2026-07-10T13:51:18,台灣運彩,823357,3477483.1,115,2026-07-11T06:40:00+08:00,密爾瓦基釀酒人,匹茲堡海盜,密爾瓦基釀酒人 @ 匹茲堡海盜,51439804.1,398,[第1局] 大小 0.5,252827302.1,小 0.5,H,0.5,1.58,50,29,H,0.5,
2026-07-10,2026-07-10T13:51:18,台灣運彩,824252,3477491.1,117,2026-07-11T06:40:00+08:00,費城費城人,底特律老虎,費城費城人 @ 底特律老虎,51439575.1,354,不讓分,252826694.1,底特律老虎,H,,1.62,50,31,H,,1
2026-07-10,2026-07-10T13:51:18,台灣運彩,824252,3477491.1,117,2026-07-11T06:40:00+08:00,費城費城人,底特律老虎,費城費城人 @ 底特律老虎,51439575.1,354,不讓分,252826695.1,費城費城人,A,,1.88,25,22,A,,2
2026-07-10,2026-07-10T13:51:18,台灣運彩,824252,3477491.1,117,2026-07-11T06:40:00+08:00,費城費城人,底特律老虎,費城費城人 @ 底特律老虎,51439620.1,357,勝分差,252826843.1,底特律老虎 1 分,H,,4.10,10,31,H,,
2026-07-10,2026-07-10T13:51:18,台灣運彩,824252,3477491.1,117,2026-07-11T06:40:00+08:00,費城費城人,底特律老虎,費城費城人 @ 底特律老虎,51439620.1,357,勝分差,252826844.1,底特律老虎 2 分,H,,7.00,1,6,H,,
2026-07-10,2026-07-10T13:51:18,台灣運彩,824252,3477491.1,117,2026-07-11T06:40:00+08:00,費城費城人,底特律老虎,費城費城人 @ 底特律老虎,51439620.1,357,勝分差,252826845.1,底特律老虎 > 2分,H,,2.60,5,8,H,,
2026-07-10,2026-07-10T13:51:18,台灣運彩,824252,3477491.1,117,2026-07-11T06:40:00+08:00,費城費城人,底特律老虎,費城費城人 @ 底特律老虎,51439620.1,357,勝分差,252826846.1,費城費城人 1 分,A,,5.75,4,19,A,,
2026-07-10,2026-07-10T13:51:18,台灣運彩,824252,3477491.1,117,2026-07-11T06:40:00+08:00,費城費城人,底特律老虎,費城費城人 @ 底特律老虎,51439620.1,357,勝分差,252826847.1,費城費城人 2 分,A,,7.50,2,13,A,,
2026-07-10,2026-07-10T13:51:18,台灣運彩,824252,3477491.1,117,2026-07-11T06:40:00+08:00,費城費城人,底特律老虎,費城費城人 @ 底特律老虎,51439620.1,357,勝分差,252826848.1,費城費城人 > 2分,A,,2.70,10,17,A,,
2026-07-10,2026-07-10T13:51:18,台灣運彩,824252,3477491.1,117,2026-07-11T06:40:00+08:00,費城費城人,底特律老虎,費城費城人 @ 底特律老虎,51439611.1,358,讓分 -2.5,252826825.1,底特律老虎 -2.5,H,-2.5,2.70,10,17,H,-2.5,1
2026-07-10,2026-07-10T13:51:18,台灣運彩,824252,3477491.1,117,2026-07-11T06:40:00+08:00,費城費城人,底特律老虎,費城費城人 @ 底特律老虎,51439611.1,358,讓分 -2.5,252826826.1,費城費城人 +2.5,A,-2.5,1.28,25,7,A,-2.5,2
2026-07-10,2026-07-10T13:51:18,台灣運彩,824252,3477491.1,117,2026-07-11T06:40:00+08:00,費城費城人,底特律老虎,費城費城人 @ 底特律老虎,51439612.1,358,讓分 1.5,252826827.1,底特律老虎 +1.5,H,1.5,1.36,25,9,H,1.5,1
2026-07-10,2026-07-10T13:51:18,台灣運彩,824252,3477491.1,117,2026-07-11T06:40:00+08:00,費城費城人,底特律老虎,費城費城人 @ 底特律老虎,51439612.1,358,讓分 1.5,252826828.1,費城費城人 -1.5,A,1.5,2.40,5,7,A,1.5,2
2026-07-10,2026-07-10T13:51:18,台灣運彩,824252,3477491.1,117,2026-07-11T06:40:00+08:00,費城費城人,底特律老虎,費城費城人 @ 底特律老虎,51439619.1,358,讓分 -1.5,252826841.1,底特律老虎 -1.5,H,-1.5,2.10,10,11,H,-1.5,1
2026-07-10,2026-07-10T13:51:18,台灣運彩,824252,3477491.1,117,2026-07-11T06:40:00+08:00,費城費城人,底特律老虎,費城費城人 @ 底特律老虎,51439619.1,358,讓分 -1.5,252826842.1,費城費城人 +1.5,A,-1.5,1.45,20,9,A,-1.5,2
2026-07-10,2026-07-10T13:51:18,台灣運彩,824252,3477491.1,117,2026-07-11T06:40:00+08:00,費城費城人,底特律老虎,費城費城人 @ 底特律老虎,51439615.1,360,[總分]大小 7.5,252826834.1,大 7.5,A,7.5,1.46,50,23,A,7.5,
2026-07-10,2026-07-10T13:51:18,台灣運彩,824252,3477491.1,117,2026-07-11T06:40:00+08:00,費城費城人,底特律老虎,費城費城人 @ 底特律老虎,51439615.1,360,[總分]大小 7.5,252826833.1,小 7.5,H,7.5,2.07,100,107,H,7.5,
2026-07-10,2026-07-10T13:51:18,台灣運彩,824252,3477491.1,117,2026-07-11T06:40:00+08:00,費城費城人,底特律老虎,費城費城人 @ 底特律老虎,51439616.1,360,[總分]大小 9.5,252826836.1,大 9.5,A,9.5,1.97,100,97,A,9.5,
2026-07-10,2026-07-10T13:51:18,台灣運彩,824252,3477491.1,117,2026-07-11T06:40:00+08:00,費城費城人,底特律老虎,費城費城人 @ 底特律老虎,51439616.1,360,[總分]大小 9.5,252826835.1,小 9.5,H,9.5,1.53,100,53,H,9.5,
2026-07-10,2026-07-10T13:51:18,台灣運彩,824252,3477491.1,117,2026-07-11T06:40:00+08:00,費城費城人,底特律老虎,費城費城人 @ 底特律老虎,51439618.1,360,[總分]大小 8.5,252826840.1,大 8.5,A,8.5,1.66,50,33,A,8.5,
2026-07-10,2026-07-10T13:51:18,台灣運彩,824252,3477491.1,117,2026-07-11T06:40:00+08:00,費城費城人,底特律老虎,費城費城人 @ 底特律老虎,51439618.1,360,[總分]大小 8.5,252826839.1,小 8.5,H,8.5,1.84,25,21,H,8.5,
2026-07-10,2026-07-10T13:51:18,台灣運彩,824252,3477491.1,117,2026-07-11T06:40:00+08:00,費城費城人,底特律老虎,費城費城人 @ 底特律老虎,51439617.1,362,底特律老虎 大小 4.5,252826838.1,大 4.5,A,4.5,1.82,50,41,A,4.5,
2026-07-10,2026-07-10T13:51:18,台灣運彩,824252,3477491.1,117,2026-07-11T06:40:00+08:00,費城費城人,底特律老虎,費城費城人 @ 底特律老虎,51439617.1,362,底特律老虎 大小 4.5,252826837.1,小 4.5,H,4.5,1.62,50,31,H,4.5,
2026-07-10,2026-07-10T13:51:18,台灣運彩,824252,3477491.1,117,2026-07-11T06:40:00+08:00,費城費城人,底特律老虎,費城費城人 @ 底特律老虎,51439614.1,363,費城費城人 大小 4.5,252826832.1,大 4.5,A,4.5,1.88,25,22,A,4.5,
2026-07-10,2026-07-10T13:51:18,台灣運彩,824252,3477491.1,117,2026-07-11T06:40:00+08:00,費城費城人,底特律老虎,費城費城人 @ 底特律老虎,51439614.1,363,費城費城人 大小 4.5,252826831.1,小 4.5,H,4.5,1.56,25,14,H,4.5,
2026-07-10,2026-07-10T13:51:18,台灣運彩,824252,3477491.1,117,2026-07-11T06:40:00+08:00,費城費城人,底特律老虎,費城費城人 @ 底特律老虎,51439613.1,366,[總分]單雙,252826830.1,單,,,1.48,25,12,,,
2026-07-10,2026-07-10T13:51:18,台灣運彩,824252,3477491.1,117,2026-07-11T06:40:00+08:00,費城費城人,底特律老虎,費城費城人 @ 底特律老虎,51439613.1,366,[總分]單雙,252826829.1,雙,,,2.00,1,1,,,
2026-07-10,2026-07-10T13:51:18,台灣運彩,824252,3477491.1,117,2026-07-11T06:40:00+08:00,費城費城人,底特律老虎,費城費城人 @ 底特律老虎,51440284.1,374,得分最高單局(不含延長賽),252828479.1,一樣多,,,2.30,10,13,,,
2026-07-10,2026-07-10T13:51:18,台灣運彩,824252,3477491.1,117,2026-07-11T06:40:00+08:00,費城費城人,底特律老虎,費城費城人 @ 底特律老虎,51440284.1,374,得分最高單局(不含延長賽),252828470.1,第1局,,,5.30,10,43,,,
2026-07-10,2026-07-10T13:51:18,台灣運彩,824252,3477491.1,117,2026-07-11T06:40:00+08:00,費城費城人,底特律老虎,費城費城人 @ 底特律老虎,51440284.1,374,得分最高單局(不含延長賽),252828471.1,第2局,,,6.25,4,21,,,
2026-07-10,2026-07-10T13:51:18,台灣運彩,824252,3477491.1,117,2026-07-11T06:40:00+08:00,費城費城人,底特律老虎,費城費城人 @ 底特律老虎,51440284.1,374,得分最高單局(不含延長賽),252828472.1,第3局,,,5.55,20,91,,,
2026-07-10,2026-07-10T13:51:18,台灣運彩,824252,3477491.1,117,2026-07-11T06:40:00+08:00,費城費城人,底特律老虎,費城費城人 @ 底特律老虎,51440284.1,374,得分最高單局(不含延長賽),252828473.1,第4局,,,5.95,20,99,,,
2026-07-10,2026-07-10T13:51:18,台灣運彩,824252,3477491.1,117,2026-07-11T06:40:00+08:00,費城費城人,底特律老虎,費城費城人 @ 底特律老虎,51440284.1,374,得分最高單局(不含延長賽),252828474.1,第5局,,,5.80,5,24,,,
2026-07-10,2026-07-10T13:51:18,台灣運彩,824252,3477491.1,117,2026-07-11T06:40:00+08:00,費城費城人,底特律老虎,費城費城人 @ 底特律老虎,51440284.1,374,得分最高單局(不含延長賽),252828475.1,第6局,,,6.25,4,21,,,
2026-07-10,2026-07-10T13:51:18,台灣運彩,824252,3477491.1,117,2026-07-11T06:40:00+08:00,費城費城人,底特律老虎,費城費城人 @ 底特律老虎,51440284.1,374,得分最高單局(不含延長賽),252828476.1,第7局,,,6.25,4,21,,,
2026-07-10,2026-07-10T13:51:18,台灣運彩,824252,3477491.1,117,2026-07-11T06:40:00+08:00,費城費城人,底特律老虎,費城費城人 @ 底特律老虎,51440284.1,374,得分最高單局(不含延長賽),252828477.1,第8局,,,5.95,20,99,,,
2026-07-10,2026-07-10T13:51:18,台灣運彩,824252,3477491.1,117,2026-07-11T06:40:00+08:00,費城費城人,底特律老虎,費城費城人 @ 底特律老虎,51440284.1,374,得分最高單局(不含延長賽),252828478.1,第9局,,,8.00,1,7,,,
2026-07-10,2026-07-10T13:51:18,台灣運彩,824252,3477491.1,117,2026-07-11T06:40:00+08:00,費城費城人,底特律老虎,費城費城人 @ 底特律老虎,51440281.1,376,[1-5局] 不讓分,252828463.1,底特律老虎,H,,1.75,4,3,H,,1
2026-07-10,2026-07-10T13:51:18,台灣運彩,824252,3477491.1,117,2026-07-11T06:40:00+08:00,費城費城人,底特律老虎,費城費城人 @ 底特律老虎,51440281.1,376,[1-5局] 不讓分,252828465.1,費城費城人,A,,1.95,20,19,A,,2
2026-07-10,2026-07-10T13:51:18,台灣運彩,824252,3477491.1,117,2026-07-11T06:40:00+08:00,費城費城人,底特律老虎,費城費城人 @ 底特律老虎,51440281.1,376,[1-5局] 不讓分,252828464.1,和局,D,,4.85,20,77,D,,
2026-07-10,2026-07-10T13:51:18,台灣運彩,824252,3477491.1,117,2026-07-11T06:40:00+08:00,費城費城人,底特律老虎,費城費城人 @ 底特律老虎,51440287.1,378,[1-5局] 大小 4.5,252828486.1,大 4.5,A,4.5,1.58,50,29,A,4.5,
2026-07-10,2026-07-10T13:51:18,台灣運彩,824252,3477491.1,117,2026-07-11T06:40:00+08:00,費城費城人,底特律老虎,費城費城人 @ 底特律老虎,51440287.1,378,[1-5局] 大小 4.5,252828485.1,小 4.5,H,4.5,1.75,4,3,H,4.5,
2026-07-10,2026-07-10T13:51:18,台灣運彩,824252,3477491.1,117,2026-07-11T06:40:00+08:00,費城費城人,底特律老虎,費城費城人 @ 底特律老虎,51440283.1,379,[1-5局] 底特律老虎 大小 2.5,252828469.1,大 2.5,A,2.5,1.85,20,17,A,2.5,
2026-07-10,2026-07-10T13:51:18,台灣運彩,824252,3477491.1,117,2026-07-11T06:40:00+08:00,費城費城人,底特律老虎,費城費城人 @ 底特律老虎,51440283.1,379,[1-5局] 底特律老虎 大小 2.5,252828468.1,小 2.5,H,2.5,1.60,5,3,H,2.5,
2026-07-10,2026-07-10T13:51:18,台灣運彩,824252,3477491.1,117,2026-07-11T06:40:00+08:00,費城費城人,底特律老虎,費城費城人 @ 底特律老虎,51440282.1,380,[1-5局] 費城費城人 大小 1.5,252828467.1,大 1.5,A,1.5,1.50,2,1,A,1.5,
2026-07-10,2026-07-10T13:51:18,台灣運彩,824252,3477491.1,117,2026-07-11T06:40:00+08:00,費城費城人,底特律老虎,費城費城人 @ 底特律老虎,51440282.1,380,[1-5局] 費城費城人 大小 1.5,252828466.1,小 1.5,H,1.5,1.96,25,24,H,1.5,
2026-07-10,2026-07-10T13:51:18,台灣運彩,824252,3477491.1,117,2026-07-11T06:40:00+08:00,費城費城人,底特律老虎,費城費城人 @ 底特律老虎,51440286.1,389,[第1局] 不讓分,252828482.1,底特律老虎,H,,2.85,20,37,H,,1
2026-07-10,2026-07-10T13:51:18,台灣運彩,824252,3477491.1,117,2026-07-11T06:40:00+08:00,費城費城人,底特律老虎,費城費城人 @ 底特律老虎,51440286.1,389,[第1局] 不讓分,252828484.1,費城費城人,A,,3.25,4,9,A,,2
2026-07-10,2026-07-10T13:51:18,台灣運彩,824252,3477491.1,117,2026-07-11T06:40:00+08:00,費城費城人,底特律老虎,費城費城人 @ 底特律老虎,51440286.1,389,[第1局] 不讓分,252828483.1,和局,D,,1.55,20,11,D,,
2026-07-10,2026-07-10T13:51:18,台灣運彩,824252,3477491.1,117,2026-07-11T06:40:00+08:00,費城費城人,底特律老虎,費城費城人 @ 底特律老虎,51440285.1,398,[第1局] 大小 0.5,252828481.1,大 0.5,A,0.5,1.65,20,13,A,0.5,
2026-07-10,2026-07-10T13:51:18,台灣運彩,824252,3477491.1,117,2026-07-11T06:40:00+08:00,費城費城人,底特律老虎,費城費城人 @ 底特律老虎,51440285.1,398,[第1局] 大小 0.5,252828480.1,小 0.5,H,0.5,1.68,25,17,H,0.5,
2026-07-10,2026-07-10T13:51:18,台灣運彩,822709,3477484.1,116,2026-07-11T06:45:00+08:00,紐約洋基,華盛頓國民,紐約洋基 @ 華盛頓國民,51439565.1,354,不讓分,252826670.1,華盛頓國民,H,,2.33,100,133,H,,1
2026-07-10,2026-07-10T13:51:18,台灣運彩,822709,3477484.1,116,2026-07-11T06:45:00+08:00,紐約洋基,華盛頓國民,紐約洋基 @ 華盛頓國民,51439565.1,354,不讓分,252826671.1,紐約洋基,A,,1.38,50,19,A,,2
2026-07-10,2026-07-10T13:51:18,台灣運彩,822709,3477484.1,116,2026-07-11T06:45:00+08:00,紐約洋基,華盛頓國民,紐約洋基 @ 華盛頓國民,51439574.1,357,勝分差,252826691.1,紐約洋基 1 分,A,,5.75,4,19,A,,
2026-07-10,2026-07-10T13:51:18,台灣運彩,822709,3477484.1,116,2026-07-11T06:45:00+08:00,紐約洋基,華盛頓國民,紐約洋基 @ 華盛頓國民,51439574.1,357,勝分差,252826692.1,紐約洋基 2 分,A,,6.50,2,11,A,,
2026-07-10,2026-07-10T13:51:18,台灣運彩,822709,3477484.1,116,2026-07-11T06:45:00+08:00,紐約洋基,華盛頓國民,紐約洋基 @ 華盛頓國民,51439574.1,357,勝分差,252826693.1,紐約洋基 > 2分,A,,1.75,4,3,A,,
2026-07-10,2026-07-10T13:51:18,台灣運彩,822709,3477484.1,116,2026-07-11T06:45:00+08:00,紐約洋基,華盛頓國民,紐約洋基 @ 華盛頓國民,51439574.1,357,勝分差,252826688.1,華盛頓國民 1 分,H,,4.85,20,77,H,,
2026-07-10,2026-07-10T13:51:18,台灣運彩,822709,3477484.1,116,2026-07-11T06:45:00+08:00,紐約洋基,華盛頓國民,紐約洋基 @ 華盛頓國民,51439574.1,357,勝分差,252826689.1,華盛頓國民 2 分,H,,9.50,2,17,H,,
2026-07-10,2026-07-10T13:51:18,台灣運彩,822709,3477484.1,116,2026-07-11T06:45:00+08:00,紐約洋基,華盛頓國民,紐約洋基 @ 華盛頓國民,51439574.1,357,勝分差,252826690.1,華盛頓國民 > 2分,H,,4.25,4,13,H,,
2026-07-10,2026-07-10T13:51:18,台灣運彩,822709,3477484.1,116,2026-07-11T06:45:00+08:00,紐約洋基,華盛頓國民,紐約洋基 @ 華盛頓國民,51439572.1,358,讓分 2.5,252826684.1,華盛頓國民 +2.5,H,2.5,1.58,50,29,H,2.5,1
2026-07-10,2026-07-10T13:51:18,台灣運彩,822709,3477484.1,116,2026-07-11T06:45:00+08:00,紐約洋基,華盛頓國民,紐約洋基 @ 華盛頓國民,51439572.1,358,讓分 2.5,252826685.1,紐約洋基 -2.5,A,2.5,1.92,25,23,A,2.5,2
2026-07-10,2026-07-10T13:51:18,台灣運彩,822709,3477484.1,116,2026-07-11T06:45:00+08:00,紐約洋基,華盛頓國民,紐約洋基 @ 華盛頓國民,51439573.1,358,讓分 1.5,252826686.1,華盛頓國民 +1.5,H,1.5,1.88,25,22,H,1.5,1
2026-07-10,2026-07-10T13:51:18,台灣運彩,822709,3477484.1,116,2026-07-11T06:45:00+08:00,紐約洋基,華盛頓國民,紐約洋基 @ 華盛頓國民,51439573.1,358,讓分 1.5,252826687.1,紐約洋基 -1.5,A,1.5,1.62,50,31,A,1.5,2
2026-07-10,2026-07-10T13:51:18,台灣運彩,822709,3477484.1,116,2026-07-11T06:45:00+08:00,紐約洋基,華盛頓國民,紐約洋基 @ 華盛頓國民,51439567.1,360,[總分]大小 9.5,252826675.1,大 9.5,A,9.5,1.68,25,17,A,9.5,
2026-07-10,2026-07-10T13:51:18,台灣運彩,822709,3477484.1,116,2026-07-11T06:45:00+08:00,紐約洋基,華盛頓國民,紐約洋基 @ 華盛頓國民,51439567.1,360,[總分]大小 9.5,252826674.1,小 9.5,H,9.5,1.82,50,41,H,9.5,
2026-07-10,2026-07-10T13:51:18,台灣運彩,822709,3477484.1,116,2026-07-11T06:45:00+08:00,紐約洋基,華盛頓國民,紐約洋基 @ 華盛頓國民,51439568.1,360,[總分]大小 8.5,252826677.1,大 8.5,A,8.5,1.43,100,43,A,8.5,
2026-07-10,2026-07-10T13:51:18,台灣運彩,822709,3477484.1,116,2026-07-11T06:45:00+08:00,紐約洋基,華盛頓國民,紐約洋基 @ 華盛頓國民,51439568.1,360,[總分]大小 8.5,252826676.1,小 8.5,H,8.5,2.15,20,23,H,8.5,
2026-07-10,2026-07-10T13:51:18,台灣運彩,822709,3477484.1,116,2026-07-11T06:45:00+08:00,紐約洋基,華盛頓國民,紐約洋基 @ 華盛頓國民,51439570.1,360,[總分]大小 10.5,252826681.1,大 10.5,A,10.5,1.90,10,9,A,10.5,
2026-07-10,2026-07-10T13:51:18,台灣運彩,822709,3477484.1,116,2026-07-11T06:45:00+08:00,紐約洋基,華盛頓國民,紐約洋基 @ 華盛頓國民,51439570.1,360,[總分]大小 10.5,252826680.1,小 10.5,H,10.5,1.60,5,3,H,10.5,
2026-07-10,2026-07-10T13:51:18,台灣運彩,822709,3477484.1,116,2026-07-11T06:45:00+08:00,紐約洋基,華盛頓國民,紐約洋基 @ 華盛頓國民,51439569.1,362,華盛頓國民 大小 4.5,252826679.1,大 4.5,A,4.5,1.90,10,9,A,4.5,
2026-07-10,2026-07-10T13:51:18,台灣運彩,822709,3477484.1,116,2026-07-11T06:45:00+08:00,紐約洋基,華盛頓國民,紐約洋基 @ 華盛頓國民,51439569.1,362,華盛頓國民 大小 4.5,252826678.1,小 4.5,H,4.5,1.55,20,11,H,4.5,
2026-07-10,2026-07-10T13:51:18,台灣運彩,822709,3477484.1,116,2026-07-11T06:45:00+08:00,紐約洋基,華盛頓國民,紐約洋基 @ 華盛頓國民,51439904.1,362,華盛頓國民 大小 3.5,252827573.1,大 3.5,A,3.5,1.65,20,13,A,3.5,
2026-07-10,2026-07-10T13:51:18,台灣運彩,822709,3477484.1,116,2026-07-11T06:45:00+08:00,紐約洋基,華盛頓國民,紐約洋基 @ 華盛頓國民,51439904.1,362,華盛頓國民 大小 3.5,252827572.1,小 3.5,H,3.5,1.78,50,39,H,3.5,
2026-07-10,2026-07-10T13:51:18,台灣運彩,822709,3477484.1,116,2026-07-11T06:45:00+08:00,紐約洋基,華盛頓國民,紐約洋基 @ 華盛頓國民,51439566.1,363,紐約洋基 大小 5.5,252826673.1,大 5.5,A,5.5,1.65,20,13,A,5.5,
2026-07-10,2026-07-10T13:51:18,台灣運彩,822709,3477484.1,116,2026-07-11T06:45:00+08:00,紐約洋基,華盛頓國民,紐約洋基 @ 華盛頓國民,51439566.1,363,紐約洋基 大小 5.5,252826672.1,小 5.5,H,5.5,1.78,50,39,H,5.5,
2026-07-10,2026-07-10T13:51:18,台灣運彩,822709,3477484.1,116,2026-07-11T06:45:00+08:00,紐約洋基,華盛頓國民,紐約洋基 @ 華盛頓國民,51439564.1,366,[總分]單雙,252826669.1,單,,,1.52,25,13,,,
2026-07-10,2026-07-10T13:51:18,台灣運彩,822709,3477484.1,116,2026-07-11T06:45:00+08:00,紐約洋基,華盛頓國民,紐約洋基 @ 華盛頓國民,51439564.1,366,[總分]單雙,252826668.1,雙,,,1.94,50,47,,,
2026-07-10,2026-07-10T13:51:18,台灣運彩,822709,3477484.1,116,2026-07-11T06:45:00+08:00,紐約洋基,華盛頓國民,紐約洋基 @ 華盛頓國民,51439906.1,374,得分最高單局(不含延長賽),252827585.1,一樣多,,,2.30,10,13,,,
2026-07-10,2026-07-10T13:51:18,台灣運彩,822709,3477484.1,116,2026-07-11T06:45:00+08:00,紐約洋基,華盛頓國民,紐約洋基 @ 華盛頓國民,51439906.1,374,得分最高單局(不含延長賽),252827576.1,第1局,,,5.50,2,9,,,
2026-07-10,2026-07-10T13:51:18,台灣運彩,822709,3477484.1,116,2026-07-11T06:45:00+08:00,紐約洋基,華盛頓國民,紐約洋基 @ 華盛頓國民,51439906.1,374,得分最高單局(不含延長賽),252827577.1,第2局,,,6.50,2,11,,,
2026-07-10,2026-07-10T13:51:18,台灣運彩,822709,3477484.1,116,2026-07-11T06:45:00+08:00,紐約洋基,華盛頓國民,紐約洋基 @ 華盛頓國民,51439906.1,374,得分最高單局(不含延長賽),252827578.1,第3局,,,5.55,20,91,,,
2026-07-10,2026-07-10T13:51:18,台灣運彩,822709,3477484.1,116,2026-07-11T06:45:00+08:00,紐約洋基,華盛頓國民,紐約洋基 @ 華盛頓國民,51439906.1,374,得分最高單局(不含延長賽),252827579.1,第4局,,,6.00,1,5,,,
2026-07-10,2026-07-10T13:51:18,台灣運彩,822709,3477484.1,116,2026-07-11T06:45:00+08:00,紐約洋基,華盛頓國民,紐約洋基 @ 華盛頓國民,51439906.1,374,得分最高單局(不含延長賽),252827580.1,第5局,,,5.95,20,99,,,
2026-07-10,2026-07-10T13:51:18,台灣運彩,822709,3477484.1,116,2026-07-11T06:45:00+08:00,紐約洋基,華盛頓國民,紐約洋基 @ 華盛頓國民,51439906.1,374,得分最高單局(不含延長賽),252827581.1,第6局,,,6.25,4,21,,,
2026-07-10,2026-07-10T13:51:18,台灣運彩,822709,3477484.1,116,2026-07-11T06:45:00+08:00,紐約洋基,華盛頓國民,紐約洋基 @ 華盛頓國民,51439906.1,374,得分最高單局(不含延長賽),252827582.1,第7局,,,6.25,4,21,,,
2026-07-10,2026-07-10T13:51:18,台灣運彩,822709,3477484.1,116,2026-07-11T06:45:00+08:00,紐約洋基,華盛頓國民,紐約洋基 @ 華盛頓國民,51439906.1,374,得分最高單局(不含延長賽),252827583.1,第8局,,,6.00,1,5,,,
2026-07-10,2026-07-10T13:51:18,台灣運彩,822709,3477484.1,116,2026-07-11T06:45:00+08:00,紐約洋基,華盛頓國民,紐約洋基 @ 華盛頓國民,51439906.1,374,得分最高單局(不含延長賽),252827584.1,第9局,,,8.00,1,7,,,
2026-07-10,2026-07-10T13:51:18,台灣運彩,822709,3477484.1,116,2026-07-11T06:45:00+08:00,紐約洋基,華盛頓國民,紐約洋基 @ 華盛頓國民,51439900.1,376,[1-5局] 不讓分,252827563.1,華盛頓國民,H,,2.35,20,27,H,,1
2026-07-10,2026-07-10T13:51:18,台灣運彩,822709,3477484.1,116,2026-07-11T06:45:00+08:00,紐約洋基,華盛頓國民,紐約洋基 @ 華盛頓國民,51439900.1,376,[1-5局] 不讓分,252827565.1,紐約洋基,A,,1.45,20,9,A,,2
2026-07-10,2026-07-10T13:51:18,台灣運彩,822709,3477484.1,116,2026-07-11T06:45:00+08:00,紐約洋基,華盛頓國民,紐約洋基 @ 華盛頓國民,51439900.1,376,[1-5局] 不讓分,252827564.1,和局,D,,5.30,10,43,D,,
2026-07-10,2026-07-10T13:51:18,台灣運彩,822709,3477484.1,116,2026-07-11T06:45:00+08:00,紐約洋基,華盛頓國民,紐約洋基 @ 華盛頓國民,51439902.1,378,[1-5局] 大小 5.5,252827569.1,大 5.5,A,5.5,1.73,100,73,A,5.5,
2026-07-10,2026-07-10T13:51:18,台灣運彩,822709,3477484.1,116,2026-07-11T06:45:00+08:00,紐約洋基,華盛頓國民,紐約洋基 @ 華盛頓國民,51439902.1,378,[1-5局] 大小 5.5,252827568.1,小 5.5,H,5.5,1.60,5,3,H,5.5,
2026-07-10,2026-07-10T13:51:18,台灣運彩,822709,3477484.1,116,2026-07-11T06:45:00+08:00,紐約洋基,華盛頓國民,紐約洋基 @ 華盛頓國民,51439901.1,379,[1-5局] 華盛頓國民 大小 1.5,252827567.1,大 1.5,A,1.5,1.58,50,29,A,1.5,
2026-07-10,2026-07-10T13:51:18,台灣運彩,822709,3477484.1,116,2026-07-11T06:45:00+08:00,紐約洋基,華盛頓國民,紐約洋基 @ 華盛頓國民,51439901.1,379,[1-5局] 華盛頓國民 大小 1.5,252827566.1,小 1.5,H,1.5,1.86,50,43,H,1.5,
2026-07-10,2026-07-10T13:51:18,台灣運彩,822709,3477484.1,116,2026-07-11T06:45:00+08:00,紐約洋基,華盛頓國民,紐約洋基 @ 華盛頓國民,51439909.1,380,[1-5局] 紐約洋基 大小 2.5,252827591.1,大 2.5,A,2.5,1.52,25,13,A,2.5,
2026-07-10,2026-07-10T13:51:18,台灣運彩,822709,3477484.1,116,2026-07-11T06:45:00+08:00,紐約洋基,華盛頓國民,紐約洋基 @ 華盛頓國民,51439909.1,380,[1-5局] 紐約洋基 大小 2.5,252827590.1,小 2.5,H,2.5,1.94,50,47,H,2.5,
2026-07-10,2026-07-10T13:51:18,台灣運彩,822709,3477484.1,116,2026-07-11T06:45:00+08:00,紐約洋基,華盛頓國民,紐約洋基 @ 華盛頓國民,51439899.1,389,[第1局] 不讓分,252827560.1,華盛頓國民,H,,3.60,5,13,H,,1
2026-07-10,2026-07-10T13:51:18,台灣運彩,822709,3477484.1,116,2026-07-11T06:45:00+08:00,紐約洋基,華盛頓國民,紐約洋基 @ 華盛頓國民,51439899.1,389,[第1局] 不讓分,252827562.1,紐約洋基,A,,2.40,5,7,A,,2
2026-07-10,2026-07-10T13:51:18,台灣運彩,822709,3477484.1,116,2026-07-11T06:45:00+08:00,紐約洋基,華盛頓國民,紐約洋基 @ 華盛頓國民,51439899.1,389,[第1局] 不讓分,252827561.1,和局,D,,1.65,20,13,D,,
2026-07-10,2026-07-10T13:51:18,台灣運彩,822709,3477484.1,116,2026-07-11T06:45:00+08:00,紐約洋基,華盛頓國民,紐約洋基 @ 華盛頓國民,51439905.1,398,[第1局] 大小 0.5,252827575.1,大 0.5,A,0.5,1.56,25,14,A,0.5,
2026-07-10,2026-07-10T13:51:18,台灣運彩,822709,3477484.1,116,2026-07-11T06:45:00+08:00,紐約洋基,華盛頓國民,紐約洋基 @ 華盛頓國民,51439905.1,398,[第1局] 大小 0.5,252827574.1,小 0.5,H,0.5,1.78,50,39,H,0.5,
2026-07-10,2026-07-10T13:51:18,台灣運彩,824817,3477493.1,124,2026-07-11T07:05:00+08:00,堪薩斯市皇家,巴爾的摩金鶯,堪薩斯市皇家 @ 巴爾的摩金鶯,51439621.1,354,不讓分,252826849.1,巴爾的摩金鶯,H,,1.48,25,12,H,,1
2026-07-10,2026-07-10T13:51:18,台灣運彩,824817,3477493.1,124,2026-07-11T07:05:00+08:00,堪薩斯市皇家,巴爾的摩金鶯,堪薩斯市皇家 @ 巴爾的摩金鶯,51439621.1,354,不讓分,252826850.1,堪薩斯皇家,A,,2.05,20,21,A,,2
2026-07-10,2026-07-10T13:51:18,台灣運彩,824817,3477493.1,124,2026-07-11T07:05:00+08:00,堪薩斯市皇家,巴爾的摩金鶯,堪薩斯市皇家 @ 巴爾的摩金鶯,51439631.1,357,勝分差,252826872.1,堪薩斯皇家 1 分,A,,6.25,4,21,A,,
2026-07-10,2026-07-10T13:51:18,台灣運彩,824817,3477493.1,124,2026-07-11T07:05:00+08:00,堪薩斯市皇家,巴爾的摩金鶯,堪薩斯市皇家 @ 巴爾的摩金鶯,51439631.1,357,勝分差,252826873.1,堪薩斯皇家 2 分,A,,8.50,2,15,A,,
2026-07-10,2026-07-10T13:51:18,台灣運彩,824817,3477493.1,124,2026-07-11T07:05:00+08:00,堪薩斯市皇家,巴爾的摩金鶯,堪薩斯市皇家 @ 巴爾的摩金鶯,51439631.1,357,勝分差,252826874.1,堪薩斯皇家 > 2分,A,,3.00,1,2,A,,
2026-07-10,2026-07-10T13:51:18,台灣運彩,824817,3477493.1,124,2026-07-11T07:05:00+08:00,堪薩斯市皇家,巴爾的摩金鶯,堪薩斯市皇家 @ 巴爾的摩金鶯,51439631.1,357,勝分差,252826869.1,巴爾的摩金鶯 1 分,H,,4.15,20,63,H,,
2026-07-10,2026-07-10T13:51:18,台灣運彩,824817,3477493.1,124,2026-07-11T07:05:00+08:00,堪薩斯市皇家,巴爾的摩金鶯,堪薩斯市皇家 @ 巴爾的摩金鶯,51439631.1,357,勝分差,252826870.1,巴爾的摩金鶯 2 分,H,,7.00,1,6,H,,
2026-07-10,2026-07-10T13:51:18,台灣運彩,824817,3477493.1,124,2026-07-11T07:05:00+08:00,堪薩斯市皇家,巴爾的摩金鶯,堪薩斯市皇家 @ 巴爾的摩金鶯,51439631.1,357,勝分差,252826871.1,巴爾的摩金鶯 > 2分,H,,2.20,5,6,H,,
2026-07-10,2026-07-10T13:51:18,台灣運彩,824817,3477493.1,124,2026-07-11T07:05:00+08:00,堪薩斯市皇家,巴爾的摩金鶯,堪薩斯市皇家 @ 巴爾的摩金鶯,51439627.1,358,讓分 -2.5,252826861.1,巴爾的摩金鶯 -2.5,H,-2.5,2.33,100,133,H,-2.5,1
2026-07-10,2026-07-10T13:51:18,台灣運彩,824817,3477493.1,124,2026-07-11T07:05:00+08:00,堪薩斯市皇家,巴爾的摩金鶯,堪薩斯市皇家 @ 巴爾的摩金鶯,51439627.1,358,讓分 -2.5,252826862.1,堪薩斯皇家 +2.5,A,-2.5,1.38,50,19,A,-2.5,2
2026-07-10,2026-07-10T13:51:18,台灣運彩,824817,3477493.1,124,2026-07-11T07:05:00+08:00,堪薩斯市皇家,巴爾的摩金鶯,堪薩斯市皇家 @ 巴爾的摩金鶯,51439628.1,358,讓分 -1.5,252826863.1,巴爾的摩金鶯 -1.5,H,-1.5,1.92,25,23,H,-1.5,1
2026-07-10,2026-07-10T13:51:18,台灣運彩,824817,3477493.1,124,2026-07-11T07:05:00+08:00,堪薩斯市皇家,巴爾的摩金鶯,堪薩斯市皇家 @ 巴爾的摩金鶯,51439628.1,358,讓分 -1.5,252826864.1,堪薩斯皇家 +1.5,A,-1.5,1.58,50,29,A,-1.5,2
2026-07-10,2026-07-10T13:51:18,台灣運彩,824817,3477493.1,124,2026-07-11T07:05:00+08:00,堪薩斯市皇家,巴爾的摩金鶯,堪薩斯市皇家 @ 巴爾的摩金鶯,51439623.1,360,[總分]大小 10.5,252826854.1,大 10.5,A,10.5,1.95,20,19,A,10.5,
2026-07-10,2026-07-10T13:51:18,台灣運彩,824817,3477493.1,124,2026-07-11T07:05:00+08:00,堪薩斯市皇家,巴爾的摩金鶯,堪薩斯市皇家 @ 巴爾的摩金鶯,51439623.1,360,[總分]大小 10.5,252826853.1,小 10.5,H,10.5,1.55,20,11,H,10.5,
2026-07-10,2026-07-10T13:51:18,台灣運彩,824817,3477493.1,124,2026-07-11T07:05:00+08:00,堪薩斯市皇家,巴爾的摩金鶯,堪薩斯市皇家 @ 巴爾的摩金鶯,51439624.1,360,[總分]大小 9.5,252826856.1,大 9.5,A,9.5,1.74,50,37,A,9.5,
2026-07-10,2026-07-10T13:51:18,台灣運彩,824817,3477493.1,124,2026-07-11T07:05:00+08:00,堪薩斯市皇家,巴爾的摩金鶯,堪薩斯市皇家 @ 巴爾的摩金鶯,51439624.1,360,[總分]大小 9.5,252826855.1,小 9.5,H,9.5,1.76,25,19,H,9.5,
2026-07-10,2026-07-10T13:51:18,台灣運彩,824817,3477493.1,124,2026-07-11T07:05:00+08:00,堪薩斯市皇家,巴爾的摩金鶯,堪薩斯市皇家 @ 巴爾的摩金鶯,51439629.1,360,[總分]大小 8.5,252826866.1,大 8.5,A,8.5,1.46,50,23,A,8.5,
2026-07-10,2026-07-10T13:51:18,台灣運彩,824817,3477493.1,124,2026-07-11T07:05:00+08:00,堪薩斯市皇家,巴爾的摩金鶯,堪薩斯市皇家 @ 巴爾的摩金鶯,51439629.1,360,[總分]大小 8.5,252826865.1,小 8.5,H,8.5,2.07,100,107,H,8.5,
2026-07-10,2026-07-10T13:51:18,台灣運彩,824817,3477493.1,124,2026-07-11T07:05:00+08:00,堪薩斯市皇家,巴爾的摩金鶯,堪薩斯市皇家 @ 巴爾的摩金鶯,51439630.1,362,巴爾的摩金鶯 大小 4.5,252826868.1,大 4.5,A,4.5,1.55,20,11,A,4.5,
2026-07-10,2026-07-10T13:51:18,台灣運彩,824817,3477493.1,124,2026-07-11T07:05:00+08:00,堪薩斯市皇家,巴爾的摩金鶯,堪薩斯市皇家 @ 巴爾的摩金鶯,51439630.1,362,巴爾的摩金鶯 大小 4.5,252826867.1,小 4.5,H,4.5,1.90,10,9,H,4.5,
2026-07-10,2026-07-10T13:51:18,台灣運彩,824817,3477493.1,124,2026-07-11T07:05:00+08:00,堪薩斯市皇家,巴爾的摩金鶯,堪薩斯市皇家 @ 巴爾的摩金鶯,51439625.1,363,堪薩斯皇家 大小 4.5,252826858.1,大 4.5,A,4.5,1.85,20,17,A,4.5,
2026-07-10,2026-07-10T13:51:18,台灣運彩,824817,3477493.1,124,2026-07-11T07:05:00+08:00,堪薩斯市皇家,巴爾的摩金鶯,堪薩斯市皇家 @ 巴爾的摩金鶯,51439625.1,363,堪薩斯皇家 大小 4.5,252826857.1,小 4.5,H,4.5,1.60,5,3,H,4.5,
2026-07-10,2026-07-10T13:51:18,台灣運彩,824817,3477493.1,124,2026-07-11T07:05:00+08:00,堪薩斯市皇家,巴爾的摩金鶯,堪薩斯市皇家 @ 巴爾的摩金鶯,51439626.1,366,[總分]單雙,252826860.1,單,,,1.50,2,1,,,
2026-07-10,2026-07-10T13:51:18,台灣運彩,824817,3477493.1,124,2026-07-11T07:05:00+08:00,堪薩斯市皇家,巴爾的摩金鶯,堪薩斯市皇家 @ 巴爾的摩金鶯,51439626.1,366,[總分]單雙,252826859.1,雙,,,1.96,25,24,,,
2026-07-10,2026-07-10T13:51:18,台灣運彩,824817,3477493.1,124,2026-07-11T07:05:00+08:00,堪薩斯市皇家,巴爾的摩金鶯,堪薩斯市皇家 @ 巴爾的摩金鶯,51439817.1,374,得分最高單局(不含延長賽),252827348.1,一樣多,,,2.30,10,13,,,
2026-07-10,2026-07-10T13:51:18,台灣運彩,824817,3477493.1,124,2026-07-11T07:05:00+08:00,堪薩斯市皇家,巴爾的摩金鶯,堪薩斯市皇家 @ 巴爾的摩金鶯,51439817.1,374,得分最高單局(不含延長賽),252827339.1,第1局,,,5.45,20,89,,,
2026-07-10,2026-07-10T13:51:18,台灣運彩,824817,3477493.1,124,2026-07-11T07:05:00+08:00,堪薩斯市皇家,巴爾的摩金鶯,堪薩斯市皇家 @ 巴爾的摩金鶯,51439817.1,374,得分最高單局(不含延長賽),252827340.1,第2局,,,6.50,2,11,,,
2026-07-10,2026-07-10T13:51:18,台灣運彩,824817,3477493.1,124,2026-07-11T07:05:00+08:00,堪薩斯市皇家,巴爾的摩金鶯,堪薩斯市皇家 @ 巴爾的摩金鶯,51439817.1,374,得分最高單局(不含延長賽),252827341.1,第3局,,,5.65,20,93,,,
2026-07-10,2026-07-10T13:51:18,台灣運彩,824817,3477493.1,124,2026-07-11T07:05:00+08:00,堪薩斯市皇家,巴爾的摩金鶯,堪薩斯市皇家 @ 巴爾的摩金鶯,51439817.1,374,得分最高單局(不含延長賽),252827342.1,第4局,,,6.25,4,21,,,
2026-07-10,2026-07-10T13:51:18,台灣運彩,824817,3477493.1,124,2026-07-11T07:05:00+08:00,堪薩斯市皇家,巴爾的摩金鶯,堪薩斯市皇家 @ 巴爾的摩金鶯,51439817.1,374,得分最高單局(不含延長賽),252827343.1,第5局,,,6.00,1,5,,,
2026-07-10,2026-07-10T13:51:18,台灣運彩,824817,3477493.1,124,2026-07-11T07:05:00+08:00,堪薩斯市皇家,巴爾的摩金鶯,堪薩斯市皇家 @ 巴爾的摩金鶯,51439817.1,374,得分最高單局(不含延長賽),252827344.1,第6局,,,5.80,5,24,,,
2026-07-10,2026-07-10T13:51:18,台灣運彩,824817,3477493.1,124,2026-07-11T07:05:00+08:00,堪薩斯市皇家,巴爾的摩金鶯,堪薩斯市皇家 @ 巴爾的摩金鶯,51439817.1,374,得分最高單局(不含延長賽),252827345.1,第7局,,,5.70,10,47,,,
2026-07-10,2026-07-10T13:51:18,台灣運彩,824817,3477493.1,124,2026-07-11T07:05:00+08:00,堪薩斯市皇家,巴爾的摩金鶯,堪薩斯市皇家 @ 巴爾的摩金鶯,51439817.1,374,得分最高單局(不含延長賽),252827346.1,第8局,,,5.80,5,24,,,
2026-07-10,2026-07-10T13:51:18,台灣運彩,824817,3477493.1,124,2026-07-11T07:05:00+08:00,堪薩斯市皇家,巴爾的摩金鶯,堪薩斯市皇家 @ 巴爾的摩金鶯,51439817.1,374,得分最高單局(不含延長賽),252827347.1,第9局,,,8.00,1,7,,,
2026-07-10,2026-07-10T13:51:18,台灣運彩,824817,3477493.1,124,2026-07-11T07:05:00+08:00,堪薩斯市皇家,巴爾的摩金鶯,堪薩斯市皇家 @ 巴爾的摩金鶯,51439811.1,376,[1-5局] 不讓分,252827325.1,巴爾的摩金鶯,H,,1.60,5,3,H,,1
2026-07-10,2026-07-10T13:51:18,台灣運彩,824817,3477493.1,124,2026-07-11T07:05:00+08:00,堪薩斯市皇家,巴爾的摩金鶯,堪薩斯市皇家 @ 巴爾的摩金鶯,51439811.1,376,[1-5局] 不讓分,252827327.1,堪薩斯皇家,A,,2.10,10,11,A,,2
2026-07-10,2026-07-10T13:51:18,台灣運彩,824817,3477493.1,124,2026-07-11T07:05:00+08:00,堪薩斯市皇家,巴爾的摩金鶯,堪薩斯市皇家 @ 巴爾的摩金鶯,51439811.1,376,[1-5局] 不讓分,252827326.1,和局,D,,5.20,5,21,D,,
2026-07-10,2026-07-10T13:51:18,台灣運彩,824817,3477493.1,124,2026-07-11T07:05:00+08:00,堪薩斯市皇家,巴爾的摩金鶯,堪薩斯市皇家 @ 巴爾的摩金鶯,51439815.1,378,[1-5局] 大小 5.5,252827336.1,大 5.5,A,5.5,1.78,50,39,A,5.5,
2026-07-10,2026-07-10T13:51:18,台灣運彩,824817,3477493.1,124,2026-07-11T07:05:00+08:00,堪薩斯市皇家,巴爾的摩金鶯,堪薩斯市皇家 @ 巴爾的摩金鶯,51439815.1,378,[1-5局] 大小 5.5,252827335.1,小 5.5,H,5.5,1.56,25,14,H,5.5,
2026-07-10,2026-07-10T13:51:18,台灣運彩,824817,3477493.1,124,2026-07-11T07:05:00+08:00,堪薩斯市皇家,巴爾的摩金鶯,堪薩斯市皇家 @ 巴爾的摩金鶯,51439813.1,379,[1-5局] 巴爾的摩金鶯 大小 2.5,252827332.1,大 2.5,A,2.5,1.65,20,13,A,2.5,
2026-07-10,2026-07-10T13:51:18,台灣運彩,824817,3477493.1,124,2026-07-11T07:05:00+08:00,堪薩斯市皇家,巴爾的摩金鶯,堪薩斯市皇家 @ 巴爾的摩金鶯,51439813.1,379,[1-5局] 巴爾的摩金鶯 大小 2.5,252827331.1,小 2.5,H,2.5,1.78,50,39,H,2.5,
2026-07-10,2026-07-10T13:51:18,台灣運彩,824817,3477493.1,124,2026-07-11T07:05:00+08:00,堪薩斯市皇家,巴爾的摩金鶯,堪薩斯市皇家 @ 巴爾的摩金鶯,51439816.1,380,[1-5局] 堪薩斯皇家 大小 1.5,252827338.1,大 1.5,A,1.5,1.50,2,1,A,1.5,
2026-07-10,2026-07-10T13:51:18,台灣運彩,824817,3477493.1,124,2026-07-11T07:05:00+08:00,堪薩斯市皇家,巴爾的摩金鶯,堪薩斯市皇家 @ 巴爾的摩金鶯,51439816.1,380,[1-5局] 堪薩斯皇家 大小 1.5,252827337.1,小 1.5,H,1.5,1.96,25,24,H,1.5,
2026-07-10,2026-07-10T13:51:18,台灣運彩,824817,3477493.1,124,2026-07-11T07:05:00+08:00,堪薩斯市皇家,巴爾的摩金鶯,堪薩斯市皇家 @ 巴爾的摩金鶯,51439812.1,389,[第1局] 不讓分,252827328.1,巴爾的摩金鶯,H,,2.55,20,31,H,,1
2026-07-10,2026-07-10T13:51:18,台灣運彩,824817,3477493.1,124,2026-07-11T07:05:00+08:00,堪薩斯市皇家,巴爾的摩金鶯,堪薩斯市皇家 @ 巴爾的摩金鶯,51439812.1,389,[第1局] 不讓分,252827330.1,堪薩斯皇家,A,,3.40,5,12,A,,2
2026-07-10,2026-07-10T13:51:18,台灣運彩,824817,3477493.1,124,2026-07-11T07:05:00+08:00,堪薩斯市皇家,巴爾的摩金鶯,堪薩斯市皇家 @ 巴爾的摩金鶯,51439812.1,389,[第1局] 不讓分,252827329.1,和局,D,,1.65,20,13,D,,
2026-07-10,2026-07-10T13:51:18,台灣運彩,824817,3477493.1,124,2026-07-11T07:05:00+08:00,堪薩斯市皇家,巴爾的摩金鶯,堪薩斯市皇家 @ 巴爾的摩金鶯,51439814.1,398,[第1局] 大小 0.5,252827334.1,大 0.5,A,0.5,1.58,50,29,A,0.5,
2026-07-10,2026-07-10T13:51:18,台灣運彩,824817,3477493.1,124,2026-07-11T07:05:00+08:00,堪薩斯市皇家,巴爾的摩金鶯,堪薩斯市皇家 @ 巴爾的摩金鶯,51439814.1,398,[第1局] 大小 0.5,252827333.1,小 0.5,H,0.5,1.75,4,3,H,0.5,
2026-07-10,2026-07-10T13:51:18,台灣運彩,824493,3477494.1,126,2026-07-11T07:10:00+08:00,芝加哥小熊,辛辛那提紅人,芝加哥小熊 @ 辛辛那提紅人,51439649.1,354,不讓分,252826913.1,辛辛那堤紅人,H,,1.82,50,41,H,,1
2026-07-10,2026-07-10T13:51:18,台灣運彩,824493,3477494.1,126,2026-07-11T07:10:00+08:00,芝加哥小熊,辛辛那提紅人,芝加哥小熊 @ 辛辛那提紅人,51439649.1,354,不讓分,252826914.1,芝加哥小熊,A,,1.68,25,17,A,,2
2026-07-10,2026-07-10T13:51:18,台灣運彩,824493,3477494.1,126,2026-07-11T07:10:00+08:00,芝加哥小熊,辛辛那提紅人,芝加哥小熊 @ 辛辛那提紅人,51439667.1,357,勝分差,252826958.1,芝加哥小熊 1 分,A,,5.80,5,24,A,,
2026-07-10,2026-07-10T13:51:18,台灣運彩,824493,3477494.1,126,2026-07-11T07:10:00+08:00,芝加哥小熊,辛辛那提紅人,芝加哥小熊 @ 辛辛那提紅人,51439667.1,357,勝分差,252826959.1,芝加哥小熊 2 分,A,,7.25,4,25,A,,
2026-07-10,2026-07-10T13:51:18,台灣運彩,824493,3477494.1,126,2026-07-11T07:10:00+08:00,芝加哥小熊,辛辛那提紅人,芝加哥小熊 @ 辛辛那提紅人,51439667.1,357,勝分差,252826960.1,芝加哥小熊 > 2分,A,,2.40,5,7,A,,
2026-07-10,2026-07-10T13:51:18,台灣運彩,824493,3477494.1,126,2026-07-11T07:10:00+08:00,芝加哥小熊,辛辛那提紅人,芝加哥小熊 @ 辛辛那提紅人,51439667.1,357,勝分差,252826955.1,辛辛那堤紅人 1 分,H,,4.15,20,63,H,,
2026-07-10,2026-07-10T13:51:18,台灣運彩,824493,3477494.1,126,2026-07-11T07:10:00+08:00,芝加哥小熊,辛辛那提紅人,芝加哥小熊 @ 辛辛那提紅人,51439667.1,357,勝分差,252826956.1,辛辛那堤紅人 2 分,H,,7.75,4,27,H,,
2026-07-10,2026-07-10T13:51:18,台灣運彩,824493,3477494.1,126,2026-07-11T07:10:00+08:00,芝加哥小熊,辛辛那提紅人,芝加哥小熊 @ 辛辛那提紅人,51439667.1,357,勝分差,252826957.1,辛辛那堤紅人 > 2分,H,,2.80,5,9,H,,
2026-07-10,2026-07-10T13:51:18,台灣運彩,824493,3477494.1,126,2026-07-11T07:10:00+08:00,芝加哥小熊,辛辛那提紅人,芝加哥小熊 @ 辛辛那提紅人,51439663.1,358,讓分 1.5,252826945.1,辛辛那堤紅人 +1.5,H,1.5,1.48,25,12,H,1.5,1
2026-07-10,2026-07-10T13:51:18,台灣運彩,824493,3477494.1,126,2026-07-11T07:10:00+08:00,芝加哥小熊,辛辛那提紅人,芝加哥小熊 @ 辛辛那提紅人,51439663.1,358,讓分 1.5,252826946.1,芝加哥小熊 -1.5,A,1.5,2.05,20,21,A,1.5,2
2026-07-10,2026-07-10T13:51:18,台灣運彩,824493,3477494.1,126,2026-07-11T07:10:00+08:00,芝加哥小熊,辛辛那提紅人,芝加哥小熊 @ 辛辛那提紅人,51439714.1,358,讓分 2.5,252827081.1,辛辛那堤紅人 +2.5,H,2.5,1.32,25,8,H,2.5,1
2026-07-10,2026-07-10T13:51:18,台灣運彩,824493,3477494.1,126,2026-07-11T07:10:00+08:00,芝加哥小熊,辛辛那提紅人,芝加哥小熊 @ 辛辛那提紅人,51439714.1,358,讓分 2.5,252827082.1,芝加哥小熊 -2.5,A,2.5,2.50,2,3,A,2.5,2
2026-07-10,2026-07-10T13:51:18,台灣運彩,824493,3477494.1,126,2026-07-11T07:10:00+08:00,芝加哥小熊,辛辛那提紅人,芝加哥小熊 @ 辛辛那提紅人,51439660.1,360,[總分]大小 10.5,252826940.1,大 10.5,A,10.5,2.05,20,21,A,10.5,
2026-07-10,2026-07-10T13:51:18,台灣運彩,824493,3477494.1,126,2026-07-11T07:10:00+08:00,芝加哥小熊,辛辛那提紅人,芝加哥小熊 @ 辛辛那提紅人,51439660.1,360,[總分]大小 10.5,252826939.1,小 10.5,H,10.5,1.48,25,12,H,10.5,
2026-07-10,2026-07-10T13:51:18,台灣運彩,824493,3477494.1,126,2026-07-11T07:10:00+08:00,芝加哥小熊,辛辛那提紅人,芝加哥小熊 @ 辛辛那提紅人,51439662.1,360,[總分]大小 8.5,252826944.1,大 8.5,A,8.5,1.53,100,53,A,8.5,
2026-07-10,2026-07-10T13:51:18,台灣運彩,824493,3477494.1,126,2026-07-11T07:10:00+08:00,芝加哥小熊,辛辛那提紅人,芝加哥小熊 @ 辛辛那提紅人,51439662.1,360,[總分]大小 8.5,252826943.1,小 8.5,H,8.5,1.97,100,97,H,8.5,
2026-07-10,2026-07-10T13:51:18,台灣運彩,824493,3477494.1,126,2026-07-11T07:10:00+08:00,芝加哥小熊,辛辛那提紅人,芝加哥小熊 @ 辛辛那提紅人,51439669.1,360,[總分]大小 9.5,252826972.1,大 9.5,A,9.5,1.84,25,21,A,9.5,
2026-07-10,2026-07-10T13:51:18,台灣運彩,824493,3477494.1,126,2026-07-11T07:10:00+08:00,芝加哥小熊,辛辛那提紅人,芝加哥小熊 @ 辛辛那提紅人,51439669.1,360,[總分]大小 9.5,252826971.1,小 9.5,H,9.5,1.66,50,33,H,9.5,
2026-07-10,2026-07-10T13:51:18,台灣運彩,824493,3477494.1,126,2026-07-11T07:10:00+08:00,芝加哥小熊,辛辛那提紅人,芝加哥小熊 @ 辛辛那提紅人,51439658.1,362,辛辛那堤紅人 大小 4.5,252826936.1,大 4.5,A,4.5,1.80,5,4,A,4.5,
2026-07-10,2026-07-10T13:51:18,台灣運彩,824493,3477494.1,126,2026-07-11T07:10:00+08:00,芝加哥小熊,辛辛那提紅人,芝加哥小熊 @ 辛辛那提紅人,51439658.1,362,辛辛那堤紅人 大小 4.5,252826935.1,小 4.5,H,4.5,1.63,100,63,H,4.5,
2026-07-10,2026-07-10T13:51:18,台灣運彩,824493,3477494.1,126,2026-07-11T07:10:00+08:00,芝加哥小熊,辛辛那提紅人,芝加哥小熊 @ 辛辛那提紅人,51439656.1,363,芝加哥小熊 大小 4.5,252826932.1,大 4.5,A,4.5,1.70,10,7,A,4.5,
2026-07-10,2026-07-10T13:51:18,台灣運彩,824493,3477494.1,126,2026-07-11T07:10:00+08:00,芝加哥小熊,辛辛那提紅人,芝加哥小熊 @ 辛辛那提紅人,51439656.1,363,芝加哥小熊 大小 4.5,252826931.1,小 4.5,H,4.5,1.73,100,73,H,4.5,
2026-07-10,2026-07-10T13:51:18,台灣運彩,824493,3477494.1,126,2026-07-11T07:10:00+08:00,芝加哥小熊,辛辛那提紅人,芝加哥小熊 @ 辛辛那提紅人,51439655.1,366,[總分]單雙,252826930.1,單,,,1.48,25,12,,,
2026-07-10,2026-07-10T13:51:18,台灣運彩,824493,3477494.1,126,2026-07-11T07:10:00+08:00,芝加哥小熊,辛辛那提紅人,芝加哥小熊 @ 辛辛那提紅人,51439655.1,366,[總分]單雙,252826929.1,雙,,,2.00,1,1,,,
2026-07-10,2026-07-10T13:51:18,台灣運彩,824493,3477494.1,126,2026-07-11T07:10:00+08:00,芝加哥小熊,辛辛那提紅人,芝加哥小熊 @ 辛辛那提紅人,51439668.1,374,得分最高單局(不含延長賽),252826970.1,一樣多,,,2.25,4,5,,,
2026-07-10,2026-07-10T13:51:18,台灣運彩,824493,3477494.1,126,2026-07-11T07:10:00+08:00,芝加哥小熊,辛辛那提紅人,芝加哥小熊 @ 辛辛那提紅人,51439668.1,374,得分最高單局(不含延長賽),252826961.1,第1局,,,5.95,20,99,,,
2026-07-10,2026-07-10T13:51:18,台灣運彩,824493,3477494.1,126,2026-07-11T07:10:00+08:00,芝加哥小熊,辛辛那提紅人,芝加哥小熊 @ 辛辛那提紅人,51439668.1,374,得分最高單局(不含延長賽),252826962.1,第2局,,,7.25,4,25,,,
2026-07-10,2026-07-10T13:51:18,台灣運彩,824493,3477494.1,126,2026-07-11T07:10:00+08:00,芝加哥小熊,辛辛那提紅人,芝加哥小熊 @ 辛辛那提紅人,51439668.1,374,得分最高單局(不含延長賽),252826963.1,第3局,,,6.25,4,21,,,
2026-07-10,2026-07-10T13:51:18,台灣運彩,824493,3477494.1,126,2026-07-11T07:10:00+08:00,芝加哥小熊,辛辛那提紅人,芝加哥小熊 @ 辛辛那提紅人,51439668.1,374,得分最高單局(不含延長賽),252826964.1,第4局,,,7.00,1,6,,,
2026-07-10,2026-07-10T13:51:18,台灣運彩,824493,3477494.1,126,2026-07-11T07:10:00+08:00,芝加哥小熊,辛辛那提紅人,芝加哥小熊 @ 辛辛那提紅人,51439668.1,374,得分最高單局(不含延長賽),252826965.1,第5局,,,6.50,2,11,,,
2026-07-10,2026-07-10T13:51:18,台灣運彩,824493,3477494.1,126,2026-07-11T07:10:00+08:00,芝加哥小熊,辛辛那提紅人,芝加哥小熊 @ 辛辛那提紅人,51439668.1,374,得分最高單局(不含延長賽),252826966.1,第6局,,,5.05,20,81,,,
2026-07-10,2026-07-10T13:51:18,台灣運彩,824493,3477494.1,126,2026-07-11T07:10:00+08:00,芝加哥小熊,辛辛那提紅人,芝加哥小熊 @ 辛辛那提紅人,51439668.1,374,得分最高單局(不含延長賽),252826967.1,第7局,,,5.30,10,43,,,
2026-07-10,2026-07-10T13:51:18,台灣運彩,824493,3477494.1,126,2026-07-11T07:10:00+08:00,芝加哥小熊,辛辛那提紅人,芝加哥小熊 @ 辛辛那提紅人,51439668.1,374,得分最高單局(不含延長賽),252826968.1,第8局,,,5.30,10,43,,,
2026-07-10,2026-07-10T13:51:18,台灣運彩,824493,3477494.1,126,2026-07-11T07:10:00+08:00,芝加哥小熊,辛辛那提紅人,芝加哥小熊 @ 辛辛那提紅人,51439668.1,374,得分最高單局(不含延長賽),252826969.1,第9局,,,7.75,4,27,,,
2026-07-10,2026-07-10T13:51:18,台灣運彩,824493,3477494.1,126,2026-07-11T07:10:00+08:00,芝加哥小熊,辛辛那提紅人,芝加哥小熊 @ 辛辛那提紅人,51439666.1,376,[1-5局] 不讓分,252826952.1,辛辛那堤紅人,H,,1.85,20,17,H,,1
2026-07-10,2026-07-10T13:51:18,台灣運彩,824493,3477494.1,126,2026-07-11T07:10:00+08:00,芝加哥小熊,辛辛那提紅人,芝加哥小熊 @ 辛辛那提紅人,51439666.1,376,[1-5局] 不讓分,252826954.1,芝加哥小熊,A,,1.85,20,17,A,,2
2026-07-10,2026-07-10T13:51:18,台灣運彩,824493,3477494.1,126,2026-07-11T07:10:00+08:00,芝加哥小熊,辛辛那提紅人,芝加哥小熊 @ 辛辛那提紅人,51439666.1,376,[1-5局] 不讓分,252826953.1,和局,D,,4.70,10,37,D,,
2026-07-10,2026-07-10T13:51:18,台灣運彩,824493,3477494.1,126,2026-07-11T07:10:00+08:00,芝加哥小熊,辛辛那提紅人,芝加哥小熊 @ 辛辛那提紅人,51439653.1,378,[1-5局] 大小 4.5,252826924.1,大 4.5,A,4.5,1.65,20,13,A,4.5,
2026-07-10,2026-07-10T13:51:18,台灣運彩,824493,3477494.1,126,2026-07-11T07:10:00+08:00,芝加哥小熊,辛辛那提紅人,芝加哥小熊 @ 辛辛那提紅人,51439653.1,378,[1-5局] 大小 4.5,252826923.1,小 4.5,H,4.5,1.68,25,17,H,4.5,
2026-07-10,2026-07-10T13:51:18,台灣運彩,824493,3477494.1,126,2026-07-11T07:10:00+08:00,芝加哥小熊,辛辛那提紅人,芝加哥小熊 @ 辛辛那提紅人,51439664.1,379,[1-5局] 辛辛那堤紅人 大小 2.5,252826948.1,大 2.5,A,2.5,2.00,1,1,A,2.5,
2026-07-10,2026-07-10T13:51:18,台灣運彩,824493,3477494.1,126,2026-07-11T07:10:00+08:00,芝加哥小熊,辛辛那提紅人,芝加哥小熊 @ 辛辛那提紅人,51439664.1,379,[1-5局] 辛辛那堤紅人 大小 2.5,252826947.1,小 2.5,H,2.5,1.48,25,12,H,2.5,
2026-07-10,2026-07-10T13:51:18,台灣運彩,824493,3477494.1,126,2026-07-11T07:10:00+08:00,芝加哥小熊,辛辛那提紅人,芝加哥小熊 @ 辛辛那提紅人,51439659.1,380,[1-5局] 芝加哥小熊 大小 2.5,252826938.1,大 2.5,A,2.5,1.96,25,24,A,2.5,
2026-07-10,2026-07-10T13:51:18,台灣運彩,824493,3477494.1,126,2026-07-11T07:10:00+08:00,芝加哥小熊,辛辛那提紅人,芝加哥小熊 @ 辛辛那提紅人,51439659.1,380,[1-5局] 芝加哥小熊 大小 2.5,252826937.1,小 2.5,H,2.5,1.50,2,1,H,2.5,
2026-07-10,2026-07-10T13:51:18,台灣運彩,824493,3477494.1,126,2026-07-11T07:10:00+08:00,芝加哥小熊,辛辛那提紅人,芝加哥小熊 @ 辛辛那提紅人,51439665.1,389,[第1局] 不讓分,252826949.1,辛辛那堤紅人,H,,3.00,1,2,H,,1
2026-07-10,2026-07-10T13:51:18,台灣運彩,824493,3477494.1,126,2026-07-11T07:10:00+08:00,芝加哥小熊,辛辛那提紅人,芝加哥小熊 @ 辛辛那提紅人,51439665.1,389,[第1局] 不讓分,252826951.1,芝加哥小熊,A,,3.10,10,21,A,,2
2026-07-10,2026-07-10T13:51:18,台灣運彩,824493,3477494.1,126,2026-07-11T07:10:00+08:00,芝加哥小熊,辛辛那提紅人,芝加哥小熊 @ 辛辛那提紅人,51439665.1,389,[第1局] 不讓分,252826950.1,和局,D,,1.55,20,11,D,,
2026-07-10,2026-07-10T13:51:18,台灣運彩,824493,3477494.1,126,2026-07-11T07:10:00+08:00,芝加哥小熊,辛辛那提紅人,芝加哥小熊 @ 辛辛那提紅人,51439651.1,398,[第1局] 大小 0.5,252826918.1,大 0.5,A,0.5,1.66,50,33,A,0.5,
2026-07-10,2026-07-10T13:51:18,台灣運彩,824493,3477494.1,126,2026-07-11T07:10:00+08:00,芝加哥小熊,辛辛那提紅人,芝加哥小熊 @ 辛辛那提紅人,51439651.1,398,[第1局] 大小 0.5,252826917.1,小 0.5,H,0.5,1.66,50,33,H,0.5,
2026-07-10,2026-07-10T13:51:18,台灣運彩,822955,3477495.1,127,2026-07-11T07:10:00+08:00,西雅圖水手,坦帕灣光芒,西雅圖水手 @ 坦帕灣光芒,51439693.1,354,不讓分,252827027.1,坦帕灣光芒,H,,1.68,25,17,H,,1
2026-07-10,2026-07-10T13:51:18,台灣運彩,822955,3477495.1,127,2026-07-11T07:10:00+08:00,西雅圖水手,坦帕灣光芒,西雅圖水手 @ 坦帕灣光芒,51439693.1,354,不讓分,252827028.1,西雅圖水手,A,,1.82,50,41,A,,2
2026-07-10,2026-07-10T13:51:18,台灣運彩,822955,3477495.1,127,2026-07-11T07:10:00+08:00,西雅圖水手,坦帕灣光芒,西雅圖水手 @ 坦帕灣光芒,51439695.1,357,勝分差,252827031.1,坦帕灣光芒 1 分,H,,4.00,1,3,H,,
2026-07-10,2026-07-10T13:51:18,台灣運彩,822955,3477495.1,127,2026-07-11T07:10:00+08:00,西雅圖水手,坦帕灣光芒,西雅圖水手 @ 坦帕灣光芒,51439695.1,357,勝分差,252827032.1,坦帕灣光芒 2 分,H,,7.25,4,25,H,,
2026-07-10,2026-07-10T13:51:18,台灣運彩,822955,3477495.1,127,2026-07-11T07:10:00+08:00,西雅圖水手,坦帕灣光芒,西雅圖水手 @ 坦帕灣光芒,51439695.1,357,勝分差,252827033.1,坦帕灣光芒 > 2分,H,,2.85,20,37,H,,
2026-07-10,2026-07-10T13:51:18,台灣運彩,822955,3477495.1,127,2026-07-11T07:10:00+08:00,西雅圖水手,坦帕灣光芒,西雅圖水手 @ 坦帕灣光芒,51439695.1,357,勝分差,252827034.1,西雅圖水手 1 分,A,,5.30,10,43,A,,
2026-07-10,2026-07-10T13:51:18,台灣運彩,822955,3477495.1,127,2026-07-11T07:10:00+08:00,西雅圖水手,坦帕灣光芒,西雅圖水手 @ 坦帕灣光芒,51439695.1,357,勝分差,252827035.1,西雅圖水手 2 分,A,,6.75,4,23,A,,
2026-07-10,2026-07-10T13:51:18,台灣運彩,822955,3477495.1,127,2026-07-11T07:10:00+08:00,西雅圖水手,坦帕灣光芒,西雅圖水手 @ 坦帕灣光芒,51439695.1,357,勝分差,252827036.1,西雅圖水手 > 2分,A,,2.70,10,17,A,,
2026-07-10,2026-07-10T13:51:18,台灣運彩,822955,3477495.1,127,2026-07-11T07:10:00+08:00,西雅圖水手,坦帕灣光芒,西雅圖水手 @ 坦帕灣光芒,51439694.1,358,讓分 1.5,252827029.1,坦帕灣光芒 +1.5,H,1.5,1.38,50,19,H,1.5,1
2026-07-10,2026-07-10T13:51:18,台灣運彩,822955,3477495.1,127,2026-07-11T07:10:00+08:00,西雅圖水手,坦帕灣光芒,西雅圖水手 @ 坦帕灣光芒,51439694.1,358,讓分 1.5,252827030.1,西雅圖水手 -1.5,A,1.5,2.33,100,133,A,1.5,2
2026-07-10,2026-07-10T13:51:18,台灣運彩,822955,3477495.1,127,2026-07-11T07:10:00+08:00,西雅圖水手,坦帕灣光芒,西雅圖水手 @ 坦帕灣光芒,51439819.1,358,讓分 -2.5,252827351.1,坦帕灣光芒 -2.5,H,-2.5,2.85,20,37,H,-2.5,1
2026-07-10,2026-07-10T13:51:18,台灣運彩,822955,3477495.1,127,2026-07-11T07:10:00+08:00,西雅圖水手,坦帕灣光芒,西雅圖水手 @ 坦帕灣光芒,51439819.1,358,讓分 -2.5,252827352.1,西雅圖水手 +2.5,A,-2.5,1.25,4,1,A,-2.5,2
2026-07-10,2026-07-10T13:51:18,台灣運彩,822955,3477495.1,127,2026-07-11T07:10:00+08:00,西雅圖水手,坦帕灣光芒,西雅圖水手 @ 坦帕灣光芒,51439820.1,358,讓分 -1.5,252827353.1,坦帕灣光芒 -1.5,H,-1.5,2.30,10,13,H,-1.5,1
2026-07-10,2026-07-10T13:51:18,台灣運彩,822955,3477495.1,127,2026-07-11T07:10:00+08:00,西雅圖水手,坦帕灣光芒,西雅圖水手 @ 坦帕灣光芒,51439820.1,358,讓分 -1.5,252827354.1,西雅圖水手 +1.5,A,-1.5,1.40,5,2,A,-1.5,2
2026-07-10,2026-07-10T13:51:18,台灣運彩,822955,3477495.1,127,2026-07-11T07:10:00+08:00,西雅圖水手,坦帕灣光芒,西雅圖水手 @ 坦帕灣光芒,51439688.1,360,[總分]大小 7.5,252827018.1,大 7.5,A,7.5,1.65,20,13,A,7.5,
2026-07-10,2026-07-10T13:51:18,台灣運彩,822955,3477495.1,127,2026-07-11T07:10:00+08:00,西雅圖水手,坦帕灣光芒,西雅圖水手 @ 坦帕灣光芒,51439688.1,360,[總分]大小 7.5,252827017.1,小 7.5,H,7.5,1.85,20,17,H,7.5,
2026-07-10,2026-07-10T13:51:18,台灣運彩,822955,3477495.1,127,2026-07-11T07:10:00+08:00,西雅圖水手,坦帕灣光芒,西雅圖水手 @ 坦帕灣光芒,51439689.1,360,[總分]大小 6.5,252827020.1,大 6.5,A,6.5,1.38,50,19,A,6.5,
2026-07-10,2026-07-10T13:51:18,台灣運彩,822955,3477495.1,127,2026-07-11T07:10:00+08:00,西雅圖水手,坦帕灣光芒,西雅圖水手 @ 坦帕灣光芒,51439689.1,360,[總分]大小 6.5,252827019.1,小 6.5,H,6.5,2.33,100,133,H,6.5,
2026-07-10,2026-07-10T13:51:18,台灣運彩,822955,3477495.1,127,2026-07-11T07:10:00+08:00,西雅圖水手,坦帕灣光芒,西雅圖水手 @ 坦帕灣光芒,51439691.1,360,[總分]大小 8.5,252827024.1,大 8.5,A,8.5,1.88,25,22,A,8.5,
2026-07-10,2026-07-10T13:51:18,台灣運彩,822955,3477495.1,127,2026-07-11T07:10:00+08:00,西雅圖水手,坦帕灣光芒,西雅圖水手 @ 坦帕灣光芒,51439691.1,360,[總分]大小 8.5,252827023.1,小 8.5,H,8.5,1.62,50,31,H,8.5,
2026-07-10,2026-07-10T13:51:18,台灣運彩,822955,3477495.1,127,2026-07-11T07:10:00+08:00,西雅圖水手,坦帕灣光芒,西雅圖水手 @ 坦帕灣光芒,51439687.1,362,坦帕灣光芒 大小 3.5,252827016.1,大 3.5,A,3.5,1.63,100,63,A,3.5,
2026-07-10,2026-07-10T13:51:18,台灣運彩,822955,3477495.1,127,2026-07-11T07:10:00+08:00,西雅圖水手,坦帕灣光芒,西雅圖水手 @ 坦帕灣光芒,51439687.1,362,坦帕灣光芒 大小 3.5,252827015.1,小 3.5,H,3.5,1.80,5,4,H,3.5,
2026-07-10,2026-07-10T13:51:18,台灣運彩,822955,3477495.1,127,2026-07-11T07:10:00+08:00,西雅圖水手,坦帕灣光芒,西雅圖水手 @ 坦帕灣光芒,51439690.1,363,西雅圖水手 大小 3.5,252827022.1,大 3.5,A,3.5,1.63,100,63,A,3.5,
2026-07-10,2026-07-10T13:51:18,台灣運彩,822955,3477495.1,127,2026-07-11T07:10:00+08:00,西雅圖水手,坦帕灣光芒,西雅圖水手 @ 坦帕灣光芒,51439690.1,363,西雅圖水手 大小 3.5,252827021.1,小 3.5,H,3.5,1.80,5,4,H,3.5,
2026-07-10,2026-07-10T13:51:18,台灣運彩,822955,3477495.1,127,2026-07-11T07:10:00+08:00,西雅圖水手,坦帕灣光芒,西雅圖水手 @ 坦帕灣光芒,51439686.1,366,[總分]單雙,252827014.1,單,,,1.48,25,12,,,
2026-07-10,2026-07-10T13:51:18,台灣運彩,822955,3477495.1,127,2026-07-11T07:10:00+08:00,西雅圖水手,坦帕灣光芒,西雅圖水手 @ 坦帕灣光芒,51439686.1,366,[總分]單雙,252827013.1,雙,,,2.00,1,1,,,
2026-07-10,2026-07-10T13:51:18,台灣運彩,822955,3477495.1,127,2026-07-11T07:10:00+08:00,西雅圖水手,坦帕灣光芒,西雅圖水手 @ 坦帕灣光芒,51439848.1,374,得分最高單局(不含延長賽),252827431.1,一樣多,,,2.20,5,6,,,
2026-07-10,2026-07-10T13:51:18,台灣運彩,822955,3477495.1,127,2026-07-11T07:10:00+08:00,西雅圖水手,坦帕灣光芒,西雅圖水手 @ 坦帕灣光芒,51439848.1,374,得分最高單局(不含延長賽),252827422.1,第1局,,,5.35,20,87,,,
2026-07-10,2026-07-10T13:51:18,台灣運彩,822955,3477495.1,127,2026-07-11T07:10:00+08:00,西雅圖水手,坦帕灣光芒,西雅圖水手 @ 坦帕灣光芒,51439848.1,374,得分最高單局(不含延長賽),252827423.1,第2局,,,6.25,4,21,,,
2026-07-10,2026-07-10T13:51:18,台灣運彩,822955,3477495.1,127,2026-07-11T07:10:00+08:00,西雅圖水手,坦帕灣光芒,西雅圖水手 @ 坦帕灣光芒,51439848.1,374,得分最高單局(不含延長賽),252827424.1,第3局,,,5.50,2,9,,,
2026-07-10,2026-07-10T13:51:18,台灣運彩,822955,3477495.1,127,2026-07-11T07:10:00+08:00,西雅圖水手,坦帕灣光芒,西雅圖水手 @ 坦帕灣光芒,51439848.1,374,得分最高單局(不含延長賽),252827425.1,第4局,,,6.00,1,5,,,
2026-07-10,2026-07-10T13:51:18,台灣運彩,822955,3477495.1,127,2026-07-11T07:10:00+08:00,西雅圖水手,坦帕灣光芒,西雅圖水手 @ 坦帕灣光芒,51439848.1,374,得分最高單局(不含延長賽),252827426.1,第5局,,,5.80,5,24,,,
2026-07-10,2026-07-10T13:51:18,台灣運彩,822955,3477495.1,127,2026-07-11T07:10:00+08:00,西雅圖水手,坦帕灣光芒,西雅圖水手 @ 坦帕灣光芒,51439848.1,374,得分最高單局(不含延長賽),252827427.1,第6局,,,6.25,4,21,,,
2026-07-10,2026-07-10T13:51:18,台灣運彩,822955,3477495.1,127,2026-07-11T07:10:00+08:00,西雅圖水手,坦帕灣光芒,西雅圖水手 @ 坦帕灣光芒,51439848.1,374,得分最高單局(不含延長賽),252827428.1,第7局,,,6.50,2,11,,,
2026-07-10,2026-07-10T13:51:18,台灣運彩,822955,3477495.1,127,2026-07-11T07:10:00+08:00,西雅圖水手,坦帕灣光芒,西雅圖水手 @ 坦帕灣光芒,51439848.1,374,得分最高單局(不含延長賽),252827429.1,第8局,,,6.00,1,5,,,
2026-07-10,2026-07-10T13:51:18,台灣運彩,822955,3477495.1,127,2026-07-11T07:10:00+08:00,西雅圖水手,坦帕灣光芒,西雅圖水手 @ 坦帕灣光芒,51439848.1,374,得分最高單局(不含延長賽),252827430.1,第9局,,,8.00,1,7,,,
2026-07-10,2026-07-10T13:51:18,台灣運彩,822955,3477495.1,127,2026-07-11T07:10:00+08:00,西雅圖水手,坦帕灣光芒,西雅圖水手 @ 坦帕灣光芒,51439845.1,376,[1-5局] 不讓分,252827415.1,坦帕灣光芒,H,,1.80,5,4,H,,1
2026-07-10,2026-07-10T13:51:18,台灣運彩,822955,3477495.1,127,2026-07-11T07:10:00+08:00,西雅圖水手,坦帕灣光芒,西雅圖水手 @ 坦帕灣光芒,51439845.1,376,[1-5局] 不讓分,252827417.1,西雅圖水手,A,,1.90,10,9,A,,2
2026-07-10,2026-07-10T13:51:18,台灣運彩,822955,3477495.1,127,2026-07-11T07:10:00+08:00,西雅圖水手,坦帕灣光芒,西雅圖水手 @ 坦帕灣光芒,51439845.1,376,[1-5局] 不讓分,252827416.1,和局,D,,4.55,20,71,D,,
2026-07-10,2026-07-10T13:51:18,台灣運彩,822955,3477495.1,127,2026-07-11T07:10:00+08:00,西雅圖水手,坦帕灣光芒,西雅圖水手 @ 坦帕灣光芒,51439843.1,378,[1-5局] 大小 4.5,252827412.1,大 4.5,A,4.5,1.73,100,73,A,4.5,
2026-07-10,2026-07-10T13:51:18,台灣運彩,822955,3477495.1,127,2026-07-11T07:10:00+08:00,西雅圖水手,坦帕灣光芒,西雅圖水手 @ 坦帕灣光芒,51439843.1,378,[1-5局] 大小 4.5,252827411.1,小 4.5,H,4.5,1.60,5,3,H,4.5,
2026-07-10,2026-07-10T13:51:18,台灣運彩,822955,3477495.1,127,2026-07-11T07:10:00+08:00,西雅圖水手,坦帕灣光芒,西雅圖水手 @ 坦帕灣光芒,51439844.1,379,[1-5局] 坦帕灣光芒 大小 1.5,252827414.1,大 1.5,A,1.5,1.50,2,1,A,1.5,
2026-07-10,2026-07-10T13:51:18,台灣運彩,822955,3477495.1,127,2026-07-11T07:10:00+08:00,西雅圖水手,坦帕灣光芒,西雅圖水手 @ 坦帕灣光芒,51439844.1,379,[1-5局] 坦帕灣光芒 大小 1.5,252827413.1,小 1.5,H,1.5,1.96,25,24,H,1.5,
2026-07-10,2026-07-10T13:51:18,台灣運彩,822955,3477495.1,127,2026-07-11T07:10:00+08:00,西雅圖水手,坦帕灣光芒,西雅圖水手 @ 坦帕灣光芒,51439846.1,380,[1-5局] 西雅圖水手 大小 1.5,252827419.1,大 1.5,A,1.5,1.55,20,11,A,1.5,
2026-07-10,2026-07-10T13:51:18,台灣運彩,822955,3477495.1,127,2026-07-11T07:10:00+08:00,西雅圖水手,坦帕灣光芒,西雅圖水手 @ 坦帕灣光芒,51439846.1,380,[1-5局] 西雅圖水手 大小 1.5,252827418.1,小 1.5,H,1.5,1.90,10,9,H,1.5,
2026-07-10,2026-07-10T13:51:18,台灣運彩,822955,3477495.1,127,2026-07-11T07:10:00+08:00,西雅圖水手,坦帕灣光芒,西雅圖水手 @ 坦帕灣光芒,51439842.1,389,[第1局] 不讓分,252827408.1,坦帕灣光芒,H,,3.00,1,2,H,,1
2026-07-10,2026-07-10T13:51:18,台灣運彩,822955,3477495.1,127,2026-07-11T07:10:00+08:00,西雅圖水手,坦帕灣光芒,西雅圖水手 @ 坦帕灣光芒,51439842.1,389,[第1局] 不讓分,252827410.1,西雅圖水手,A,,3.30,10,23,A,,2
2026-07-10,2026-07-10T13:51:18,台灣運彩,822955,3477495.1,127,2026-07-11T07:10:00+08:00,西雅圖水手,坦帕灣光芒,西雅圖水手 @ 坦帕灣光芒,51439842.1,389,[第1局] 不讓分,252827409.1,和局,D,,1.50,2,1,D,,
2026-07-10,2026-07-10T13:51:18,台灣運彩,822955,3477495.1,127,2026-07-11T07:10:00+08:00,西雅圖水手,坦帕灣光芒,西雅圖水手 @ 坦帕灣光芒,51439847.1,398,[第1局] 大小 0.5,252827421.1,大 0.5,A,0.5,1.73,100,73,A,0.5,
2026-07-10,2026-07-10T13:51:18,台灣運彩,822955,3477495.1,127,2026-07-11T07:10:00+08:00,西雅圖水手,坦帕灣光芒,西雅圖水手 @ 坦帕灣光芒,51439847.1,398,[第1局] 大小 0.5,252827420.1,小 0.5,H,0.5,1.60,5,3,H,0.5,
2026-07-10,2026-07-10T13:51:18,台灣運彩,823845,3477496.1,128,2026-07-11T07:10:00+08:00,克里夫蘭守護者,邁阿密馬林魚,克里夫蘭守護者 @ 邁阿密馬林魚,51439696.1,354,不讓分,252827037.1,邁阿密馬林魚,H,,1.65,20,13,H,,1
2026-07-10,2026-07-10T13:51:18,台灣運彩,823845,3477496.1,128,2026-07-11T07:10:00+08:00,克里夫蘭守護者,邁阿密馬林魚,克里夫蘭守護者 @ 邁阿密馬林魚,51439696.1,354,不讓分,252827038.1,克里夫蘭守護者,A,,1.85,20,17,A,,2
2026-07-10,2026-07-10T13:51:18,台灣運彩,823845,3477496.1,128,2026-07-11T07:10:00+08:00,克里夫蘭守護者,邁阿密馬林魚,克里夫蘭守護者 @ 邁阿密馬林魚,51439705.1,357,勝分差,252827058.1,克里夫蘭守護者 1 分,A,,5.25,4,17,A,,
2026-07-10,2026-07-10T13:51:18,台灣運彩,823845,3477496.1,128,2026-07-11T07:10:00+08:00,克里夫蘭守護者,邁阿密馬林魚,克里夫蘭守護者 @ 邁阿密馬林魚,51439705.1,357,勝分差,252827059.1,克里夫蘭守護者 2 分,A,,7.00,1,6,A,,
2026-07-10,2026-07-10T13:51:18,台灣運彩,823845,3477496.1,128,2026-07-11T07:10:00+08:00,克里夫蘭守護者,邁阿密馬林魚,克里夫蘭守護者 @ 邁阿密馬林魚,51439705.1,357,勝分差,252827060.1,克里夫蘭守護者 > 2分,A,,2.75,4,7,A,,
2026-07-10,2026-07-10T13:51:18,台灣運彩,823845,3477496.1,128,2026-07-11T07:10:00+08:00,克里夫蘭守護者,邁阿密馬林魚,克里夫蘭守護者 @ 邁阿密馬林魚,51439705.1,357,勝分差,252827055.1,邁阿密馬林魚 1 分,H,,3.85,20,57,H,,
2026-07-10,2026-07-10T13:51:18,台灣運彩,823845,3477496.1,128,2026-07-11T07:10:00+08:00,克里夫蘭守護者,邁阿密馬林魚,克里夫蘭守護者 @ 邁阿密馬林魚,51439705.1,357,勝分差,252827056.1,邁阿密馬林魚 2 分,H,,7.00,1,6,H,,
2026-07-10,2026-07-10T13:51:18,台灣運彩,823845,3477496.1,128,2026-07-11T07:10:00+08:00,克里夫蘭守護者,邁阿密馬林魚,克里夫蘭守護者 @ 邁阿密馬林魚,51439705.1,357,勝分差,252827057.1,邁阿密馬林魚 > 2分,H,,2.85,20,37,H,,
2026-07-10,2026-07-10T13:51:18,台灣運彩,823845,3477496.1,128,2026-07-11T07:10:00+08:00,克里夫蘭守護者,邁阿密馬林魚,克里夫蘭守護者 @ 邁阿密馬林魚,51439700.1,358,讓分 2.5,252827045.1,邁阿密馬林魚 +2.5,H,2.5,1.22,50,11,H,2.5,1
2026-07-10,2026-07-10T13:51:18,台灣運彩,823845,3477496.1,128,2026-07-11T07:10:00+08:00,克里夫蘭守護者,邁阿密馬林魚,克里夫蘭守護者 @ 邁阿密馬林魚,51439700.1,358,讓分 2.5,252827046.1,克里夫蘭守護者 -2.5,A,2.5,3.00,1,2,A,2.5,2
2026-07-10,2026-07-10T13:51:18,台灣運彩,823845,3477496.1,128,2026-07-11T07:10:00+08:00,克里夫蘭守護者,邁阿密馬林魚,克里夫蘭守護者 @ 邁阿密馬林魚,51440047.1,358,讓分 -1.5,252827935.1,邁阿密馬林魚 -1.5,H,-1.5,2.30,10,13,H,-1.5,1
2026-07-10,2026-07-10T13:51:18,台灣運彩,823845,3477496.1,128,2026-07-11T07:10:00+08:00,克里夫蘭守護者,邁阿密馬林魚,克里夫蘭守護者 @ 邁阿密馬林魚,51440047.1,358,讓分 -1.5,252827936.1,克里夫蘭守護者 +1.5,A,-1.5,1.40,5,2,A,-1.5,2
2026-07-10,2026-07-10T13:51:18,台灣運彩,823845,3477496.1,128,2026-07-11T07:10:00+08:00,克里夫蘭守護者,邁阿密馬林魚,克里夫蘭守護者 @ 邁阿密馬林魚,51440049.1,358,讓分 -2.5,252827940.1,邁阿密馬林魚 -2.5,H,-2.5,2.85,20,37,H,-2.5,1
2026-07-10,2026-07-10T13:51:18,台灣運彩,823845,3477496.1,128,2026-07-11T07:10:00+08:00,克里夫蘭守護者,邁阿密馬林魚,克里夫蘭守護者 @ 邁阿密馬林魚,51440049.1,358,讓分 -2.5,252827941.1,克里夫蘭守護者 +2.5,A,-2.5,1.25,4,1,A,-2.5,2
2026-07-10,2026-07-10T13:51:18,台灣運彩,823845,3477496.1,128,2026-07-11T07:10:00+08:00,克里夫蘭守護者,邁阿密馬林魚,克里夫蘭守護者 @ 邁阿密馬林魚,51439697.1,360,[總分]大小 8.5,252827040.1,大 8.5,A,8.5,1.98,50,49,A,8.5,
2026-07-10,2026-07-10T13:51:18,台灣運彩,823845,3477496.1,128,2026-07-11T07:10:00+08:00,克里夫蘭守護者,邁阿密馬林魚,克里夫蘭守護者 @ 邁阿密馬林魚,51439697.1,360,[總分]大小 8.5,252827039.1,小 8.5,H,8.5,1.52,25,13,H,8.5,
2026-07-10,2026-07-10T13:51:18,台灣運彩,823845,3477496.1,128,2026-07-11T07:10:00+08:00,克里夫蘭守護者,邁阿密馬林魚,克里夫蘭守護者 @ 邁阿密馬林魚,51439699.1,360,[總分]大小 6.5,252827044.1,大 6.5,A,6.5,1.45,20,9,A,6.5,
2026-07-10,2026-07-10T13:51:18,台灣運彩,823845,3477496.1,128,2026-07-11T07:10:00+08:00,克里夫蘭守護者,邁阿密馬林魚,克里夫蘭守護者 @ 邁阿密馬林魚,51439699.1,360,[總分]大小 6.5,252827043.1,小 6.5,H,6.5,2.10,10,11,H,6.5,
2026-07-10,2026-07-10T13:51:18,台灣運彩,823845,3477496.1,128,2026-07-11T07:10:00+08:00,克里夫蘭守護者,邁阿密馬林魚,克里夫蘭守護者 @ 邁阿密馬林魚,51439704.1,360,[總分]大小 7.5,252827054.1,大 7.5,A,7.5,1.76,25,19,A,7.5,
2026-07-10,2026-07-10T13:51:18,台灣運彩,823845,3477496.1,128,2026-07-11T07:10:00+08:00,克里夫蘭守護者,邁阿密馬林魚,克里夫蘭守護者 @ 邁阿密馬林魚,51439704.1,360,[總分]大小 7.5,252827053.1,小 7.5,H,7.5,1.74,50,37,H,7.5,
2026-07-10,2026-07-10T13:51:18,台灣運彩,823845,3477496.1,128,2026-07-11T07:10:00+08:00,克里夫蘭守護者,邁阿密馬林魚,克里夫蘭守護者 @ 邁阿密馬林魚,51439702.1,362,邁阿密馬林魚 大小 3.5,252827050.1,大 3.5,A,3.5,1.68,25,17,A,3.5,
2026-07-10,2026-07-10T13:51:18,台灣運彩,823845,3477496.1,128,2026-07-11T07:10:00+08:00,克里夫蘭守護者,邁阿密馬林魚,克里夫蘭守護者 @ 邁阿密馬林魚,51439702.1,362,邁阿密馬林魚 大小 3.5,252827049.1,小 3.5,H,3.5,1.75,4,3,H,3.5,
2026-07-10,2026-07-10T13:51:18,台灣運彩,823845,3477496.1,128,2026-07-11T07:10:00+08:00,克里夫蘭守護者,邁阿密馬林魚,克里夫蘭守護者 @ 邁阿密馬林魚,51439703.1,363,克里夫蘭守護者 大小 3.5,252827052.1,大 3.5,A,3.5,1.72,25,18,A,3.5,
2026-07-10,2026-07-10T13:51:18,台灣運彩,823845,3477496.1,128,2026-07-11T07:10:00+08:00,克里夫蘭守護者,邁阿密馬林魚,克里夫蘭守護者 @ 邁阿密馬林魚,51439703.1,363,克里夫蘭守護者 大小 3.5,252827051.1,小 3.5,H,3.5,1.72,25,18,H,3.5,
2026-07-10,2026-07-10T13:51:18,台灣運彩,823845,3477496.1,128,2026-07-11T07:10:00+08:00,克里夫蘭守護者,邁阿密馬林魚,克里夫蘭守護者 @ 邁阿密馬林魚,51439698.1,366,[總分]單雙,252827042.1,單,,,1.46,50,23,,,
2026-07-10,2026-07-10T13:51:18,台灣運彩,823845,3477496.1,128,2026-07-11T07:10:00+08:00,克里夫蘭守護者,邁阿密馬林魚,克里夫蘭守護者 @ 邁阿密馬林魚,51439698.1,366,[總分]單雙,252827041.1,雙,,,2.05,20,21,,,
2026-07-10,2026-07-10T13:51:18,台灣運彩,823845,3477496.1,128,2026-07-11T07:10:00+08:00,克里夫蘭守護者,邁阿密馬林魚,克里夫蘭守護者 @ 邁阿密馬林魚,51440050.1,374,得分最高單局(不含延長賽),252827951.1,一樣多,,,2.20,5,6,,,
2026-07-10,2026-07-10T13:51:18,台灣運彩,823845,3477496.1,128,2026-07-11T07:10:00+08:00,克里夫蘭守護者,邁阿密馬林魚,克里夫蘭守護者 @ 邁阿密馬林魚,51440050.1,374,得分最高單局(不含延長賽),252827942.1,第1局,,,5.60,5,23,,,
2026-07-10,2026-07-10T13:51:18,台灣運彩,823845,3477496.1,128,2026-07-11T07:10:00+08:00,克里夫蘭守護者,邁阿密馬林魚,克里夫蘭守護者 @ 邁阿密馬林魚,51440050.1,374,得分最高單局(不含延長賽),252827943.1,第2局,,,6.50,2,11,,,
2026-07-10,2026-07-10T13:51:18,台灣運彩,823845,3477496.1,128,2026-07-11T07:10:00+08:00,克里夫蘭守護者,邁阿密馬林魚,克里夫蘭守護者 @ 邁阿密馬林魚,51440050.1,374,得分最高單局(不含延長賽),252827944.1,第3局,,,5.70,10,47,,,
2026-07-10,2026-07-10T13:51:18,台灣運彩,823845,3477496.1,128,2026-07-11T07:10:00+08:00,克里夫蘭守護者,邁阿密馬林魚,克里夫蘭守護者 @ 邁阿密馬林魚,51440050.1,374,得分最高單局(不含延長賽),252827945.1,第4局,,,6.25,4,21,,,
2026-07-10,2026-07-10T13:51:18,台灣運彩,823845,3477496.1,128,2026-07-11T07:10:00+08:00,克里夫蘭守護者,邁阿密馬林魚,克里夫蘭守護者 @ 邁阿密馬林魚,51440050.1,374,得分最高單局(不含延長賽),252827946.1,第5局,,,6.00,1,5,,,
2026-07-10,2026-07-10T13:51:18,台灣運彩,823845,3477496.1,128,2026-07-11T07:10:00+08:00,克里夫蘭守護者,邁阿密馬林魚,克里夫蘭守護者 @ 邁阿密馬林魚,51440050.1,374,得分最高單局(不含延長賽),252827947.1,第6局,,,5.90,10,49,,,
2026-07-10,2026-07-10T13:51:18,台灣運彩,823845,3477496.1,128,2026-07-11T07:10:00+08:00,克里夫蘭守護者,邁阿密馬林魚,克里夫蘭守護者 @ 邁阿密馬林魚,51440050.1,374,得分最高單局(不含延長賽),252827948.1,第7局,,,6.00,1,5,,,
2026-07-10,2026-07-10T13:51:18,台灣運彩,823845,3477496.1,128,2026-07-11T07:10:00+08:00,克里夫蘭守護者,邁阿密馬林魚,克里夫蘭守護者 @ 邁阿密馬林魚,51440050.1,374,得分最高單局(不含延長賽),252827949.1,第8局,,,5.70,10,47,,,
2026-07-10,2026-07-10T13:51:18,台灣運彩,823845,3477496.1,128,2026-07-11T07:10:00+08:00,克里夫蘭守護者,邁阿密馬林魚,克里夫蘭守護者 @ 邁阿密馬林魚,51440050.1,374,得分最高單局(不含延長賽),252827950.1,第9局,,,8.00,1,7,,,
2026-07-10,2026-07-10T13:51:18,台灣運彩,823845,3477496.1,128,2026-07-11T07:10:00+08:00,克里夫蘭守護者,邁阿密馬林魚,克里夫蘭守護者 @ 邁阿密馬林魚,51440045.1,376,[1-5局] 不讓分,252827930.1,邁阿密馬林魚,H,,1.80,5,4,H,,1
2026-07-10,2026-07-10T13:51:18,台灣運彩,823845,3477496.1,128,2026-07-11T07:10:00+08:00,克里夫蘭守護者,邁阿密馬林魚,克里夫蘭守護者 @ 邁阿密馬林魚,51440045.1,376,[1-5局] 不讓分,252827932.1,克里夫蘭守護者,A,,1.95,20,19,A,,2
2026-07-10,2026-07-10T13:51:18,台灣運彩,823845,3477496.1,128,2026-07-11T07:10:00+08:00,克里夫蘭守護者,邁阿密馬林魚,克里夫蘭守護者 @ 邁阿密馬林魚,51440045.1,376,[1-5局] 不讓分,252827931.1,和局,D,,4.25,4,13,D,,
2026-07-10,2026-07-10T13:51:18,台灣運彩,823845,3477496.1,128,2026-07-11T07:10:00+08:00,克里夫蘭守護者,邁阿密馬林魚,克里夫蘭守護者 @ 邁阿密馬林魚,51440043.1,378,[1-5局] 大小 3.5,252827927.1,大 3.5,A,3.5,1.52,25,13,A,3.5,
2026-07-10,2026-07-10T13:51:18,台灣運彩,823845,3477496.1,128,2026-07-11T07:10:00+08:00,克里夫蘭守護者,邁阿密馬林魚,克里夫蘭守護者 @ 邁阿密馬林魚,51440043.1,378,[1-5局] 大小 3.5,252827926.1,小 3.5,H,3.5,1.83,100,83,H,3.5,
2026-07-10,2026-07-10T13:51:18,台灣運彩,823845,3477496.1,128,2026-07-11T07:10:00+08:00,克里夫蘭守護者,邁阿密馬林魚,克里夫蘭守護者 @ 邁阿密馬林魚,51440042.1,379,[1-5局] 邁阿密馬林魚 大小 1.5,252827925.1,大 1.5,A,1.5,1.58,50,29,A,1.5,
2026-07-10,2026-07-10T13:51:18,台灣運彩,823845,3477496.1,128,2026-07-11T07:10:00+08:00,克里夫蘭守護者,邁阿密馬林魚,克里夫蘭守護者 @ 邁阿密馬林魚,51440042.1,379,[1-5局] 邁阿密馬林魚 大小 1.5,252827924.1,小 1.5,H,1.5,1.86,50,43,H,1.5,
2026-07-10,2026-07-10T13:51:18,台灣運彩,823845,3477496.1,128,2026-07-11T07:10:00+08:00,克里夫蘭守護者,邁阿密馬林魚,克里夫蘭守護者 @ 邁阿密馬林魚,51440044.1,380,[1-5局] 克里夫蘭守護者 大小 1.5,252827929.1,大 1.5,A,1.5,1.65,20,13,A,1.5,
2026-07-10,2026-07-10T13:51:18,台灣運彩,823845,3477496.1,128,2026-07-11T07:10:00+08:00,克里夫蘭守護者,邁阿密馬林魚,克里夫蘭守護者 @ 邁阿密馬林魚,51440044.1,380,[1-5局] 克里夫蘭守護者 大小 1.5,252827928.1,小 1.5,H,1.5,1.78,50,39,H,1.5,
2026-07-10,2026-07-10T13:51:18,台灣運彩,823845,3477496.1,128,2026-07-11T07:10:00+08:00,克里夫蘭守護者,邁阿密馬林魚,克里夫蘭守護者 @ 邁阿密馬林魚,51440048.1,389,[第1局] 不讓分,252827937.1,邁阿密馬林魚,H,,3.10,10,21,H,,1
2026-07-10,2026-07-10T13:51:18,台灣運彩,823845,3477496.1,128,2026-07-11T07:10:00+08:00,克里夫蘭守護者,邁阿密馬林魚,克里夫蘭守護者 @ 邁阿密馬林魚,51440048.1,389,[第1局] 不讓分,252827939.1,克里夫蘭守護者,A,,3.45,20,49,A,,2
2026-07-10,2026-07-10T13:51:18,台灣運彩,823845,3477496.1,128,2026-07-11T07:10:00+08:00,克里夫蘭守護者,邁阿密馬林魚,克里夫蘭守護者 @ 邁阿密馬林魚,51440048.1,389,[第1局] 不讓分,252827938.1,和局,D,,1.45,20,9,D,,
2026-07-10,2026-07-10T13:51:18,台灣運彩,823845,3477496.1,128,2026-07-11T07:10:00+08:00,克里夫蘭守護者,邁阿密馬林魚,克里夫蘭守護者 @ 邁阿密馬林魚,51440046.1,398,[第1局] 大小 0.5,252827934.1,大 0.5,A,0.5,1.80,5,4,A,0.5,
2026-07-10,2026-07-10T13:51:18,台灣運彩,823845,3477496.1,128,2026-07-11T07:10:00+08:00,克里夫蘭守護者,邁阿密馬林魚,克里夫蘭守護者 @ 邁阿密馬林魚,51440046.1,398,[第1局] 大小 0.5,252827933.1,小 0.5,H,0.5,1.55,20,11,H,0.5,
2026-07-10,2026-07-10T13:51:18,台灣運彩,823604,3477497.1,130,2026-07-11T07:15:00+08:00,波士頓紅襪,紐約大都會,波士頓紅襪 @ 紐約大都會,51439738.1,354,不讓分,252827143.1,紐約大都會,H,,1.55,20,11,H,,1
2026-07-10,2026-07-10T13:51:18,台灣運彩,823604,3477497.1,130,2026-07-11T07:15:00+08:00,波士頓紅襪,紐約大都會,波士頓紅襪 @ 紐約大都會,51439738.1,354,不讓分,252827144.1,波士頓紅襪,A,,1.95,20,19,A,,2
2026-07-10,2026-07-10T13:51:18,台灣運彩,823604,3477497.1,130,2026-07-11T07:15:00+08:00,波士頓紅襪,紐約大都會,波士頓紅襪 @ 紐約大都會,51439741.1,357,勝分差,252827152.1,波士頓紅襪 1 分,A,,5.45,20,89,A,,
2026-07-10,2026-07-10T13:51:18,台灣運彩,823604,3477497.1,130,2026-07-11T07:15:00+08:00,波士頓紅襪,紐約大都會,波士頓紅襪 @ 紐約大都會,51439741.1,357,勝分差,252827153.1,波士頓紅襪 2 分,A,,7.50,2,13,A,,
2026-07-10,2026-07-10T13:51:18,台灣運彩,823604,3477497.1,130,2026-07-11T07:15:00+08:00,波士頓紅襪,紐約大都會,波士頓紅襪 @ 紐約大都會,51439741.1,357,勝分差,252827154.1,波士頓紅襪 > 2分,A,,3.00,1,2,A,,
2026-07-10,2026-07-10T13:51:18,台灣運彩,823604,3477497.1,130,2026-07-11T07:15:00+08:00,波士頓紅襪,紐約大都會,波士頓紅襪 @ 紐約大都會,51439741.1,357,勝分差,252827149.1,紐約大都會 1 分,H,,3.75,4,11,H,,
2026-07-10,2026-07-10T13:51:18,台灣運彩,823604,3477497.1,130,2026-07-11T07:15:00+08:00,波士頓紅襪,紐約大都會,波士頓紅襪 @ 紐約大都會,51439741.1,357,勝分差,252827150.1,紐約大都會 2 分,H,,7.00,1,6,H,,
2026-07-10,2026-07-10T13:51:18,台灣運彩,823604,3477497.1,130,2026-07-11T07:15:00+08:00,波士頓紅襪,紐約大都會,波士頓紅襪 @ 紐約大都會,51439741.1,357,勝分差,252827151.1,紐約大都會 > 2分,H,,2.55,20,31,H,,
2026-07-10,2026-07-10T13:51:18,台灣運彩,823604,3477497.1,130,2026-07-11T07:15:00+08:00,波士頓紅襪,紐約大都會,波士頓紅襪 @ 紐約大都會,51439733.1,358,讓分 -2.5,252827123.1,紐約大都會 -2.5,H,-2.5,2.60,5,8,H,-2.5,1
2026-07-10,2026-07-10T13:51:18,台灣運彩,823604,3477497.1,130,2026-07-11T07:15:00+08:00,波士頓紅襪,紐約大都會,波士頓紅襪 @ 紐約大都會,51439733.1,358,讓分 -2.5,252827124.1,波士頓紅襪 +2.5,A,-2.5,1.30,10,3,A,-2.5,2
2026-07-10,2026-07-10T13:51:18,台灣運彩,823604,3477497.1,130,2026-07-11T07:15:00+08:00,波士頓紅襪,紐約大都會,波士頓紅襪 @ 紐約大都會,51439740.1,358,讓分 -1.5,252827147.1,紐約大都會 -1.5,H,-1.5,2.10,10,11,H,-1.5,1
2026-07-10,2026-07-10T13:51:18,台灣運彩,823604,3477497.1,130,2026-07-11T07:15:00+08:00,波士頓紅襪,紐約大都會,波士頓紅襪 @ 紐約大都會,51439740.1,358,讓分 -1.5,252827148.1,波士頓紅襪 +1.5,A,-1.5,1.45,20,9,A,-1.5,2
2026-07-10,2026-07-10T13:51:18,台灣運彩,823604,3477497.1,130,2026-07-11T07:15:00+08:00,波士頓紅襪,紐約大都會,波士頓紅襪 @ 紐約大都會,51439907.1,358,讓分 -3.5,252827586.1,紐約大都會 -3.5,H,-3.5,3.25,4,9,H,-3.5,1
2026-07-10,2026-07-10T13:51:18,台灣運彩,823604,3477497.1,130,2026-07-11T07:15:00+08:00,波士頓紅襪,紐約大都會,波士頓紅襪 @ 紐約大都會,51439907.1,358,讓分 -3.5,252827587.1,波士頓紅襪 +3.5,A,-3.5,1.18,50,9,A,-3.5,2
2026-07-10,2026-07-10T13:51:18,台灣運彩,823604,3477497.1,130,2026-07-11T07:15:00+08:00,波士頓紅襪,紐約大都會,波士頓紅襪 @ 紐約大都會,51439728.1,360,[總分]大小 6.5,252827114.1,大 6.5,A,6.5,1.42,50,21,A,6.5,
2026-07-10,2026-07-10T13:51:18,台灣運彩,823604,3477497.1,130,2026-07-11T07:15:00+08:00,波士頓紅襪,紐約大都會,波士頓紅襪 @ 紐約大都會,51439728.1,360,[總分]大小 6.5,252827113.1,小 6.5,H,6.5,2.20,5,6,H,6.5,
2026-07-10,2026-07-10T13:51:18,台灣運彩,823604,3477497.1,130,2026-07-11T07:15:00+08:00,波士頓紅襪,紐約大都會,波士頓紅襪 @ 紐約大都會,51439730.1,360,[總分]大小 7.5,252827118.1,大 7.5,A,7.5,1.73,100,73,A,7.5,
2026-07-10,2026-07-10T13:51:18,台灣運彩,823604,3477497.1,130,2026-07-11T07:15:00+08:00,波士頓紅襪,紐約大都會,波士頓紅襪 @ 紐約大都會,51439730.1,360,[總分]大小 7.5,252827117.1,小 7.5,H,7.5,1.77,100,77,H,7.5,
2026-07-10,2026-07-10T13:51:18,台灣運彩,823604,3477497.1,130,2026-07-11T07:15:00+08:00,波士頓紅襪,紐約大都會,波士頓紅襪 @ 紐約大都會,51439731.1,360,[總分]大小 8.5,252827120.1,大 8.5,A,8.5,1.97,100,97,A,8.5,
2026-07-10,2026-07-10T13:51:18,台灣運彩,823604,3477497.1,130,2026-07-11T07:15:00+08:00,波士頓紅襪,紐約大都會,波士頓紅襪 @ 紐約大都會,51439731.1,360,[總分]大小 8.5,252827119.1,小 8.5,H,8.5,1.53,100,53,H,8.5,
2026-07-10,2026-07-10T13:51:18,台灣運彩,823604,3477497.1,130,2026-07-11T07:15:00+08:00,波士頓紅襪,紐約大都會,波士頓紅襪 @ 紐約大都會,51439739.1,362,紐約大都會 大小 3.5,252827146.1,大 3.5,A,3.5,1.60,5,3,A,3.5,
2026-07-10,2026-07-10T13:51:18,台灣運彩,823604,3477497.1,130,2026-07-11T07:15:00+08:00,波士頓紅襪,紐約大都會,波士頓紅襪 @ 紐約大都會,51439739.1,362,紐約大都會 大小 3.5,252827145.1,小 3.5,H,3.5,1.85,20,17,H,3.5,
2026-07-10,2026-07-10T13:51:18,台灣運彩,823604,3477497.1,130,2026-07-11T07:15:00+08:00,波士頓紅襪,紐約大都會,波士頓紅襪 @ 紐約大都會,51439727.1,363,波士頓紅襪 大小 3.5,252827112.1,大 3.5,A,3.5,1.76,25,19,A,3.5,
2026-07-10,2026-07-10T13:51:18,台灣運彩,823604,3477497.1,130,2026-07-11T07:15:00+08:00,波士頓紅襪,紐約大都會,波士頓紅襪 @ 紐約大都會,51439727.1,363,波士頓紅襪 大小 3.5,252827111.1,小 3.5,H,3.5,1.66,50,33,H,3.5,
2026-07-10,2026-07-10T13:51:18,台灣運彩,823604,3477497.1,130,2026-07-11T07:15:00+08:00,波士頓紅襪,紐約大都會,波士頓紅襪 @ 紐約大都會,51439725.1,366,[總分]單雙,252827108.1,單,,,1.46,50,23,,,
2026-07-10,2026-07-10T13:51:18,台灣運彩,823604,3477497.1,130,2026-07-11T07:15:00+08:00,波士頓紅襪,紐約大都會,波士頓紅襪 @ 紐約大都會,51439725.1,366,[總分]單雙,252827107.1,雙,,,2.05,20,21,,,
2026-07-10,2026-07-10T13:51:18,台灣運彩,823604,3477497.1,130,2026-07-11T07:15:00+08:00,波士頓紅襪,紐約大都會,波士頓紅襪 @ 紐約大都會,51439736.1,374,得分最高單局(不含延長賽),252827139.1,一樣多,,,2.20,5,6,,,
2026-07-10,2026-07-10T13:51:18,台灣運彩,823604,3477497.1,130,2026-07-11T07:15:00+08:00,波士頓紅襪,紐約大都會,波士頓紅襪 @ 紐約大都會,51439736.1,374,得分最高單局(不含延長賽),252827130.1,第1局,,,5.50,2,9,,,
2026-07-10,2026-07-10T13:51:18,台灣運彩,823604,3477497.1,130,2026-07-11T07:15:00+08:00,波士頓紅襪,紐約大都會,波士頓紅襪 @ 紐約大都會,51439736.1,374,得分最高單局(不含延長賽),252827131.1,第2局,,,6.50,2,11,,,
2026-07-10,2026-07-10T13:51:18,台灣運彩,823604,3477497.1,130,2026-07-11T07:15:00+08:00,波士頓紅襪,紐約大都會,波士頓紅襪 @ 紐約大都會,51439736.1,374,得分最高單局(不含延長賽),252827132.1,第3局,,,5.60,5,23,,,
2026-07-10,2026-07-10T13:51:18,台灣運彩,823604,3477497.1,130,2026-07-11T07:15:00+08:00,波士頓紅襪,紐約大都會,波士頓紅襪 @ 紐約大都會,51439736.1,374,得分最高單局(不含延長賽),252827133.1,第4局,,,6.50,2,11,,,
2026-07-10,2026-07-10T13:51:18,台灣運彩,823604,3477497.1,130,2026-07-11T07:15:00+08:00,波士頓紅襪,紐約大都會,波士頓紅襪 @ 紐約大都會,51439736.1,374,得分最高單局(不含延長賽),252827134.1,第5局,,,5.95,20,99,,,
2026-07-10,2026-07-10T13:51:18,台灣運彩,823604,3477497.1,130,2026-07-11T07:15:00+08:00,波士頓紅襪,紐約大都會,波士頓紅襪 @ 紐約大都會,51439736.1,374,得分最高單局(不含延長賽),252827135.1,第6局,,,5.85,20,97,,,
2026-07-10,2026-07-10T13:51:18,台灣運彩,823604,3477497.1,130,2026-07-11T07:15:00+08:00,波士頓紅襪,紐約大都會,波士頓紅襪 @ 紐約大都會,51439736.1,374,得分最高單局(不含延長賽),252827136.1,第7局,,,6.25,4,21,,,
2026-07-10,2026-07-10T13:51:18,台灣運彩,823604,3477497.1,130,2026-07-11T07:15:00+08:00,波士頓紅襪,紐約大都會,波士頓紅襪 @ 紐約大都會,51439736.1,374,得分最高單局(不含延長賽),252827137.1,第8局,,,5.80,5,24,,,
2026-07-10,2026-07-10T13:51:18,台灣運彩,823604,3477497.1,130,2026-07-11T07:15:00+08:00,波士頓紅襪,紐約大都會,波士頓紅襪 @ 紐約大都會,51439736.1,374,得分最高單局(不含延長賽),252827138.1,第9局,,,8.00,1,7,,,
2026-07-10,2026-07-10T13:51:18,台灣運彩,823604,3477497.1,130,2026-07-11T07:15:00+08:00,波士頓紅襪,紐約大都會,波士頓紅襪 @ 紐約大都會,51439734.1,376,[1-5局] 不讓分,252827125.1,紐約大都會,H,,1.70,10,7,H,,1
2026-07-10,2026-07-10T13:51:18,台灣運彩,823604,3477497.1,130,2026-07-11T07:15:00+08:00,波士頓紅襪,紐約大都會,波士頓紅襪 @ 紐約大都會,51439734.1,376,[1-5局] 不讓分,252827127.1,波士頓紅襪,A,,2.05,20,21,A,,2
2026-07-10,2026-07-10T13:51:18,台灣運彩,823604,3477497.1,130,2026-07-11T07:15:00+08:00,波士頓紅襪,紐約大都會,波士頓紅襪 @ 紐約大都會,51439734.1,376,[1-5局] 不讓分,252827126.1,和局,D,,4.35,20,67,D,,
2026-07-10,2026-07-10T13:51:18,台灣運彩,823604,3477497.1,130,2026-07-11T07:15:00+08:00,波士頓紅襪,紐約大都會,波士頓紅襪 @ 紐約大都會,51439729.1,378,[1-5局] 大小 4.5,252827116.1,大 4.5,A,4.5,1.82,50,41,A,4.5,
2026-07-10,2026-07-10T13:51:18,台灣運彩,823604,3477497.1,130,2026-07-11T07:15:00+08:00,波士頓紅襪,紐約大都會,波士頓紅襪 @ 紐約大都會,51439729.1,378,[1-5局] 大小 4.5,252827115.1,小 4.5,H,4.5,1.53,100,53,H,4.5,
2026-07-10,2026-07-10T13:51:18,台灣運彩,823604,3477497.1,130,2026-07-11T07:15:00+08:00,波士頓紅襪,紐約大都會,波士頓紅襪 @ 紐約大都會,51439735.1,379,[1-5局] 紐約大都會 大小 1.5,252827129.1,大 1.5,A,1.5,1.50,2,1,A,1.5,
2026-07-10,2026-07-10T13:51:18,台灣運彩,823604,3477497.1,130,2026-07-11T07:15:00+08:00,波士頓紅襪,紐約大都會,波士頓紅襪 @ 紐約大都會,51439735.1,379,[1-5局] 紐約大都會 大小 1.5,252827128.1,小 1.5,H,1.5,1.96,25,24,H,1.5,
2026-07-10,2026-07-10T13:51:18,台灣運彩,823604,3477497.1,130,2026-07-11T07:15:00+08:00,波士頓紅襪,紐約大都會,波士頓紅襪 @ 紐約大都會,51439726.1,380,[1-5局] 波士頓紅襪 大小 1.5,252827110.1,大 1.5,A,1.5,1.68,25,17,A,1.5,
2026-07-10,2026-07-10T13:51:18,台灣運彩,823604,3477497.1,130,2026-07-11T07:15:00+08:00,波士頓紅襪,紐約大都會,波士頓紅襪 @ 紐約大都會,51439726.1,380,[1-5局] 波士頓紅襪 大小 1.5,252827109.1,小 1.5,H,1.5,1.75,4,3,H,1.5,
2026-07-10,2026-07-10T13:51:18,台灣運彩,823604,3477497.1,130,2026-07-11T07:15:00+08:00,波士頓紅襪,紐約大都會,波士頓紅襪 @ 紐約大都會,51439737.1,389,[第1局] 不讓分,252827140.1,紐約大都會,H,,2.95,20,39,H,,1
2026-07-10,2026-07-10T13:51:18,台灣運彩,823604,3477497.1,130,2026-07-11T07:15:00+08:00,波士頓紅襪,紐約大都會,波士頓紅襪 @ 紐約大都會,51439737.1,389,[第1局] 不讓分,252827142.1,波士頓紅襪,A,,3.50,2,5,A,,2
2026-07-10,2026-07-10T13:51:18,台灣運彩,823604,3477497.1,130,2026-07-11T07:15:00+08:00,波士頓紅襪,紐約大都會,波士頓紅襪 @ 紐約大都會,51439737.1,389,[第1局] 不讓分,252827141.1,和局,D,,1.50,2,1,D,,
2026-07-10,2026-07-10T13:51:18,台灣運彩,823604,3477497.1,130,2026-07-11T07:15:00+08:00,波士頓紅襪,紐約大都會,波士頓紅襪 @ 紐約大都會,51439732.1,398,[第1局] 大小 0.5,252827122.1,大 0.5,A,0.5,1.75,4,3,A,0.5,
2026-07-10,2026-07-10T13:51:18,台灣運彩,823604,3477497.1,130,2026-07-11T07:15:00+08:00,波士頓紅襪,紐約大都會,波士頓紅襪 @ 紐約大都會,51439732.1,398,[第1局] 大小 0.5,252827121.1,小 0.5,H,0.5,1.58,50,29,H,0.5,
2026-07-10,2026-07-10T13:51:18,台灣運彩,824575,3477500.1,131,2026-07-11T07:40:00+08:00,運動家,芝加哥白襪,運動家 @ 芝加哥白襪,51439792.1,354,不讓分,252827273.1,芝加哥白襪,H,,1.43,100,43,H,,1
2026-07-10,2026-07-10T13:51:18,台灣運彩,824575,3477500.1,131,2026-07-11T07:40:00+08:00,運動家,芝加哥白襪,運動家 @ 芝加哥白襪,51439792.1,354,不讓分,252827274.1,運動家,A,,2.15,20,23,A,,2
2026-07-10,2026-07-10T13:51:18,台灣運彩,824575,3477500.1,131,2026-07-11T07:40:00+08:00,運動家,芝加哥白襪,運動家 @ 芝加哥白襪,51439802.1,357,勝分差,252827293.1,芝加哥白襪 1 分,H,,4.00,1,3,H,,
2026-07-10,2026-07-10T13:51:18,台灣運彩,824575,3477500.1,131,2026-07-11T07:40:00+08:00,運動家,芝加哥白襪,運動家 @ 芝加哥白襪,51439802.1,357,勝分差,252827294.1,芝加哥白襪 2 分,H,,6.50,2,11,H,,
2026-07-10,2026-07-10T13:51:18,台灣運彩,824575,3477500.1,131,2026-07-11T07:40:00+08:00,運動家,芝加哥白襪,運動家 @ 芝加哥白襪,51439802.1,357,勝分差,252827295.1,芝加哥白襪 > 2分,H,,2.15,20,23,H,,
2026-07-10,2026-07-10T13:51:18,台灣運彩,824575,3477500.1,131,2026-07-11T07:40:00+08:00,運動家,芝加哥白襪,運動家 @ 芝加哥白襪,51439802.1,357,勝分差,252827296.1,運動家 1 分,A,,6.25,4,21,A,,
2026-07-10,2026-07-10T13:51:18,台灣運彩,824575,3477500.1,131,2026-07-11T07:40:00+08:00,運動家,芝加哥白襪,運動家 @ 芝加哥白襪,51439802.1,357,勝分差,252827297.1,運動家 2 分,A,,8.50,2,15,A,,
2026-07-10,2026-07-10T13:51:18,台灣運彩,824575,3477500.1,131,2026-07-11T07:40:00+08:00,運動家,芝加哥白襪,運動家 @ 芝加哥白襪,51439802.1,357,勝分差,252827298.1,運動家 > 2分,A,,3.25,4,9,A,,
2026-07-10,2026-07-10T13:51:18,台灣運彩,824575,3477500.1,131,2026-07-11T07:40:00+08:00,運動家,芝加哥白襪,運動家 @ 芝加哥白襪,51439794.1,358,讓分 -1.5,252827277.1,芝加哥白襪 -1.5,H,-1.5,1.88,25,22,H,-1.5,1
2026-07-10,2026-07-10T13:51:18,台灣運彩,824575,3477500.1,131,2026-07-11T07:40:00+08:00,運動家,芝加哥白襪,運動家 @ 芝加哥白襪,51439794.1,358,讓分 -1.5,252827278.1,運動家 +1.5,A,-1.5,1.62,50,31,A,-1.5,2
2026-07-10,2026-07-10T13:51:18,台灣運彩,824575,3477500.1,131,2026-07-11T07:40:00+08:00,運動家,芝加哥白襪,運動家 @ 芝加哥白襪,51439799.1,358,讓分 -2.5,252827287.1,芝加哥白襪 -2.5,H,-2.5,2.30,10,13,H,-2.5,1
2026-07-10,2026-07-10T13:51:18,台灣運彩,824575,3477500.1,131,2026-07-11T07:40:00+08:00,運動家,芝加哥白襪,運動家 @ 芝加哥白襪,51439799.1,358,讓分 -2.5,252827288.1,運動家 +2.5,A,-2.5,1.40,5,2,A,-2.5,2
2026-07-10,2026-07-10T13:51:18,台灣運彩,824575,3477500.1,131,2026-07-11T07:40:00+08:00,運動家,芝加哥白襪,運動家 @ 芝加哥白襪,51439793.1,360,[總分]大小 7.5,252827276.1,大 7.5,A,7.5,1.43,100,43,A,7.5,
2026-07-10,2026-07-10T13:51:18,台灣運彩,824575,3477500.1,131,2026-07-11T07:40:00+08:00,運動家,芝加哥白襪,運動家 @ 芝加哥白襪,51439793.1,360,[總分]大小 7.5,252827275.1,小 7.5,H,7.5,2.15,20,23,H,7.5,
2026-07-10,2026-07-10T13:51:18,台灣運彩,824575,3477500.1,131,2026-07-11T07:40:00+08:00,運動家,芝加哥白襪,運動家 @ 芝加哥白襪,51439797.1,360,[總分]大小 8.5,252827284.1,大 8.5,A,8.5,1.62,50,31,A,8.5,
2026-07-10,2026-07-10T13:51:18,台灣運彩,824575,3477500.1,131,2026-07-11T07:40:00+08:00,運動家,芝加哥白襪,運動家 @ 芝加哥白襪,51439797.1,360,[總分]大小 8.5,252827283.1,小 8.5,H,8.5,1.88,25,22,H,8.5,
2026-07-10,2026-07-10T13:51:18,台灣運彩,824575,3477500.1,131,2026-07-11T07:40:00+08:00,運動家,芝加哥白襪,運動家 @ 芝加哥白襪,51439798.1,360,[總分]大小 9.5,252827286.1,大 9.5,A,9.5,1.92,25,23,A,9.5,
2026-07-10,2026-07-10T13:51:18,台灣運彩,824575,3477500.1,131,2026-07-11T07:40:00+08:00,運動家,芝加哥白襪,運動家 @ 芝加哥白襪,51439798.1,360,[總分]大小 9.5,252827285.1,小 9.5,H,9.5,1.58,50,29,H,9.5,
2026-07-10,2026-07-10T13:51:18,台灣運彩,824575,3477500.1,131,2026-07-11T07:40:00+08:00,運動家,芝加哥白襪,運動家 @ 芝加哥白襪,51439801.1,362,芝加哥白襪 大小 4.5,252827292.1,大 4.5,A,4.5,1.65,20,13,A,4.5,
2026-07-10,2026-07-10T13:51:18,台灣運彩,824575,3477500.1,131,2026-07-11T07:40:00+08:00,運動家,芝加哥白襪,運動家 @ 芝加哥白襪,51439801.1,362,芝加哥白襪 大小 4.5,252827291.1,小 4.5,H,4.5,1.78,50,39,H,4.5,
2026-07-10,2026-07-10T13:51:18,台灣運彩,824575,3477500.1,131,2026-07-11T07:40:00+08:00,運動家,芝加哥白襪,運動家 @ 芝加哥白襪,51439796.1,363,運動家 大小 3.5,252827282.1,大 3.5,A,3.5,1.65,20,13,A,3.5,
2026-07-10,2026-07-10T13:51:18,台灣運彩,824575,3477500.1,131,2026-07-11T07:40:00+08:00,運動家,芝加哥白襪,運動家 @ 芝加哥白襪,51439796.1,363,運動家 大小 3.5,252827281.1,小 3.5,H,3.5,1.78,50,39,H,3.5,
2026-07-10,2026-07-10T13:51:18,台灣運彩,824575,3477500.1,131,2026-07-11T07:40:00+08:00,運動家,芝加哥白襪,運動家 @ 芝加哥白襪,51439795.1,366,[總分]單雙,252827280.1,單,,,1.48,25,12,,,
2026-07-10,2026-07-10T13:51:18,台灣運彩,824575,3477500.1,131,2026-07-11T07:40:00+08:00,運動家,芝加哥白襪,運動家 @ 芝加哥白襪,51439795.1,366,[總分]單雙,252827279.1,雙,,,2.00,1,1,,,
2026-07-10,2026-07-10T13:51:18,台灣運彩,824575,3477500.1,131,2026-07-11T07:40:00+08:00,運動家,芝加哥白襪,運動家 @ 芝加哥白襪,51440294.1,374,得分最高單局(不含延長賽),252828510.1,一樣多,,,2.25,4,5,,,
2026-07-10,2026-07-10T13:51:18,台灣運彩,824575,3477500.1,131,2026-07-11T07:40:00+08:00,運動家,芝加哥白襪,運動家 @ 芝加哥白襪,51440294.1,374,得分最高單局(不含延長賽),252828501.1,第1局,,,5.55,20,91,,,
2026-07-10,2026-07-10T13:51:18,台灣運彩,824575,3477500.1,131,2026-07-11T07:40:00+08:00,運動家,芝加哥白襪,運動家 @ 芝加哥白襪,51440294.1,374,得分最高單局(不含延長賽),252828502.1,第2局,,,6.50,2,11,,,
2026-07-10,2026-07-10T13:51:18,台灣運彩,824575,3477500.1,131,2026-07-11T07:40:00+08:00,運動家,芝加哥白襪,運動家 @ 芝加哥白襪,51440294.1,374,得分最高單局(不含延長賽),252828503.1,第3局,,,5.75,4,19,,,
2026-07-10,2026-07-10T13:51:18,台灣運彩,824575,3477500.1,131,2026-07-11T07:40:00+08:00,運動家,芝加哥白襪,運動家 @ 芝加哥白襪,51440294.1,374,得分最高單局(不含延長賽),252828504.1,第4局,,,6.50,2,11,,,
2026-07-10,2026-07-10T13:51:18,台灣運彩,824575,3477500.1,131,2026-07-11T07:40:00+08:00,運動家,芝加哥白襪,運動家 @ 芝加哥白襪,51440294.1,374,得分最高單局(不含延長賽),252828505.1,第5局,,,6.25,4,21,,,
2026-07-10,2026-07-10T13:51:18,台灣運彩,824575,3477500.1,131,2026-07-11T07:40:00+08:00,運動家,芝加哥白襪,運動家 @ 芝加哥白襪,51440294.1,374,得分最高單局(不含延長賽),252828506.1,第6局,,,5.60,5,23,,,
2026-07-10,2026-07-10T13:51:18,台灣運彩,824575,3477500.1,131,2026-07-11T07:40:00+08:00,運動家,芝加哥白襪,運動家 @ 芝加哥白襪,51440294.1,374,得分最高單局(不含延長賽),252828507.1,第7局,,,5.85,20,97,,,
2026-07-10,2026-07-10T13:51:18,台灣運彩,824575,3477500.1,131,2026-07-11T07:40:00+08:00,運動家,芝加哥白襪,運動家 @ 芝加哥白襪,51440294.1,374,得分最高單局(不含延長賽),252828508.1,第8局,,,5.50,2,9,,,
2026-07-10,2026-07-10T13:51:18,台灣運彩,824575,3477500.1,131,2026-07-11T07:40:00+08:00,運動家,芝加哥白襪,運動家 @ 芝加哥白襪,51440294.1,374,得分最高單局(不含延長賽),252828509.1,第9局,,,8.00,1,7,,,
2026-07-10,2026-07-10T13:51:18,台灣運彩,824575,3477500.1,131,2026-07-11T07:40:00+08:00,運動家,芝加哥白襪,運動家 @ 芝加哥白襪,51440293.1,376,[1-5局] 不讓分,252828498.1,芝加哥白襪,H,,1.55,20,11,H,,1
2026-07-10,2026-07-10T13:51:18,台灣運彩,824575,3477500.1,131,2026-07-11T07:40:00+08:00,運動家,芝加哥白襪,運動家 @ 芝加哥白襪,51440293.1,376,[1-5局] 不讓分,252828500.1,運動家,A,,2.20,5,6,A,,2
2026-07-10,2026-07-10T13:51:18,台灣運彩,824575,3477500.1,131,2026-07-11T07:40:00+08:00,運動家,芝加哥白襪,運動家 @ 芝加哥白襪,51440293.1,376,[1-5局] 不讓分,252828499.1,和局,D,,4.90,10,39,D,,
2026-07-10,2026-07-10T13:51:18,台灣運彩,824575,3477500.1,131,2026-07-11T07:40:00+08:00,運動家,芝加哥白襪,運動家 @ 芝加哥白襪,51440290.1,378,[1-5局] 大小 4.5,252828492.1,大 4.5,A,4.5,1.60,5,3,A,4.5,
2026-07-10,2026-07-10T13:51:18,台灣運彩,824575,3477500.1,131,2026-07-11T07:40:00+08:00,運動家,芝加哥白襪,運動家 @ 芝加哥白襪,51440290.1,378,[1-5局] 大小 4.5,252828491.1,小 4.5,H,4.5,1.73,100,73,H,4.5,
2026-07-10,2026-07-10T13:51:18,台灣運彩,824575,3477500.1,131,2026-07-11T07:40:00+08:00,運動家,芝加哥白襪,運動家 @ 芝加哥白襪,51440288.1,379,[1-5局] 芝加哥白襪 大小 2.5,252828488.1,大 2.5,A,2.5,1.73,100,73,A,2.5,
2026-07-10,2026-07-10T13:51:18,台灣運彩,824575,3477500.1,131,2026-07-11T07:40:00+08:00,運動家,芝加哥白襪,運動家 @ 芝加哥白襪,51440288.1,379,[1-5局] 芝加哥白襪 大小 2.5,252828487.1,小 2.5,H,2.5,1.70,10,7,H,2.5,
2026-07-10,2026-07-10T13:51:18,台灣運彩,824575,3477500.1,131,2026-07-11T07:40:00+08:00,運動家,芝加哥白襪,運動家 @ 芝加哥白襪,51440289.1,380,[1-5局] 運動家 大小 1.5,252828490.1,大 1.5,A,1.5,1.63,100,63,A,1.5,
2026-07-10,2026-07-10T13:51:18,台灣運彩,824575,3477500.1,131,2026-07-11T07:40:00+08:00,運動家,芝加哥白襪,運動家 @ 芝加哥白襪,51440289.1,380,[1-5局] 運動家 大小 1.5,252828489.1,小 1.5,H,1.5,1.80,5,4,H,1.5,
2026-07-10,2026-07-10T13:51:18,台灣運彩,824575,3477500.1,131,2026-07-11T07:40:00+08:00,運動家,芝加哥白襪,運動家 @ 芝加哥白襪,51440292.1,389,[第1局] 不讓分,252828495.1,芝加哥白襪,H,,2.55,20,31,H,,1
2026-07-10,2026-07-10T13:51:18,台灣運彩,824575,3477500.1,131,2026-07-11T07:40:00+08:00,運動家,芝加哥白襪,運動家 @ 芝加哥白襪,51440292.1,389,[第1局] 不讓分,252828497.1,運動家,A,,3.70,10,27,A,,2
2026-07-10,2026-07-10T13:51:18,台灣運彩,824575,3477500.1,131,2026-07-11T07:40:00+08:00,運動家,芝加哥白襪,運動家 @ 芝加哥白襪,51440292.1,389,[第1局] 不讓分,252828496.1,和局,D,,1.55,20,11,D,,
2026-07-10,2026-07-10T13:51:18,台灣運彩,824575,3477500.1,131,2026-07-11T07:40:00+08:00,運動家,芝加哥白襪,運動家 @ 芝加哥白襪,51440291.1,398,[第1局] 大小 0.5,252828494.1,大 0.5,A,0.5,1.65,20,13,A,0.5,
2026-07-10,2026-07-10T13:51:18,台灣運彩,824575,3477500.1,131,2026-07-11T07:40:00+08:00,運動家,芝加哥白襪,運動家 @ 芝加哥白襪,51440291.1,398,[第1局] 大小 0.5,252828493.1,小 0.5,H,0.5,1.68,25,17,H,0.5,
2026-07-10,2026-07-10T13:51:18,台灣運彩,822878,3477501.1,133,2026-07-11T08:05:00+08:00,休士頓太空人,德州遊騎兵,休士頓太空人 @ 德州遊騎兵,51439830.1,354,不讓分,252827380.1,德州遊騎兵,H,,1.98,50,49,H,,1
2026-07-10,2026-07-10T13:51:18,台灣運彩,822878,3477501.1,133,2026-07-11T08:05:00+08:00,休士頓太空人,德州遊騎兵,休士頓太空人 @ 德州遊騎兵,51439830.1,354,不讓分,252827381.1,休士頓太空人,A,,1.52,25,13,A,,2
2026-07-10,2026-07-10T13:51:18,台灣運彩,822878,3477501.1,133,2026-07-11T08:05:00+08:00,休士頓太空人,德州遊騎兵,休士頓太空人 @ 德州遊騎兵,51439840.1,357,勝分差,252827403.1,休士頓太空人 1 分,A,,5.15,20,83,A,,
2026-07-10,2026-07-10T13:51:18,台灣運彩,822878,3477501.1,133,2026-07-11T08:05:00+08:00,休士頓太空人,德州遊騎兵,休士頓太空人 @ 德州遊騎兵,51439840.1,357,勝分差,252827404.1,休士頓太空人 2 分,A,,6.50,2,11,A,,
2026-07-10,2026-07-10T13:51:18,台灣運彩,822878,3477501.1,133,2026-07-11T08:05:00+08:00,休士頓太空人,德州遊騎兵,休士頓太空人 @ 德州遊騎兵,51439840.1,357,勝分差,252827405.1,休士頓太空人 > 2分,A,,2.20,5,6,A,,
2026-07-10,2026-07-10T13:51:18,台灣運彩,822878,3477501.1,133,2026-07-11T08:05:00+08:00,休士頓太空人,德州遊騎兵,休士頓太空人 @ 德州遊騎兵,51439840.1,357,勝分差,252827400.1,德州遊騎兵 1 分,H,,4.10,10,31,H,,
2026-07-10,2026-07-10T13:51:18,台灣運彩,822878,3477501.1,133,2026-07-11T08:05:00+08:00,休士頓太空人,德州遊騎兵,休士頓太空人 @ 德州遊騎兵,51439840.1,357,勝分差,252827401.1,德州遊騎兵 2 分,H,,7.75,4,27,H,,
2026-07-10,2026-07-10T13:51:18,台灣運彩,822878,3477501.1,133,2026-07-11T08:05:00+08:00,休士頓太空人,德州遊騎兵,休士頓太空人 @ 德州遊騎兵,51439840.1,357,勝分差,252827402.1,德州遊騎兵 > 2分,H,,3.65,20,53,H,,
2026-07-10,2026-07-10T13:51:18,台灣運彩,822878,3477501.1,133,2026-07-11T08:05:00+08:00,休士頓太空人,德州遊騎兵,休士頓太空人 @ 德州遊騎兵,51439832.1,358,讓分 1.5,252827384.1,德州遊騎兵 +1.5,H,1.5,1.60,5,3,H,1.5,1
2026-07-10,2026-07-10T13:51:18,台灣運彩,822878,3477501.1,133,2026-07-11T08:05:00+08:00,休士頓太空人,德州遊騎兵,休士頓太空人 @ 德州遊騎兵,51439832.1,358,讓分 1.5,252827385.1,休士頓太空人 -1.5,A,1.5,1.90,10,9,A,1.5,2
2026-07-10,2026-07-10T13:51:18,台灣運彩,822878,3477501.1,133,2026-07-11T08:05:00+08:00,休士頓太空人,德州遊騎兵,休士頓太空人 @ 德州遊騎兵,51439836.1,358,讓分 2.5,252827392.1,德州遊騎兵 +2.5,H,2.5,1.38,50,19,H,2.5,1
2026-07-10,2026-07-10T13:51:18,台灣運彩,822878,3477501.1,133,2026-07-11T08:05:00+08:00,休士頓太空人,德州遊騎兵,休士頓太空人 @ 德州遊騎兵,51439836.1,358,讓分 2.5,252827393.1,休士頓太空人 -2.5,A,2.5,2.33,100,133,A,2.5,2
2026-07-10,2026-07-10T13:51:18,台灣運彩,822878,3477501.1,133,2026-07-11T08:05:00+08:00,休士頓太空人,德州遊騎兵,休士頓太空人 @ 德州遊騎兵,51439833.1,360,[總分]大小 6.5,252827387.1,大 6.5,A,6.5,1.40,5,2,A,6.5,
2026-07-10,2026-07-10T13:51:18,台灣運彩,822878,3477501.1,133,2026-07-11T08:05:00+08:00,休士頓太空人,德州遊騎兵,休士頓太空人 @ 德州遊騎兵,51439833.1,360,[總分]大小 6.5,252827386.1,小 6.5,H,6.5,2.30,10,13,H,6.5,
2026-07-10,2026-07-10T13:51:18,台灣運彩,822878,3477501.1,133,2026-07-11T08:05:00+08:00,休士頓太空人,德州遊騎兵,休士頓太空人 @ 德州遊騎兵,51439835.1,360,[總分]大小 8.5,252827391.1,大 8.5,A,8.5,1.90,10,9,A,8.5,
2026-07-10,2026-07-10T13:51:18,台灣運彩,822878,3477501.1,133,2026-07-11T08:05:00+08:00,休士頓太空人,德州遊騎兵,休士頓太空人 @ 德州遊騎兵,51439835.1,360,[總分]大小 8.5,252827390.1,小 8.5,H,8.5,1.60,5,3,H,8.5,
2026-07-10,2026-07-10T13:51:18,台灣運彩,822878,3477501.1,133,2026-07-11T08:05:00+08:00,休士頓太空人,德州遊騎兵,休士頓太空人 @ 德州遊騎兵,51439837.1,360,[總分]大小 7.5,252827395.1,大 7.5,A,7.5,1.68,25,17,A,7.5,
2026-07-10,2026-07-10T13:51:18,台灣運彩,822878,3477501.1,133,2026-07-11T08:05:00+08:00,休士頓太空人,德州遊騎兵,休士頓太空人 @ 德州遊騎兵,51439837.1,360,[總分]大小 7.5,252827394.1,小 7.5,H,7.5,1.82,50,41,H,7.5,
2026-07-10,2026-07-10T13:51:18,台灣運彩,822878,3477501.1,133,2026-07-11T08:05:00+08:00,休士頓太空人,德州遊騎兵,休士頓太空人 @ 德州遊騎兵,51439839.1,362,德州遊騎兵 大小 3.5,252827399.1,大 3.5,A,3.5,1.82,50,41,A,3.5,
2026-07-10,2026-07-10T13:51:18,台灣運彩,822878,3477501.1,133,2026-07-11T08:05:00+08:00,休士頓太空人,德州遊騎兵,休士頓太空人 @ 德州遊騎兵,51439839.1,362,德州遊騎兵 大小 3.5,252827398.1,小 3.5,H,3.5,1.62,50,31,H,3.5,
2026-07-10,2026-07-10T13:51:18,台灣運彩,822878,3477501.1,133,2026-07-11T08:05:00+08:00,休士頓太空人,德州遊騎兵,休士頓太空人 @ 德州遊騎兵,51439834.1,363,休士頓太空人 大小 4.5,252827389.1,大 4.5,A,4.5,1.85,20,17,A,4.5,
2026-07-10,2026-07-10T13:51:18,台灣運彩,822878,3477501.1,133,2026-07-11T08:05:00+08:00,休士頓太空人,德州遊騎兵,休士頓太空人 @ 德州遊騎兵,51439834.1,363,休士頓太空人 大小 4.5,252827388.1,小 4.5,H,4.5,1.60,5,3,H,4.5,
2026-07-10,2026-07-10T13:51:18,台灣運彩,822878,3477501.1,133,2026-07-11T08:05:00+08:00,休士頓太空人,德州遊騎兵,休士頓太空人 @ 德州遊騎兵,51439831.1,366,[總分]單雙,252827383.1,單,,,1.46,50,23,,,
2026-07-10,2026-07-10T13:51:18,台灣運彩,822878,3477501.1,133,2026-07-11T08:05:00+08:00,休士頓太空人,德州遊騎兵,休士頓太空人 @ 德州遊騎兵,51439831.1,366,[總分]單雙,252827382.1,雙,,,2.05,20,21,,,
2026-07-10,2026-07-10T13:51:18,台灣運彩,822878,3477501.1,133,2026-07-11T08:05:00+08:00,休士頓太空人,德州遊騎兵,休士頓太空人 @ 德州遊騎兵,51440353.1,374,得分最高單局(不含延長賽),252828654.1,一樣多,,,2.20,5,6,,,
2026-07-10,2026-07-10T13:51:18,台灣運彩,822878,3477501.1,133,2026-07-11T08:05:00+08:00,休士頓太空人,德州遊騎兵,休士頓太空人 @ 德州遊騎兵,51440353.1,374,得分最高單局(不含延長賽),252828645.1,第1局,,,5.70,10,47,,,
2026-07-10,2026-07-10T13:51:18,台灣運彩,822878,3477501.1,133,2026-07-11T08:05:00+08:00,休士頓太空人,德州遊騎兵,休士頓太空人 @ 德州遊騎兵,51440353.1,374,得分最高單局(不含延長賽),252828646.1,第2局,,,6.75,4,23,,,
2026-07-10,2026-07-10T13:51:18,台灣運彩,822878,3477501.1,133,2026-07-11T08:05:00+08:00,休士頓太空人,德州遊騎兵,休士頓太空人 @ 德州遊騎兵,51440353.1,374,得分最高單局(不含延長賽),252828647.1,第3局,,,5.90,10,49,,,
2026-07-10,2026-07-10T13:51:18,台灣運彩,822878,3477501.1,133,2026-07-11T08:05:00+08:00,休士頓太空人,德州遊騎兵,休士頓太空人 @ 德州遊騎兵,51440353.1,374,得分最高單局(不含延長賽),252828648.1,第4局,,,6.25,4,21,,,
2026-07-10,2026-07-10T13:51:18,台灣運彩,822878,3477501.1,133,2026-07-11T08:05:00+08:00,休士頓太空人,德州遊騎兵,休士頓太空人 @ 德州遊騎兵,51440353.1,374,得分最高單局(不含延長賽),252828649.1,第5局,,,6.25,4,21,,,
2026-07-10,2026-07-10T13:51:18,台灣運彩,822878,3477501.1,133,2026-07-11T08:05:00+08:00,休士頓太空人,德州遊騎兵,休士頓太空人 @ 德州遊騎兵,51440353.1,374,得分最高單局(不含延長賽),252828650.1,第6局,,,5.95,20,99,,,
2026-07-10,2026-07-10T13:51:18,台灣運彩,822878,3477501.1,133,2026-07-11T08:05:00+08:00,休士頓太空人,德州遊騎兵,休士頓太空人 @ 德州遊騎兵,51440353.1,374,得分最高單局(不含延長賽),252828651.1,第7局,,,6.00,1,5,,,
2026-07-10,2026-07-10T13:51:18,台灣運彩,822878,3477501.1,133,2026-07-11T08:05:00+08:00,休士頓太空人,德州遊騎兵,休士頓太空人 @ 德州遊騎兵,51440353.1,374,得分最高單局(不含延長賽),252828652.1,第8局,,,5.75,4,19,,,
2026-07-10,2026-07-10T13:51:18,台灣運彩,822878,3477501.1,133,2026-07-11T08:05:00+08:00,休士頓太空人,德州遊騎兵,休士頓太空人 @ 德州遊騎兵,51440353.1,374,得分最高單局(不含延長賽),252828653.1,第9局,,,8.00,1,7,,,
2026-07-10,2026-07-10T13:51:18,台灣運彩,822878,3477501.1,133,2026-07-11T08:05:00+08:00,休士頓太空人,德州遊騎兵,休士頓太空人 @ 德州遊騎兵,51440351.1,376,[1-5局] 不讓分,252828640.1,德州遊騎兵,H,,2.10,10,11,H,,1
2026-07-10,2026-07-10T13:51:18,台灣運彩,822878,3477501.1,133,2026-07-11T08:05:00+08:00,休士頓太空人,德州遊騎兵,休士頓太空人 @ 德州遊騎兵,51440351.1,376,[1-5局] 不讓分,252828642.1,休士頓太空人,A,,1.70,10,7,A,,2
2026-07-10,2026-07-10T13:51:18,台灣運彩,822878,3477501.1,133,2026-07-11T08:05:00+08:00,休士頓太空人,德州遊騎兵,休士頓太空人 @ 德州遊騎兵,51440351.1,376,[1-5局] 不讓分,252828641.1,和局,D,,4.35,20,67,D,,
2026-07-10,2026-07-10T13:51:18,台灣運彩,822878,3477501.1,133,2026-07-11T08:05:00+08:00,休士頓太空人,德州遊騎兵,休士頓太空人 @ 德州遊騎兵,51440350.1,378,[1-5局] 大小 4.5,252828639.1,大 4.5,A,4.5,1.83,100,83,A,4.5,
2026-07-10,2026-07-10T13:51:18,台灣運彩,822878,3477501.1,133,2026-07-11T08:05:00+08:00,休士頓太空人,德州遊騎兵,休士頓太空人 @ 德州遊騎兵,51440350.1,378,[1-5局] 大小 4.5,252828638.1,小 4.5,H,4.5,1.52,25,13,H,4.5,
2026-07-10,2026-07-10T13:51:18,台灣運彩,822878,3477501.1,133,2026-07-11T08:05:00+08:00,休士頓太空人,德州遊騎兵,休士頓太空人 @ 德州遊騎兵,51440347.1,379,[1-5局] 德州遊騎兵 大小 1.5,252828632.1,大 1.5,A,1.5,1.72,25,18,A,1.5,
2026-07-10,2026-07-10T13:51:18,台灣運彩,822878,3477501.1,133,2026-07-11T08:05:00+08:00,休士頓太空人,德州遊騎兵,休士頓太空人 @ 德州遊騎兵,51440347.1,379,[1-5局] 德州遊騎兵 大小 1.5,252828631.1,小 1.5,H,1.5,1.72,25,18,H,1.5,
2026-07-10,2026-07-10T13:51:18,台灣運彩,822878,3477501.1,133,2026-07-11T08:05:00+08:00,休士頓太空人,德州遊騎兵,休士頓太空人 @ 德州遊騎兵,51440348.1,380,[1-5局] 休士頓太空人 大小 1.5,252828634.1,大 1.5,A,1.5,1.50,2,1,A,1.5,
2026-07-10,2026-07-10T13:51:18,台灣運彩,822878,3477501.1,133,2026-07-11T08:05:00+08:00,休士頓太空人,德州遊騎兵,休士頓太空人 @ 德州遊騎兵,51440348.1,380,[1-5局] 休士頓太空人 大小 1.5,252828633.1,小 1.5,H,1.5,1.96,25,24,H,1.5,
2026-07-10,2026-07-10T13:51:18,台灣運彩,822878,3477501.1,133,2026-07-11T08:05:00+08:00,休士頓太空人,德州遊騎兵,休士頓太空人 @ 德州遊騎兵,51440349.1,389,[第1局] 不讓分,252828635.1,德州遊騎兵,H,,3.55,20,51,H,,1
2026-07-10,2026-07-10T13:51:18,台灣運彩,822878,3477501.1,133,2026-07-11T08:05:00+08:00,休士頓太空人,德州遊騎兵,休士頓太空人 @ 德州遊騎兵,51440349.1,389,[第1局] 不讓分,252828637.1,休士頓太空人,A,,3.00,1,2,A,,2
2026-07-10,2026-07-10T13:51:18,台灣運彩,822878,3477501.1,133,2026-07-11T08:05:00+08:00,休士頓太空人,德州遊騎兵,休士頓太空人 @ 德州遊騎兵,51440349.1,389,[第1局] 不讓分,252828636.1,和局,D,,1.45,20,9,D,,
2026-07-10,2026-07-10T13:51:18,台灣運彩,822878,3477501.1,133,2026-07-11T08:05:00+08:00,休士頓太空人,德州遊騎兵,休士頓太空人 @ 德州遊騎兵,51440352.1,398,[第1局] 大小 0.5,252828644.1,大 0.5,A,0.5,1.78,50,39,A,0.5,
2026-07-10,2026-07-10T13:51:18,台灣運彩,822878,3477501.1,133,2026-07-11T08:05:00+08:00,休士頓太空人,德州遊騎兵,休士頓太空人 @ 德州遊騎兵,51440352.1,398,[第1局] 大小 0.5,252828643.1,小 0.5,H,0.5,1.56,25,14,H,0.5,
2026-07-10,2026-07-10T13:51:18,台灣運彩,823685,3477503.1,134,2026-07-11T08:10:00+08:00,洛杉磯天使,明尼蘇達雙城,洛杉磯天使 @ 明尼蘇達雙城,51439858.1,354,不讓分,252827454.1,明尼蘇達雙城,H,,1.65,20,13,H,,1
2026-07-10,2026-07-10T13:51:18,台灣運彩,823685,3477503.1,134,2026-07-11T08:10:00+08:00,洛杉磯天使,明尼蘇達雙城,洛杉磯天使 @ 明尼蘇達雙城,51439858.1,354,不讓分,252827455.1,洛杉磯天使,A,,1.85,20,17,A,,2
2026-07-10,2026-07-10T13:51:18,台灣運彩,823685,3477503.1,134,2026-07-11T08:10:00+08:00,洛杉磯天使,明尼蘇達雙城,洛杉磯天使 @ 明尼蘇達雙城,51439860.1,357,勝分差,252827458.1,明尼蘇達雙城 1 分,H,,4.05,20,61,H,,
2026-07-10,2026-07-10T13:51:18,台灣運彩,823685,3477503.1,134,2026-07-11T08:10:00+08:00,洛杉磯天使,明尼蘇達雙城,洛杉磯天使 @ 明尼蘇達雙城,51439860.1,357,勝分差,252827459.1,明尼蘇達雙城 2 分,H,,7.25,4,25,H,,
2026-07-10,2026-07-10T13:51:18,台灣運彩,823685,3477503.1,134,2026-07-11T08:10:00+08:00,洛杉磯天使,明尼蘇達雙城,洛杉磯天使 @ 明尼蘇達雙城,51439860.1,357,勝分差,252827460.1,明尼蘇達雙城 > 2分,H,,2.55,20,31,H,,
2026-07-10,2026-07-10T13:51:18,台灣運彩,823685,3477503.1,134,2026-07-11T08:10:00+08:00,洛杉磯天使,明尼蘇達雙城,洛杉磯天使 @ 明尼蘇達雙城,51439860.1,357,勝分差,252827461.1,洛杉磯天使 1 分,A,,6.00,1,5,A,,
2026-07-10,2026-07-10T13:51:18,台灣運彩,823685,3477503.1,134,2026-07-11T08:10:00+08:00,洛杉磯天使,明尼蘇達雙城,洛杉磯天使 @ 明尼蘇達雙城,51439860.1,357,勝分差,252827462.1,洛杉磯天使 2 分,A,,7.75,4,27,A,,
2026-07-10,2026-07-10T13:51:18,台灣運彩,823685,3477503.1,134,2026-07-11T08:10:00+08:00,洛杉磯天使,明尼蘇達雙城,洛杉磯天使 @ 明尼蘇達雙城,51439860.1,357,勝分差,252827463.1,洛杉磯天使 > 2分,A,,2.65,20,33,A,,
2026-07-10,2026-07-10T13:51:18,台灣運彩,823685,3477503.1,134,2026-07-11T08:10:00+08:00,洛杉磯天使,明尼蘇達雙城,洛杉磯天使 @ 明尼蘇達雙城,51439859.1,358,讓分 -1.5,252827456.1,明尼蘇達雙城 -1.5,H,-1.5,2.10,10,11,H,-1.5,1
2026-07-10,2026-07-10T13:51:18,台灣運彩,823685,3477503.1,134,2026-07-11T08:10:00+08:00,洛杉磯天使,明尼蘇達雙城,洛杉磯天使 @ 明尼蘇達雙城,51439859.1,358,讓分 -1.5,252827457.1,洛杉磯天使 +1.5,A,-1.5,1.45,20,9,A,-1.5,2
2026-07-10,2026-07-10T13:51:18,台灣運彩,823685,3477503.1,134,2026-07-11T08:10:00+08:00,洛杉磯天使,明尼蘇達雙城,洛杉磯天使 @ 明尼蘇達雙城,51439856.1,360,[總分]大小 9.5,252827451.1,大 9.5,A,9.5,1.85,20,17,A,9.5,
2026-07-10,2026-07-10T13:51:18,台灣運彩,823685,3477503.1,134,2026-07-11T08:10:00+08:00,洛杉磯天使,明尼蘇達雙城,洛杉磯天使 @ 明尼蘇達雙城,51439856.1,360,[總分]大小 9.5,252827450.1,小 9.5,H,9.5,1.65,20,13,H,9.5,
2026-07-10,2026-07-10T13:51:18,台灣運彩,823685,3477503.1,134,2026-07-11T08:10:00+08:00,洛杉磯天使,明尼蘇達雙城,洛杉磯天使 @ 明尼蘇達雙城,51439861.1,362,明尼蘇達雙城 大小 4.5,252827465.1,大 4.5,A,4.5,1.73,100,73,A,4.5,
2026-07-10,2026-07-10T13:51:18,台灣運彩,823685,3477503.1,134,2026-07-11T08:10:00+08:00,洛杉磯天使,明尼蘇達雙城,洛杉磯天使 @ 明尼蘇達雙城,51439861.1,362,明尼蘇達雙城 大小 4.5,252827464.1,小 4.5,H,4.5,1.70,10,7,H,4.5,
2026-07-10,2026-07-10T13:51:18,台灣運彩,823685,3477503.1,134,2026-07-11T08:10:00+08:00,洛杉磯天使,明尼蘇達雙城,洛杉磯天使 @ 明尼蘇達雙城,51439857.1,363,洛杉磯天使 大小 4.5,252827453.1,大 4.5,A,4.5,1.80,5,4,A,4.5,
2026-07-10,2026-07-10T13:51:18,台灣運彩,823685,3477503.1,134,2026-07-11T08:10:00+08:00,洛杉磯天使,明尼蘇達雙城,洛杉磯天使 @ 明尼蘇達雙城,51439857.1,363,洛杉磯天使 大小 4.5,252827452.1,小 4.5,H,4.5,1.63,100,63,H,4.5,
2026-07-10,2026-07-10T13:51:18,台灣運彩,823685,3477503.1,134,2026-07-11T08:10:00+08:00,洛杉磯天使,明尼蘇達雙城,洛杉磯天使 @ 明尼蘇達雙城,51439855.1,366,[總分]單雙,252827449.1,單,,,1.45,20,9,,,
2026-07-10,2026-07-10T13:51:18,台灣運彩,823685,3477503.1,134,2026-07-11T08:10:00+08:00,洛杉磯天使,明尼蘇達雙城,洛杉磯天使 @ 明尼蘇達雙城,51439855.1,366,[總分]單雙,252827448.1,雙,,,1.95,20,19,,,
2026-07-10,2026-07-10T13:51:18,台灣運彩,823033,3477504.1,136,2026-07-11T08:15:00+08:00,亞特蘭大勇士,聖路易紅雀,亞特蘭大勇士 @ 聖路易紅雀,51439870.1,354,不讓分,252827484.1,聖路易紅雀,H,,2.15,20,23,H,,1
2026-07-10,2026-07-10T13:51:18,台灣運彩,823033,3477504.1,136,2026-07-11T08:15:00+08:00,亞特蘭大勇士,聖路易紅雀,亞特蘭大勇士 @ 聖路易紅雀,51439870.1,354,不讓分,252827485.1,亞特蘭大勇士,A,,1.43,100,43,A,,2
2026-07-10,2026-07-10T13:51:18,台灣運彩,823033,3477504.1,136,2026-07-11T08:15:00+08:00,亞特蘭大勇士,聖路易紅雀,亞特蘭大勇士 @ 聖路易紅雀,51439882.1,357,勝分差,252827512.1,亞特蘭大勇士 1 分,A,,5.05,20,81,A,,
2026-07-10,2026-07-10T13:51:18,台灣運彩,823033,3477504.1,136,2026-07-11T08:15:00+08:00,亞特蘭大勇士,聖路易紅雀,亞特蘭大勇士 @ 聖路易紅雀,51439882.1,357,勝分差,252827513.1,亞特蘭大勇士 2 分,A,,6.25,4,21,A,,
2026-07-10,2026-07-10T13:51:18,台灣運彩,823033,3477504.1,136,2026-07-11T08:15:00+08:00,亞特蘭大勇士,聖路易紅雀,亞特蘭大勇士 @ 聖路易紅雀,51439882.1,357,勝分差,252827514.1,亞特蘭大勇士 > 2分,A,,2.05,20,21,A,,
2026-07-10,2026-07-10T13:51:18,台灣運彩,823033,3477504.1,136,2026-07-11T08:15:00+08:00,亞特蘭大勇士,聖路易紅雀,亞特蘭大勇士 @ 聖路易紅雀,51439882.1,357,勝分差,252827509.1,聖路易紅雀 1 分,H,,4.30,10,33,H,,
2026-07-10,2026-07-10T13:51:18,台灣運彩,823033,3477504.1,136,2026-07-11T08:15:00+08:00,亞特蘭大勇士,聖路易紅雀,亞特蘭大勇士 @ 聖路易紅雀,51439882.1,357,勝分差,252827510.1,聖路易紅雀 2 分,H,,8.50,2,15,H,,
2026-07-10,2026-07-10T13:51:18,台灣運彩,823033,3477504.1,136,2026-07-11T08:15:00+08:00,亞特蘭大勇士,聖路易紅雀,亞特蘭大勇士 @ 聖路易紅雀,51439882.1,357,勝分差,252827511.1,聖路易紅雀 > 2分,H,,3.95,20,59,H,,
2026-07-10,2026-07-10T13:51:18,台灣運彩,823033,3477504.1,136,2026-07-11T08:15:00+08:00,亞特蘭大勇士,聖路易紅雀,亞特蘭大勇士 @ 聖路易紅雀,51439879.1,358,讓分 1.5,252827503.1,聖路易紅雀 +1.5,H,1.5,1.71,100,71,H,1.5,1
2026-07-10,2026-07-10T13:51:18,台灣運彩,823033,3477504.1,136,2026-07-11T08:15:00+08:00,亞特蘭大勇士,聖路易紅雀,亞特蘭大勇士 @ 聖路易紅雀,51439879.1,358,讓分 1.5,252827504.1,亞特蘭大勇士 -1.5,A,1.5,1.79,100,79,A,1.5,2
2026-07-10,2026-07-10T13:51:18,台灣運彩,823033,3477504.1,136,2026-07-11T08:15:00+08:00,亞特蘭大勇士,聖路易紅雀,亞特蘭大勇士 @ 聖路易紅雀,51439883.1,358,讓分 2.5,252827515.1,聖路易紅雀 +2.5,H,2.5,1.43,100,43,H,2.5,1
2026-07-10,2026-07-10T13:51:18,台灣運彩,823033,3477504.1,136,2026-07-11T08:15:00+08:00,亞特蘭大勇士,聖路易紅雀,亞特蘭大勇士 @ 聖路易紅雀,51439883.1,358,讓分 2.5,252827516.1,亞特蘭大勇士 -2.5,A,2.5,2.15,20,23,A,2.5,2
2026-07-10,2026-07-10T13:51:18,台灣運彩,823033,3477504.1,136,2026-07-11T08:15:00+08:00,亞特蘭大勇士,聖路易紅雀,亞特蘭大勇士 @ 聖路易紅雀,51439874.1,360,[總分]大小 7.5,252827493.1,大 7.5,A,7.5,1.68,25,17,A,7.5,
2026-07-10,2026-07-10T13:51:18,台灣運彩,823033,3477504.1,136,2026-07-11T08:15:00+08:00,亞特蘭大勇士,聖路易紅雀,亞特蘭大勇士 @ 聖路易紅雀,51439874.1,360,[總分]大小 7.5,252827492.1,小 7.5,H,7.5,1.82,50,41,H,7.5,
2026-07-10,2026-07-10T13:51:18,台灣運彩,823033,3477504.1,136,2026-07-11T08:15:00+08:00,亞特蘭大勇士,聖路易紅雀,亞特蘭大勇士 @ 聖路易紅雀,51439876.1,360,[總分]大小 6.5,252827498.1,大 6.5,A,6.5,1.40,5,2,A,6.5,
2026-07-10,2026-07-10T13:51:18,台灣運彩,823033,3477504.1,136,2026-07-11T08:15:00+08:00,亞特蘭大勇士,聖路易紅雀,亞特蘭大勇士 @ 聖路易紅雀,51439876.1,360,[總分]大小 6.5,252827497.1,小 6.5,H,6.5,2.30,10,13,H,6.5,
2026-07-10,2026-07-10T13:51:18,台灣運彩,823033,3477504.1,136,2026-07-11T08:15:00+08:00,亞特蘭大勇士,聖路易紅雀,亞特蘭大勇士 @ 聖路易紅雀,51439877.1,360,[總分]大小 8.5,252827500.1,大 8.5,A,8.5,1.92,25,23,A,8.5,
2026-07-10,2026-07-10T13:51:18,台灣運彩,823033,3477504.1,136,2026-07-11T08:15:00+08:00,亞特蘭大勇士,聖路易紅雀,亞特蘭大勇士 @ 聖路易紅雀,51439877.1,360,[總分]大小 8.5,252827499.1,小 8.5,H,8.5,1.58,50,29,H,8.5,
2026-07-10,2026-07-10T13:51:18,台灣運彩,823033,3477504.1,136,2026-07-11T08:15:00+08:00,亞特蘭大勇士,聖路易紅雀,亞特蘭大勇士 @ 聖路易紅雀,51439871.1,362,聖路易紅雀 大小 3.5,252827487.1,大 3.5,A,3.5,1.93,100,93,A,3.5,
2026-07-10,2026-07-10T13:51:18,台灣運彩,823033,3477504.1,136,2026-07-11T08:15:00+08:00,亞特蘭大勇士,聖路易紅雀,亞特蘭大勇士 @ 聖路易紅雀,51439871.1,362,聖路易紅雀 大小 3.5,252827486.1,小 3.5,H,3.5,1.53,100,53,H,3.5,
2026-07-10,2026-07-10T13:51:18,台灣運彩,823033,3477504.1,136,2026-07-11T08:15:00+08:00,亞特蘭大勇士,聖路易紅雀,亞特蘭大勇士 @ 聖路易紅雀,51439869.1,363,亞特蘭大勇士 大小 4.5,252827483.1,大 4.5,A,4.5,1.78,50,39,A,4.5,
2026-07-10,2026-07-10T13:51:18,台灣運彩,823033,3477504.1,136,2026-07-11T08:15:00+08:00,亞特蘭大勇士,聖路易紅雀,亞特蘭大勇士 @ 聖路易紅雀,51439869.1,363,亞特蘭大勇士 大小 4.5,252827482.1,小 4.5,H,4.5,1.65,20,13,H,4.5,
2026-07-10,2026-07-10T13:51:18,台灣運彩,823033,3477504.1,136,2026-07-11T08:15:00+08:00,亞特蘭大勇士,聖路易紅雀,亞特蘭大勇士 @ 聖路易紅雀,51439884.1,366,[總分]單雙,252827518.1,單,,,1.48,25,12,,,
2026-07-10,2026-07-10T13:51:18,台灣運彩,823033,3477504.1,136,2026-07-11T08:15:00+08:00,亞特蘭大勇士,聖路易紅雀,亞特蘭大勇士 @ 聖路易紅雀,51439884.1,366,[總分]單雙,252827517.1,雙,,,2.00,1,1,,,
2026-07-10,2026-07-10T13:51:18,台灣運彩,823033,3477504.1,136,2026-07-11T08:15:00+08:00,亞特蘭大勇士,聖路易紅雀,亞特蘭大勇士 @ 聖路易紅雀,51439886.1,374,得分最高單局(不含延長賽),252827531.1,一樣多,,,2.20,5,6,,,
2026-07-10,2026-07-10T13:51:18,台灣運彩,823033,3477504.1,136,2026-07-11T08:15:00+08:00,亞特蘭大勇士,聖路易紅雀,亞特蘭大勇士 @ 聖路易紅雀,51439886.1,374,得分最高單局(不含延長賽),252827522.1,第1局,,,5.45,20,89,,,
2026-07-10,2026-07-10T13:51:18,台灣運彩,823033,3477504.1,136,2026-07-11T08:15:00+08:00,亞特蘭大勇士,聖路易紅雀,亞特蘭大勇士 @ 聖路易紅雀,51439886.1,374,得分最高單局(不含延長賽),252827523.1,第2局,,,6.25,4,21,,,
2026-07-10,2026-07-10T13:51:18,台灣運彩,823033,3477504.1,136,2026-07-11T08:15:00+08:00,亞特蘭大勇士,聖路易紅雀,亞特蘭大勇士 @ 聖路易紅雀,51439886.1,374,得分最高單局(不含延長賽),252827524.1,第3局,,,5.60,5,23,,,
2026-07-10,2026-07-10T13:51:18,台灣運彩,823033,3477504.1,136,2026-07-11T08:15:00+08:00,亞特蘭大勇士,聖路易紅雀,亞特蘭大勇士 @ 聖路易紅雀,51439886.1,374,得分最高單局(不含延長賽),252827525.1,第4局,,,6.25,4,21,,,
2026-07-10,2026-07-10T13:51:18,台灣運彩,823033,3477504.1,136,2026-07-11T08:15:00+08:00,亞特蘭大勇士,聖路易紅雀,亞特蘭大勇士 @ 聖路易紅雀,51439886.1,374,得分最高單局(不含延長賽),252827526.1,第5局,,,6.00,1,5,,,
2026-07-10,2026-07-10T13:51:18,台灣運彩,823033,3477504.1,136,2026-07-11T08:15:00+08:00,亞特蘭大勇士,聖路易紅雀,亞特蘭大勇士 @ 聖路易紅雀,51439886.1,374,得分最高單局(不含延長賽),252827527.1,第6局,,,6.25,4,21,,,
2026-07-10,2026-07-10T13:51:18,台灣運彩,823033,3477504.1,136,2026-07-11T08:15:00+08:00,亞特蘭大勇士,聖路易紅雀,亞特蘭大勇士 @ 聖路易紅雀,51439886.1,374,得分最高單局(不含延長賽),252827528.1,第7局,,,6.25,4,21,,,
2026-07-10,2026-07-10T13:51:18,台灣運彩,823033,3477504.1,136,2026-07-11T08:15:00+08:00,亞特蘭大勇士,聖路易紅雀,亞特蘭大勇士 @ 聖路易紅雀,51439886.1,374,得分最高單局(不含延長賽),252827529.1,第8局,,,6.00,1,5,,,
2026-07-10,2026-07-10T13:51:18,台灣運彩,823033,3477504.1,136,2026-07-11T08:15:00+08:00,亞特蘭大勇士,聖路易紅雀,亞特蘭大勇士 @ 聖路易紅雀,51439886.1,374,得分最高單局(不含延長賽),252827530.1,第9局,,,8.00,1,7,,,
2026-07-10,2026-07-10T13:51:18,台灣運彩,823033,3477504.1,136,2026-07-11T08:15:00+08:00,亞特蘭大勇士,聖路易紅雀,亞特蘭大勇士 @ 聖路易紅雀,51439885.1,376,[1-5局] 不讓分,252827519.1,聖路易紅雀,H,,2.25,4,5,H,,1
2026-07-10,2026-07-10T13:51:18,台灣運彩,823033,3477504.1,136,2026-07-11T08:15:00+08:00,亞特蘭大勇士,聖路易紅雀,亞特蘭大勇士 @ 聖路易紅雀,51439885.1,376,[1-5局] 不讓分,252827521.1,亞特蘭大勇士,A,,1.60,5,3,A,,2
2026-07-10,2026-07-10T13:51:18,台灣運彩,823033,3477504.1,136,2026-07-11T08:15:00+08:00,亞特蘭大勇士,聖路易紅雀,亞特蘭大勇士 @ 聖路易紅雀,51439885.1,376,[1-5局] 不讓分,252827520.1,和局,D,,4.40,5,17,D,,
2026-07-10,2026-07-10T13:51:18,台灣運彩,823033,3477504.1,136,2026-07-11T08:15:00+08:00,亞特蘭大勇士,聖路易紅雀,亞特蘭大勇士 @ 聖路易紅雀,51439895.1,378,[1-5局] 大小 4.5,252827553.1,大 4.5,A,4.5,1.80,5,4,A,4.5,
2026-07-10,2026-07-10T13:51:18,台灣運彩,823033,3477504.1,136,2026-07-11T08:15:00+08:00,亞特蘭大勇士,聖路易紅雀,亞特蘭大勇士 @ 聖路易紅雀,51439895.1,378,[1-5局] 大小 4.5,252827552.1,小 4.5,H,4.5,1.55,20,11,H,4.5,
2026-07-10,2026-07-10T13:51:18,台灣運彩,823033,3477504.1,136,2026-07-11T08:15:00+08:00,亞特蘭大勇士,聖路易紅雀,亞特蘭大勇士 @ 聖路易紅雀,51439878.1,379,[1-5局] 聖路易紅雀 大小 1.5,252827502.1,大 1.5,A,1.5,1.76,25,19,A,1.5,
2026-07-10,2026-07-10T13:51:18,台灣運彩,823033,3477504.1,136,2026-07-11T08:15:00+08:00,亞特蘭大勇士,聖路易紅雀,亞特蘭大勇士 @ 聖路易紅雀,51439878.1,379,[1-5局] 聖路易紅雀 大小 1.5,252827501.1,小 1.5,H,1.5,1.66,50,33,H,1.5,
2026-07-10,2026-07-10T13:51:18,台灣運彩,823033,3477504.1,136,2026-07-11T08:15:00+08:00,亞特蘭大勇士,聖路易紅雀,亞特蘭大勇士 @ 聖路易紅雀,51439872.1,380,[1-5局] 亞特蘭大勇士 大小 2.5,252827489.1,大 2.5,A,2.5,1.90,10,9,A,2.5,
2026-07-10,2026-07-10T13:51:18,台灣運彩,823033,3477504.1,136,2026-07-11T08:15:00+08:00,亞特蘭大勇士,聖路易紅雀,亞特蘭大勇士 @ 聖路易紅雀,51439872.1,380,[1-5局] 亞特蘭大勇士 大小 2.5,252827488.1,小 2.5,H,2.5,1.55,20,11,H,2.5,
2026-07-10,2026-07-10T13:51:18,台灣運彩,823033,3477504.1,136,2026-07-11T08:15:00+08:00,亞特蘭大勇士,聖路易紅雀,亞特蘭大勇士 @ 聖路易紅雀,51439875.1,389,[第1局] 不讓分,252827494.1,聖路易紅雀,H,,3.70,10,27,H,,1
2026-07-10,2026-07-10T13:51:18,台灣運彩,823033,3477504.1,136,2026-07-11T08:15:00+08:00,亞特蘭大勇士,聖路易紅雀,亞特蘭大勇士 @ 聖路易紅雀,51439875.1,389,[第1局] 不讓分,252827496.1,亞特蘭大勇士,A,,2.80,5,9,A,,2
2026-07-10,2026-07-10T13:51:18,台灣運彩,823033,3477504.1,136,2026-07-11T08:15:00+08:00,亞特蘭大勇士,聖路易紅雀,亞特蘭大勇士 @ 聖路易紅雀,51439875.1,389,[第1局] 不讓分,252827495.1,和局,D,,1.50,2,1,D,,
2026-07-10,2026-07-10T13:51:18,台灣運彩,823033,3477504.1,136,2026-07-11T08:15:00+08:00,亞特蘭大勇士,聖路易紅雀,亞特蘭大勇士 @ 聖路易紅雀,51439873.1,398,[第1局] 大小 0.5,252827491.1,大 0.5,A,0.5,1.75,4,3,A,0.5,
2026-07-10,2026-07-10T13:51:18,台灣運彩,823033,3477504.1,136,2026-07-11T08:15:00+08:00,亞特蘭大勇士,聖路易紅雀,亞特蘭大勇士 @ 聖路易紅雀,51439873.1,398,[第1局] 大小 0.5,252827490.1,小 0.5,H,0.5,1.58,50,29,H,0.5,
2026-07-10,2026-07-10T13:51:18,台灣運彩,823278,3477514.1,138,2026-07-11T09:40:00+08:00,多倫多藍鳥,聖地牙哥教士,多倫多藍鳥 @ 聖地牙哥教士,51439971.1,354,不讓分,252827771.1,聖地牙哥教士,H,,1.66,50,33,H,,1
2026-07-10,2026-07-10T13:51:18,台灣運彩,823278,3477514.1,138,2026-07-11T09:40:00+08:00,多倫多藍鳥,聖地牙哥教士,多倫多藍鳥 @ 聖地牙哥教士,51439971.1,354,不讓分,252827772.1,多倫多藍鳥,A,,1.84,25,21,A,,2
2026-07-10,2026-07-10T13:51:18,台灣運彩,823278,3477514.1,138,2026-07-11T09:40:00+08:00,多倫多藍鳥,聖地牙哥教士,多倫多藍鳥 @ 聖地牙哥教士,51439981.1,357,勝分差,252827794.1,多倫多藍鳥 1 分,A,,5.30,10,43,A,,
2026-07-10,2026-07-10T13:51:18,台灣運彩,823278,3477514.1,138,2026-07-11T09:40:00+08:00,多倫多藍鳥,聖地牙哥教士,多倫多藍鳥 @ 聖地牙哥教士,51439981.1,357,勝分差,252827795.1,多倫多藍鳥 2 分,A,,7.00,1,6,A,,
2026-07-10,2026-07-10T13:51:18,台灣運彩,823278,3477514.1,138,2026-07-11T09:40:00+08:00,多倫多藍鳥,聖地牙哥教士,多倫多藍鳥 @ 聖地牙哥教士,51439981.1,357,勝分差,252827796.1,多倫多藍鳥 > 2分,A,,2.65,20,33,A,,
2026-07-10,2026-07-10T13:51:18,台灣運彩,823278,3477514.1,138,2026-07-11T09:40:00+08:00,多倫多藍鳥,聖地牙哥教士,多倫多藍鳥 @ 聖地牙哥教士,51439981.1,357,勝分差,252827791.1,聖地牙哥教士 1 分,H,,4.10,10,31,H,,
2026-07-10,2026-07-10T13:51:18,台灣運彩,823278,3477514.1,138,2026-07-11T09:40:00+08:00,多倫多藍鳥,聖地牙哥教士,多倫多藍鳥 @ 聖地牙哥教士,51439981.1,357,勝分差,252827792.1,聖地牙哥教士 2 分,H,,7.00,1,6,H,,
2026-07-10,2026-07-10T13:51:18,台灣運彩,823278,3477514.1,138,2026-07-11T09:40:00+08:00,多倫多藍鳥,聖地牙哥教士,多倫多藍鳥 @ 聖地牙哥教士,51439981.1,357,勝分差,252827793.1,聖地牙哥教士 > 2分,H,,2.80,5,9,H,,
2026-07-10,2026-07-10T13:51:18,台灣運彩,823278,3477514.1,138,2026-07-11T09:40:00+08:00,多倫多藍鳥,聖地牙哥教士,多倫多藍鳥 @ 聖地牙哥教士,51439977.1,358,讓分 1.5,252827783.1,聖地牙哥教士 +1.5,H,1.5,1.38,50,19,H,1.5,1
2026-07-10,2026-07-10T13:51:18,台灣運彩,823278,3477514.1,138,2026-07-11T09:40:00+08:00,多倫多藍鳥,聖地牙哥教士,多倫多藍鳥 @ 聖地牙哥教士,51439977.1,358,讓分 1.5,252827784.1,多倫多藍鳥 -1.5,A,1.5,2.33,100,133,A,1.5,2
2026-07-10,2026-07-10T13:51:18,台灣運彩,823278,3477514.1,138,2026-07-11T09:40:00+08:00,多倫多藍鳥,聖地牙哥教士,多倫多藍鳥 @ 聖地牙哥教士,51439978.1,358,讓分 -2.5,252827785.1,聖地牙哥教士 -2.5,H,-2.5,2.85,20,37,H,-2.5,1
2026-07-10,2026-07-10T13:51:18,台灣運彩,823278,3477514.1,138,2026-07-11T09:40:00+08:00,多倫多藍鳥,聖地牙哥教士,多倫多藍鳥 @ 聖地牙哥教士,51439978.1,358,讓分 -2.5,252827786.1,多倫多藍鳥 +2.5,A,-2.5,1.25,4,1,A,-2.5,2
2026-07-10,2026-07-10T13:51:18,台灣運彩,823278,3477514.1,138,2026-07-11T09:40:00+08:00,多倫多藍鳥,聖地牙哥教士,多倫多藍鳥 @ 聖地牙哥教士,51439980.1,358,讓分 -1.5,252827789.1,聖地牙哥教士 -1.5,H,-1.5,2.30,10,13,H,-1.5,1
2026-07-10,2026-07-10T13:51:18,台灣運彩,823278,3477514.1,138,2026-07-11T09:40:00+08:00,多倫多藍鳥,聖地牙哥教士,多倫多藍鳥 @ 聖地牙哥教士,51439980.1,358,讓分 -1.5,252827790.1,多倫多藍鳥 +1.5,A,-1.5,1.40,5,2,A,-1.5,2
2026-07-10,2026-07-10T13:51:18,台灣運彩,823278,3477514.1,138,2026-07-11T09:40:00+08:00,多倫多藍鳥,聖地牙哥教士,多倫多藍鳥 @ 聖地牙哥教士,51439975.1,360,[總分]大小 8.5,252827780.1,大 8.5,A,8.5,1.92,25,23,A,8.5,
2026-07-10,2026-07-10T13:51:18,台灣運彩,823278,3477514.1,138,2026-07-11T09:40:00+08:00,多倫多藍鳥,聖地牙哥教士,多倫多藍鳥 @ 聖地牙哥教士,51439975.1,360,[總分]大小 8.5,252827779.1,小 8.5,H,8.5,1.58,50,29,H,8.5,
2026-07-10,2026-07-10T13:51:18,台灣運彩,823278,3477514.1,138,2026-07-11T09:40:00+08:00,多倫多藍鳥,聖地牙哥教士,多倫多藍鳥 @ 聖地牙哥教士,51439979.1,360,[總分]大小 7.5,252827788.1,大 7.5,A,7.5,1.68,25,17,A,7.5,
2026-07-10,2026-07-10T13:51:18,台灣運彩,823278,3477514.1,138,2026-07-11T09:40:00+08:00,多倫多藍鳥,聖地牙哥教士,多倫多藍鳥 @ 聖地牙哥教士,51439979.1,360,[總分]大小 7.5,252827787.1,小 7.5,H,7.5,1.82,50,41,H,7.5,
2026-07-10,2026-07-10T13:51:18,台灣運彩,823278,3477514.1,138,2026-07-11T09:40:00+08:00,多倫多藍鳥,聖地牙哥教士,多倫多藍鳥 @ 聖地牙哥教士,51440053.1,360,[總分]大小 6.5,252827957.1,大 6.5,A,6.5,1.40,5,2,A,6.5,
2026-07-10,2026-07-10T13:51:18,台灣運彩,823278,3477514.1,138,2026-07-11T09:40:00+08:00,多倫多藍鳥,聖地牙哥教士,多倫多藍鳥 @ 聖地牙哥教士,51440053.1,360,[總分]大小 6.5,252827956.1,小 6.5,H,6.5,2.30,10,13,H,6.5,
2026-07-10,2026-07-10T13:51:18,台灣運彩,823278,3477514.1,138,2026-07-11T09:40:00+08:00,多倫多藍鳥,聖地牙哥教士,多倫多藍鳥 @ 聖地牙哥教士,51439974.1,362,聖地牙哥教士 大小 3.5,252827778.1,大 3.5,A,3.5,1.65,20,13,A,3.5,
2026-07-10,2026-07-10T13:51:18,台灣運彩,823278,3477514.1,138,2026-07-11T09:40:00+08:00,多倫多藍鳥,聖地牙哥教士,多倫多藍鳥 @ 聖地牙哥教士,51439974.1,362,聖地牙哥教士 大小 3.5,252827777.1,小 3.5,H,3.5,1.78,50,39,H,3.5,
2026-07-10,2026-07-10T13:51:18,台灣運彩,823278,3477514.1,138,2026-07-11T09:40:00+08:00,多倫多藍鳥,聖地牙哥教士,多倫多藍鳥 @ 聖地牙哥教士,51439973.1,363,多倫多藍鳥 大小 3.5,252827776.1,大 3.5,A,3.5,1.65,20,13,A,3.5,
2026-07-10,2026-07-10T13:51:18,台灣運彩,823278,3477514.1,138,2026-07-11T09:40:00+08:00,多倫多藍鳥,聖地牙哥教士,多倫多藍鳥 @ 聖地牙哥教士,51439973.1,363,多倫多藍鳥 大小 3.5,252827775.1,小 3.5,H,3.5,1.78,50,39,H,3.5,
2026-07-10,2026-07-10T13:51:18,台灣運彩,823278,3477514.1,138,2026-07-11T09:40:00+08:00,多倫多藍鳥,聖地牙哥教士,多倫多藍鳥 @ 聖地牙哥教士,51439972.1,366,[總分]單雙,252827774.1,單,,,1.48,25,12,,,
2026-07-10,2026-07-10T13:51:18,台灣運彩,823278,3477514.1,138,2026-07-11T09:40:00+08:00,多倫多藍鳥,聖地牙哥教士,多倫多藍鳥 @ 聖地牙哥教士,51439972.1,366,[總分]單雙,252827773.1,雙,,,2.00,1,1,,,
2026-07-10,2026-07-10T13:51:18,台灣運彩,823278,3477514.1,138,2026-07-11T09:40:00+08:00,多倫多藍鳥,聖地牙哥教士,多倫多藍鳥 @ 聖地牙哥教士,51440316.1,374,得分最高單局(不含延長賽),252828567.1,一樣多,,,2.25,4,5,,,
2026-07-10,2026-07-10T13:51:18,台灣運彩,823278,3477514.1,138,2026-07-11T09:40:00+08:00,多倫多藍鳥,聖地牙哥教士,多倫多藍鳥 @ 聖地牙哥教士,51440316.1,374,得分最高單局(不含延長賽),252828558.1,第1局,,,4.95,20,79,,,
2026-07-10,2026-07-10T13:51:18,台灣運彩,823278,3477514.1,138,2026-07-11T09:40:00+08:00,多倫多藍鳥,聖地牙哥教士,多倫多藍鳥 @ 聖地牙哥教士,51440316.1,374,得分最高單局(不含延長賽),252828559.1,第2局,,,6.00,1,5,,,
2026-07-10,2026-07-10T13:51:18,台灣運彩,823278,3477514.1,138,2026-07-11T09:40:00+08:00,多倫多藍鳥,聖地牙哥教士,多倫多藍鳥 @ 聖地牙哥教士,51440316.1,374,得分最高單局(不含延長賽),252828560.1,第3局,,,5.20,5,21,,,
2026-07-10,2026-07-10T13:51:18,台灣運彩,823278,3477514.1,138,2026-07-11T09:40:00+08:00,多倫多藍鳥,聖地牙哥教士,多倫多藍鳥 @ 聖地牙哥教士,51440316.1,374,得分最高單局(不含延長賽),252828561.1,第4局,,,5.65,20,93,,,
2026-07-10,2026-07-10T13:51:18,台灣運彩,823278,3477514.1,138,2026-07-11T09:40:00+08:00,多倫多藍鳥,聖地牙哥教士,多倫多藍鳥 @ 聖地牙哥教士,51440316.1,374,得分最高單局(不含延長賽),252828562.1,第5局,,,5.40,5,22,,,
2026-07-10,2026-07-10T13:51:18,台灣運彩,823278,3477514.1,138,2026-07-11T09:40:00+08:00,多倫多藍鳥,聖地牙哥教士,多倫多藍鳥 @ 聖地牙哥教士,51440316.1,374,得分最高單局(不含延長賽),252828563.1,第6局,,,7.00,1,6,,,
2026-07-10,2026-07-10T13:51:18,台灣運彩,823278,3477514.1,138,2026-07-11T09:40:00+08:00,多倫多藍鳥,聖地牙哥教士,多倫多藍鳥 @ 聖地牙哥教士,51440316.1,374,得分最高單局(不含延長賽),252828564.1,第7局,,,7.25,4,25,,,
2026-07-10,2026-07-10T13:51:18,台灣運彩,823278,3477514.1,138,2026-07-11T09:40:00+08:00,多倫多藍鳥,聖地牙哥教士,多倫多藍鳥 @ 聖地牙哥教士,51440316.1,374,得分最高單局(不含延長賽),252828565.1,第8局,,,6.50,2,11,,,
2026-07-10,2026-07-10T13:51:18,台灣運彩,823278,3477514.1,138,2026-07-11T09:40:00+08:00,多倫多藍鳥,聖地牙哥教士,多倫多藍鳥 @ 聖地牙哥教士,51440316.1,374,得分最高單局(不含延長賽),252828566.1,第9局,,,8.00,1,7,,,
2026-07-10,2026-07-10T13:51:18,台灣運彩,823278,3477514.1,138,2026-07-11T09:40:00+08:00,多倫多藍鳥,聖地牙哥教士,多倫多藍鳥 @ 聖地牙哥教士,51440315.1,376,[1-5局] 不讓分,252828555.1,聖地牙哥教士,H,,1.80,5,4,H,,1
2026-07-10,2026-07-10T13:51:18,台灣運彩,823278,3477514.1,138,2026-07-11T09:40:00+08:00,多倫多藍鳥,聖地牙哥教士,多倫多藍鳥 @ 聖地牙哥教士,51440315.1,376,[1-5局] 不讓分,252828557.1,多倫多藍鳥,A,,1.90,10,9,A,,2
2026-07-10,2026-07-10T13:51:18,台灣運彩,823278,3477514.1,138,2026-07-11T09:40:00+08:00,多倫多藍鳥,聖地牙哥教士,多倫多藍鳥 @ 聖地牙哥教士,51440315.1,376,[1-5局] 不讓分,252828556.1,和局,D,,4.65,20,73,D,,
2026-07-10,2026-07-10T13:51:18,台灣運彩,823278,3477514.1,138,2026-07-11T09:40:00+08:00,多倫多藍鳥,聖地牙哥教士,多倫多藍鳥 @ 聖地牙哥教士,51440310.1,378,[1-5局] 大小 4.5,252828545.1,大 4.5,A,4.5,1.68,25,17,A,4.5,
2026-07-10,2026-07-10T13:51:18,台灣運彩,823278,3477514.1,138,2026-07-11T09:40:00+08:00,多倫多藍鳥,聖地牙哥教士,多倫多藍鳥 @ 聖地牙哥教士,51440310.1,378,[1-5局] 大小 4.5,252828544.1,小 4.5,H,4.5,1.65,20,13,H,4.5,
2026-07-10,2026-07-10T13:51:18,台灣運彩,823278,3477514.1,138,2026-07-11T09:40:00+08:00,多倫多藍鳥,聖地牙哥教士,多倫多藍鳥 @ 聖地牙哥教士,51440311.1,379,[1-5局] 聖地牙哥教士 大小 2.5,252828547.1,大 2.5,A,2.5,1.96,25,24,A,2.5,
2026-07-10,2026-07-10T13:51:18,台灣運彩,823278,3477514.1,138,2026-07-11T09:40:00+08:00,多倫多藍鳥,聖地牙哥教士,多倫多藍鳥 @ 聖地牙哥教士,51440311.1,379,[1-5局] 聖地牙哥教士 大小 2.5,252828546.1,小 2.5,H,2.5,1.50,2,1,H,2.5,
2026-07-10,2026-07-10T13:51:18,台灣運彩,823278,3477514.1,138,2026-07-11T09:40:00+08:00,多倫多藍鳥,聖地牙哥教士,多倫多藍鳥 @ 聖地牙哥教士,51440313.1,380,[1-5局] 多倫多藍鳥 大小 1.5,252828552.1,大 1.5,A,1.5,1.52,25,13,A,1.5,
2026-07-10,2026-07-10T13:51:18,台灣運彩,823278,3477514.1,138,2026-07-11T09:40:00+08:00,多倫多藍鳥,聖地牙哥教士,多倫多藍鳥 @ 聖地牙哥教士,51440313.1,380,[1-5局] 多倫多藍鳥 大小 1.5,252828551.1,小 1.5,H,1.5,1.94,50,47,H,1.5,
2026-07-10,2026-07-10T13:51:18,台灣運彩,823278,3477514.1,138,2026-07-11T09:40:00+08:00,多倫多藍鳥,聖地牙哥教士,多倫多藍鳥 @ 聖地牙哥教士,51440312.1,389,[第1局] 不讓分,252828548.1,聖地牙哥教士,H,,3.00,1,2,H,,1
2026-07-10,2026-07-10T13:51:18,台灣運彩,823278,3477514.1,138,2026-07-11T09:40:00+08:00,多倫多藍鳥,聖地牙哥教士,多倫多藍鳥 @ 聖地牙哥教士,51440312.1,389,[第1局] 不讓分,252828550.1,多倫多藍鳥,A,,3.20,5,11,A,,2
2026-07-10,2026-07-10T13:51:18,台灣運彩,823278,3477514.1,138,2026-07-11T09:40:00+08:00,多倫多藍鳥,聖地牙哥教士,多倫多藍鳥 @ 聖地牙哥教士,51440312.1,389,[第1局] 不讓分,252828549.1,和局,D,,1.55,20,11,D,,
2026-07-10,2026-07-10T13:51:18,台灣運彩,823278,3477514.1,138,2026-07-11T09:40:00+08:00,多倫多藍鳥,聖地牙哥教士,多倫多藍鳥 @ 聖地牙哥教士,51440314.1,398,[第1局] 大小 0.5,252828554.1,大 0.5,A,0.5,1.70,10,7,A,0.5,
2026-07-10,2026-07-10T13:51:18,台灣運彩,823278,3477514.1,138,2026-07-11T09:40:00+08:00,多倫多藍鳥,聖地牙哥教士,多倫多藍鳥 @ 聖地牙哥教士,51440314.1,398,[第1局] 大小 0.5,252828553.1,小 0.5,H,0.5,1.63,100,63,H,0.5,
2026-07-10,2026-07-10T13:51:18,台灣運彩,823927,3477516.1,139,2026-07-11T10:10:00+08:00,亞利桑那響尾蛇,洛杉磯道奇,亞利桑那響尾蛇 @ 洛杉磯道奇,51440071.1,354,不讓分,252827992.1,洛杉磯道奇,H,,1.22,50,11,H,,1
2026-07-10,2026-07-10T13:51:18,台灣運彩,823927,3477516.1,139,2026-07-11T10:10:00+08:00,亞利桑那響尾蛇,洛杉磯道奇,亞利桑那響尾蛇 @ 洛杉磯道奇,51440071.1,354,不讓分,252827993.1,亞歷桑那響尾蛇,A,,3.00,1,2,A,,2
2026-07-10,2026-07-10T13:51:18,台灣運彩,823927,3477516.1,139,2026-07-11T10:10:00+08:00,亞利桑那響尾蛇,洛杉磯道奇,亞利桑那響尾蛇 @ 洛杉磯道奇,51440082.1,357,勝分差,252828019.1,亞歷桑那響尾蛇 1 分,A,,7.00,1,6,A,,
2026-07-10,2026-07-10T13:51:18,台灣運彩,823927,3477516.1,139,2026-07-11T10:10:00+08:00,亞利桑那響尾蛇,洛杉磯道奇,亞利桑那響尾蛇 @ 洛杉磯道奇,51440082.1,357,勝分差,252828020.1,亞歷桑那響尾蛇 2 分,A,,10.00,1,9,A,,
2026-07-10,2026-07-10T13:51:18,台灣運彩,823927,3477516.1,139,2026-07-11T10:10:00+08:00,亞利桑那響尾蛇,洛杉磯道奇,亞利桑那響尾蛇 @ 洛杉磯道奇,51440082.1,357,勝分差,252828021.1,亞歷桑那響尾蛇 > 2分,A,,5.55,20,91,A,,
2026-07-10,2026-07-10T13:51:18,台灣運彩,823927,3477516.1,139,2026-07-11T10:10:00+08:00,亞利桑那響尾蛇,洛杉磯道奇,亞利桑那響尾蛇 @ 洛杉磯道奇,51440082.1,357,勝分差,252828016.1,洛杉磯道奇 1 分,H,,3.95,20,59,H,,
2026-07-10,2026-07-10T13:51:18,台灣運彩,823927,3477516.1,139,2026-07-11T10:10:00+08:00,亞利桑那響尾蛇,洛杉磯道奇,亞利桑那響尾蛇 @ 洛杉磯道奇,51440082.1,357,勝分差,252828017.1,洛杉磯道奇 2 分,H,,5.95,20,99,H,,
2026-07-10,2026-07-10T13:51:18,台灣運彩,823927,3477516.1,139,2026-07-11T10:10:00+08:00,亞利桑那響尾蛇,洛杉磯道奇,亞利桑那響尾蛇 @ 洛杉磯道奇,51440082.1,357,勝分差,252828018.1,洛杉磯道奇 > 2分,H,,1.60,5,3,H,,
2026-07-10,2026-07-10T13:51:18,台灣運彩,823927,3477516.1,139,2026-07-11T10:10:00+08:00,亞利桑那響尾蛇,洛杉磯道奇,亞利桑那響尾蛇 @ 洛杉磯道奇,51440077.1,358,讓分 -2.5,252828005.1,洛杉磯道奇 -2.5,H,-2.5,1.82,50,41,H,-2.5,1
2026-07-10,2026-07-10T13:51:18,台灣運彩,823927,3477516.1,139,2026-07-11T10:10:00+08:00,亞利桑那響尾蛇,洛杉磯道奇,亞利桑那響尾蛇 @ 洛杉磯道奇,51440077.1,358,讓分 -2.5,252828006.1,亞歷桑那響尾蛇 +2.5,A,-2.5,1.68,25,17,A,-2.5,2
2026-07-10,2026-07-10T13:51:18,台灣運彩,823927,3477516.1,139,2026-07-11T10:10:00+08:00,亞利桑那響尾蛇,洛杉磯道奇,亞利桑那響尾蛇 @ 洛杉磯道奇,51440081.1,358,讓分 -1.5,252828014.1,洛杉磯道奇 -1.5,H,-1.5,1.50,2,1,H,-1.5,1
2026-07-10,2026-07-10T13:51:18,台灣運彩,823927,3477516.1,139,2026-07-11T10:10:00+08:00,亞利桑那響尾蛇,洛杉磯道奇,亞利桑那響尾蛇 @ 洛杉磯道奇,51440081.1,358,讓分 -1.5,252828015.1,亞歷桑那響尾蛇 +1.5,A,-1.5,2.00,1,1,A,-1.5,2
2026-07-10,2026-07-10T13:51:18,台灣運彩,823927,3477516.1,139,2026-07-11T10:10:00+08:00,亞利桑那響尾蛇,洛杉磯道奇,亞利桑那響尾蛇 @ 洛杉磯道奇,51440075.1,360,[總分]大小 8.5,252828002.1,大 8.5,A,8.5,1.72,25,18,A,8.5,
2026-07-10,2026-07-10T13:51:18,台灣運彩,823927,3477516.1,139,2026-07-11T10:10:00+08:00,亞利桑那響尾蛇,洛杉磯道奇,亞利桑那響尾蛇 @ 洛杉磯道奇,51440075.1,360,[總分]大小 8.5,252828001.1,小 8.5,H,8.5,1.78,50,39,H,8.5,
2026-07-10,2026-07-10T13:51:18,台灣運彩,823927,3477516.1,139,2026-07-11T10:10:00+08:00,亞利桑那響尾蛇,洛杉磯道奇,亞利桑那響尾蛇 @ 洛杉磯道奇,51440080.1,360,[總分]大小 7.5,252828013.1,大 7.5,A,7.5,1.50,2,1,A,7.5,
2026-07-10,2026-07-10T13:51:18,台灣運彩,823927,3477516.1,139,2026-07-11T10:10:00+08:00,亞利桑那響尾蛇,洛杉磯道奇,亞利桑那響尾蛇 @ 洛杉磯道奇,51440080.1,360,[總分]大小 7.5,252828012.1,小 7.5,H,7.5,2.00,1,1,H,7.5,
2026-07-10,2026-07-10T13:51:18,台灣運彩,823927,3477516.1,139,2026-07-11T10:10:00+08:00,亞利桑那響尾蛇,洛杉磯道奇,亞利桑那響尾蛇 @ 洛杉磯道奇,51440087.1,360,[總分]大小 9.5,252828039.1,大 9.5,A,9.5,2.05,20,21,A,9.5,
2026-07-10,2026-07-10T13:51:18,台灣運彩,823927,3477516.1,139,2026-07-11T10:10:00+08:00,亞利桑那響尾蛇,洛杉磯道奇,亞利桑那響尾蛇 @ 洛杉磯道奇,51440087.1,360,[總分]大小 9.5,252828038.1,小 9.5,H,9.5,1.48,25,12,H,9.5,
2026-07-10,2026-07-10T13:51:18,台灣運彩,823927,3477516.1,139,2026-07-11T10:10:00+08:00,亞利桑那響尾蛇,洛杉磯道奇,亞利桑那響尾蛇 @ 洛杉磯道奇,51440086.1,362,洛杉磯道奇 大小 4.5,252828037.1,大 4.5,A,4.5,1.55,20,11,A,4.5,
2026-07-10,2026-07-10T13:51:18,台灣運彩,823927,3477516.1,139,2026-07-11T10:10:00+08:00,亞利桑那響尾蛇,洛杉磯道奇,亞利桑那響尾蛇 @ 洛杉磯道奇,51440086.1,362,洛杉磯道奇 大小 4.5,252828036.1,小 4.5,H,4.5,1.90,10,9,H,4.5,
2026-07-10,2026-07-10T13:51:18,台灣運彩,823927,3477516.1,139,2026-07-11T10:10:00+08:00,亞利桑那響尾蛇,洛杉磯道奇,亞利桑那響尾蛇 @ 洛杉磯道奇,51440152.1,362,洛杉磯道奇 大小 5.5,252828184.1,大 5.5,A,5.5,1.78,50,39,A,5.5,
2026-07-10,2026-07-10T13:51:18,台灣運彩,823927,3477516.1,139,2026-07-11T10:10:00+08:00,亞利桑那響尾蛇,洛杉磯道奇,亞利桑那響尾蛇 @ 洛杉磯道奇,51440152.1,362,洛杉磯道奇 大小 5.5,252828183.1,小 5.5,H,5.5,1.65,20,13,H,5.5,
2026-07-10,2026-07-10T13:51:18,台灣運彩,823927,3477516.1,139,2026-07-11T10:10:00+08:00,亞利桑那響尾蛇,洛杉磯道奇,亞利桑那響尾蛇 @ 洛杉磯道奇,51440072.1,363,亞歷桑那響尾蛇 大小 3.5,252827995.1,大 3.5,A,3.5,1.86,50,43,A,3.5,
2026-07-10,2026-07-10T13:51:18,台灣運彩,823927,3477516.1,139,2026-07-11T10:10:00+08:00,亞利桑那響尾蛇,洛杉磯道奇,亞利桑那響尾蛇 @ 洛杉磯道奇,51440072.1,363,亞歷桑那響尾蛇 大小 3.5,252827994.1,小 3.5,H,3.5,1.58,50,29,H,3.5,
2026-07-10,2026-07-10T13:51:18,台灣運彩,823927,3477516.1,139,2026-07-11T10:10:00+08:00,亞利桑那響尾蛇,洛杉磯道奇,亞利桑那響尾蛇 @ 洛杉磯道奇,51440307.1,363,亞歷桑那響尾蛇 大小 2.5,252828538.1,大 2.5,A,2.5,1.65,20,13,A,2.5,
2026-07-10,2026-07-10T13:51:18,台灣運彩,823927,3477516.1,139,2026-07-11T10:10:00+08:00,亞利桑那響尾蛇,洛杉磯道奇,亞利桑那響尾蛇 @ 洛杉磯道奇,51440307.1,363,亞歷桑那響尾蛇 大小 2.5,252828537.1,小 2.5,H,2.5,1.78,50,39,H,2.5,
2026-07-10,2026-07-10T13:51:18,台灣運彩,823927,3477516.1,139,2026-07-11T10:10:00+08:00,亞利桑那響尾蛇,洛杉磯道奇,亞利桑那響尾蛇 @ 洛杉磯道奇,51440084.1,366,[總分]單雙,252828033.1,單,,,1.50,2,1,,,
2026-07-10,2026-07-10T13:51:18,台灣運彩,823927,3477516.1,139,2026-07-11T10:10:00+08:00,亞利桑那響尾蛇,洛杉磯道奇,亞利桑那響尾蛇 @ 洛杉磯道奇,51440084.1,366,[總分]單雙,252828032.1,雙,,,1.96,25,24,,,
2026-07-10,2026-07-10T13:51:18,台灣運彩,823927,3477516.1,139,2026-07-11T10:10:00+08:00,亞利桑那響尾蛇,洛杉磯道奇,亞利桑那響尾蛇 @ 洛杉磯道奇,51440083.1,374,得分最高單局(不含延長賽),252828031.1,一樣多,,,2.25,4,5,,,
2026-07-10,2026-07-10T13:51:18,台灣運彩,823927,3477516.1,139,2026-07-11T10:10:00+08:00,亞利桑那響尾蛇,洛杉磯道奇,亞利桑那響尾蛇 @ 洛杉磯道奇,51440083.1,374,得分最高單局(不含延長賽),252828022.1,第1局,,,5.40,5,22,,,
2026-07-10,2026-07-10T13:51:18,台灣運彩,823927,3477516.1,139,2026-07-11T10:10:00+08:00,亞利桑那響尾蛇,洛杉磯道奇,亞利桑那響尾蛇 @ 洛杉磯道奇,51440083.1,374,得分最高單局(不含延長賽),252828023.1,第2局,,,6.50,2,11,,,
2026-07-10,2026-07-10T13:51:18,台灣運彩,823927,3477516.1,139,2026-07-11T10:10:00+08:00,亞利桑那響尾蛇,洛杉磯道奇,亞利桑那響尾蛇 @ 洛杉磯道奇,51440083.1,374,得分最高單局(不含延長賽),252828024.1,第3局,,,5.95,20,99,,,
2026-07-10,2026-07-10T13:51:18,台灣運彩,823927,3477516.1,139,2026-07-11T10:10:00+08:00,亞利桑那響尾蛇,洛杉磯道奇,亞利桑那響尾蛇 @ 洛杉磯道奇,51440083.1,374,得分最高單局(不含延長賽),252828025.1,第4局,,,5.90,10,49,,,
2026-07-10,2026-07-10T13:51:18,台灣運彩,823927,3477516.1,139,2026-07-11T10:10:00+08:00,亞利桑那響尾蛇,洛杉磯道奇,亞利桑那響尾蛇 @ 洛杉磯道奇,51440083.1,374,得分最高單局(不含延長賽),252828026.1,第5局,,,5.95,20,99,,,
2026-07-10,2026-07-10T13:51:18,台灣運彩,823927,3477516.1,139,2026-07-11T10:10:00+08:00,亞利桑那響尾蛇,洛杉磯道奇,亞利桑那響尾蛇 @ 洛杉磯道奇,51440083.1,374,得分最高單局(不含延長賽),252828027.1,第6局,,,5.50,2,9,,,
2026-07-10,2026-07-10T13:51:18,台灣運彩,823927,3477516.1,139,2026-07-11T10:10:00+08:00,亞利桑那響尾蛇,洛杉磯道奇,亞利桑那響尾蛇 @ 洛杉磯道奇,51440083.1,374,得分最高單局(不含延長賽),252828028.1,第7局,,,5.80,5,24,,,
2026-07-10,2026-07-10T13:51:18,台灣運彩,823927,3477516.1,139,2026-07-11T10:10:00+08:00,亞利桑那響尾蛇,洛杉磯道奇,亞利桑那響尾蛇 @ 洛杉磯道奇,51440083.1,374,得分最高單局(不含延長賽),252828029.1,第8局,,,5.60,5,23,,,
2026-07-10,2026-07-10T13:51:18,台灣運彩,823927,3477516.1,139,2026-07-11T10:10:00+08:00,亞利桑那響尾蛇,洛杉磯道奇,亞利桑那響尾蛇 @ 洛杉磯道奇,51440083.1,374,得分最高單局(不含延長賽),252828030.1,第9局,,,8.00,1,7,,,
2026-07-10,2026-07-10T13:51:18,台灣運彩,823927,3477516.1,139,2026-07-11T10:10:00+08:00,亞利桑那響尾蛇,洛杉磯道奇,亞利桑那響尾蛇 @ 洛杉磯道奇,51440079.1,376,[1-5局] 不讓分,252828009.1,洛杉磯道奇,H,,1.30,10,3,H,,1
2026-07-10,2026-07-10T13:51:18,台灣運彩,823927,3477516.1,139,2026-07-11T10:10:00+08:00,亞利桑那響尾蛇,洛杉磯道奇,亞利桑那響尾蛇 @ 洛杉磯道奇,51440079.1,376,[1-5局] 不讓分,252828011.1,亞歷桑那響尾蛇,A,,3.00,1,2,A,,2
2026-07-10,2026-07-10T13:51:18,台灣運彩,823927,3477516.1,139,2026-07-11T10:10:00+08:00,亞利桑那響尾蛇,洛杉磯道奇,亞利桑那響尾蛇 @ 洛杉磯道奇,51440079.1,376,[1-5局] 不讓分,252828010.1,和局,D,,4.85,20,77,D,,
2026-07-10,2026-07-10T13:51:18,台灣運彩,823927,3477516.1,139,2026-07-11T10:10:00+08:00,亞利桑那響尾蛇,洛杉磯道奇,亞利桑那響尾蛇 @ 洛杉磯道奇,51440088.1,378,[1-5局] 大小 4.5,252828041.1,大 4.5,A,4.5,1.63,100,63,A,4.5,
2026-07-10,2026-07-10T13:51:18,台灣運彩,823927,3477516.1,139,2026-07-11T10:10:00+08:00,亞利桑那響尾蛇,洛杉磯道奇,亞利桑那響尾蛇 @ 洛杉磯道奇,51440088.1,378,[1-5局] 大小 4.5,252828040.1,小 4.5,H,4.5,1.70,10,7,H,4.5,
2026-07-10,2026-07-10T13:51:18,台灣運彩,823927,3477516.1,139,2026-07-11T10:10:00+08:00,亞利桑那響尾蛇,洛杉磯道奇,亞利桑那響尾蛇 @ 洛杉磯道奇,51440073.1,379,[1-5局] 洛杉磯道奇 大小 2.5,252827997.1,大 2.5,A,2.5,1.53,100,53,A,2.5,
2026-07-10,2026-07-10T13:51:18,台灣運彩,823927,3477516.1,139,2026-07-11T10:10:00+08:00,亞利桑那響尾蛇,洛杉磯道奇,亞利桑那響尾蛇 @ 洛杉磯道奇,51440073.1,379,[1-5局] 洛杉磯道奇 大小 2.5,252827996.1,小 2.5,H,2.5,1.93,100,93,H,2.5,
2026-07-10,2026-07-10T13:51:18,台灣運彩,823927,3477516.1,139,2026-07-11T10:10:00+08:00,亞利桑那響尾蛇,洛杉磯道奇,亞利桑那響尾蛇 @ 洛杉磯道奇,51440078.1,380,[1-5局] 亞歷桑那響尾蛇 大小 1.5,252828008.1,大 1.5,A,1.5,2.05,20,21,A,1.5,
2026-07-10,2026-07-10T13:51:18,台灣運彩,823927,3477516.1,139,2026-07-11T10:10:00+08:00,亞利桑那響尾蛇,洛杉磯道奇,亞利桑那響尾蛇 @ 洛杉磯道奇,51440078.1,380,[1-5局] 亞歷桑那響尾蛇 大小 1.5,252828007.1,小 1.5,H,1.5,1.46,50,23,H,1.5,
2026-07-10,2026-07-10T13:51:18,台灣運彩,823927,3477516.1,139,2026-07-11T10:10:00+08:00,亞利桑那響尾蛇,洛杉磯道奇,亞利桑那響尾蛇 @ 洛杉磯道奇,51440074.1,389,[第1局] 不讓分,252827998.1,洛杉磯道奇,H,,2.20,5,6,H,,1
2026-07-10,2026-07-10T13:51:18,台灣運彩,823927,3477516.1,139,2026-07-11T10:10:00+08:00,亞利桑那響尾蛇,洛杉磯道奇,亞利桑那響尾蛇 @ 洛杉磯道奇,51440074.1,389,[第1局] 不讓分,252828000.1,亞歷桑那響尾蛇,A,,4.85,20,77,A,,2
2026-07-10,2026-07-10T13:51:18,台灣運彩,823927,3477516.1,139,2026-07-11T10:10:00+08:00,亞利桑那響尾蛇,洛杉磯道奇,亞利桑那響尾蛇 @ 洛杉磯道奇,51440074.1,389,[第1局] 不讓分,252827999.1,和局,D,,1.55,20,11,D,,
2026-07-10,2026-07-10T13:51:18,台灣運彩,823927,3477516.1,139,2026-07-11T10:10:00+08:00,亞利桑那響尾蛇,洛杉磯道奇,亞利桑那響尾蛇 @ 洛杉磯道奇,51440085.1,398,[第1局] 大小 0.5,252828035.1,大 0.5,A,0.5,1.65,20,13,A,0.5,
2026-07-10,2026-07-10T13:51:18,台灣運彩,823927,3477516.1,139,2026-07-11T10:10:00+08:00,亞利桑那響尾蛇,洛杉磯道奇,亞利桑那響尾蛇 @ 洛杉磯道奇,51440085.1,398,[第1局] 大小 0.5,252828034.1,小 0.5,H,0.5,1.68,25,17,H,0.5,
2026-07-10,2026-07-10T13:51:18,台灣運彩,823200,3477517.1,140,2026-07-11T10:15:00+08:00,科羅拉多洛磯,舊金山巨人,科羅拉多洛磯 @ 舊金山巨人,51440108.1,354,不讓分,252828081.1,舊金山巨人,H,,1.45,20,9,H,,1
2026-07-10,2026-07-10T13:51:18,台灣運彩,823200,3477517.1,140,2026-07-11T10:15:00+08:00,科羅拉多洛磯,舊金山巨人,科羅拉多洛磯 @ 舊金山巨人,51440108.1,354,不讓分,252828082.1,科羅拉多落磯,A,,2.10,10,11,A,,2
2026-07-10,2026-07-10T13:51:18,台灣運彩,823200,3477517.1,140,2026-07-11T10:15:00+08:00,科羅拉多洛磯,舊金山巨人,科羅拉多洛磯 @ 舊金山巨人,51440126.1,357,勝分差,252828122.1,科羅拉多落磯 1 分,A,,5.95,20,99,A,,
2026-07-10,2026-07-10T13:51:18,台灣運彩,823200,3477517.1,140,2026-07-11T10:15:00+08:00,科羅拉多洛磯,舊金山巨人,科羅拉多洛磯 @ 舊金山巨人,51440126.1,357,勝分差,252828123.1,科羅拉多落磯 2 分,A,,8.25,4,29,A,,
2026-07-10,2026-07-10T13:51:18,台灣運彩,823200,3477517.1,140,2026-07-11T10:15:00+08:00,科羅拉多洛磯,舊金山巨人,科羅拉多洛磯 @ 舊金山巨人,51440126.1,357,勝分差,252828124.1,科羅拉多落磯 > 2分,A,,3.30,10,23,A,,
2026-07-10,2026-07-10T13:51:18,台灣運彩,823200,3477517.1,140,2026-07-11T10:15:00+08:00,科羅拉多洛磯,舊金山巨人,科羅拉多洛磯 @ 舊金山巨人,51440126.1,357,勝分差,252828119.1,舊金山巨人 1 分,H,,3.95,20,59,H,,
2026-07-10,2026-07-10T13:51:18,台灣運彩,823200,3477517.1,140,2026-07-11T10:15:00+08:00,科羅拉多洛磯,舊金山巨人,科羅拉多洛磯 @ 舊金山巨人,51440126.1,357,勝分差,252828120.1,舊金山巨人 2 分,H,,6.50,2,11,H,,
2026-07-10,2026-07-10T13:51:18,台灣運彩,823200,3477517.1,140,2026-07-11T10:15:00+08:00,科羅拉多洛磯,舊金山巨人,科羅拉多洛磯 @ 舊金山巨人,51440126.1,357,勝分差,252828121.1,舊金山巨人 > 2分,H,,2.20,5,6,H,,
2026-07-10,2026-07-10T13:51:18,台灣運彩,823200,3477517.1,140,2026-07-11T10:15:00+08:00,科羅拉多洛磯,舊金山巨人,科羅拉多洛磯 @ 舊金山巨人,51440109.1,358,讓分 -2.5,252828083.1,舊金山巨人 -2.5,H,-2.5,2.33,100,133,H,-2.5,1
2026-07-10,2026-07-10T13:51:18,台灣運彩,823200,3477517.1,140,2026-07-11T10:15:00+08:00,科羅拉多洛磯,舊金山巨人,科羅拉多洛磯 @ 舊金山巨人,51440109.1,358,讓分 -2.5,252828084.1,科羅拉多落磯 +2.5,A,-2.5,1.38,50,19,A,-2.5,2
2026-07-10,2026-07-10T13:51:18,台灣運彩,823200,3477517.1,140,2026-07-11T10:15:00+08:00,科羅拉多洛磯,舊金山巨人,科羅拉多洛磯 @ 舊金山巨人,51440115.1,358,讓分 -1.5,252828095.1,舊金山巨人 -1.5,H,-1.5,1.90,10,9,H,-1.5,1
2026-07-10,2026-07-10T13:51:18,台灣運彩,823200,3477517.1,140,2026-07-11T10:15:00+08:00,科羅拉多洛磯,舊金山巨人,科羅拉多洛磯 @ 舊金山巨人,51440115.1,358,讓分 -1.5,252828097.1,科羅拉多落磯 +1.5,A,-1.5,1.60,5,3,A,-1.5,2
2026-07-10,2026-07-10T13:51:18,台灣運彩,823200,3477517.1,140,2026-07-11T10:15:00+08:00,科羅拉多洛磯,舊金山巨人,科羅拉多洛磯 @ 舊金山巨人,51440106.1,360,[總分]大小 9.5,252828078.1,大 9.5,A,9.5,2.10,10,11,A,9.5,
2026-07-10,2026-07-10T13:51:18,台灣運彩,823200,3477517.1,140,2026-07-11T10:15:00+08:00,科羅拉多洛磯,舊金山巨人,科羅拉多洛磯 @ 舊金山巨人,51440106.1,360,[總分]大小 9.5,252828077.1,小 9.5,H,9.5,1.45,20,9,H,9.5,
2026-07-10,2026-07-10T13:51:18,台灣運彩,823200,3477517.1,140,2026-07-11T10:15:00+08:00,科羅拉多洛磯,舊金山巨人,科羅拉多洛磯 @ 舊金山巨人,51440120.1,360,[總分]大小 8.5,252828108.1,大 8.5,A,8.5,1.76,25,19,A,8.5,
2026-07-10,2026-07-10T13:51:18,台灣運彩,823200,3477517.1,140,2026-07-11T10:15:00+08:00,科羅拉多洛磯,舊金山巨人,科羅拉多洛磯 @ 舊金山巨人,51440120.1,360,[總分]大小 8.5,252828107.1,小 8.5,H,8.5,1.74,50,37,H,8.5,
2026-07-10,2026-07-10T13:51:18,台灣運彩,823200,3477517.1,140,2026-07-11T10:15:00+08:00,科羅拉多洛磯,舊金山巨人,科羅拉多洛磯 @ 舊金山巨人,51440123.1,360,[總分]大小 7.5,252828114.1,大 7.5,A,7.5,1.53,100,53,A,7.5,
2026-07-10,2026-07-10T13:51:18,台灣運彩,823200,3477517.1,140,2026-07-11T10:15:00+08:00,科羅拉多洛磯,舊金山巨人,科羅拉多洛磯 @ 舊金山巨人,51440123.1,360,[總分]大小 7.5,252828113.1,小 7.5,H,7.5,1.97,100,97,H,7.5,
2026-07-10,2026-07-10T13:51:18,台灣運彩,823200,3477517.1,140,2026-07-11T10:15:00+08:00,科羅拉多洛磯,舊金山巨人,科羅拉多洛磯 @ 舊金山巨人,51440116.1,362,舊金山巨人 大小 4.5,252828100.1,大 4.5,A,4.5,1.75,4,3,A,4.5,
2026-07-10,2026-07-10T13:51:18,台灣運彩,823200,3477517.1,140,2026-07-11T10:15:00+08:00,科羅拉多洛磯,舊金山巨人,科羅拉多洛磯 @ 舊金山巨人,51440116.1,362,舊金山巨人 大小 4.5,252828098.1,小 4.5,H,4.5,1.68,25,17,H,4.5,
2026-07-10,2026-07-10T13:51:18,台灣運彩,823200,3477517.1,140,2026-07-11T10:15:00+08:00,科羅拉多洛磯,舊金山巨人,科羅拉多洛磯 @ 舊金山巨人,51440107.1,363,科羅拉多落磯 大小 3.5,252828080.1,大 3.5,A,3.5,1.73,100,73,A,3.5,
2026-07-10,2026-07-10T13:51:18,台灣運彩,823200,3477517.1,140,2026-07-11T10:15:00+08:00,科羅拉多洛磯,舊金山巨人,科羅拉多洛磯 @ 舊金山巨人,51440107.1,363,科羅拉多落磯 大小 3.5,252828079.1,小 3.5,H,3.5,1.70,10,7,H,3.5,
2026-07-10,2026-07-10T13:51:18,台灣運彩,823200,3477517.1,140,2026-07-11T10:15:00+08:00,科羅拉多洛磯,舊金山巨人,科羅拉多洛磯 @ 舊金山巨人,51440104.1,366,[總分]單雙,252828074.1,單,,,1.48,25,12,,,
2026-07-10,2026-07-10T13:51:18,台灣運彩,823200,3477517.1,140,2026-07-11T10:15:00+08:00,科羅拉多洛磯,舊金山巨人,科羅拉多洛磯 @ 舊金山巨人,51440104.1,366,[總分]單雙,252828073.1,雙,,,2.00,1,1,,,
2026-07-10,2026-07-10T13:51:18,台灣運彩,823200,3477517.1,140,2026-07-11T10:15:00+08:00,科羅拉多洛磯,舊金山巨人,科羅拉多洛磯 @ 舊金山巨人,51440128.1,374,得分最高單局(不含延長賽),252828136.1,一樣多,,,2.25,4,5,,,
2026-07-10,2026-07-10T13:51:18,台灣運彩,823200,3477517.1,140,2026-07-11T10:15:00+08:00,科羅拉多洛磯,舊金山巨人,科羅拉多洛磯 @ 舊金山巨人,51440128.1,374,得分最高單局(不含延長賽),252828127.1,第1局,,,5.40,5,22,,,
2026-07-10,2026-07-10T13:51:18,台灣運彩,823200,3477517.1,140,2026-07-11T10:15:00+08:00,科羅拉多洛磯,舊金山巨人,科羅拉多洛磯 @ 舊金山巨人,51440128.1,374,得分最高單局(不含延長賽),252828128.1,第2局,,,6.50,2,11,,,
2026-07-10,2026-07-10T13:51:18,台灣運彩,823200,3477517.1,140,2026-07-11T10:15:00+08:00,科羅拉多洛磯,舊金山巨人,科羅拉多洛磯 @ 舊金山巨人,51440128.1,374,得分最高單局(不含延長賽),252828129.1,第3局,,,5.65,20,93,,,
2026-07-10,2026-07-10T13:51:18,台灣運彩,823200,3477517.1,140,2026-07-11T10:15:00+08:00,科羅拉多洛磯,舊金山巨人,科羅拉多洛磯 @ 舊金山巨人,51440128.1,374,得分最高單局(不含延長賽),252828130.1,第4局,,,6.25,4,21,,,
2026-07-10,2026-07-10T13:51:18,台灣運彩,823200,3477517.1,140,2026-07-11T10:15:00+08:00,科羅拉多洛磯,舊金山巨人,科羅拉多洛磯 @ 舊金山巨人,51440128.1,374,得分最高單局(不含延長賽),252828131.1,第5局,,,5.85,20,97,,,
2026-07-10,2026-07-10T13:51:18,台灣運彩,823200,3477517.1,140,2026-07-11T10:15:00+08:00,科羅拉多洛磯,舊金山巨人,科羅拉多洛磯 @ 舊金山巨人,51440128.1,374,得分最高單局(不含延長賽),252828132.1,第6局,,,5.95,20,99,,,
2026-07-10,2026-07-10T13:51:18,台灣運彩,823200,3477517.1,140,2026-07-11T10:15:00+08:00,科羅拉多洛磯,舊金山巨人,科羅拉多洛磯 @ 舊金山巨人,51440128.1,374,得分最高單局(不含延長賽),252828133.1,第7局,,,6.00,1,5,,,
2026-07-10,2026-07-10T13:51:18,台灣運彩,823200,3477517.1,140,2026-07-11T10:15:00+08:00,科羅拉多洛磯,舊金山巨人,科羅拉多洛磯 @ 舊金山巨人,51440128.1,374,得分最高單局(不含延長賽),252828134.1,第8局,,,5.65,20,93,,,
2026-07-10,2026-07-10T13:51:18,台灣運彩,823200,3477517.1,140,2026-07-11T10:15:00+08:00,科羅拉多洛磯,舊金山巨人,科羅拉多洛磯 @ 舊金山巨人,51440128.1,374,得分最高單局(不含延長賽),252828135.1,第9局,,,8.00,1,7,,,
2026-07-10,2026-07-10T13:51:18,台灣運彩,823200,3477517.1,140,2026-07-11T10:15:00+08:00,科羅拉多洛磯,舊金山巨人,科羅拉多洛磯 @ 舊金山巨人,51440113.1,376,[1-5局] 不讓分,252828090.1,舊金山巨人,H,,1.60,5,3,H,,1
2026-07-10,2026-07-10T13:51:18,台灣運彩,823200,3477517.1,140,2026-07-11T10:15:00+08:00,科羅拉多洛磯,舊金山巨人,科羅拉多洛磯 @ 舊金山巨人,51440113.1,376,[1-5局] 不讓分,252828093.1,科羅拉多落磯,A,,2.20,5,6,A,,2
2026-07-10,2026-07-10T13:51:18,台灣運彩,823200,3477517.1,140,2026-07-11T10:15:00+08:00,科羅拉多洛磯,舊金山巨人,科羅拉多洛磯 @ 舊金山巨人,51440113.1,376,[1-5局] 不讓分,252828092.1,和局,D,,4.65,20,73,D,,
2026-07-10,2026-07-10T13:51:18,台灣運彩,823200,3477517.1,140,2026-07-11T10:15:00+08:00,科羅拉多洛磯,舊金山巨人,科羅拉多洛磯 @ 舊金山巨人,51440103.1,378,[1-5局] 大小 4.5,252828072.1,大 4.5,A,4.5,1.66,50,33,A,4.5,
2026-07-10,2026-07-10T13:51:18,台灣運彩,823200,3477517.1,140,2026-07-11T10:15:00+08:00,科羅拉多洛磯,舊金山巨人,科羅拉多洛磯 @ 舊金山巨人,51440103.1,378,[1-5局] 大小 4.5,252828071.1,小 4.5,H,4.5,1.66,50,33,H,4.5,
2026-07-10,2026-07-10T13:51:18,台灣運彩,823200,3477517.1,140,2026-07-11T10:15:00+08:00,科羅拉多洛磯,舊金山巨人,科羅拉多洛磯 @ 舊金山巨人,51440105.1,379,[1-5局] 舊金山巨人 大小 2.5,252828076.1,大 2.5,A,2.5,1.80,5,4,A,2.5,
2026-07-10,2026-07-10T13:51:18,台灣運彩,823200,3477517.1,140,2026-07-11T10:15:00+08:00,科羅拉多洛磯,舊金山巨人,科羅拉多洛磯 @ 舊金山巨人,51440105.1,379,[1-5局] 舊金山巨人 大小 2.5,252828075.1,小 2.5,H,2.5,1.63,100,63,H,2.5,
2026-07-10,2026-07-10T13:51:18,台灣運彩,823200,3477517.1,140,2026-07-11T10:15:00+08:00,科羅拉多洛磯,舊金山巨人,科羅拉多洛磯 @ 舊金山巨人,51440111.1,380,[1-5局] 科羅拉多落磯 大小 1.5,252828088.1,大 1.5,A,1.5,1.68,25,17,A,1.5,
2026-07-10,2026-07-10T13:51:18,台灣運彩,823200,3477517.1,140,2026-07-11T10:15:00+08:00,科羅拉多洛磯,舊金山巨人,科羅拉多洛磯 @ 舊金山巨人,51440111.1,380,[1-5局] 科羅拉多落磯 大小 1.5,252828087.1,小 1.5,H,1.5,1.75,4,3,H,1.5,
2026-07-10,2026-07-10T13:51:18,台灣運彩,823200,3477517.1,140,2026-07-11T10:15:00+08:00,科羅拉多洛磯,舊金山巨人,科羅拉多洛磯 @ 舊金山巨人,51440118.1,389,[第1局] 不讓分,252828102.1,舊金山巨人,H,,2.65,20,33,H,,1
2026-07-10,2026-07-10T13:51:18,台灣運彩,823200,3477517.1,140,2026-07-11T10:15:00+08:00,科羅拉多洛磯,舊金山巨人,科羅拉多洛磯 @ 舊金山巨人,51440118.1,389,[第1局] 不讓分,252828104.1,科羅拉多落磯,A,,3.70,10,27,A,,2
2026-07-10,2026-07-10T13:51:18,台灣運彩,823200,3477517.1,140,2026-07-11T10:15:00+08:00,科羅拉多洛磯,舊金山巨人,科羅拉多洛磯 @ 舊金山巨人,51440118.1,389,[第1局] 不讓分,252828103.1,和局,D,,1.55,20,11,D,,
2026-07-10,2026-07-10T13:51:18,台灣運彩,823200,3477517.1,140,2026-07-11T10:15:00+08:00,科羅拉多洛磯,舊金山巨人,科羅拉多洛磯 @ 舊金山巨人,51440110.1,398,[第1局] 大小 0.5,252828086.1,大 0.5,A,0.5,1.68,25,17,A,0.5,
2026-07-10,2026-07-10T13:51:18,台灣運彩,823200,3477517.1,140,2026-07-11T10:15:00+08:00,科羅拉多洛磯,舊金山巨人,科羅拉多洛磯 @ 舊金山巨人,51440110.1,398,[第1局] 大小 0.5,252828085.1,小 0.5,H,0.5,1.65,20,13,H,0.5,
