date,captured_at_tw,sportsbook,game_pk,official_event_id,event_no,kickoff_tw,away_zh,home_zh,matchup_zh,market_id,market_ti,market_name,selection_id,selection_name,selection_side,selection_line,odds_decimal,pd,pu,raw_v,raw_hv,raw_cn
2026-07-05,2026-07-05T13:50:59,台灣運彩,,3476914.1,111,2026-07-05T16:00:00+08:00,日本火腿鬥士,樂天金鷲,日本火腿鬥士 @ 樂天金鷲,51429324.1,354,不讓分,252796165.1,樂天金鷲,H,,1.96,25,24,H,,1
2026-07-05,2026-07-05T13:50:59,台灣運彩,,3476914.1,111,2026-07-05T16:00:00+08:00,日本火腿鬥士,樂天金鷲,日本火腿鬥士 @ 樂天金鷲,51429324.1,354,不讓分,252796166.1,日本火腿鬥士,A,,1.50,2,1,A,,2
2026-07-05,2026-07-05T13:50:59,台灣運彩,,3476914.1,111,2026-07-05T16:00:00+08:00,日本火腿鬥士,樂天金鷲,日本火腿鬥士 @ 樂天金鷲,51429330.1,358,讓分 1.5,252796178.1,樂天金鷲 +1.5,H,1.5,1.53,100,53,H,1.5,1
2026-07-05,2026-07-05T13:50:59,台灣運彩,,3476914.1,111,2026-07-05T16:00:00+08:00,日本火腿鬥士,樂天金鷲,日本火腿鬥士 @ 樂天金鷲,51429330.1,358,讓分 1.5,252796179.1,日本火腿鬥士 -1.5,A,1.5,1.93,100,93,A,1.5,2
2026-07-05,2026-07-05T13:50:59,台灣運彩,,3476914.1,111,2026-07-05T16:00:00+08:00,日本火腿鬥士,樂天金鷲,日本火腿鬥士 @ 樂天金鷲,51429326.1,360,[總分]大小 6.5,252796170.1,大 6.5,A,6.5,1.58,50,29,A,6.5,
2026-07-05,2026-07-05T13:50:59,台灣運彩,,3476914.1,111,2026-07-05T16:00:00+08:00,日本火腿鬥士,樂天金鷲,日本火腿鬥士 @ 樂天金鷲,51429326.1,360,[總分]大小 6.5,252796169.1,小 6.5,H,6.5,1.86,50,43,H,6.5,
2026-07-05,2026-07-05T13:50:59,台灣運彩,,3476914.1,111,2026-07-05T16:00:00+08:00,日本火腿鬥士,樂天金鷲,日本火腿鬥士 @ 樂天金鷲,51429329.1,362,樂天金鷲 大小 2.5,252796177.1,大 2.5,A,2.5,1.58,50,29,A,2.5,
2026-07-05,2026-07-05T13:50:59,台灣運彩,,3476914.1,111,2026-07-05T16:00:00+08:00,日本火腿鬥士,樂天金鷲,日本火腿鬥士 @ 樂天金鷲,51429329.1,362,樂天金鷲 大小 2.5,252796176.1,小 2.5,H,2.5,1.75,4,3,H,2.5,
2026-07-05,2026-07-05T13:50:59,台灣運彩,,3476914.1,111,2026-07-05T16:00:00+08:00,日本火腿鬥士,樂天金鷲,日本火腿鬥士 @ 樂天金鷲,51429325.1,363,日本火腿鬥士 大小 3.5,252796168.1,大 3.5,A,3.5,1.63,100,63,A,3.5,
2026-07-05,2026-07-05T13:50:59,台灣運彩,,3476914.1,111,2026-07-05T16:00:00+08:00,日本火腿鬥士,樂天金鷲,日本火腿鬥士 @ 樂天金鷲,51429325.1,363,日本火腿鬥士 大小 3.5,252796167.1,小 3.5,H,3.5,1.70,10,7,H,3.5,
2026-07-05,2026-07-05T13:50:59,台灣運彩,,3476914.1,111,2026-07-05T16:00:00+08:00,日本火腿鬥士,樂天金鷲,日本火腿鬥士 @ 樂天金鷲,51429328.1,366,[總分]單雙,252796175.1,單,,,1.50,2,1,,,
2026-07-05,2026-07-05T13:50:59,台灣運彩,,3476914.1,111,2026-07-05T16:00:00+08:00,日本火腿鬥士,樂天金鷲,日本火腿鬥士 @ 樂天金鷲,51429328.1,366,[總分]單雙,252796174.1,雙,,,1.96,25,24,,,
2026-07-05,2026-07-05T13:50:59,台灣運彩,,3476914.1,111,2026-07-05T16:00:00+08:00,日本火腿鬥士,樂天金鷲,日本火腿鬥士 @ 樂天金鷲,51429331.1,376,[1-5局] 不讓分,252796180.1,樂天金鷲,H,,2.20,5,6,H,,1
2026-07-05,2026-07-05T13:50:59,台灣運彩,,3476914.1,111,2026-07-05T16:00:00+08:00,日本火腿鬥士,樂天金鷲,日本火腿鬥士 @ 樂天金鷲,51429331.1,376,[1-5局] 不讓分,252796182.1,日本火腿鬥士,A,,1.70,10,7,A,,2
2026-07-05,2026-07-05T13:50:59,台灣運彩,,3476914.1,111,2026-07-05T16:00:00+08:00,日本火腿鬥士,樂天金鷲,日本火腿鬥士 @ 樂天金鷲,51429331.1,376,[1-5局] 不讓分,252796181.1,和局,D,,3.80,5,14,D,,
2026-07-05,2026-07-05T13:50:59,台灣運彩,,3476914.1,111,2026-07-05T16:00:00+08:00,日本火腿鬥士,樂天金鷲,日本火腿鬥士 @ 樂天金鷲,51429712.1,378,[1-5局] 大小 3.5,252797252.1,大 3.5,A,3.5,1.71,100,71,A,3.5,
2026-07-05,2026-07-05T13:50:59,台灣運彩,,3476914.1,111,2026-07-05T16:00:00+08:00,日本火腿鬥士,樂天金鷲,日本火腿鬥士 @ 樂天金鷲,51429712.1,378,[1-5局] 大小 3.5,252797251.1,小 3.5,H,3.5,1.62,50,31,H,3.5,
2026-07-05,2026-07-05T13:50:59,台灣運彩,,3476914.1,111,2026-07-05T16:00:00+08:00,日本火腿鬥士,樂天金鷲,日本火腿鬥士 @ 樂天金鷲,51429327.1,389,[第1局] 不讓分,252796171.1,樂天金鷲,H,,3.80,5,14,H,,1
2026-07-05,2026-07-05T13:50:59,台灣運彩,,3476914.1,111,2026-07-05T16:00:00+08:00,日本火腿鬥士,樂天金鷲,日本火腿鬥士 @ 樂天金鷲,51429327.1,389,[第1局] 不讓分,252796173.1,日本火腿鬥士,A,,3.15,20,43,A,,2
2026-07-05,2026-07-05T13:50:59,台灣運彩,,3476914.1,111,2026-07-05T16:00:00+08:00,日本火腿鬥士,樂天金鷲,日本火腿鬥士 @ 樂天金鷲,51429327.1,389,[第1局] 不讓分,252796172.1,和局,D,,1.40,5,2,D,,
2026-07-05,2026-07-05T13:50:59,台灣運彩,,3476956.1,143,2026-07-05T16:05:00+08:00,統一獅,台鋼雄鷹,統一獅 @ 台鋼雄鷹,51429838.1,354,不讓分,252797614.1,台鋼雄鷹,H,,1.43,100,43,H,,1
2026-07-05,2026-07-05T13:50:59,台灣運彩,,3476956.1,143,2026-07-05T16:05:00+08:00,統一獅,台鋼雄鷹,統一獅 @ 台鋼雄鷹,51429838.1,354,不讓分,252797615.1,統一獅,A,,2.10,10,11,A,,2
2026-07-05,2026-07-05T13:50:59,台灣運彩,,3476956.1,143,2026-07-05T16:05:00+08:00,統一獅,台鋼雄鷹,統一獅 @ 台鋼雄鷹,51429841.1,358,讓分 -1.5,252797620.1,台鋼雄鷹 -1.5,H,-1.5,1.94,50,47,H,-1.5,1
2026-07-05,2026-07-05T13:50:59,台灣運彩,,3476956.1,143,2026-07-05T16:05:00+08:00,統一獅,台鋼雄鷹,統一獅 @ 台鋼雄鷹,51429841.1,358,讓分 -1.5,252797621.1,統一獅 +1.5,A,-1.5,1.52,25,13,A,-1.5,2
2026-07-05,2026-07-05T13:50:59,台灣運彩,,3476956.1,143,2026-07-05T16:05:00+08:00,統一獅,台鋼雄鷹,統一獅 @ 台鋼雄鷹,51429840.1,360,[總分]大小 7.5,252797619.1,大 7.5,A,7.5,1.88,25,22,A,7.5,
2026-07-05,2026-07-05T13:50:59,台灣運彩,,3476956.1,143,2026-07-05T16:05:00+08:00,統一獅,台鋼雄鷹,統一獅 @ 台鋼雄鷹,51429840.1,360,[總分]大小 7.5,252797618.1,小 7.5,H,7.5,1.56,25,14,H,7.5,
2026-07-05,2026-07-05T13:50:59,台灣運彩,,3476956.1,143,2026-07-05T16:05:00+08:00,統一獅,台鋼雄鷹,統一獅 @ 台鋼雄鷹,51429839.1,366,[總分]單雙,252797617.1,單,,,1.50,2,1,,,
2026-07-05,2026-07-05T13:50:59,台灣運彩,,3476956.1,143,2026-07-05T16:05:00+08:00,統一獅,台鋼雄鷹,統一獅 @ 台鋼雄鷹,51429839.1,366,[總分]單雙,252797616.1,雙,,,1.96,25,24,,,
2026-07-05,2026-07-05T13:50:59,台灣運彩,,3476918.1,112,2026-07-05T17:00:00+08:00,橫濱海灣之星,養樂多燕子,橫濱海灣之星 @ 養樂多燕子,51429388.1,354,不讓分,252796392.1,養樂多燕子,H,,1.70,10,7,H,,1
2026-07-05,2026-07-05T13:50:59,台灣運彩,,3476918.1,112,2026-07-05T17:00:00+08:00,橫濱海灣之星,養樂多燕子,橫濱海灣之星 @ 養樂多燕子,51429388.1,354,不讓分,252796393.1,橫濱海灣之星,A,,1.73,100,73,A,,2
2026-07-05,2026-07-05T13:50:59,台灣運彩,,3476918.1,112,2026-07-05T17:00:00+08:00,橫濱海灣之星,養樂多燕子,橫濱海灣之星 @ 養樂多燕子,51430058.1,358,讓分 -1.5,252798217.1,養樂多燕子 -1.5,H,-1.5,2.28,25,32,H,-1.5,1
2026-07-05,2026-07-05T13:50:59,台灣運彩,,3476918.1,112,2026-07-05T17:00:00+08:00,橫濱海灣之星,養樂多燕子,橫濱海灣之星 @ 養樂多燕子,51430058.1,358,讓分 -1.5,252798218.1,橫濱海灣之星 +1.5,A,-1.5,1.36,25,9,A,-1.5,2
2026-07-05,2026-07-05T13:50:59,台灣運彩,,3476918.1,112,2026-07-05T17:00:00+08:00,橫濱海灣之星,養樂多燕子,橫濱海灣之星 @ 養樂多燕子,51429392.1,360,[總分]大小 6.5,252796401.1,大 6.5,A,6.5,1.70,10,7,A,6.5,
2026-07-05,2026-07-05T13:50:59,台灣運彩,,3476918.1,112,2026-07-05T17:00:00+08:00,橫濱海灣之星,養樂多燕子,橫濱海灣之星 @ 養樂多燕子,51429392.1,360,[總分]大小 6.5,252796400.1,小 6.5,H,6.5,1.73,100,73,H,6.5,
2026-07-05,2026-07-05T13:50:59,台灣運彩,,3476918.1,112,2026-07-05T17:00:00+08:00,橫濱海灣之星,養樂多燕子,橫濱海灣之星 @ 養樂多燕子,51429390.1,362,養樂多燕子 大小 2.5,252796397.1,大 2.5,A,2.5,1.48,25,12,A,2.5,
2026-07-05,2026-07-05T13:50:59,台灣運彩,,3476918.1,112,2026-07-05T17:00:00+08:00,橫濱海灣之星,養樂多燕子,橫濱海灣之星 @ 養樂多燕子,51429390.1,362,養樂多燕子 大小 2.5,252796396.1,小 2.5,H,2.5,1.90,10,9,H,2.5,
2026-07-05,2026-07-05T13:50:59,台灣運彩,,3476918.1,112,2026-07-05T17:00:00+08:00,橫濱海灣之星,養樂多燕子,橫濱海灣之星 @ 養樂多燕子,51429391.1,363,橫濱海灣之星 大小 3.5,252796399.1,大 3.5,A,3.5,1.90,10,9,A,3.5,
2026-07-05,2026-07-05T13:50:59,台灣運彩,,3476918.1,112,2026-07-05T17:00:00+08:00,橫濱海灣之星,養樂多燕子,橫濱海灣之星 @ 養樂多燕子,51429391.1,363,橫濱海灣之星 大小 3.5,252796398.1,小 3.5,H,3.5,1.48,25,12,H,3.5,
2026-07-05,2026-07-05T13:50:59,台灣運彩,,3476918.1,112,2026-07-05T17:00:00+08:00,橫濱海灣之星,養樂多燕子,橫濱海灣之星 @ 養樂多燕子,51429389.1,366,[總分]單雙,252796395.1,單,,,1.50,2,1,,,
2026-07-05,2026-07-05T13:50:59,台灣運彩,,3476918.1,112,2026-07-05T17:00:00+08:00,橫濱海灣之星,養樂多燕子,橫濱海灣之星 @ 養樂多燕子,51429389.1,366,[總分]單雙,252796394.1,雙,,,1.96,25,24,,,
2026-07-05,2026-07-05T13:50:59,台灣運彩,,3476918.1,112,2026-07-05T17:00:00+08:00,橫濱海灣之星,養樂多燕子,橫濱海灣之星 @ 養樂多燕子,51429393.1,376,[1-5局] 不讓分,252796402.1,養樂多燕子,H,,1.90,10,9,H,,1
2026-07-05,2026-07-05T13:50:59,台灣運彩,,3476918.1,112,2026-07-05T17:00:00+08:00,橫濱海灣之星,養樂多燕子,橫濱海灣之星 @ 養樂多燕子,51429393.1,376,[1-5局] 不讓分,252796404.1,橫濱海灣之星,A,,1.95,20,19,A,,2
2026-07-05,2026-07-05T13:50:59,台灣運彩,,3476918.1,112,2026-07-05T17:00:00+08:00,橫濱海灣之星,養樂多燕子,橫濱海灣之星 @ 養樂多燕子,51429393.1,376,[1-5局] 不讓分,252796403.1,和局,D,,3.85,20,57,D,,
2026-07-05,2026-07-05T13:50:59,台灣運彩,,3476918.1,112,2026-07-05T17:00:00+08:00,橫濱海灣之星,養樂多燕子,橫濱海灣之星 @ 養樂多燕子,51429708.1,378,[1-5局] 大小 3.5,252797243.1,大 3.5,A,3.5,1.71,100,71,A,3.5,
2026-07-05,2026-07-05T13:50:59,台灣運彩,,3476918.1,112,2026-07-05T17:00:00+08:00,橫濱海灣之星,養樂多燕子,橫濱海灣之星 @ 養樂多燕子,51429708.1,378,[1-5局] 大小 3.5,252797242.1,小 3.5,H,3.5,1.62,50,31,H,3.5,
2026-07-05,2026-07-05T13:50:59,台灣運彩,,3476918.1,112,2026-07-05T17:00:00+08:00,橫濱海灣之星,養樂多燕子,橫濱海灣之星 @ 養樂多燕子,51429394.1,389,[第1局] 不讓分,252796405.1,養樂多燕子,H,,3.30,10,23,H,,1
2026-07-05,2026-07-05T13:50:59,台灣運彩,,3476918.1,112,2026-07-05T17:00:00+08:00,橫濱海灣之星,養樂多燕子,橫濱海灣之星 @ 養樂多燕子,51429394.1,389,[第1局] 不讓分,252796407.1,橫濱海灣之星,A,,3.60,5,13,A,,2
2026-07-05,2026-07-05T13:50:59,台灣運彩,,3476918.1,112,2026-07-05T17:00:00+08:00,橫濱海灣之星,養樂多燕子,橫濱海灣之星 @ 養樂多燕子,51429394.1,389,[第1局] 不讓分,252796406.1,和局,D,,1.40,5,2,D,,
2026-07-05,2026-07-05T13:50:59,台灣運彩,,3476957.1,144,2026-07-05T17:00:00+08:00,樂天巨人,KT巫師,樂天巨人 @ KT巫師,51429863.1,354,不讓分,252797681.1,KT巫師,H,,1.46,50,23,H,,1
2026-07-05,2026-07-05T13:50:59,台灣運彩,,3476957.1,144,2026-07-05T17:00:00+08:00,樂天巨人,KT巫師,樂天巨人 @ KT巫師,51429863.1,354,不讓分,252797682.1,樂天巨人,A,,2.05,20,21,A,,2
2026-07-05,2026-07-05T13:50:59,台灣運彩,,3476957.1,144,2026-07-05T17:00:00+08:00,樂天巨人,KT巫師,樂天巨人 @ KT巫師,51429866.1,358,讓分 -1.5,252797687.1,KT巫師 -1.5,H,-1.5,1.90,10,9,H,-1.5,1
2026-07-05,2026-07-05T13:50:59,台灣運彩,,3476957.1,144,2026-07-05T17:00:00+08:00,樂天巨人,KT巫師,樂天巨人 @ KT巫師,51429866.1,358,讓分 -1.5,252797688.1,樂天巨人 +1.5,A,-1.5,1.55,20,11,A,-1.5,2
2026-07-05,2026-07-05T13:50:59,台灣運彩,,3476957.1,144,2026-07-05T17:00:00+08:00,樂天巨人,KT巫師,樂天巨人 @ KT巫師,51429869.1,360,[總分]大小 9.5,252797694.1,大 9.5,A,9.5,1.65,20,13,A,9.5,
2026-07-05,2026-07-05T13:50:59,台灣運彩,,3476957.1,144,2026-07-05T17:00:00+08:00,樂天巨人,KT巫師,樂天巨人 @ KT巫師,51429869.1,360,[總分]大小 9.5,252797693.1,小 9.5,H,9.5,1.78,50,39,H,9.5,
2026-07-05,2026-07-05T13:50:59,台灣運彩,,3476957.1,144,2026-07-05T17:00:00+08:00,樂天巨人,KT巫師,樂天巨人 @ KT巫師,51430023.1,362,KT巫師 大小 5.5,252798078.1,大 5.5,A,5.5,1.90,10,9,A,5.5,
2026-07-05,2026-07-05T13:50:59,台灣運彩,,3476957.1,144,2026-07-05T17:00:00+08:00,樂天巨人,KT巫師,樂天巨人 @ KT巫師,51430023.1,362,KT巫師 大小 5.5,252798077.1,小 5.5,H,5.5,1.55,20,11,H,5.5,
2026-07-05,2026-07-05T13:50:59,台灣運彩,,3476957.1,144,2026-07-05T17:00:00+08:00,樂天巨人,KT巫師,樂天巨人 @ KT巫師,51429877.1,363,樂天巨人 大小 4.5,252797712.1,大 4.5,A,4.5,1.90,10,9,A,4.5,
2026-07-05,2026-07-05T13:50:59,台灣運彩,,3476957.1,144,2026-07-05T17:00:00+08:00,樂天巨人,KT巫師,樂天巨人 @ KT巫師,51429877.1,363,樂天巨人 大小 4.5,252797711.1,小 4.5,H,4.5,1.55,20,11,H,4.5,
2026-07-05,2026-07-05T13:50:59,台灣運彩,,3476957.1,144,2026-07-05T17:00:00+08:00,樂天巨人,KT巫師,樂天巨人 @ KT巫師,51429862.1,366,[總分]單雙,252797680.1,單,,,1.55,20,11,,,
2026-07-05,2026-07-05T13:50:59,台灣運彩,,3476957.1,144,2026-07-05T17:00:00+08:00,樂天巨人,KT巫師,樂天巨人 @ KT巫師,51429862.1,366,[總分]單雙,252797679.1,雙,,,1.90,10,9,,,
2026-07-05,2026-07-05T13:50:59,台灣運彩,,3476957.1,144,2026-07-05T17:00:00+08:00,樂天巨人,KT巫師,樂天巨人 @ KT巫師,51429870.1,376,[1-5局] 不讓分,252797695.1,KT巫師,H,,1.60,5,3,H,,1
2026-07-05,2026-07-05T13:50:59,台灣運彩,,3476957.1,144,2026-07-05T17:00:00+08:00,樂天巨人,KT巫師,樂天巨人 @ KT巫師,51429870.1,376,[1-5局] 不讓分,252797697.1,樂天巨人,A,,2.25,4,5,A,,2
2026-07-05,2026-07-05T13:50:59,台灣運彩,,3476957.1,144,2026-07-05T17:00:00+08:00,樂天巨人,KT巫師,樂天巨人 @ KT巫師,51429870.1,376,[1-5局] 不讓分,252797696.1,和局,D,,5.65,20,93,D,,
2026-07-05,2026-07-05T13:50:59,台灣運彩,,3476957.1,144,2026-07-05T17:00:00+08:00,樂天巨人,KT巫師,樂天巨人 @ KT巫師,51429868.1,377,[1-5局] 讓分 -0.5,252797691.1,KT巫師 -0.5,H,-0.5,1.63,100,63,H,-0.5,1
2026-07-05,2026-07-05T13:50:59,台灣運彩,,3476957.1,144,2026-07-05T17:00:00+08:00,樂天巨人,KT巫師,樂天巨人 @ KT巫師,51429868.1,377,[1-5局] 讓分 -0.5,252797692.1,樂天巨人 +0.5,A,-0.5,1.80,5,4,A,-0.5,2
2026-07-05,2026-07-05T13:50:59,台灣運彩,,3476957.1,144,2026-07-05T17:00:00+08:00,樂天巨人,KT巫師,樂天巨人 @ KT巫師,51429865.1,378,[1-5局] 大小 5.5,252797686.1,大 5.5,A,5.5,1.78,50,39,A,5.5,
2026-07-05,2026-07-05T13:50:59,台灣運彩,,3476957.1,144,2026-07-05T17:00:00+08:00,樂天巨人,KT巫師,樂天巨人 @ KT巫師,51429865.1,378,[1-5局] 大小 5.5,252797685.1,小 5.5,H,5.5,1.65,20,13,H,5.5,
2026-07-05,2026-07-05T13:50:59,台灣運彩,,3476957.1,144,2026-07-05T17:00:00+08:00,樂天巨人,KT巫師,樂天巨人 @ KT巫師,51429867.1,379,[1-5局] KT巫師 大小 2.5,252797690.1,大 2.5,A,2.5,1.66,50,33,A,2.5,
2026-07-05,2026-07-05T13:50:59,台灣運彩,,3476957.1,144,2026-07-05T17:00:00+08:00,樂天巨人,KT巫師,樂天巨人 @ KT巫師,51429867.1,379,[1-5局] KT巫師 大小 2.5,252797689.1,小 2.5,H,2.5,1.76,25,19,H,2.5,
2026-07-05,2026-07-05T13:50:59,台灣運彩,,3476957.1,144,2026-07-05T17:00:00+08:00,樂天巨人,KT巫師,樂天巨人 @ KT巫師,51429864.1,380,[1-5局] 樂天巨人 大小 2.5,252797684.1,大 2.5,A,2.5,1.93,100,93,A,2.5,
2026-07-05,2026-07-05T13:50:59,台灣運彩,,3476957.1,144,2026-07-05T17:00:00+08:00,樂天巨人,KT巫師,樂天巨人 @ KT巫師,51429864.1,380,[1-5局] 樂天巨人 大小 2.5,252797683.1,小 2.5,H,2.5,1.53,100,53,H,2.5,
2026-07-05,2026-07-05T13:50:59,台灣運彩,,3476957.1,144,2026-07-05T17:00:00+08:00,樂天巨人,KT巫師,樂天巨人 @ KT巫師,51429875.1,389,[第1局] 不讓分,252797705.1,KT巫師,H,,2.55,20,31,H,,1
2026-07-05,2026-07-05T13:50:59,台灣運彩,,3476957.1,144,2026-07-05T17:00:00+08:00,樂天巨人,KT巫師,樂天巨人 @ KT巫師,51429875.1,389,[第1局] 不讓分,252797708.1,樂天巨人,A,,3.70,10,27,A,,2
2026-07-05,2026-07-05T13:50:59,台灣運彩,,3476957.1,144,2026-07-05T17:00:00+08:00,樂天巨人,KT巫師,樂天巨人 @ KT巫師,51429875.1,389,[第1局] 不讓分,252797707.1,和局,D,,1.70,10,7,D,,
2026-07-05,2026-07-05T13:50:59,台灣運彩,,3476958.1,145,2026-07-05T17:00:00+08:00,三星獅,SSG登陸者,三星獅 @ SSG登陸者,51429872.1,354,不讓分,252797700.1,SSG登陸者,H,,1.82,50,41,H,,1
2026-07-05,2026-07-05T13:50:59,台灣運彩,,3476958.1,145,2026-07-05T17:00:00+08:00,三星獅,SSG登陸者,三星獅 @ SSG登陸者,51429872.1,354,不讓分,252797702.1,三星獅,A,,1.62,50,31,A,,2
2026-07-05,2026-07-05T13:50:59,台灣運彩,,3476958.1,145,2026-07-05T17:00:00+08:00,三星獅,SSG登陸者,三星獅 @ SSG登陸者,51429883.1,358,讓分 1.5,252797724.1,SSG登陸者 +1.5,H,1.5,1.52,25,13,H,1.5,1
2026-07-05,2026-07-05T13:50:59,台灣運彩,,3476958.1,145,2026-07-05T17:00:00+08:00,三星獅,SSG登陸者,三星獅 @ SSG登陸者,51429883.1,358,讓分 1.5,252797725.1,三星獅 -1.5,A,1.5,1.94,50,47,A,1.5,2
2026-07-05,2026-07-05T13:50:59,台灣運彩,,3476958.1,145,2026-07-05T17:00:00+08:00,三星獅,SSG登陸者,三星獅 @ SSG登陸者,51429878.1,360,[總分]大小 11.5,252797714.1,大 11.5,A,11.5,1.78,50,39,A,11.5,
2026-07-05,2026-07-05T13:50:59,台灣運彩,,3476958.1,145,2026-07-05T17:00:00+08:00,三星獅,SSG登陸者,三星獅 @ SSG登陸者,51429878.1,360,[總分]大小 11.5,252797713.1,小 11.5,H,11.5,1.65,20,13,H,11.5,
2026-07-05,2026-07-05T13:50:59,台灣運彩,,3476958.1,145,2026-07-05T17:00:00+08:00,三星獅,SSG登陸者,三星獅 @ SSG登陸者,51429880.1,362,SSG登陸者 大小 4.5,252797718.1,大 4.5,A,4.5,1.58,50,29,A,4.5,
2026-07-05,2026-07-05T13:50:59,台灣運彩,,3476958.1,145,2026-07-05T17:00:00+08:00,三星獅,SSG登陸者,三星獅 @ SSG登陸者,51429880.1,362,SSG登陸者 大小 4.5,252797717.1,小 4.5,H,4.5,1.86,50,43,H,4.5,
2026-07-05,2026-07-05T13:50:59,台灣運彩,,3476958.1,145,2026-07-05T17:00:00+08:00,三星獅,SSG登陸者,三星獅 @ SSG登陸者,51429884.1,363,三星獅 大小 5.5,252797727.1,大 5.5,A,5.5,1.70,10,7,A,5.5,
2026-07-05,2026-07-05T13:50:59,台灣運彩,,3476958.1,145,2026-07-05T17:00:00+08:00,三星獅,SSG登陸者,三星獅 @ SSG登陸者,51429884.1,363,三星獅 大小 5.5,252797726.1,小 5.5,H,5.5,1.73,100,73,H,5.5,
2026-07-05,2026-07-05T13:50:59,台灣運彩,,3476958.1,145,2026-07-05T17:00:00+08:00,三星獅,SSG登陸者,三星獅 @ SSG登陸者,51429871.1,366,[總分]單雙,252797699.1,單,,,1.55,20,11,,,
2026-07-05,2026-07-05T13:50:59,台灣運彩,,3476958.1,145,2026-07-05T17:00:00+08:00,三星獅,SSG登陸者,三星獅 @ SSG登陸者,51429871.1,366,[總分]單雙,252797698.1,雙,,,1.90,10,9,,,
2026-07-05,2026-07-05T13:50:59,台灣運彩,,3476958.1,145,2026-07-05T17:00:00+08:00,三星獅,SSG登陸者,三星獅 @ SSG登陸者,51429881.1,376,[1-5局] 不讓分,252797719.1,SSG登陸者,H,,1.95,20,19,H,,1
2026-07-05,2026-07-05T13:50:59,台灣運彩,,3476958.1,145,2026-07-05T17:00:00+08:00,三星獅,SSG登陸者,三星獅 @ SSG登陸者,51429881.1,376,[1-5局] 不讓分,252797721.1,三星獅,A,,1.75,4,3,A,,2
2026-07-05,2026-07-05T13:50:59,台灣運彩,,3476958.1,145,2026-07-05T17:00:00+08:00,三星獅,SSG登陸者,三星獅 @ SSG登陸者,51429881.1,376,[1-5局] 不讓分,252797720.1,和局,D,,5.95,20,99,D,,
2026-07-05,2026-07-05T13:50:59,台灣運彩,,3476958.1,145,2026-07-05T17:00:00+08:00,三星獅,SSG登陸者,三星獅 @ SSG登陸者,51429876.1,377,[1-5局] 讓分 0.5,252797709.1,SSG登陸者 +0.5,H,0.5,1.62,50,31,H,0.5,1
2026-07-05,2026-07-05T13:50:59,台灣運彩,,3476958.1,145,2026-07-05T17:00:00+08:00,三星獅,SSG登陸者,三星獅 @ SSG登陸者,51429876.1,377,[1-5局] 讓分 0.5,252797710.1,三星獅 -0.5,A,0.5,1.82,50,41,A,0.5,2
2026-07-05,2026-07-05T13:50:59,台灣運彩,,3476958.1,145,2026-07-05T17:00:00+08:00,三星獅,SSG登陸者,三星獅 @ SSG登陸者,51429874.1,378,[1-5局] 大小 5.5,252797706.1,大 5.5,A,5.5,1.56,25,14,A,5.5,
2026-07-05,2026-07-05T13:50:59,台灣運彩,,3476958.1,145,2026-07-05T17:00:00+08:00,三星獅,SSG登陸者,三星獅 @ SSG登陸者,51429874.1,378,[1-5局] 大小 5.5,252797704.1,小 5.5,H,5.5,1.88,25,22,H,5.5,
2026-07-05,2026-07-05T13:50:59,台灣運彩,,3476958.1,145,2026-07-05T17:00:00+08:00,三星獅,SSG登陸者,三星獅 @ SSG登陸者,51429882.1,379,[1-5局] SSG登陸者 大小 2.5,252797723.1,大 2.5,A,2.5,1.75,4,3,A,2.5,
2026-07-05,2026-07-05T13:50:59,台灣運彩,,3476958.1,145,2026-07-05T17:00:00+08:00,三星獅,SSG登陸者,三星獅 @ SSG登陸者,51429882.1,379,[1-5局] SSG登陸者 大小 2.5,252797722.1,小 2.5,H,2.5,1.68,25,17,H,2.5,
2026-07-05,2026-07-05T13:50:59,台灣運彩,,3476958.1,145,2026-07-05T17:00:00+08:00,三星獅,SSG登陸者,三星獅 @ SSG登陸者,51429879.1,380,[1-5局] 三星獅 大小 3.5,252797716.1,大 3.5,A,3.5,1.94,50,47,A,3.5,
2026-07-05,2026-07-05T13:50:59,台灣運彩,,3476958.1,145,2026-07-05T17:00:00+08:00,三星獅,SSG登陸者,三星獅 @ SSG登陸者,51429879.1,380,[1-5局] 三星獅 大小 3.5,252797715.1,小 3.5,H,3.5,1.52,25,13,H,3.5,
2026-07-05,2026-07-05T13:50:59,台灣運彩,,3476958.1,145,2026-07-05T17:00:00+08:00,三星獅,SSG登陸者,三星獅 @ SSG登陸者,51429885.1,389,[第1局] 不讓分,252797728.1,SSG登陸者,H,,2.95,20,39,H,,1
2026-07-05,2026-07-05T13:50:59,台灣運彩,,3476958.1,145,2026-07-05T17:00:00+08:00,三星獅,SSG登陸者,三星獅 @ SSG登陸者,51429885.1,389,[第1局] 不讓分,252797730.1,三星獅,A,,2.80,5,9,A,,2
2026-07-05,2026-07-05T13:50:59,台灣運彩,,3476958.1,145,2026-07-05T17:00:00+08:00,三星獅,SSG登陸者,三星獅 @ SSG登陸者,51429885.1,389,[第1局] 不讓分,252797729.1,和局,D,,1.80,5,4,D,,
2026-07-05,2026-07-05T13:50:59,台灣運彩,,3476961.1,146,2026-07-05T17:00:00+08:00,韓華老鷹,LG雙子,韓華老鷹 @ LG雙子,51429902.1,354,不讓分,252797767.1,LG雙子,H,,1.68,25,17,H,,1
2026-07-05,2026-07-05T13:50:59,台灣運彩,,3476961.1,146,2026-07-05T17:00:00+08:00,韓華老鷹,LG雙子,韓華老鷹 @ LG雙子,51429902.1,354,不讓分,252797768.1,韓華老鷹,A,,1.75,4,3,A,,2
2026-07-05,2026-07-05T13:50:59,台灣運彩,,3476961.1,146,2026-07-05T17:00:00+08:00,韓華老鷹,LG雙子,韓華老鷹 @ LG雙子,51429910.1,358,讓分 1.5,252797784.1,LG雙子 +1.5,H,1.5,1.40,5,2,H,1.5,1
2026-07-05,2026-07-05T13:50:59,台灣運彩,,3476961.1,146,2026-07-05T17:00:00+08:00,韓華老鷹,LG雙子,韓華老鷹 @ LG雙子,51429910.1,358,讓分 1.5,252797785.1,韓華老鷹 -1.5,A,1.5,2.20,5,6,A,1.5,2
2026-07-05,2026-07-05T13:50:59,台灣運彩,,3476961.1,146,2026-07-05T17:00:00+08:00,韓華老鷹,LG雙子,韓華老鷹 @ LG雙子,51429911.1,360,[總分]大小 9.5,252797787.1,大 9.5,A,9.5,1.86,50,43,A,9.5,
2026-07-05,2026-07-05T13:50:59,台灣運彩,,3476961.1,146,2026-07-05T17:00:00+08:00,韓華老鷹,LG雙子,韓華老鷹 @ LG雙子,51429911.1,360,[總分]大小 9.5,252797786.1,小 9.5,H,9.5,1.58,50,29,H,9.5,
2026-07-05,2026-07-05T13:50:59,台灣運彩,,3476961.1,146,2026-07-05T17:00:00+08:00,韓華老鷹,LG雙子,韓華老鷹 @ LG雙子,51429903.1,362,LG雙子 大小 4.5,252797770.1,大 4.5,A,4.5,1.86,50,43,A,4.5,
2026-07-05,2026-07-05T13:50:59,台灣運彩,,3476961.1,146,2026-07-05T17:00:00+08:00,韓華老鷹,LG雙子,韓華老鷹 @ LG雙子,51429903.1,362,LG雙子 大小 4.5,252797769.1,小 4.5,H,4.5,1.58,50,29,H,4.5,
2026-07-05,2026-07-05T13:50:59,台灣運彩,,3476961.1,146,2026-07-05T17:00:00+08:00,韓華老鷹,LG雙子,韓華老鷹 @ LG雙子,51429908.1,363,韓華老鷹 大小 4.5,252797781.1,大 4.5,A,4.5,1.85,20,17,A,4.5,
2026-07-05,2026-07-05T13:50:59,台灣運彩,,3476961.1,146,2026-07-05T17:00:00+08:00,韓華老鷹,LG雙子,韓華老鷹 @ LG雙子,51429908.1,363,韓華老鷹 大小 4.5,252797780.1,小 4.5,H,4.5,1.60,5,3,H,4.5,
2026-07-05,2026-07-05T13:50:59,台灣運彩,,3476961.1,146,2026-07-05T17:00:00+08:00,韓華老鷹,LG雙子,韓華老鷹 @ LG雙子,51429901.1,366,[總分]單雙,252797766.1,單,,,1.53,100,53,,,
2026-07-05,2026-07-05T13:50:59,台灣運彩,,3476961.1,146,2026-07-05T17:00:00+08:00,韓華老鷹,LG雙子,韓華老鷹 @ LG雙子,51429901.1,366,[總分]單雙,252797765.1,雙,,,1.93,100,93,,,
2026-07-05,2026-07-05T13:50:59,台灣運彩,,3476961.1,146,2026-07-05T17:00:00+08:00,韓華老鷹,LG雙子,韓華老鷹 @ LG雙子,51429912.1,376,[1-5局] 不讓分,252797788.1,LG雙子,H,,1.85,20,17,H,,1
2026-07-05,2026-07-05T13:50:59,台灣運彩,,3476961.1,146,2026-07-05T17:00:00+08:00,韓華老鷹,LG雙子,韓華老鷹 @ LG雙子,51429912.1,376,[1-5局] 不讓分,252797790.1,韓華老鷹,A,,1.95,20,19,A,,2
2026-07-05,2026-07-05T13:50:59,台灣運彩,,3476961.1,146,2026-07-05T17:00:00+08:00,韓華老鷹,LG雙子,韓華老鷹 @ LG雙子,51429912.1,376,[1-5局] 不讓分,252797789.1,和局,D,,5.10,10,41,D,,
2026-07-05,2026-07-05T13:50:59,台灣運彩,,3476961.1,146,2026-07-05T17:00:00+08:00,韓華老鷹,LG雙子,韓華老鷹 @ LG雙子,51429909.1,377,[1-5局] 讓分 -0.5,252797782.1,LG雙子 -0.5,H,-0.5,1.90,10,9,H,-0.5,1
2026-07-05,2026-07-05T13:50:59,台灣運彩,,3476961.1,146,2026-07-05T17:00:00+08:00,韓華老鷹,LG雙子,韓華老鷹 @ LG雙子,51429909.1,377,[1-5局] 讓分 -0.5,252797783.1,韓華老鷹 +0.5,A,-0.5,1.55,20,11,A,-0.5,2
2026-07-05,2026-07-05T13:50:59,台灣運彩,,3476961.1,146,2026-07-05T17:00:00+08:00,韓華老鷹,LG雙子,韓華老鷹 @ LG雙子,51429906.1,378,[1-5局] 大小 4.5,252797776.1,大 4.5,A,4.5,1.62,50,31,A,4.5,
2026-07-05,2026-07-05T13:50:59,台灣運彩,,3476961.1,146,2026-07-05T17:00:00+08:00,韓華老鷹,LG雙子,韓華老鷹 @ LG雙子,51429906.1,378,[1-5局] 大小 4.5,252797775.1,小 4.5,H,4.5,1.82,50,41,H,4.5,
2026-07-05,2026-07-05T13:50:59,台灣運彩,,3476961.1,146,2026-07-05T17:00:00+08:00,韓華老鷹,LG雙子,韓華老鷹 @ LG雙子,51429905.1,379,[1-5局] LG雙子 大小 2.5,252797774.1,大 2.5,A,2.5,1.88,25,22,A,2.5,
2026-07-05,2026-07-05T13:50:59,台灣運彩,,3476961.1,146,2026-07-05T17:00:00+08:00,韓華老鷹,LG雙子,韓華老鷹 @ LG雙子,51429905.1,379,[1-5局] LG雙子 大小 2.5,252797773.1,小 2.5,H,2.5,1.56,25,14,H,2.5,
2026-07-05,2026-07-05T13:50:59,台灣運彩,,3476961.1,146,2026-07-05T17:00:00+08:00,韓華老鷹,LG雙子,韓華老鷹 @ LG雙子,51429904.1,380,[1-5局] 韓華老鷹 大小 2.5,252797772.1,大 2.5,A,2.5,1.93,100,93,A,2.5,
2026-07-05,2026-07-05T13:50:59,台灣運彩,,3476961.1,146,2026-07-05T17:00:00+08:00,韓華老鷹,LG雙子,韓華老鷹 @ LG雙子,51429904.1,380,[1-5局] 韓華老鷹 大小 2.5,252797771.1,小 2.5,H,2.5,1.53,100,53,H,2.5,
2026-07-05,2026-07-05T13:50:59,台灣運彩,,3476961.1,146,2026-07-05T17:00:00+08:00,韓華老鷹,LG雙子,韓華老鷹 @ LG雙子,51429907.1,389,[第1局] 不讓分,252797777.1,LG雙子,H,,3.05,20,41,H,,1
2026-07-05,2026-07-05T13:50:59,台灣運彩,,3476961.1,146,2026-07-05T17:00:00+08:00,韓華老鷹,LG雙子,韓華老鷹 @ LG雙子,51429907.1,389,[第1局] 不讓分,252797779.1,韓華老鷹,A,,3.25,4,9,A,,2
2026-07-05,2026-07-05T13:50:59,台灣運彩,,3476961.1,146,2026-07-05T17:00:00+08:00,韓華老鷹,LG雙子,韓華老鷹 @ LG雙子,51429907.1,389,[第1局] 不讓分,252797778.1,和局,D,,1.60,5,3,D,,
2026-07-05,2026-07-05T13:50:59,台灣運彩,,3476962.1,147,2026-07-05T17:00:00+08:00,NC恐龍,起亞老虎,NC恐龍 @ 起亞老虎,51429920.1,354,不讓分,252797806.1,起亞老虎,H,,1.75,4,3,H,,1
2026-07-05,2026-07-05T13:50:59,台灣運彩,,3476962.1,147,2026-07-05T17:00:00+08:00,NC恐龍,起亞老虎,NC恐龍 @ 起亞老虎,51429920.1,354,不讓分,252797807.1,NC恐龍,A,,1.68,25,17,A,,2
2026-07-05,2026-07-05T13:50:59,台灣運彩,,3476962.1,147,2026-07-05T17:00:00+08:00,NC恐龍,起亞老虎,NC恐龍 @ 起亞老虎,51429922.1,358,讓分 1.5,252797810.1,起亞老虎 +1.5,H,1.5,1.46,50,23,H,1.5,1
2026-07-05,2026-07-05T13:50:59,台灣運彩,,3476962.1,147,2026-07-05T17:00:00+08:00,NC恐龍,起亞老虎,NC恐龍 @ 起亞老虎,51429922.1,358,讓分 1.5,252797811.1,NC恐龍 -1.5,A,1.5,2.05,20,21,A,1.5,2
2026-07-05,2026-07-05T13:50:59,台灣運彩,,3476962.1,147,2026-07-05T17:00:00+08:00,NC恐龍,起亞老虎,NC恐龍 @ 起亞老虎,51429916.1,360,[總分]大小 10.5,252797799.1,大 10.5,A,10.5,1.70,10,7,A,10.5,
2026-07-05,2026-07-05T13:50:59,台灣運彩,,3476962.1,147,2026-07-05T17:00:00+08:00,NC恐龍,起亞老虎,NC恐龍 @ 起亞老虎,51429916.1,360,[總分]大小 10.5,252797798.1,小 10.5,H,10.5,1.73,100,73,H,10.5,
2026-07-05,2026-07-05T13:50:59,台灣運彩,,3476962.1,147,2026-07-05T17:00:00+08:00,NC恐龍,起亞老虎,NC恐龍 @ 起亞老虎,51429913.1,362,起亞老虎 大小 4.5,252797792.1,大 4.5,A,4.5,1.63,100,63,A,4.5,
2026-07-05,2026-07-05T13:50:59,台灣運彩,,3476962.1,147,2026-07-05T17:00:00+08:00,NC恐龍,起亞老虎,NC恐龍 @ 起亞老虎,51429913.1,362,起亞老虎 大小 4.5,252797791.1,小 4.5,H,4.5,1.80,5,4,H,4.5,
2026-07-05,2026-07-05T13:50:59,台灣運彩,,3476962.1,147,2026-07-05T17:00:00+08:00,NC恐龍,起亞老虎,NC恐龍 @ 起亞老虎,51429915.1,363,NC恐龍 大小 5.5,252797797.1,大 5.5,A,5.5,1.86,50,43,A,5.5,
2026-07-05,2026-07-05T13:50:59,台灣運彩,,3476962.1,147,2026-07-05T17:00:00+08:00,NC恐龍,起亞老虎,NC恐龍 @ 起亞老虎,51429915.1,363,NC恐龍 大小 5.5,252797796.1,小 5.5,H,5.5,1.58,50,29,H,5.5,
2026-07-05,2026-07-05T13:50:59,台灣運彩,,3476962.1,147,2026-07-05T17:00:00+08:00,NC恐龍,起亞老虎,NC恐龍 @ 起亞老虎,51429918.1,366,[總分]單雙,252797803.1,單,,,1.53,100,53,,,
2026-07-05,2026-07-05T13:50:59,台灣運彩,,3476962.1,147,2026-07-05T17:00:00+08:00,NC恐龍,起亞老虎,NC恐龍 @ 起亞老虎,51429918.1,366,[總分]單雙,252797802.1,雙,,,1.93,100,93,,,
2026-07-05,2026-07-05T13:50:59,台灣運彩,,3476962.1,147,2026-07-05T17:00:00+08:00,NC恐龍,起亞老虎,NC恐龍 @ 起亞老虎,51429924.1,376,[1-5局] 不讓分,252797814.1,起亞老虎,H,,1.85,20,17,H,,1
2026-07-05,2026-07-05T13:50:59,台灣運彩,,3476962.1,147,2026-07-05T17:00:00+08:00,NC恐龍,起亞老虎,NC恐龍 @ 起亞老虎,51429924.1,376,[1-5局] 不讓分,252797816.1,NC恐龍,A,,1.85,20,17,A,,2
2026-07-05,2026-07-05T13:50:59,台灣運彩,,3476962.1,147,2026-07-05T17:00:00+08:00,NC恐龍,起亞老虎,NC恐龍 @ 起亞老虎,51429924.1,376,[1-5局] 不讓分,252797815.1,和局,D,,5.85,20,97,D,,
2026-07-05,2026-07-05T13:50:59,台灣運彩,,3476962.1,147,2026-07-05T17:00:00+08:00,NC恐龍,起亞老虎,NC恐龍 @ 起亞老虎,51429921.1,377,[1-5局] 讓分 0.5,252797808.1,起亞老虎 +0.5,H,0.5,1.56,25,14,H,0.5,1
2026-07-05,2026-07-05T13:50:59,台灣運彩,,3476962.1,147,2026-07-05T17:00:00+08:00,NC恐龍,起亞老虎,NC恐龍 @ 起亞老虎,51429921.1,377,[1-5局] 讓分 0.5,252797809.1,NC恐龍 -0.5,A,0.5,1.88,25,22,A,0.5,2
2026-07-05,2026-07-05T13:50:59,台灣運彩,,3476962.1,147,2026-07-05T17:00:00+08:00,NC恐龍,起亞老虎,NC恐龍 @ 起亞老虎,51429923.1,378,[1-5局] 大小 5.5,252797813.1,大 5.5,A,5.5,1.68,25,17,A,5.5,
2026-07-05,2026-07-05T13:50:59,台灣運彩,,3476962.1,147,2026-07-05T17:00:00+08:00,NC恐龍,起亞老虎,NC恐龍 @ 起亞老虎,51429923.1,378,[1-5局] 大小 5.5,252797812.1,小 5.5,H,5.5,1.75,4,3,H,5.5,
2026-07-05,2026-07-05T13:50:59,台灣運彩,,3476962.1,147,2026-07-05T17:00:00+08:00,NC恐龍,起亞老虎,NC恐龍 @ 起亞老虎,51429919.1,379,[1-5局] 起亞老虎 大小 2.5,252797805.1,大 2.5,A,2.5,1.73,100,73,A,2.5,
2026-07-05,2026-07-05T13:50:59,台灣運彩,,3476962.1,147,2026-07-05T17:00:00+08:00,NC恐龍,起亞老虎,NC恐龍 @ 起亞老虎,51429919.1,379,[1-5局] 起亞老虎 大小 2.5,252797804.1,小 2.5,H,2.5,1.70,10,7,H,2.5,
2026-07-05,2026-07-05T13:50:59,台灣運彩,,3476962.1,147,2026-07-05T17:00:00+08:00,NC恐龍,起亞老虎,NC恐龍 @ 起亞老虎,51429917.1,380,[1-5局] NC恐龍 大小 2.5,252797801.1,大 2.5,A,2.5,1.68,25,17,A,2.5,
2026-07-05,2026-07-05T13:50:59,台灣運彩,,3476962.1,147,2026-07-05T17:00:00+08:00,NC恐龍,起亞老虎,NC恐龍 @ 起亞老虎,51429917.1,380,[1-5局] NC恐龍 大小 2.5,252797800.1,小 2.5,H,2.5,1.75,4,3,H,2.5,
2026-07-05,2026-07-05T13:50:59,台灣運彩,,3476962.1,147,2026-07-05T17:00:00+08:00,NC恐龍,起亞老虎,NC恐龍 @ 起亞老虎,51429914.1,389,[第1局] 不讓分,252797793.1,起亞老虎,H,,2.95,20,39,H,,1
2026-07-05,2026-07-05T13:50:59,台灣運彩,,3476962.1,147,2026-07-05T17:00:00+08:00,NC恐龍,起亞老虎,NC恐龍 @ 起亞老虎,51429914.1,389,[第1局] 不讓分,252797795.1,NC恐龍,A,,3.00,1,2,A,,2
2026-07-05,2026-07-05T13:50:59,台灣運彩,,3476962.1,147,2026-07-05T17:00:00+08:00,NC恐龍,起亞老虎,NC恐龍 @ 起亞老虎,51429914.1,389,[第1局] 不讓分,252797794.1,和局,D,,1.75,4,3,D,,
2026-07-05,2026-07-05T13:50:59,台灣運彩,,3476963.1,148,2026-07-05T17:05:00+08:00,樂天桃猿,中信兄弟,樂天桃猿 @ 中信兄弟,51429925.1,354,不讓分,252797817.1,中信兄弟,H,,1.60,5,3,H,,1
2026-07-05,2026-07-05T13:50:59,台灣運彩,,3476963.1,148,2026-07-05T17:05:00+08:00,樂天桃猿,中信兄弟,樂天桃猿 @ 中信兄弟,51429925.1,354,不讓分,252797818.1,樂天桃猿,A,,1.85,20,17,A,,2
2026-07-05,2026-07-05T13:50:59,台灣運彩,,3476963.1,148,2026-07-05T17:05:00+08:00,樂天桃猿,中信兄弟,樂天桃猿 @ 中信兄弟,51429926.1,358,讓分 -1.5,252797819.1,中信兄弟 -1.5,H,-1.5,2.28,25,32,H,-1.5,1
2026-07-05,2026-07-05T13:50:59,台灣運彩,,3476963.1,148,2026-07-05T17:05:00+08:00,樂天桃猿,中信兄弟,樂天桃猿 @ 中信兄弟,51429926.1,358,讓分 -1.5,252797820.1,樂天桃猿 +1.5,A,-1.5,1.36,25,9,A,-1.5,2
2026-07-05,2026-07-05T13:50:59,台灣運彩,,3476963.1,148,2026-07-05T17:05:00+08:00,樂天桃猿,中信兄弟,樂天桃猿 @ 中信兄弟,51429927.1,360,[總分]大小 6.5,252797822.1,大 6.5,A,6.5,1.72,25,18,A,6.5,
2026-07-05,2026-07-05T13:50:59,台灣運彩,,3476963.1,148,2026-07-05T17:05:00+08:00,樂天桃猿,中信兄弟,樂天桃猿 @ 中信兄弟,51429927.1,360,[總分]大小 6.5,252797821.1,小 6.5,H,6.5,1.72,25,18,H,6.5,
2026-07-05,2026-07-05T13:50:59,台灣運彩,,3476963.1,148,2026-07-05T17:05:00+08:00,樂天桃猿,中信兄弟,樂天桃猿 @ 中信兄弟,51429928.1,366,[總分]單雙,252797824.1,單,,,1.50,2,1,,,
2026-07-05,2026-07-05T13:50:59,台灣運彩,,3476963.1,148,2026-07-05T17:05:00+08:00,樂天桃猿,中信兄弟,樂天桃猿 @ 中信兄弟,51429928.1,366,[總分]單雙,252797823.1,雙,,,1.96,25,24,,,
2026-07-05,2026-07-05T13:50:59,台灣運彩,824902,3476919.1,113,2026-07-06T00:30:00+08:00,紐約大都會,亞特蘭大勇士,紐約大都會 @ 亞特蘭大勇士,51429401.1,354,不讓分,252796422.1,亞特蘭大勇士,H,,1.63,100,63,H,,1
2026-07-05,2026-07-05T13:50:59,台灣運彩,824902,3476919.1,113,2026-07-06T00:30:00+08:00,紐約大都會,亞特蘭大勇士,紐約大都會 @ 亞特蘭大勇士,51429401.1,354,不讓分,252796423.1,紐約大都會,A,,1.87,100,87,A,,2
2026-07-05,2026-07-05T13:50:59,台灣運彩,824902,3476919.1,113,2026-07-06T00:30:00+08:00,紐約大都會,亞特蘭大勇士,紐約大都會 @ 亞特蘭大勇士,51429411.1,357,勝分差,252796442.1,亞特蘭大勇士 1 分,H,,4.15,20,63,H,,
2026-07-05,2026-07-05T13:50:59,台灣運彩,824902,3476919.1,113,2026-07-06T00:30:00+08:00,紐約大都會,亞特蘭大勇士,紐約大都會 @ 亞特蘭大勇士,51429411.1,357,勝分差,252796443.1,亞特蘭大勇士 2 分,H,,7.25,4,25,H,,
2026-07-05,2026-07-05T13:50:59,台灣運彩,824902,3476919.1,113,2026-07-06T00:30:00+08:00,紐約大都會,亞特蘭大勇士,紐約大都會 @ 亞特蘭大勇士,51429411.1,357,勝分差,252796444.1,亞特蘭大勇士 > 2分,H,,2.65,20,33,H,,
2026-07-05,2026-07-05T13:50:59,台灣運彩,824902,3476919.1,113,2026-07-06T00:30:00+08:00,紐約大都會,亞特蘭大勇士,紐約大都會 @ 亞特蘭大勇士,51429411.1,357,勝分差,252796445.1,紐約大都會 1 分,A,,5.75,4,19,A,,
2026-07-05,2026-07-05T13:50:59,台灣運彩,824902,3476919.1,113,2026-07-06T00:30:00+08:00,紐約大都會,亞特蘭大勇士,紐約大都會 @ 亞特蘭大勇士,51429411.1,357,勝分差,252796446.1,紐約大都會 2 分,A,,7.50,2,13,A,,
2026-07-05,2026-07-05T13:50:59,台灣運彩,824902,3476919.1,113,2026-07-06T00:30:00+08:00,紐約大都會,亞特蘭大勇士,紐約大都會 @ 亞特蘭大勇士,51429411.1,357,勝分差,252796447.1,紐約大都會 > 2分,A,,2.55,20,31,A,,
2026-07-05,2026-07-05T13:50:59,台灣運彩,824902,3476919.1,113,2026-07-06T00:30:00+08:00,紐約大都會,亞特蘭大勇士,紐約大都會 @ 亞特蘭大勇士,51429407.1,358,讓分 -1.5,252796434.1,亞特蘭大勇士 -1.5,H,-1.5,2.20,5,6,H,-1.5,1
2026-07-05,2026-07-05T13:50:59,台灣運彩,824902,3476919.1,113,2026-07-06T00:30:00+08:00,紐約大都會,亞特蘭大勇士,紐約大都會 @ 亞特蘭大勇士,51429407.1,358,讓分 -1.5,252796435.1,紐約大都會 +1.5,A,-1.5,1.42,50,21,A,-1.5,2
2026-07-05,2026-07-05T13:50:59,台灣運彩,824902,3476919.1,113,2026-07-06T00:30:00+08:00,紐約大都會,亞特蘭大勇士,紐約大都會 @ 亞特蘭大勇士,51429408.1,358,讓分 -2.5,252796436.1,亞特蘭大勇士 -2.5,H,-2.5,2.70,10,17,H,-2.5,1
2026-07-05,2026-07-05T13:50:59,台灣運彩,824902,3476919.1,113,2026-07-06T00:30:00+08:00,紐約大都會,亞特蘭大勇士,紐約大都會 @ 亞特蘭大勇士,51429408.1,358,讓分 -2.5,252796437.1,紐約大都會 +2.5,A,-2.5,1.28,25,7,A,-2.5,2
2026-07-05,2026-07-05T13:50:59,台灣運彩,824902,3476919.1,113,2026-07-06T00:30:00+08:00,紐約大都會,亞特蘭大勇士,紐約大都會 @ 亞特蘭大勇士,51429410.1,358,讓分 1.5,252796440.1,亞特蘭大勇士 +1.5,H,1.5,1.38,50,19,H,1.5,1
2026-07-05,2026-07-05T13:50:59,台灣運彩,824902,3476919.1,113,2026-07-06T00:30:00+08:00,紐約大都會,亞特蘭大勇士,紐約大都會 @ 亞特蘭大勇士,51429410.1,358,讓分 1.5,252796441.1,紐約大都會 -1.5,A,1.5,2.33,100,133,A,1.5,2
2026-07-05,2026-07-05T13:50:59,台灣運彩,824902,3476919.1,113,2026-07-06T00:30:00+08:00,紐約大都會,亞特蘭大勇士,紐約大都會 @ 亞特蘭大勇士,51429406.1,360,[總分]大小 9.5,252796433.1,大 9.5,A,9.5,1.90,10,9,A,9.5,
2026-07-05,2026-07-05T13:50:59,台灣運彩,824902,3476919.1,113,2026-07-06T00:30:00+08:00,紐約大都會,亞特蘭大勇士,紐約大都會 @ 亞特蘭大勇士,51429406.1,360,[總分]大小 9.5,252796432.1,小 9.5,H,9.5,1.60,5,3,H,9.5,
2026-07-05,2026-07-05T13:50:59,台灣運彩,824902,3476919.1,113,2026-07-06T00:30:00+08:00,紐約大都會,亞特蘭大勇士,紐約大都會 @ 亞特蘭大勇士,51429409.1,360,[總分]大小 8.5,252796439.1,大 8.5,A,8.5,1.60,5,3,A,8.5,
2026-07-05,2026-07-05T13:50:59,台灣運彩,824902,3476919.1,113,2026-07-06T00:30:00+08:00,紐約大都會,亞特蘭大勇士,紐約大都會 @ 亞特蘭大勇士,51429409.1,360,[總分]大小 8.5,252796438.1,小 8.5,H,8.5,1.90,10,9,H,8.5,
2026-07-05,2026-07-05T13:50:59,台灣運彩,824902,3476919.1,113,2026-07-06T00:30:00+08:00,紐約大都會,亞特蘭大勇士,紐約大都會 @ 亞特蘭大勇士,51430062.1,360,[總分]大小 7.5,252798227.1,大 7.5,A,7.5,1.42,50,21,A,7.5,
2026-07-05,2026-07-05T13:50:59,台灣運彩,824902,3476919.1,113,2026-07-06T00:30:00+08:00,紐約大都會,亞特蘭大勇士,紐約大都會 @ 亞特蘭大勇士,51430062.1,360,[總分]大小 7.5,252798226.1,小 7.5,H,7.5,2.20,5,6,H,7.5,
2026-07-05,2026-07-05T13:50:59,台灣運彩,824902,3476919.1,113,2026-07-06T00:30:00+08:00,紐約大都會,亞特蘭大勇士,紐約大都會 @ 亞特蘭大勇士,51429402.1,362,亞特蘭大勇士 大小 4.5,252796425.1,大 4.5,A,4.5,1.80,5,4,A,4.5,
2026-07-05,2026-07-05T13:50:59,台灣運彩,824902,3476919.1,113,2026-07-06T00:30:00+08:00,紐約大都會,亞特蘭大勇士,紐約大都會 @ 亞特蘭大勇士,51429402.1,362,亞特蘭大勇士 大小 4.5,252796424.1,小 4.5,H,4.5,1.63,100,63,H,4.5,
2026-07-05,2026-07-05T13:50:59,台灣運彩,824902,3476919.1,113,2026-07-06T00:30:00+08:00,紐約大都會,亞特蘭大勇士,紐約大都會 @ 亞特蘭大勇士,51429403.1,363,紐約大都會 大小 4.5,252796427.1,大 4.5,A,4.5,1.80,5,4,A,4.5,
2026-07-05,2026-07-05T13:50:59,台灣運彩,824902,3476919.1,113,2026-07-06T00:30:00+08:00,紐約大都會,亞特蘭大勇士,紐約大都會 @ 亞特蘭大勇士,51429403.1,363,紐約大都會 大小 4.5,252796426.1,小 4.5,H,4.5,1.63,100,63,H,4.5,
2026-07-05,2026-07-05T13:50:59,台灣運彩,824902,3476919.1,113,2026-07-06T00:30:00+08:00,紐約大都會,亞特蘭大勇士,紐約大都會 @ 亞特蘭大勇士,51429405.1,366,[總分]單雙,252796431.1,單,,,1.48,25,12,,,
2026-07-05,2026-07-05T13:50:59,台灣運彩,824902,3476919.1,113,2026-07-06T00:30:00+08:00,紐約大都會,亞特蘭大勇士,紐約大都會 @ 亞特蘭大勇士,51429405.1,366,[總分]單雙,252796430.1,雙,,,2.00,1,1,,,
2026-07-05,2026-07-05T13:50:59,台灣運彩,824902,3476919.1,113,2026-07-06T00:30:00+08:00,紐約大都會,亞特蘭大勇士,紐約大都會 @ 亞特蘭大勇士,51429766.1,374,得分最高單局(不含延長賽),252797397.1,一樣多,,,2.25,4,5,,,
2026-07-05,2026-07-05T13:50:59,台灣運彩,824902,3476919.1,113,2026-07-06T00:30:00+08:00,紐約大都會,亞特蘭大勇士,紐約大都會 @ 亞特蘭大勇士,51429766.1,374,得分最高單局(不含延長賽),252797388.1,第1局,,,5.15,20,83,,,
2026-07-05,2026-07-05T13:50:59,台灣運彩,824902,3476919.1,113,2026-07-06T00:30:00+08:00,紐約大都會,亞特蘭大勇士,紐約大都會 @ 亞特蘭大勇士,51429766.1,374,得分最高單局(不含延長賽),252797389.1,第2局,,,6.25,4,21,,,
2026-07-05,2026-07-05T13:50:59,台灣運彩,824902,3476919.1,113,2026-07-06T00:30:00+08:00,紐約大都會,亞特蘭大勇士,紐約大都會 @ 亞特蘭大勇士,51429766.1,374,得分最高單局(不含延長賽),252797390.1,第3局,,,5.45,20,89,,,
2026-07-05,2026-07-05T13:50:59,台灣運彩,824902,3476919.1,113,2026-07-06T00:30:00+08:00,紐約大都會,亞特蘭大勇士,紐約大都會 @ 亞特蘭大勇士,51429766.1,374,得分最高單局(不含延長賽),252797391.1,第4局,,,5.95,20,99,,,
2026-07-05,2026-07-05T13:50:59,台灣運彩,824902,3476919.1,113,2026-07-06T00:30:00+08:00,紐約大都會,亞特蘭大勇士,紐約大都會 @ 亞特蘭大勇士,51429766.1,374,得分最高單局(不含延長賽),252797392.1,第5局,,,5.70,10,47,,,
2026-07-05,2026-07-05T13:50:59,台灣運彩,824902,3476919.1,113,2026-07-06T00:30:00+08:00,紐約大都會,亞特蘭大勇士,紐約大都會 @ 亞特蘭大勇士,51429766.1,374,得分最高單局(不含延長賽),252797393.1,第6局,,,6.25,4,21,,,
2026-07-05,2026-07-05T13:50:59,台灣運彩,824902,3476919.1,113,2026-07-06T00:30:00+08:00,紐約大都會,亞特蘭大勇士,紐約大都會 @ 亞特蘭大勇士,51429766.1,374,得分最高單局(不含延長賽),252797394.1,第7局,,,6.50,2,11,,,
2026-07-05,2026-07-05T13:50:59,台灣運彩,824902,3476919.1,113,2026-07-06T00:30:00+08:00,紐約大都會,亞特蘭大勇士,紐約大都會 @ 亞特蘭大勇士,51429766.1,374,得分最高單局(不含延長賽),252797395.1,第8局,,,6.25,4,21,,,
2026-07-05,2026-07-05T13:50:59,台灣運彩,824902,3476919.1,113,2026-07-06T00:30:00+08:00,紐約大都會,亞特蘭大勇士,紐約大都會 @ 亞特蘭大勇士,51429766.1,374,得分最高單局(不含延長賽),252797396.1,第9局,,,8.00,1,7,,,
2026-07-05,2026-07-05T13:50:59,台灣運彩,824902,3476919.1,113,2026-07-06T00:30:00+08:00,紐約大都會,亞特蘭大勇士,紐約大都會 @ 亞特蘭大勇士,51429768.1,376,[1-5局] 不讓分,252797400.1,亞特蘭大勇士,H,,1.80,5,4,H,,1
2026-07-05,2026-07-05T13:50:59,台灣運彩,824902,3476919.1,113,2026-07-06T00:30:00+08:00,紐約大都會,亞特蘭大勇士,紐約大都會 @ 亞特蘭大勇士,51429768.1,376,[1-5局] 不讓分,252797402.1,紐約大都會,A,,1.85,20,17,A,,2
2026-07-05,2026-07-05T13:50:59,台灣運彩,824902,3476919.1,113,2026-07-06T00:30:00+08:00,紐約大都會,亞特蘭大勇士,紐約大都會 @ 亞特蘭大勇士,51429768.1,376,[1-5局] 不讓分,252797401.1,和局,D,,5.05,20,81,D,,
2026-07-05,2026-07-05T13:50:59,台灣運彩,824902,3476919.1,113,2026-07-06T00:30:00+08:00,紐約大都會,亞特蘭大勇士,紐約大都會 @ 亞特蘭大勇士,51429820.1,378,[1-5局] 大小 4.5,252797566.1,大 4.5,A,4.5,1.52,25,13,A,4.5,
2026-07-05,2026-07-05T13:50:59,台灣運彩,824902,3476919.1,113,2026-07-06T00:30:00+08:00,紐約大都會,亞特蘭大勇士,紐約大都會 @ 亞特蘭大勇士,51429820.1,378,[1-5局] 大小 4.5,252797565.1,小 4.5,H,4.5,1.83,100,83,H,4.5,
2026-07-05,2026-07-05T13:50:59,台灣運彩,824902,3476919.1,113,2026-07-06T00:30:00+08:00,紐約大都會,亞特蘭大勇士,紐約大都會 @ 亞特蘭大勇士,51429767.1,379,[1-5局] 亞特蘭大勇士 大小 2.5,252797399.1,大 2.5,A,2.5,1.85,20,17,A,2.5,
2026-07-05,2026-07-05T13:50:59,台灣運彩,824902,3476919.1,113,2026-07-06T00:30:00+08:00,紐約大都會,亞特蘭大勇士,紐約大都會 @ 亞特蘭大勇士,51429767.1,379,[1-5局] 亞特蘭大勇士 大小 2.5,252797398.1,小 2.5,H,2.5,1.60,5,3,H,2.5,
2026-07-05,2026-07-05T13:50:59,台灣運彩,824902,3476919.1,113,2026-07-06T00:30:00+08:00,紐約大都會,亞特蘭大勇士,紐約大都會 @ 亞特蘭大勇士,51429764.1,380,[1-5局] 紐約大都會 大小 2.5,252797384.1,大 2.5,A,2.5,1.86,50,43,A,2.5,
2026-07-05,2026-07-05T13:50:59,台灣運彩,824902,3476919.1,113,2026-07-06T00:30:00+08:00,紐約大都會,亞特蘭大勇士,紐約大都會 @ 亞特蘭大勇士,51429764.1,380,[1-5局] 紐約大都會 大小 2.5,252797383.1,小 2.5,H,2.5,1.58,50,29,H,2.5,
2026-07-05,2026-07-05T13:50:59,台灣運彩,824902,3476919.1,113,2026-07-06T00:30:00+08:00,紐約大都會,亞特蘭大勇士,紐約大都會 @ 亞特蘭大勇士,51429765.1,389,[第1局] 不讓分,252797385.1,亞特蘭大勇士,H,,2.90,10,19,H,,1
2026-07-05,2026-07-05T13:50:59,台灣運彩,824902,3476919.1,113,2026-07-06T00:30:00+08:00,紐約大都會,亞特蘭大勇士,紐約大都會 @ 亞特蘭大勇士,51429765.1,389,[第1局] 不讓分,252797387.1,紐約大都會,A,,3.00,1,2,A,,2
2026-07-05,2026-07-05T13:50:59,台灣運彩,824902,3476919.1,113,2026-07-06T00:30:00+08:00,紐約大都會,亞特蘭大勇士,紐約大都會 @ 亞特蘭大勇士,51429765.1,389,[第1局] 不讓分,252797386.1,和局,D,,1.60,5,3,D,,
2026-07-05,2026-07-05T13:50:59,台灣運彩,824902,3476919.1,113,2026-07-06T00:30:00+08:00,紐約大都會,亞特蘭大勇士,紐約大都會 @ 亞特蘭大勇士,51429769.1,398,[第1局] 大小 0.5,252797404.1,大 0.5,A,0.5,1.62,50,31,A,0.5,
2026-07-05,2026-07-05T13:50:59,台灣運彩,824902,3476919.1,113,2026-07-06T00:30:00+08:00,紐約大都會,亞特蘭大勇士,紐約大都會 @ 亞特蘭大勇士,51429769.1,398,[第1局] 大小 0.5,252797403.1,小 0.5,H,0.5,1.71,100,71,H,0.5,
2026-07-05,2026-07-05T13:50:59,台灣運彩,822715,3476942.1,138,2026-07-06T01:00:00+08:00,匹茲堡海盜,華盛頓國民,匹茲堡海盜 @ 華盛頓國民,51429577.1,354,不讓分,252796867.1,華盛頓國民,H,,1.55,20,11,H,,1
2026-07-05,2026-07-05T13:50:59,台灣運彩,822715,3476942.1,138,2026-07-06T01:00:00+08:00,匹茲堡海盜,華盛頓國民,匹茲堡海盜 @ 華盛頓國民,51429577.1,354,不讓分,252796868.1,匹茲堡海盜,A,,1.95,20,19,A,,2
2026-07-05,2026-07-05T13:50:59,台灣運彩,822715,3476942.1,138,2026-07-06T01:00:00+08:00,匹茲堡海盜,華盛頓國民,匹茲堡海盜 @ 華盛頓國民,51429583.1,357,勝分差,252796882.1,匹茲堡海盜 1 分,A,,6.00,1,5,A,,
2026-07-05,2026-07-05T13:50:59,台灣運彩,822715,3476942.1,138,2026-07-06T01:00:00+08:00,匹茲堡海盜,華盛頓國民,匹茲堡海盜 @ 華盛頓國民,51429583.1,357,勝分差,252796883.1,匹茲堡海盜 2 分,A,,7.75,4,27,A,,
2026-07-05,2026-07-05T13:50:59,台灣運彩,822715,3476942.1,138,2026-07-06T01:00:00+08:00,匹茲堡海盜,華盛頓國民,匹茲堡海盜 @ 華盛頓國民,51429583.1,357,勝分差,252796884.1,匹茲堡海盜 > 2分,A,,2.75,4,7,A,,
2026-07-05,2026-07-05T13:50:59,台灣運彩,822715,3476942.1,138,2026-07-06T01:00:00+08:00,匹茲堡海盜,華盛頓國民,匹茲堡海盜 @ 華盛頓國民,51429583.1,357,勝分差,252796879.1,華盛頓國民 1 分,H,,4.20,5,16,H,,
2026-07-05,2026-07-05T13:50:59,台灣運彩,822715,3476942.1,138,2026-07-06T01:00:00+08:00,匹茲堡海盜,華盛頓國民,匹茲堡海盜 @ 華盛頓國民,51429583.1,357,勝分差,252796880.1,華盛頓國民 2 分,H,,7.25,4,25,H,,
2026-07-05,2026-07-05T13:50:59,台灣運彩,822715,3476942.1,138,2026-07-06T01:00:00+08:00,匹茲堡海盜,華盛頓國民,匹茲堡海盜 @ 華盛頓國民,51429583.1,357,勝分差,252796881.1,華盛頓國民 > 2分,H,,2.40,5,7,H,,
2026-07-05,2026-07-05T13:50:59,台灣運彩,822715,3476942.1,138,2026-07-06T01:00:00+08:00,匹茲堡海盜,華盛頓國民,匹茲堡海盜 @ 華盛頓國民,51429581.1,358,讓分 -1.5,252796875.1,華盛頓國民 -1.5,H,-1.5,2.05,20,21,H,-1.5,1
2026-07-05,2026-07-05T13:50:59,台灣運彩,822715,3476942.1,138,2026-07-06T01:00:00+08:00,匹茲堡海盜,華盛頓國民,匹茲堡海盜 @ 華盛頓國民,51429581.1,358,讓分 -1.5,252796876.1,匹茲堡海盜 +1.5,A,-1.5,1.48,25,12,A,-1.5,2
2026-07-05,2026-07-05T13:50:59,台灣運彩,822715,3476942.1,138,2026-07-06T01:00:00+08:00,匹茲堡海盜,華盛頓國民,匹茲堡海盜 @ 華盛頓國民,51429585.1,358,讓分 -3.5,252796887.1,華盛頓國民 -3.5,H,-3.5,3.10,10,21,H,-3.5,1
2026-07-05,2026-07-05T13:50:59,台灣運彩,822715,3476942.1,138,2026-07-06T01:00:00+08:00,匹茲堡海盜,華盛頓國民,匹茲堡海盜 @ 華盛頓國民,51429585.1,358,讓分 -3.5,252796888.1,匹茲堡海盜 +3.5,A,-3.5,1.20,5,1,A,-3.5,2
2026-07-05,2026-07-05T13:50:59,台灣運彩,822715,3476942.1,138,2026-07-06T01:00:00+08:00,匹茲堡海盜,華盛頓國民,匹茲堡海盜 @ 華盛頓國民,51429588.1,358,讓分 -2.5,252796893.1,華盛頓國民 -2.5,H,-2.5,2.50,2,3,H,-2.5,1
2026-07-05,2026-07-05T13:50:59,台灣運彩,822715,3476942.1,138,2026-07-06T01:00:00+08:00,匹茲堡海盜,華盛頓國民,匹茲堡海盜 @ 華盛頓國民,51429588.1,358,讓分 -2.5,252796894.1,匹茲堡海盜 +2.5,A,-2.5,1.32,25,8,A,-2.5,2
2026-07-05,2026-07-05T13:50:59,台灣運彩,822715,3476942.1,138,2026-07-06T01:00:00+08:00,匹茲堡海盜,華盛頓國民,匹茲堡海盜 @ 華盛頓國民,51429579.1,360,[總分]大小 9.5,252796872.1,大 9.5,A,9.5,1.84,25,21,A,9.5,
2026-07-05,2026-07-05T13:50:59,台灣運彩,822715,3476942.1,138,2026-07-06T01:00:00+08:00,匹茲堡海盜,華盛頓國民,匹茲堡海盜 @ 華盛頓國民,51429579.1,360,[總分]大小 9.5,252796871.1,小 9.5,H,9.5,1.66,50,33,H,9.5,
2026-07-05,2026-07-05T13:50:59,台灣運彩,822715,3476942.1,138,2026-07-06T01:00:00+08:00,匹茲堡海盜,華盛頓國民,匹茲堡海盜 @ 華盛頓國民,51429586.1,360,[總分]大小 8.5,252796890.1,大 8.5,A,8.5,1.52,25,13,A,8.5,
2026-07-05,2026-07-05T13:50:59,台灣運彩,822715,3476942.1,138,2026-07-06T01:00:00+08:00,匹茲堡海盜,華盛頓國民,匹茲堡海盜 @ 華盛頓國民,51429586.1,360,[總分]大小 8.5,252796889.1,小 8.5,H,8.5,1.98,50,49,H,8.5,
2026-07-05,2026-07-05T13:50:59,台灣運彩,822715,3476942.1,138,2026-07-06T01:00:00+08:00,匹茲堡海盜,華盛頓國民,匹茲堡海盜 @ 華盛頓國民,51429587.1,360,[總分]大小 10.5,252796892.1,大 10.5,A,10.5,2.05,20,21,A,10.5,
2026-07-05,2026-07-05T13:50:59,台灣運彩,822715,3476942.1,138,2026-07-06T01:00:00+08:00,匹茲堡海盜,華盛頓國民,匹茲堡海盜 @ 華盛頓國民,51429587.1,360,[總分]大小 10.5,252796891.1,小 10.5,H,10.5,1.48,25,12,H,10.5,
2026-07-05,2026-07-05T13:50:59,台灣運彩,822715,3476942.1,138,2026-07-06T01:00:00+08:00,匹茲堡海盜,華盛頓國民,匹茲堡海盜 @ 華盛頓國民,51429580.1,362,華盛頓國民 大小 4.5,252796874.1,大 4.5,A,4.5,1.66,50,33,A,4.5,
2026-07-05,2026-07-05T13:50:59,台灣運彩,822715,3476942.1,138,2026-07-06T01:00:00+08:00,匹茲堡海盜,華盛頓國民,匹茲堡海盜 @ 華盛頓國民,51429580.1,362,華盛頓國民 大小 4.5,252796873.1,小 4.5,H,4.5,1.76,25,19,H,4.5,
2026-07-05,2026-07-05T13:50:59,台灣運彩,822715,3476942.1,138,2026-07-06T01:00:00+08:00,匹茲堡海盜,華盛頓國民,匹茲堡海盜 @ 華盛頓國民,51429582.1,363,匹茲堡海盜 大小 4.5,252796878.1,大 4.5,A,4.5,1.82,50,41,A,4.5,
2026-07-05,2026-07-05T13:50:59,台灣運彩,822715,3476942.1,138,2026-07-06T01:00:00+08:00,匹茲堡海盜,華盛頓國民,匹茲堡海盜 @ 華盛頓國民,51429582.1,363,匹茲堡海盜 大小 4.5,252796877.1,小 4.5,H,4.5,1.62,50,31,H,4.5,
2026-07-05,2026-07-05T13:50:59,台灣運彩,822715,3476942.1,138,2026-07-06T01:00:00+08:00,匹茲堡海盜,華盛頓國民,匹茲堡海盜 @ 華盛頓國民,51429584.1,366,[總分]單雙,252796886.1,單,,,1.50,2,1,,,
2026-07-05,2026-07-05T13:50:59,台灣運彩,822715,3476942.1,138,2026-07-06T01:00:00+08:00,匹茲堡海盜,華盛頓國民,匹茲堡海盜 @ 華盛頓國民,51429584.1,366,[總分]單雙,252796885.1,雙,,,1.96,25,24,,,
2026-07-05,2026-07-05T13:50:59,台灣運彩,824497,3476926.1,124,2026-07-06T01:05:00+08:00,巴爾的摩金鶯,辛辛那提紅人,巴爾的摩金鶯 @ 辛辛那提紅人,51429441.1,354,不讓分,252796514.1,辛辛那堤紅人,H,,1.74,50,37,H,,1
2026-07-05,2026-07-05T13:50:59,台灣運彩,824497,3476926.1,124,2026-07-06T01:05:00+08:00,巴爾的摩金鶯,辛辛那提紅人,巴爾的摩金鶯 @ 辛辛那提紅人,51429441.1,354,不讓分,252796515.1,巴爾的摩金鶯,A,,1.76,25,19,A,,2
2026-07-05,2026-07-05T13:50:59,台灣運彩,824497,3476926.1,124,2026-07-06T01:05:00+08:00,巴爾的摩金鶯,辛辛那提紅人,巴爾的摩金鶯 @ 辛辛那提紅人,51429445.1,357,勝分差,252796525.1,巴爾的摩金鶯 1 分,A,,5.90,10,49,A,,
2026-07-05,2026-07-05T13:50:59,台灣運彩,824497,3476926.1,124,2026-07-06T01:05:00+08:00,巴爾的摩金鶯,辛辛那提紅人,巴爾的摩金鶯 @ 辛辛那提紅人,51429445.1,357,勝分差,252796526.1,巴爾的摩金鶯 2 分,A,,7.50,2,13,A,,
2026-07-05,2026-07-05T13:50:59,台灣運彩,824497,3476926.1,124,2026-07-06T01:05:00+08:00,巴爾的摩金鶯,辛辛那提紅人,巴爾的摩金鶯 @ 辛辛那提紅人,51429445.1,357,勝分差,252796527.1,巴爾的摩金鶯 > 2分,A,,2.40,5,7,A,,
2026-07-05,2026-07-05T13:50:59,台灣運彩,824497,3476926.1,124,2026-07-06T01:05:00+08:00,巴爾的摩金鶯,辛辛那提紅人,巴爾的摩金鶯 @ 辛辛那提紅人,51429445.1,357,勝分差,252796522.1,辛辛那堤紅人 1 分,H,,4.20,5,16,H,,
2026-07-05,2026-07-05T13:50:59,台灣運彩,824497,3476926.1,124,2026-07-06T01:05:00+08:00,巴爾的摩金鶯,辛辛那提紅人,巴爾的摩金鶯 @ 辛辛那提紅人,51429445.1,357,勝分差,252796523.1,辛辛那堤紅人 2 分,H,,7.50,2,13,H,,
2026-07-05,2026-07-05T13:50:59,台灣運彩,824497,3476926.1,124,2026-07-06T01:05:00+08:00,巴爾的摩金鶯,辛辛那提紅人,巴爾的摩金鶯 @ 辛辛那提紅人,51429445.1,357,勝分差,252796524.1,辛辛那堤紅人 > 2分,H,,2.75,4,7,H,,
2026-07-05,2026-07-05T13:50:59,台灣運彩,824497,3476926.1,124,2026-07-06T01:05:00+08:00,巴爾的摩金鶯,辛辛那提紅人,巴爾的摩金鶯 @ 辛辛那提紅人,51429447.1,358,讓分 1.5,252796530.1,辛辛那堤紅人 +1.5,H,1.5,1.42,50,21,H,1.5,1
2026-07-05,2026-07-05T13:50:59,台灣運彩,824497,3476926.1,124,2026-07-06T01:05:00+08:00,巴爾的摩金鶯,辛辛那提紅人,巴爾的摩金鶯 @ 辛辛那提紅人,51429447.1,358,讓分 1.5,252796531.1,巴爾的摩金鶯 -1.5,A,1.5,2.20,5,6,A,1.5,2
2026-07-05,2026-07-05T13:50:59,台灣運彩,824497,3476926.1,124,2026-07-06T01:05:00+08:00,巴爾的摩金鶯,辛辛那提紅人,巴爾的摩金鶯 @ 辛辛那提紅人,51429446.1,360,[總分]大小 9.5,252796529.1,大 9.5,A,9.5,1.77,100,77,A,9.5,
2026-07-05,2026-07-05T13:50:59,台灣運彩,824497,3476926.1,124,2026-07-06T01:05:00+08:00,巴爾的摩金鶯,辛辛那提紅人,巴爾的摩金鶯 @ 辛辛那提紅人,51429446.1,360,[總分]大小 9.5,252796528.1,小 9.5,H,9.5,1.73,100,73,H,9.5,
2026-07-05,2026-07-05T13:50:59,台灣運彩,824497,3476926.1,124,2026-07-06T01:05:00+08:00,巴爾的摩金鶯,辛辛那提紅人,巴爾的摩金鶯 @ 辛辛那提紅人,51429443.1,362,辛辛那堤紅人 大小 4.5,252796519.1,大 4.5,A,4.5,1.75,4,3,A,4.5,
2026-07-05,2026-07-05T13:50:59,台灣運彩,824497,3476926.1,124,2026-07-06T01:05:00+08:00,巴爾的摩金鶯,辛辛那提紅人,巴爾的摩金鶯 @ 辛辛那提紅人,51429443.1,362,辛辛那堤紅人 大小 4.5,252796518.1,小 4.5,H,4.5,1.68,25,17,H,4.5,
2026-07-05,2026-07-05T13:50:59,台灣運彩,824497,3476926.1,124,2026-07-06T01:05:00+08:00,巴爾的摩金鶯,辛辛那提紅人,巴爾的摩金鶯 @ 辛辛那提紅人,51429444.1,363,巴爾的摩金鶯 大小 4.5,252796521.1,大 4.5,A,4.5,1.68,25,17,A,4.5,
2026-07-05,2026-07-05T13:50:59,台灣運彩,824497,3476926.1,124,2026-07-06T01:05:00+08:00,巴爾的摩金鶯,辛辛那提紅人,巴爾的摩金鶯 @ 辛辛那提紅人,51429444.1,363,巴爾的摩金鶯 大小 4.5,252796520.1,小 4.5,H,4.5,1.75,4,3,H,4.5,
2026-07-05,2026-07-05T13:50:59,台灣運彩,824497,3476926.1,124,2026-07-06T01:05:00+08:00,巴爾的摩金鶯,辛辛那提紅人,巴爾的摩金鶯 @ 辛辛那提紅人,51429442.1,366,[總分]單雙,252796517.1,單,,,1.46,50,23,,,
2026-07-05,2026-07-05T13:50:59,台灣運彩,824497,3476926.1,124,2026-07-06T01:05:00+08:00,巴爾的摩金鶯,辛辛那提紅人,巴爾的摩金鶯 @ 辛辛那提紅人,51429442.1,366,[總分]單雙,252796516.1,雙,,,1.93,100,93,,,
2026-07-05,2026-07-05T13:50:59,台灣運彩,824497,3476926.1,124,2026-07-06T01:05:00+08:00,巴爾的摩金鶯,辛辛那提紅人,巴爾的摩金鶯 @ 辛辛那提紅人,51429776.1,374,得分最高單局(不含延長賽),252797428.1,一樣多,,,2.30,10,13,,,
2026-07-05,2026-07-05T13:50:59,台灣運彩,824497,3476926.1,124,2026-07-06T01:05:00+08:00,巴爾的摩金鶯,辛辛那提紅人,巴爾的摩金鶯 @ 辛辛那提紅人,51429776.1,374,得分最高單局(不含延長賽),252797419.1,第1局,,,5.75,4,19,,,
2026-07-05,2026-07-05T13:50:59,台灣運彩,824497,3476926.1,124,2026-07-06T01:05:00+08:00,巴爾的摩金鶯,辛辛那提紅人,巴爾的摩金鶯 @ 辛辛那提紅人,51429776.1,374,得分最高單局(不含延長賽),252797420.1,第2局,,,7.00,1,6,,,
2026-07-05,2026-07-05T13:50:59,台灣運彩,824497,3476926.1,124,2026-07-06T01:05:00+08:00,巴爾的摩金鶯,辛辛那提紅人,巴爾的摩金鶯 @ 辛辛那提紅人,51429776.1,374,得分最高單局(不含延長賽),252797421.1,第3局,,,6.00,1,5,,,
2026-07-05,2026-07-05T13:50:59,台灣運彩,824497,3476926.1,124,2026-07-06T01:05:00+08:00,巴爾的摩金鶯,辛辛那提紅人,巴爾的摩金鶯 @ 辛辛那提紅人,51429776.1,374,得分最高單局(不含延長賽),252797422.1,第4局,,,6.75,4,23,,,
2026-07-05,2026-07-05T13:50:59,台灣運彩,824497,3476926.1,124,2026-07-06T01:05:00+08:00,巴爾的摩金鶯,辛辛那提紅人,巴爾的摩金鶯 @ 辛辛那提紅人,51429776.1,374,得分最高單局(不含延長賽),252797423.1,第5局,,,6.25,4,21,,,
2026-07-05,2026-07-05T13:50:59,台灣運彩,824497,3476926.1,124,2026-07-06T01:05:00+08:00,巴爾的摩金鶯,辛辛那提紅人,巴爾的摩金鶯 @ 辛辛那提紅人,51429776.1,374,得分最高單局(不含延長賽),252797424.1,第6局,,,5.40,5,22,,,
2026-07-05,2026-07-05T13:50:59,台灣運彩,824497,3476926.1,124,2026-07-06T01:05:00+08:00,巴爾的摩金鶯,辛辛那提紅人,巴爾的摩金鶯 @ 辛辛那提紅人,51429776.1,374,得分最高單局(不含延長賽),252797425.1,第7局,,,5.70,10,47,,,
2026-07-05,2026-07-05T13:50:59,台灣運彩,824497,3476926.1,124,2026-07-06T01:05:00+08:00,巴爾的摩金鶯,辛辛那提紅人,巴爾的摩金鶯 @ 辛辛那提紅人,51429776.1,374,得分最高單局(不含延長賽),252797426.1,第8局,,,5.50,2,9,,,
2026-07-05,2026-07-05T13:50:59,台灣運彩,824497,3476926.1,124,2026-07-06T01:05:00+08:00,巴爾的摩金鶯,辛辛那提紅人,巴爾的摩金鶯 @ 辛辛那提紅人,51429776.1,374,得分最高單局(不含延長賽),252797427.1,第9局,,,8.00,1,7,,,
2026-07-05,2026-07-05T13:50:59,台灣運彩,824497,3476926.1,124,2026-07-06T01:05:00+08:00,巴爾的摩金鶯,辛辛那提紅人,巴爾的摩金鶯 @ 辛辛那提紅人,51429775.1,376,[1-5局] 不讓分,252797416.1,辛辛那堤紅人,H,,1.80,5,4,H,,1
2026-07-05,2026-07-05T13:50:59,台灣運彩,824497,3476926.1,124,2026-07-06T01:05:00+08:00,巴爾的摩金鶯,辛辛那提紅人,巴爾的摩金鶯 @ 辛辛那提紅人,51429775.1,376,[1-5局] 不讓分,252797418.1,巴爾的摩金鶯,A,,1.80,5,4,A,,2
2026-07-05,2026-07-05T13:50:59,台灣運彩,824497,3476926.1,124,2026-07-06T01:05:00+08:00,巴爾的摩金鶯,辛辛那提紅人,巴爾的摩金鶯 @ 辛辛那提紅人,51429775.1,376,[1-5局] 不讓分,252797417.1,和局,D,,4.95,20,79,D,,
2026-07-05,2026-07-05T13:50:59,台灣運彩,824497,3476926.1,124,2026-07-06T01:05:00+08:00,巴爾的摩金鶯,辛辛那提紅人,巴爾的摩金鶯 @ 辛辛那提紅人,51429777.1,378,[1-5局] 大小 4.5,252797430.1,大 4.5,A,4.5,1.56,25,14,A,4.5,
2026-07-05,2026-07-05T13:50:59,台灣運彩,824497,3476926.1,124,2026-07-06T01:05:00+08:00,巴爾的摩金鶯,辛辛那提紅人,巴爾的摩金鶯 @ 辛辛那提紅人,51429777.1,378,[1-5局] 大小 4.5,252797429.1,小 4.5,H,4.5,1.78,50,39,H,4.5,
2026-07-05,2026-07-05T13:50:59,台灣運彩,824497,3476926.1,124,2026-07-06T01:05:00+08:00,巴爾的摩金鶯,辛辛那提紅人,巴爾的摩金鶯 @ 辛辛那提紅人,51429772.1,379,[1-5局] 辛辛那堤紅人 大小 2.5,252797410.1,大 2.5,A,2.5,1.88,25,22,A,2.5,
2026-07-05,2026-07-05T13:50:59,台灣運彩,824497,3476926.1,124,2026-07-06T01:05:00+08:00,巴爾的摩金鶯,辛辛那提紅人,巴爾的摩金鶯 @ 辛辛那提紅人,51429772.1,379,[1-5局] 辛辛那堤紅人 大小 2.5,252797409.1,小 2.5,H,2.5,1.56,25,14,H,2.5,
2026-07-05,2026-07-05T13:50:59,台灣運彩,824497,3476926.1,124,2026-07-06T01:05:00+08:00,巴爾的摩金鶯,辛辛那提紅人,巴爾的摩金鶯 @ 辛辛那提紅人,51429771.1,380,[1-5局] 巴爾的摩金鶯 大小 2.5,252797408.1,大 2.5,A,2.5,1.90,10,9,A,2.5,
2026-07-05,2026-07-05T13:50:59,台灣運彩,824497,3476926.1,124,2026-07-06T01:05:00+08:00,巴爾的摩金鶯,辛辛那提紅人,巴爾的摩金鶯 @ 辛辛那提紅人,51429771.1,380,[1-5局] 巴爾的摩金鶯 大小 2.5,252797407.1,小 2.5,H,2.5,1.55,20,11,H,2.5,
2026-07-05,2026-07-05T13:50:59,台灣運彩,824497,3476926.1,124,2026-07-06T01:05:00+08:00,巴爾的摩金鶯,辛辛那提紅人,巴爾的摩金鶯 @ 辛辛那提紅人,51429773.1,389,[第1局] 不讓分,252797411.1,辛辛那堤紅人,H,,2.95,20,39,H,,1
2026-07-05,2026-07-05T13:50:59,台灣運彩,824497,3476926.1,124,2026-07-06T01:05:00+08:00,巴爾的摩金鶯,辛辛那提紅人,巴爾的摩金鶯 @ 辛辛那提紅人,51429773.1,389,[第1局] 不讓分,252797413.1,巴爾的摩金鶯,A,,3.05,20,41,A,,2
2026-07-05,2026-07-05T13:50:59,台灣運彩,824497,3476926.1,124,2026-07-06T01:05:00+08:00,巴爾的摩金鶯,辛辛那提紅人,巴爾的摩金鶯 @ 辛辛那提紅人,51429773.1,389,[第1局] 不讓分,252797412.1,和局,D,,1.60,5,3,D,,
2026-07-05,2026-07-05T13:50:59,台灣運彩,824497,3476926.1,124,2026-07-06T01:05:00+08:00,巴爾的摩金鶯,辛辛那提紅人,巴爾的摩金鶯 @ 辛辛那提紅人,51429774.1,398,[第1局] 大小 0.5,252797415.1,大 0.5,A,0.5,1.63,100,63,A,0.5,
2026-07-05,2026-07-05T13:50:59,台灣運彩,824497,3476926.1,124,2026-07-06T01:05:00+08:00,巴爾的摩金鶯,辛辛那提紅人,巴爾的摩金鶯 @ 辛辛那提紅人,51429774.1,398,[第1局] 大小 0.5,252797414.1,小 0.5,H,0.5,1.70,10,7,H,0.5,
2026-07-05,2026-07-05T13:50:59,台灣運彩,823525,3476907.1,110,2026-07-06T01:35:00+08:00,明尼蘇達雙城,紐約洋基,明尼蘇達雙城 @ 紐約洋基,51429112.1,354,不讓分,252795513.1,紐約洋基,H,,1.50,2,1,H,,1
2026-07-05,2026-07-05T13:50:59,台灣運彩,823525,3476907.1,110,2026-07-06T01:35:00+08:00,明尼蘇達雙城,紐約洋基,明尼蘇達雙城 @ 紐約洋基,51429112.1,354,不讓分,252795514.1,明尼蘇達雙城,A,,2.00,1,1,A,,2
2026-07-05,2026-07-05T13:50:59,台灣運彩,823525,3476907.1,110,2026-07-06T01:35:00+08:00,明尼蘇達雙城,紐約洋基,明尼蘇達雙城 @ 紐約洋基,51429120.1,357,勝分差,252795532.1,明尼蘇達雙城 1 分,A,,6.00,1,5,A,,
2026-07-05,2026-07-05T13:50:59,台灣運彩,823525,3476907.1,110,2026-07-06T01:35:00+08:00,明尼蘇達雙城,紐約洋基,明尼蘇達雙城 @ 紐約洋基,51429120.1,357,勝分差,252795533.1,明尼蘇達雙城 2 分,A,,8.00,1,7,A,,
2026-07-05,2026-07-05T13:50:59,台灣運彩,823525,3476907.1,110,2026-07-06T01:35:00+08:00,明尼蘇達雙城,紐約洋基,明尼蘇達雙城 @ 紐約洋基,51429120.1,357,勝分差,252795534.1,明尼蘇達雙城 > 2分,A,,3.10,10,21,A,,
2026-07-05,2026-07-05T13:50:59,台灣運彩,823525,3476907.1,110,2026-07-06T01:35:00+08:00,明尼蘇達雙城,紐約洋基,明尼蘇達雙城 @ 紐約洋基,51429120.1,357,勝分差,252795529.1,紐約洋基 1 分,H,,3.95,20,59,H,,
2026-07-05,2026-07-05T13:50:59,台灣運彩,823525,3476907.1,110,2026-07-06T01:35:00+08:00,明尼蘇達雙城,紐約洋基,明尼蘇達雙城 @ 紐約洋基,51429120.1,357,勝分差,252795530.1,紐約洋基 2 分,H,,6.75,4,23,H,,
2026-07-05,2026-07-05T13:50:59,台灣運彩,823525,3476907.1,110,2026-07-06T01:35:00+08:00,明尼蘇達雙城,紐約洋基,明尼蘇達雙城 @ 紐約洋基,51429120.1,357,勝分差,252795531.1,紐約洋基 > 2分,H,,2.30,10,13,H,,
2026-07-05,2026-07-05T13:50:59,台灣運彩,823525,3476907.1,110,2026-07-06T01:35:00+08:00,明尼蘇達雙城,紐約洋基,明尼蘇達雙城 @ 紐約洋基,51429111.1,358,讓分 -2.5,252795511.1,紐約洋基 -2.5,H,-2.5,2.47,100,147,H,-2.5,1
2026-07-05,2026-07-05T13:50:59,台灣運彩,823525,3476907.1,110,2026-07-06T01:35:00+08:00,明尼蘇達雙城,紐約洋基,明尼蘇達雙城 @ 紐約洋基,51429111.1,358,讓分 -2.5,252795512.1,明尼蘇達雙城 +2.5,A,-2.5,1.33,100,33,A,-2.5,2
2026-07-05,2026-07-05T13:50:59,台灣運彩,823525,3476907.1,110,2026-07-06T01:35:00+08:00,明尼蘇達雙城,紐約洋基,明尼蘇達雙城 @ 紐約洋基,51429114.1,358,讓分 -1.5,252795517.1,紐約洋基 -1.5,H,-1.5,2.00,1,1,H,-1.5,1
2026-07-05,2026-07-05T13:50:59,台灣運彩,823525,3476907.1,110,2026-07-06T01:35:00+08:00,明尼蘇達雙城,紐約洋基,明尼蘇達雙城 @ 紐約洋基,51429114.1,358,讓分 -1.5,252795518.1,明尼蘇達雙城 +1.5,A,-1.5,1.50,2,1,A,-1.5,2
2026-07-05,2026-07-05T13:50:59,台灣運彩,823525,3476907.1,110,2026-07-06T01:35:00+08:00,明尼蘇達雙城,紐約洋基,明尼蘇達雙城 @ 紐約洋基,51429115.1,360,[總分]大小 9.5,252795520.1,大 9.5,A,9.5,2.05,20,21,A,9.5,
2026-07-05,2026-07-05T13:50:59,台灣運彩,823525,3476907.1,110,2026-07-06T01:35:00+08:00,明尼蘇達雙城,紐約洋基,明尼蘇達雙城 @ 紐約洋基,51429115.1,360,[總分]大小 9.5,252795519.1,小 9.5,H,9.5,1.48,25,12,H,9.5,
2026-07-05,2026-07-05T13:50:59,台灣運彩,823525,3476907.1,110,2026-07-06T01:35:00+08:00,明尼蘇達雙城,紐約洋基,明尼蘇達雙城 @ 紐約洋基,51429116.1,360,[總分]大小 7.5,252795522.1,大 7.5,A,7.5,1.50,2,1,A,7.5,
2026-07-05,2026-07-05T13:50:59,台灣運彩,823525,3476907.1,110,2026-07-06T01:35:00+08:00,明尼蘇達雙城,紐約洋基,明尼蘇達雙城 @ 紐約洋基,51429116.1,360,[總分]大小 7.5,252795521.1,小 7.5,H,7.5,2.00,1,1,H,7.5,
2026-07-05,2026-07-05T13:50:59,台灣運彩,823525,3476907.1,110,2026-07-06T01:35:00+08:00,明尼蘇達雙城,紐約洋基,明尼蘇達雙城 @ 紐約洋基,51429119.1,360,[總分]大小 8.5,252795528.1,大 8.5,A,8.5,1.72,25,18,A,8.5,
2026-07-05,2026-07-05T13:50:59,台灣運彩,823525,3476907.1,110,2026-07-06T01:35:00+08:00,明尼蘇達雙城,紐約洋基,明尼蘇達雙城 @ 紐約洋基,51429119.1,360,[總分]大小 8.5,252795527.1,小 8.5,H,8.5,1.78,50,39,H,8.5,
2026-07-05,2026-07-05T13:50:59,台灣運彩,823525,3476907.1,110,2026-07-06T01:35:00+08:00,明尼蘇達雙城,紐約洋基,明尼蘇達雙城 @ 紐約洋基,51429117.1,362,紐約洋基 大小 4.5,252795524.1,大 4.5,A,4.5,1.75,4,3,A,4.5,
2026-07-05,2026-07-05T13:50:59,台灣運彩,823525,3476907.1,110,2026-07-06T01:35:00+08:00,明尼蘇達雙城,紐約洋基,明尼蘇達雙城 @ 紐約洋基,51429117.1,362,紐約洋基 大小 4.5,252795523.1,小 4.5,H,4.5,1.68,25,17,H,4.5,
2026-07-05,2026-07-05T13:50:59,台灣運彩,823525,3476907.1,110,2026-07-06T01:35:00+08:00,明尼蘇達雙城,紐約洋基,明尼蘇達雙城 @ 紐約洋基,51429118.1,363,明尼蘇達雙城 大小 3.5,252795526.1,大 3.5,A,3.5,1.66,50,33,A,3.5,
2026-07-05,2026-07-05T13:50:59,台灣運彩,823525,3476907.1,110,2026-07-06T01:35:00+08:00,明尼蘇達雙城,紐約洋基,明尼蘇達雙城 @ 紐約洋基,51429118.1,363,明尼蘇達雙城 大小 3.5,252795525.1,小 3.5,H,3.5,1.76,25,19,H,3.5,
2026-07-05,2026-07-05T13:50:59,台灣運彩,823525,3476907.1,110,2026-07-06T01:35:00+08:00,明尼蘇達雙城,紐約洋基,明尼蘇達雙城 @ 紐約洋基,51429110.1,366,[總分]單雙,252795510.1,單,,,1.48,25,12,,,
2026-07-05,2026-07-05T13:50:59,台灣運彩,823525,3476907.1,110,2026-07-06T01:35:00+08:00,明尼蘇達雙城,紐約洋基,明尼蘇達雙城 @ 紐約洋基,51429110.1,366,[總分]單雙,252795509.1,雙,,,2.00,1,1,,,
2026-07-05,2026-07-05T13:50:59,台灣運彩,823525,3476907.1,110,2026-07-06T01:35:00+08:00,明尼蘇達雙城,紐約洋基,明尼蘇達雙城 @ 紐約洋基,51429817.1,374,得分最高單局(不含延長賽),252797560.1,一樣多,,,2.25,4,5,,,
2026-07-05,2026-07-05T13:50:59,台灣運彩,823525,3476907.1,110,2026-07-06T01:35:00+08:00,明尼蘇達雙城,紐約洋基,明尼蘇達雙城 @ 紐約洋基,51429817.1,374,得分最高單局(不含延長賽),252797551.1,第1局,,,5.55,20,91,,,
2026-07-05,2026-07-05T13:50:59,台灣運彩,823525,3476907.1,110,2026-07-06T01:35:00+08:00,明尼蘇達雙城,紐約洋基,明尼蘇達雙城 @ 紐約洋基,51429817.1,374,得分最高單局(不含延長賽),252797552.1,第2局,,,6.75,4,23,,,
2026-07-05,2026-07-05T13:50:59,台灣運彩,823525,3476907.1,110,2026-07-06T01:35:00+08:00,明尼蘇達雙城,紐約洋基,明尼蘇達雙城 @ 紐約洋基,51429817.1,374,得分最高單局(不含延長賽),252797553.1,第3局,,,5.80,5,24,,,
2026-07-05,2026-07-05T13:50:59,台灣運彩,823525,3476907.1,110,2026-07-06T01:35:00+08:00,明尼蘇達雙城,紐約洋基,明尼蘇達雙城 @ 紐約洋基,51429817.1,374,得分最高單局(不含延長賽),252797554.1,第4局,,,6.50,2,11,,,
2026-07-05,2026-07-05T13:50:59,台灣運彩,823525,3476907.1,110,2026-07-06T01:35:00+08:00,明尼蘇達雙城,紐約洋基,明尼蘇達雙城 @ 紐約洋基,51429817.1,374,得分最高單局(不含延長賽),252797555.1,第5局,,,6.00,1,5,,,
2026-07-05,2026-07-05T13:50:59,台灣運彩,823525,3476907.1,110,2026-07-06T01:35:00+08:00,明尼蘇達雙城,紐約洋基,明尼蘇達雙城 @ 紐約洋基,51429817.1,374,得分最高單局(不含延長賽),252797556.1,第6局,,,5.65,20,93,,,
2026-07-05,2026-07-05T13:50:59,台灣運彩,823525,3476907.1,110,2026-07-06T01:35:00+08:00,明尼蘇達雙城,紐約洋基,明尼蘇達雙城 @ 紐約洋基,51429817.1,374,得分最高單局(不含延長賽),252797557.1,第7局,,,5.70,10,47,,,
2026-07-05,2026-07-05T13:50:59,台灣運彩,823525,3476907.1,110,2026-07-06T01:35:00+08:00,明尼蘇達雙城,紐約洋基,明尼蘇達雙城 @ 紐約洋基,51429817.1,374,得分最高單局(不含延長賽),252797558.1,第8局,,,5.65,20,93,,,
2026-07-05,2026-07-05T13:50:59,台灣運彩,823525,3476907.1,110,2026-07-06T01:35:00+08:00,明尼蘇達雙城,紐約洋基,明尼蘇達雙城 @ 紐約洋基,51429817.1,374,得分最高單局(不含延長賽),252797559.1,第9局,,,8.00,1,7,,,
2026-07-05,2026-07-05T13:50:59,台灣運彩,823525,3476907.1,110,2026-07-06T01:35:00+08:00,明尼蘇達雙城,紐約洋基,明尼蘇達雙城 @ 紐約洋基,51429816.1,376,[1-5局] 不讓分,252797548.1,紐約洋基,H,,1.60,5,3,H,,1
2026-07-05,2026-07-05T13:50:59,台灣運彩,823525,3476907.1,110,2026-07-06T01:35:00+08:00,明尼蘇達雙城,紐約洋基,明尼蘇達雙城 @ 紐約洋基,51429816.1,376,[1-5局] 不讓分,252797550.1,明尼蘇達雙城,A,,2.15,20,23,A,,2
2026-07-05,2026-07-05T13:50:59,台灣運彩,823525,3476907.1,110,2026-07-06T01:35:00+08:00,明尼蘇達雙城,紐約洋基,明尼蘇達雙城 @ 紐約洋基,51429816.1,376,[1-5局] 不讓分,252797549.1,和局,D,,4.65,20,73,D,,
2026-07-05,2026-07-05T13:50:59,台灣運彩,823525,3476907.1,110,2026-07-06T01:35:00+08:00,明尼蘇達雙城,紐約洋基,明尼蘇達雙城 @ 紐約洋基,51429814.1,378,[1-5局] 大小 4.5,252797544.1,大 4.5,A,4.5,1.68,25,17,A,4.5,
2026-07-05,2026-07-05T13:50:59,台灣運彩,823525,3476907.1,110,2026-07-06T01:35:00+08:00,明尼蘇達雙城,紐約洋基,明尼蘇達雙城 @ 紐約洋基,51429814.1,378,[1-5局] 大小 4.5,252797543.1,小 4.5,H,4.5,1.65,20,13,H,4.5,
2026-07-05,2026-07-05T13:50:59,台灣運彩,823525,3476907.1,110,2026-07-06T01:35:00+08:00,明尼蘇達雙城,紐約洋基,明尼蘇達雙城 @ 紐約洋基,51429811.1,379,[1-5局] 紐約洋基 大小 2.5,252797538.1,大 2.5,A,2.5,1.82,50,41,A,2.5,
2026-07-05,2026-07-05T13:50:59,台灣運彩,823525,3476907.1,110,2026-07-06T01:35:00+08:00,明尼蘇達雙城,紐約洋基,明尼蘇達雙城 @ 紐約洋基,51429811.1,379,[1-5局] 紐約洋基 大小 2.5,252797537.1,小 2.5,H,2.5,1.62,50,31,H,2.5,
2026-07-05,2026-07-05T13:50:59,台灣運彩,823525,3476907.1,110,2026-07-06T01:35:00+08:00,明尼蘇達雙城,紐約洋基,明尼蘇達雙城 @ 紐約洋基,51429813.1,380,[1-5局] 明尼蘇達雙城 大小 1.5,252797542.1,大 1.5,A,1.5,1.65,20,13,A,1.5,
2026-07-05,2026-07-05T13:50:59,台灣運彩,823525,3476907.1,110,2026-07-06T01:35:00+08:00,明尼蘇達雙城,紐約洋基,明尼蘇達雙城 @ 紐約洋基,51429813.1,380,[1-5局] 明尼蘇達雙城 大小 1.5,252797541.1,小 1.5,H,1.5,1.78,50,39,H,1.5,
2026-07-05,2026-07-05T13:50:59,台灣運彩,823525,3476907.1,110,2026-07-06T01:35:00+08:00,明尼蘇達雙城,紐約洋基,明尼蘇達雙城 @ 紐約洋基,51429815.1,389,[第1局] 不讓分,252797545.1,紐約洋基,H,,2.70,10,17,H,,1
2026-07-05,2026-07-05T13:50:59,台灣運彩,823525,3476907.1,110,2026-07-06T01:35:00+08:00,明尼蘇達雙城,紐約洋基,明尼蘇達雙城 @ 紐約洋基,51429815.1,389,[第1局] 不讓分,252797547.1,明尼蘇達雙城,A,,3.65,20,53,A,,2
2026-07-05,2026-07-05T13:50:59,台灣運彩,823525,3476907.1,110,2026-07-06T01:35:00+08:00,明尼蘇達雙城,紐約洋基,明尼蘇達雙城 @ 紐約洋基,51429815.1,389,[第1局] 不讓分,252797546.1,和局,D,,1.55,20,11,D,,
2026-07-05,2026-07-05T13:50:59,台灣運彩,823525,3476907.1,110,2026-07-06T01:35:00+08:00,明尼蘇達雙城,紐約洋基,明尼蘇達雙城 @ 紐約洋基,51429812.1,398,[第1局] 大小 0.5,252797540.1,大 0.5,A,0.5,1.70,10,7,A,0.5,
2026-07-05,2026-07-05T13:50:59,台灣運彩,823525,3476907.1,110,2026-07-06T01:35:00+08:00,明尼蘇達雙城,紐約洋基,明尼蘇達雙城 @ 紐約洋基,51429812.1,398,[第1局] 大小 0.5,252797539.1,小 0.5,H,0.5,1.63,100,63,H,0.5,
2026-07-05,2026-07-05T13:50:59,台灣運彩,824413,3476921.1,118,2026-07-06T02:00:00+08:00,芝加哥白襪,克里夫蘭守護者,芝加哥白襪 @ 克里夫蘭守護者,51429414.1,354,不讓分,252796452.1,克里夫蘭守護者,H,,1.46,50,23,H,,1
2026-07-05,2026-07-05T13:50:59,台灣運彩,824413,3476921.1,118,2026-07-06T02:00:00+08:00,芝加哥白襪,克里夫蘭守護者,芝加哥白襪 @ 克里夫蘭守護者,51429414.1,354,不讓分,252796453.1,芝加哥白襪,A,,2.07,100,107,A,,2
2026-07-05,2026-07-05T13:50:59,台灣運彩,824413,3476921.1,118,2026-07-06T02:00:00+08:00,芝加哥白襪,克里夫蘭守護者,芝加哥白襪 @ 克里夫蘭守護者,51429424.1,357,勝分差,252796472.1,克里夫蘭守護者 1 分,H,,3.90,10,29,H,,
2026-07-05,2026-07-05T13:50:59,台灣運彩,824413,3476921.1,118,2026-07-06T02:00:00+08:00,芝加哥白襪,克里夫蘭守護者,芝加哥白襪 @ 克里夫蘭守護者,51429424.1,357,勝分差,252796473.1,克里夫蘭守護者 2 分,H,,6.75,4,23,H,,
2026-07-05,2026-07-05T13:50:59,台灣運彩,824413,3476921.1,118,2026-07-06T02:00:00+08:00,芝加哥白襪,克里夫蘭守護者,芝加哥白襪 @ 克里夫蘭守護者,51429424.1,357,勝分差,252796474.1,克里夫蘭守護者 > 2分,H,,2.30,10,13,H,,
2026-07-05,2026-07-05T13:50:59,台灣運彩,824413,3476921.1,118,2026-07-06T02:00:00+08:00,芝加哥白襪,克里夫蘭守護者,芝加哥白襪 @ 克里夫蘭守護者,51429424.1,357,勝分差,252796475.1,芝加哥白襪 1 分,A,,5.80,5,24,A,,
2026-07-05,2026-07-05T13:50:59,台灣運彩,824413,3476921.1,118,2026-07-06T02:00:00+08:00,芝加哥白襪,克里夫蘭守護者,芝加哥白襪 @ 克里夫蘭守護者,51429424.1,357,勝分差,252796476.1,芝加哥白襪 2 分,A,,8.00,1,7,A,,
2026-07-05,2026-07-05T13:50:59,台灣運彩,824413,3476921.1,118,2026-07-06T02:00:00+08:00,芝加哥白襪,克里夫蘭守護者,芝加哥白襪 @ 克里夫蘭守護者,51429424.1,357,勝分差,252796477.1,芝加哥白襪 > 2分,A,,3.20,5,11,A,,
2026-07-05,2026-07-05T13:50:59,台灣運彩,824413,3476921.1,118,2026-07-06T02:00:00+08:00,芝加哥白襪,克里夫蘭守護者,芝加哥白襪 @ 克里夫蘭守護者,51429417.1,358,讓分 -1.5,252796458.1,克里夫蘭守護者 -1.5,H,-1.5,1.95,20,19,H,-1.5,1
2026-07-05,2026-07-05T13:50:59,台灣運彩,824413,3476921.1,118,2026-07-06T02:00:00+08:00,芝加哥白襪,克里夫蘭守護者,芝加哥白襪 @ 克里夫蘭守護者,51429417.1,358,讓分 -1.5,252796459.1,芝加哥白襪 +1.5,A,-1.5,1.55,20,11,A,-1.5,2
2026-07-05,2026-07-05T13:50:59,台灣運彩,824413,3476921.1,118,2026-07-06T02:00:00+08:00,芝加哥白襪,克里夫蘭守護者,芝加哥白襪 @ 克里夫蘭守護者,51429423.1,358,讓分 -2.5,252796470.1,克里夫蘭守護者 -2.5,H,-2.5,2.40,5,7,H,-2.5,1
2026-07-05,2026-07-05T13:50:59,台灣運彩,824413,3476921.1,118,2026-07-06T02:00:00+08:00,芝加哥白襪,克里夫蘭守護者,芝加哥白襪 @ 克里夫蘭守護者,51429423.1,358,讓分 -2.5,252796471.1,芝加哥白襪 +2.5,A,-2.5,1.36,25,9,A,-2.5,2
2026-07-05,2026-07-05T13:50:59,台灣運彩,824413,3476921.1,118,2026-07-06T02:00:00+08:00,芝加哥白襪,克里夫蘭守護者,芝加哥白襪 @ 克里夫蘭守護者,51429416.1,360,[總分]大小 8.5,252796457.1,大 8.5,A,8.5,1.76,25,19,A,8.5,
2026-07-05,2026-07-05T13:50:59,台灣運彩,824413,3476921.1,118,2026-07-06T02:00:00+08:00,芝加哥白襪,克里夫蘭守護者,芝加哥白襪 @ 克里夫蘭守護者,51429416.1,360,[總分]大小 8.5,252796456.1,小 8.5,H,8.5,1.74,50,37,H,8.5,
2026-07-05,2026-07-05T13:50:59,台灣運彩,824413,3476921.1,118,2026-07-06T02:00:00+08:00,芝加哥白襪,克里夫蘭守護者,芝加哥白襪 @ 克里夫蘭守護者,51429420.1,360,[總分]大小 9.5,252796465.1,大 9.5,A,9.5,2.10,10,11,A,9.5,
2026-07-05,2026-07-05T13:50:59,台灣運彩,824413,3476921.1,118,2026-07-06T02:00:00+08:00,芝加哥白襪,克里夫蘭守護者,芝加哥白襪 @ 克里夫蘭守護者,51429420.1,360,[總分]大小 9.5,252796464.1,小 9.5,H,9.5,1.45,20,9,H,9.5,
2026-07-05,2026-07-05T13:50:59,台灣運彩,824413,3476921.1,118,2026-07-06T02:00:00+08:00,芝加哥白襪,克里夫蘭守護者,芝加哥白襪 @ 克里夫蘭守護者,51429421.1,360,[總分]大小 7.5,252796467.1,大 7.5,A,7.5,1.53,100,53,A,7.5,
2026-07-05,2026-07-05T13:50:59,台灣運彩,824413,3476921.1,118,2026-07-06T02:00:00+08:00,芝加哥白襪,克里夫蘭守護者,芝加哥白襪 @ 克里夫蘭守護者,51429421.1,360,[總分]大小 7.5,252796466.1,小 7.5,H,7.5,1.97,100,97,H,7.5,
2026-07-05,2026-07-05T13:50:59,台灣運彩,824413,3476921.1,118,2026-07-06T02:00:00+08:00,芝加哥白襪,克里夫蘭守護者,芝加哥白襪 @ 克里夫蘭守護者,51429419.1,362,克里夫蘭守護者 大小 4.5,252796463.1,大 4.5,A,4.5,1.76,25,19,A,4.5,
2026-07-05,2026-07-05T13:50:59,台灣運彩,824413,3476921.1,118,2026-07-06T02:00:00+08:00,芝加哥白襪,克里夫蘭守護者,芝加哥白襪 @ 克里夫蘭守護者,51429419.1,362,克里夫蘭守護者 大小 4.5,252796462.1,小 4.5,H,4.5,1.66,50,33,H,4.5,
2026-07-05,2026-07-05T13:50:59,台灣運彩,824413,3476921.1,118,2026-07-06T02:00:00+08:00,芝加哥白襪,克里夫蘭守護者,芝加哥白襪 @ 克里夫蘭守護者,51429422.1,363,芝加哥白襪 大小 3.5,252796469.1,大 3.5,A,3.5,1.70,10,7,A,3.5,
2026-07-05,2026-07-05T13:50:59,台灣運彩,824413,3476921.1,118,2026-07-06T02:00:00+08:00,芝加哥白襪,克里夫蘭守護者,芝加哥白襪 @ 克里夫蘭守護者,51429422.1,363,芝加哥白襪 大小 3.5,252796468.1,小 3.5,H,3.5,1.73,100,73,H,3.5,
2026-07-05,2026-07-05T13:50:59,台灣運彩,824413,3476921.1,118,2026-07-06T02:00:00+08:00,芝加哥白襪,克里夫蘭守護者,芝加哥白襪 @ 克里夫蘭守護者,51429415.1,366,[總分]單雙,252796455.1,單,,,1.48,25,12,,,
2026-07-05,2026-07-05T13:50:59,台灣運彩,824413,3476921.1,118,2026-07-06T02:00:00+08:00,芝加哥白襪,克里夫蘭守護者,芝加哥白襪 @ 克里夫蘭守護者,51429415.1,366,[總分]單雙,252796454.1,雙,,,2.00,1,1,,,
2026-07-05,2026-07-05T13:50:59,台灣運彩,824413,3476921.1,118,2026-07-06T02:00:00+08:00,芝加哥白襪,克里夫蘭守護者,芝加哥白襪 @ 克里夫蘭守護者,51429975.1,374,得分最高單局(不含延長賽),252797955.1,一樣多,,,2.25,4,5,,,
2026-07-05,2026-07-05T13:50:59,台灣運彩,824413,3476921.1,118,2026-07-06T02:00:00+08:00,芝加哥白襪,克里夫蘭守護者,芝加哥白襪 @ 克里夫蘭守護者,51429975.1,374,得分最高單局(不含延長賽),252797946.1,第1局,,,5.20,5,21,,,
2026-07-05,2026-07-05T13:50:59,台灣運彩,824413,3476921.1,118,2026-07-06T02:00:00+08:00,芝加哥白襪,克里夫蘭守護者,芝加哥白襪 @ 克里夫蘭守護者,51429975.1,374,得分最高單局(不含延長賽),252797947.1,第2局,,,6.25,4,21,,,
2026-07-05,2026-07-05T13:50:59,台灣運彩,824413,3476921.1,118,2026-07-06T02:00:00+08:00,芝加哥白襪,克里夫蘭守護者,芝加哥白襪 @ 克里夫蘭守護者,51429975.1,374,得分最高單局(不含延長賽),252797948.1,第3局,,,5.35,20,87,,,
2026-07-05,2026-07-05T13:50:59,台灣運彩,824413,3476921.1,118,2026-07-06T02:00:00+08:00,芝加哥白襪,克里夫蘭守護者,芝加哥白襪 @ 克里夫蘭守護者,51429975.1,374,得分最高單局(不含延長賽),252797949.1,第4局,,,6.00,1,5,,,
2026-07-05,2026-07-05T13:50:59,台灣運彩,824413,3476921.1,118,2026-07-06T02:00:00+08:00,芝加哥白襪,克里夫蘭守護者,芝加哥白襪 @ 克里夫蘭守護者,51429975.1,374,得分最高單局(不含延長賽),252797950.1,第5局,,,5.80,5,24,,,
2026-07-05,2026-07-05T13:50:59,台灣運彩,824413,3476921.1,118,2026-07-06T02:00:00+08:00,芝加哥白襪,克里夫蘭守護者,芝加哥白襪 @ 克里夫蘭守護者,51429975.1,374,得分最高單局(不含延長賽),252797951.1,第6局,,,6.25,4,21,,,
2026-07-05,2026-07-05T13:50:59,台灣運彩,824413,3476921.1,118,2026-07-06T02:00:00+08:00,芝加哥白襪,克里夫蘭守護者,芝加哥白襪 @ 克里夫蘭守護者,51429975.1,374,得分最高單局(不含延長賽),252797952.1,第7局,,,6.50,2,11,,,
2026-07-05,2026-07-05T13:50:59,台灣運彩,824413,3476921.1,118,2026-07-06T02:00:00+08:00,芝加哥白襪,克里夫蘭守護者,芝加哥白襪 @ 克里夫蘭守護者,51429975.1,374,得分最高單局(不含延長賽),252797953.1,第8局,,,6.25,4,21,,,
2026-07-05,2026-07-05T13:50:59,台灣運彩,824413,3476921.1,118,2026-07-06T02:00:00+08:00,芝加哥白襪,克里夫蘭守護者,芝加哥白襪 @ 克里夫蘭守護者,51429975.1,374,得分最高單局(不含延長賽),252797954.1,第9局,,,8.00,1,7,,,
2026-07-05,2026-07-05T13:50:59,台灣運彩,824413,3476921.1,118,2026-07-06T02:00:00+08:00,芝加哥白襪,克里夫蘭守護者,芝加哥白襪 @ 克里夫蘭守護者,51429970.1,376,[1-5局] 不讓分,252797934.1,克里夫蘭守護者,H,,1.60,5,3,H,,1
2026-07-05,2026-07-05T13:50:59,台灣運彩,824413,3476921.1,118,2026-07-06T02:00:00+08:00,芝加哥白襪,克里夫蘭守護者,芝加哥白襪 @ 克里夫蘭守護者,51429970.1,376,[1-5局] 不讓分,252797936.1,芝加哥白襪,A,,2.15,20,23,A,,2
2026-07-05,2026-07-05T13:50:59,台灣運彩,824413,3476921.1,118,2026-07-06T02:00:00+08:00,芝加哥白襪,克里夫蘭守護者,芝加哥白襪 @ 克里夫蘭守護者,51429970.1,376,[1-5局] 不讓分,252797935.1,和局,D,,4.75,4,15,D,,
2026-07-05,2026-07-05T13:50:59,台灣運彩,824413,3476921.1,118,2026-07-06T02:00:00+08:00,芝加哥白襪,克里夫蘭守護者,芝加哥白襪 @ 克里夫蘭守護者,51429961.1,378,[1-5局] 大小 4.5,252797907.1,大 4.5,A,4.5,1.62,50,31,A,4.5,
2026-07-05,2026-07-05T13:50:59,台灣運彩,824413,3476921.1,118,2026-07-06T02:00:00+08:00,芝加哥白襪,克里夫蘭守護者,芝加哥白襪 @ 克里夫蘭守護者,51429961.1,378,[1-5局] 大小 4.5,252797906.1,小 4.5,H,4.5,1.71,100,71,H,4.5,
2026-07-05,2026-07-05T13:50:59,台灣運彩,824413,3476921.1,118,2026-07-06T02:00:00+08:00,芝加哥白襪,克里夫蘭守護者,芝加哥白襪 @ 克里夫蘭守護者,51429974.1,379,[1-5局] 克里夫蘭守護者 大小 2.5,252797945.1,大 2.5,A,2.5,1.76,25,19,A,2.5,
2026-07-05,2026-07-05T13:50:59,台灣運彩,824413,3476921.1,118,2026-07-06T02:00:00+08:00,芝加哥白襪,克里夫蘭守護者,芝加哥白襪 @ 克里夫蘭守護者,51429974.1,379,[1-5局] 克里夫蘭守護者 大小 2.5,252797944.1,小 2.5,H,2.5,1.66,50,33,H,2.5,
2026-07-05,2026-07-05T13:50:59,台灣運彩,824413,3476921.1,118,2026-07-06T02:00:00+08:00,芝加哥白襪,克里夫蘭守護者,芝加哥白襪 @ 克里夫蘭守護者,51429973.1,380,[1-5局] 芝加哥白襪 大小 1.5,252797943.1,大 1.5,A,1.5,1.62,50,31,A,1.5,
2026-07-05,2026-07-05T13:50:59,台灣運彩,824413,3476921.1,118,2026-07-06T02:00:00+08:00,芝加哥白襪,克里夫蘭守護者,芝加哥白襪 @ 克里夫蘭守護者,51429973.1,380,[1-5局] 芝加哥白襪 大小 1.5,252797942.1,小 1.5,H,1.5,1.82,50,41,H,1.5,
2026-07-05,2026-07-05T13:50:59,台灣運彩,824413,3476921.1,118,2026-07-06T02:00:00+08:00,芝加哥白襪,克里夫蘭守護者,芝加哥白襪 @ 克里夫蘭守護者,51429972.1,389,[第1局] 不讓分,252797939.1,克里夫蘭守護者,H,,2.65,20,33,H,,1
2026-07-05,2026-07-05T13:50:59,台灣運彩,824413,3476921.1,118,2026-07-06T02:00:00+08:00,芝加哥白襪,克里夫蘭守護者,芝加哥白襪 @ 克里夫蘭守護者,51429972.1,389,[第1局] 不讓分,252797941.1,芝加哥白襪,A,,3.55,20,51,A,,2
2026-07-05,2026-07-05T13:50:59,台灣運彩,824413,3476921.1,118,2026-07-06T02:00:00+08:00,芝加哥白襪,克里夫蘭守護者,芝加哥白襪 @ 克里夫蘭守護者,51429972.1,389,[第1局] 不讓分,252797940.1,和局,D,,1.55,20,11,D,,
2026-07-05,2026-07-05T13:50:59,台灣運彩,824413,3476921.1,118,2026-07-06T02:00:00+08:00,芝加哥白襪,克里夫蘭守護者,芝加哥白襪 @ 克里夫蘭守護者,51429971.1,398,[第1局] 大小 0.5,252797938.1,大 0.5,A,0.5,1.66,50,33,A,0.5,
2026-07-05,2026-07-05T13:50:59,台灣運彩,824413,3476921.1,118,2026-07-06T02:00:00+08:00,芝加哥白襪,克里夫蘭守護者,芝加哥白襪 @ 克里夫蘭守護者,51429971.1,398,[第1局] 大小 0.5,252797937.1,小 0.5,H,0.5,1.66,50,33,H,0.5,
2026-07-05,2026-07-05T13:50:59,台灣運彩,824656,3476923.1,122,2026-07-06T02:30:00+08:00,聖路易紅雀,芝加哥小熊,聖路易紅雀 @ 芝加哥小熊,51429429.1,354,不讓分,252796486.1,芝加哥小熊,H,,1.50,2,1,H,,1
2026-07-05,2026-07-05T13:50:59,台灣運彩,824656,3476923.1,122,2026-07-06T02:30:00+08:00,聖路易紅雀,芝加哥小熊,聖路易紅雀 @ 芝加哥小熊,51429429.1,354,不讓分,252796487.1,聖路易紅雀,A,,2.00,1,1,A,,2
2026-07-05,2026-07-05T13:50:59,台灣運彩,824091,3476927.1,126,2026-07-06T03:00:00+08:00,費城費城人,堪薩斯市皇家,費城費城人 @ 堪薩斯市皇家,51429455.1,354,不讓分,252796550.1,堪薩斯皇家,H,,1.97,100,97,H,,1
2026-07-05,2026-07-05T13:50:59,台灣運彩,824091,3476927.1,126,2026-07-06T03:00:00+08:00,費城費城人,堪薩斯市皇家,費城費城人 @ 堪薩斯市皇家,51429455.1,354,不讓分,252796551.1,費城費城人,A,,1.53,100,53,A,,2
2026-07-05,2026-07-05T13:50:59,台灣運彩,824091,3476927.1,126,2026-07-06T03:00:00+08:00,費城費城人,堪薩斯市皇家,費城費城人 @ 堪薩斯市皇家,51429465.1,357,勝分差,252796570.1,堪薩斯皇家 1 分,H,,4.50,2,7,H,,
2026-07-05,2026-07-05T13:50:59,台灣運彩,824091,3476927.1,126,2026-07-06T03:00:00+08:00,費城費城人,堪薩斯市皇家,費城費城人 @ 堪薩斯市皇家,51429465.1,357,勝分差,252796571.1,堪薩斯皇家 2 分,H,,8.25,4,29,H,,
2026-07-05,2026-07-05T13:50:59,台灣運彩,824091,3476927.1,126,2026-07-06T03:00:00+08:00,費城費城人,堪薩斯市皇家,費城費城人 @ 堪薩斯市皇家,51429465.1,357,勝分差,252796572.1,堪薩斯皇家 > 2分,H,,3.15,20,43,H,,
2026-07-05,2026-07-05T13:50:59,台灣運彩,824091,3476927.1,126,2026-07-06T03:00:00+08:00,費城費城人,堪薩斯市皇家,費城費城人 @ 堪薩斯市皇家,51429465.1,357,勝分差,252796573.1,費城費城人 1 分,A,,5.90,10,49,A,,
2026-07-05,2026-07-05T13:50:59,台灣運彩,824091,3476927.1,126,2026-07-06T03:00:00+08:00,費城費城人,堪薩斯市皇家,費城費城人 @ 堪薩斯市皇家,51429465.1,357,勝分差,252796574.1,費城費城人 2 分,A,,7.25,4,25,A,,
2026-07-05,2026-07-05T13:50:59,台灣運彩,824091,3476927.1,126,2026-07-06T03:00:00+08:00,費城費城人,堪薩斯市皇家,費城費城人 @ 堪薩斯市皇家,51429465.1,357,勝分差,252796575.1,費城費城人 > 2分,A,,2.10,10,11,A,,
2026-07-05,2026-07-05T13:50:59,台灣運彩,824091,3476927.1,126,2026-07-06T03:00:00+08:00,費城費城人,堪薩斯市皇家,費城費城人 @ 堪薩斯市皇家,51429457.1,358,讓分 2.5,252796554.1,堪薩斯皇家 +2.5,H,2.5,1.42,50,21,H,2.5,1
2026-07-05,2026-07-05T13:50:59,台灣運彩,824091,3476927.1,126,2026-07-06T03:00:00+08:00,費城費城人,堪薩斯市皇家,費城費城人 @ 堪薩斯市皇家,51429457.1,358,讓分 2.5,252796555.1,費城費城人 -2.5,A,2.5,2.20,5,6,A,2.5,2
2026-07-05,2026-07-05T13:50:59,台灣運彩,824091,3476927.1,126,2026-07-06T03:00:00+08:00,費城費城人,堪薩斯市皇家,費城費城人 @ 堪薩斯市皇家,51429464.1,358,讓分 1.5,252796568.1,堪薩斯皇家 +1.5,H,1.5,1.63,100,63,H,1.5,1
2026-07-05,2026-07-05T13:50:59,台灣運彩,824091,3476927.1,126,2026-07-06T03:00:00+08:00,費城費城人,堪薩斯市皇家,費城費城人 @ 堪薩斯市皇家,51429464.1,358,讓分 1.5,252796569.1,費城費城人 -1.5,A,1.5,1.87,100,87,A,1.5,2
2026-07-05,2026-07-05T13:50:59,台灣運彩,824091,3476927.1,126,2026-07-06T03:00:00+08:00,費城費城人,堪薩斯市皇家,費城費城人 @ 堪薩斯市皇家,51429458.1,360,[總分]大小 10.5,252796557.1,大 10.5,A,10.5,1.92,25,23,A,10.5,
2026-07-05,2026-07-05T13:50:59,台灣運彩,824091,3476927.1,126,2026-07-06T03:00:00+08:00,費城費城人,堪薩斯市皇家,費城費城人 @ 堪薩斯市皇家,51429458.1,360,[總分]大小 10.5,252796556.1,小 10.5,H,10.5,1.58,50,29,H,10.5,
2026-07-05,2026-07-05T13:50:59,台灣運彩,824091,3476927.1,126,2026-07-06T03:00:00+08:00,費城費城人,堪薩斯市皇家,費城費城人 @ 堪薩斯市皇家,51429461.1,360,[總分]大小 8.5,252796563.1,大 8.5,A,8.5,1.43,100,43,A,8.5,
2026-07-05,2026-07-05T13:50:59,台灣運彩,824091,3476927.1,126,2026-07-06T03:00:00+08:00,費城費城人,堪薩斯市皇家,費城費城人 @ 堪薩斯市皇家,51429461.1,360,[總分]大小 8.5,252796562.1,小 8.5,H,8.5,2.15,20,23,H,8.5,
2026-07-05,2026-07-05T13:50:59,台灣運彩,824091,3476927.1,126,2026-07-06T03:00:00+08:00,費城費城人,堪薩斯市皇家,費城費城人 @ 堪薩斯市皇家,51429463.1,360,[總分]大小 9.5,252796567.1,大 9.5,A,9.5,1.72,25,18,A,9.5,
2026-07-05,2026-07-05T13:50:59,台灣運彩,824091,3476927.1,126,2026-07-06T03:00:00+08:00,費城費城人,堪薩斯市皇家,費城費城人 @ 堪薩斯市皇家,51429463.1,360,[總分]大小 9.5,252796566.1,小 9.5,H,9.5,1.78,50,39,H,9.5,
2026-07-05,2026-07-05T13:50:59,台灣運彩,824091,3476927.1,126,2026-07-06T03:00:00+08:00,費城費城人,堪薩斯市皇家,費城費城人 @ 堪薩斯市皇家,51429460.1,362,堪薩斯皇家 大小 4.5,252796561.1,大 4.5,A,4.5,1.85,20,17,A,4.5,
2026-07-05,2026-07-05T13:50:59,台灣運彩,824091,3476927.1,126,2026-07-06T03:00:00+08:00,費城費城人,堪薩斯市皇家,費城費城人 @ 堪薩斯市皇家,51429460.1,362,堪薩斯皇家 大小 4.5,252796560.1,小 4.5,H,4.5,1.60,5,3,H,4.5,
2026-07-05,2026-07-05T13:50:59,台灣運彩,824091,3476927.1,126,2026-07-06T03:00:00+08:00,費城費城人,堪薩斯市皇家,費城費城人 @ 堪薩斯市皇家,51429459.1,363,費城費城人 大小 5.5,252796559.1,大 5.5,A,5.5,1.86,50,43,A,5.5,
2026-07-05,2026-07-05T13:50:59,台灣運彩,824091,3476927.1,126,2026-07-06T03:00:00+08:00,費城費城人,堪薩斯市皇家,費城費城人 @ 堪薩斯市皇家,51429459.1,363,費城費城人 大小 5.5,252796558.1,小 5.5,H,5.5,1.58,50,29,H,5.5,
2026-07-05,2026-07-05T13:50:59,台灣運彩,824091,3476927.1,126,2026-07-06T03:00:00+08:00,費城費城人,堪薩斯市皇家,費城費城人 @ 堪薩斯市皇家,51429456.1,366,[總分]單雙,252796553.1,單,,,1.48,25,12,,,
2026-07-05,2026-07-05T13:50:59,台灣運彩,824091,3476927.1,126,2026-07-06T03:00:00+08:00,費城費城人,堪薩斯市皇家,費城費城人 @ 堪薩斯市皇家,51429456.1,366,[總分]單雙,252796552.1,雙,,,2.00,1,1,,,
2026-07-05,2026-07-05T13:50:59,台灣運彩,824091,3476927.1,126,2026-07-06T03:00:00+08:00,費城費城人,堪薩斯市皇家,費城費城人 @ 堪薩斯市皇家,51429784.1,374,得分最高單局(不含延長賽),252797454.1,一樣多,,,2.30,10,13,,,
2026-07-05,2026-07-05T13:50:59,台灣運彩,824091,3476927.1,126,2026-07-06T03:00:00+08:00,費城費城人,堪薩斯市皇家,費城費城人 @ 堪薩斯市皇家,51429784.1,374,得分最高單局(不含延長賽),252797445.1,第1局,,,5.30,10,43,,,
2026-07-05,2026-07-05T13:50:59,台灣運彩,824091,3476927.1,126,2026-07-06T03:00:00+08:00,費城費城人,堪薩斯市皇家,費城費城人 @ 堪薩斯市皇家,51429784.1,374,得分最高單局(不含延長賽),252797446.1,第2局,,,6.50,2,11,,,
2026-07-05,2026-07-05T13:50:59,台灣運彩,824091,3476927.1,126,2026-07-06T03:00:00+08:00,費城費城人,堪薩斯市皇家,費城費城人 @ 堪薩斯市皇家,51429784.1,374,得分最高單局(不含延長賽),252797447.1,第3局,,,5.60,5,23,,,
2026-07-05,2026-07-05T13:50:59,台灣運彩,824091,3476927.1,126,2026-07-06T03:00:00+08:00,費城費城人,堪薩斯市皇家,費城費城人 @ 堪薩斯市皇家,51429784.1,374,得分最高單局(不含延長賽),252797448.1,第4局,,,6.25,4,21,,,
2026-07-05,2026-07-05T13:50:59,台灣運彩,824091,3476927.1,126,2026-07-06T03:00:00+08:00,費城費城人,堪薩斯市皇家,費城費城人 @ 堪薩斯市皇家,51429784.1,374,得分最高單局(不含延長賽),252797449.1,第5局,,,5.75,4,19,,,
2026-07-05,2026-07-05T13:50:59,台灣運彩,824091,3476927.1,126,2026-07-06T03:00:00+08:00,費城費城人,堪薩斯市皇家,費城費城人 @ 堪薩斯市皇家,51429784.1,374,得分最高單局(不含延長賽),252797450.1,第6局,,,6.25,4,21,,,
2026-07-05,2026-07-05T13:50:59,台灣運彩,824091,3476927.1,126,2026-07-06T03:00:00+08:00,費城費城人,堪薩斯市皇家,費城費城人 @ 堪薩斯市皇家,51429784.1,374,得分最高單局(不含延長賽),252797451.1,第7局,,,6.25,4,21,,,
2026-07-05,2026-07-05T13:50:59,台灣運彩,824091,3476927.1,126,2026-07-06T03:00:00+08:00,費城費城人,堪薩斯市皇家,費城費城人 @ 堪薩斯市皇家,51429784.1,374,得分最高單局(不含延長賽),252797452.1,第8局,,,5.95,20,99,,,
2026-07-05,2026-07-05T13:50:59,台灣運彩,824091,3476927.1,126,2026-07-06T03:00:00+08:00,費城費城人,堪薩斯市皇家,費城費城人 @ 堪薩斯市皇家,51429784.1,374,得分最高單局(不含延長賽),252797453.1,第9局,,,8.00,1,7,,,
2026-07-05,2026-07-05T13:50:59,台灣運彩,824091,3476927.1,126,2026-07-06T03:00:00+08:00,費城費城人,堪薩斯市皇家,費城費城人 @ 堪薩斯市皇家,51429783.1,376,[1-5局] 不讓分,252797442.1,堪薩斯皇家,H,,1.95,20,19,H,,1
2026-07-05,2026-07-05T13:50:59,台灣運彩,824091,3476927.1,126,2026-07-06T03:00:00+08:00,費城費城人,堪薩斯市皇家,費城費城人 @ 堪薩斯市皇家,51429783.1,376,[1-5局] 不讓分,252797444.1,費城費城人,A,,1.70,10,7,A,,2
2026-07-05,2026-07-05T13:50:59,台灣運彩,824091,3476927.1,126,2026-07-06T03:00:00+08:00,費城費城人,堪薩斯市皇家,費城費城人 @ 堪薩斯市皇家,51429783.1,376,[1-5局] 不讓分,252797443.1,和局,D,,5.25,4,17,D,,
2026-07-05,2026-07-05T13:50:59,台灣運彩,824091,3476927.1,126,2026-07-06T03:00:00+08:00,費城費城人,堪薩斯市皇家,費城費城人 @ 堪薩斯市皇家,51429781.1,378,[1-5局] 大小 5.5,252797439.1,大 5.5,A,5.5,1.73,100,73,A,5.5,
2026-07-05,2026-07-05T13:50:59,台灣運彩,824091,3476927.1,126,2026-07-06T03:00:00+08:00,費城費城人,堪薩斯市皇家,費城費城人 @ 堪薩斯市皇家,51429781.1,378,[1-5局] 大小 5.5,252797438.1,小 5.5,H,5.5,1.60,5,3,H,5.5,
2026-07-05,2026-07-05T13:50:59,台灣運彩,824091,3476927.1,126,2026-07-06T03:00:00+08:00,費城費城人,堪薩斯市皇家,費城費城人 @ 堪薩斯市皇家,51429782.1,379,[1-5局] 堪薩斯皇家 大小 2.5,252797441.1,大 2.5,A,2.5,1.88,25,22,A,2.5,
2026-07-05,2026-07-05T13:50:59,台灣運彩,824091,3476927.1,126,2026-07-06T03:00:00+08:00,費城費城人,堪薩斯市皇家,費城費城人 @ 堪薩斯市皇家,51429782.1,379,[1-5局] 堪薩斯皇家 大小 2.5,252797440.1,小 2.5,H,2.5,1.56,25,14,H,2.5,
2026-07-05,2026-07-05T13:50:59,台灣運彩,824091,3476927.1,126,2026-07-06T03:00:00+08:00,費城費城人,堪薩斯市皇家,費城費城人 @ 堪薩斯市皇家,51429778.1,380,[1-5局] 費城費城人 大小 2.5,252797432.1,大 2.5,A,2.5,1.70,10,7,A,2.5,
2026-07-05,2026-07-05T13:50:59,台灣運彩,824091,3476927.1,126,2026-07-06T03:00:00+08:00,費城費城人,堪薩斯市皇家,費城費城人 @ 堪薩斯市皇家,51429778.1,380,[1-5局] 費城費城人 大小 2.5,252797431.1,小 2.5,H,2.5,1.73,100,73,H,2.5,
2026-07-05,2026-07-05T13:50:59,台灣運彩,824091,3476927.1,126,2026-07-06T03:00:00+08:00,費城費城人,堪薩斯市皇家,費城費城人 @ 堪薩斯市皇家,51429780.1,389,[第1局] 不讓分,252797435.1,堪薩斯皇家,H,,3.05,20,41,H,,1
2026-07-05,2026-07-05T13:50:59,台灣運彩,824091,3476927.1,126,2026-07-06T03:00:00+08:00,費城費城人,堪薩斯市皇家,費城費城人 @ 堪薩斯市皇家,51429780.1,389,[第1局] 不讓分,252797437.1,費城費城人,A,,2.75,4,7,A,,2
2026-07-05,2026-07-05T13:50:59,台灣運彩,824091,3476927.1,126,2026-07-06T03:00:00+08:00,費城費城人,堪薩斯市皇家,費城費城人 @ 堪薩斯市皇家,51429780.1,389,[第1局] 不讓分,252797436.1,和局,D,,1.65,20,13,D,,
2026-07-05,2026-07-05T13:50:59,台灣運彩,824091,3476927.1,126,2026-07-06T03:00:00+08:00,費城費城人,堪薩斯市皇家,費城費城人 @ 堪薩斯市皇家,51429779.1,398,[第1局] 大小 0.5,252797434.1,大 0.5,A,0.5,1.56,25,14,A,0.5,
2026-07-05,2026-07-05T13:50:59,台灣運彩,824091,3476927.1,126,2026-07-06T03:00:00+08:00,費城費城人,堪薩斯市皇家,費城費城人 @ 堪薩斯市皇家,51429779.1,398,[第1局] 大小 0.5,252797433.1,小 0.5,H,0.5,1.78,50,39,H,0.5,
2026-07-05,2026-07-05T13:50:59,台灣運彩,822879,3476925.1,123,2026-07-06T03:30:00+08:00,底特律老虎,德州遊騎兵,底特律老虎 @ 德州遊騎兵,51429440.1,354,不讓分,252796512.1,德州遊騎兵,H,,1.84,25,21,H,,1
2026-07-05,2026-07-05T13:50:59,台灣運彩,822879,3476925.1,123,2026-07-06T03:30:00+08:00,底特律老虎,德州遊騎兵,底特律老虎 @ 德州遊騎兵,51429440.1,354,不讓分,252796513.1,底特律老虎,A,,1.66,50,33,A,,2
2026-07-05,2026-07-05T13:50:59,台灣運彩,822879,3476925.1,123,2026-07-06T03:30:00+08:00,底特律老虎,德州遊騎兵,底特律老虎 @ 德州遊騎兵,51429454.1,357,勝分差,252796547.1,底特律老虎 1 分,A,,5.30,10,43,A,,
2026-07-05,2026-07-05T13:50:59,台灣運彩,822879,3476925.1,123,2026-07-06T03:30:00+08:00,底特律老虎,德州遊騎兵,底特律老虎 @ 德州遊騎兵,51429454.1,357,勝分差,252796548.1,底特律老虎 2 分,A,,6.75,4,23,A,,
2026-07-05,2026-07-05T13:50:59,台灣運彩,822879,3476925.1,123,2026-07-06T03:30:00+08:00,底特律老虎,德州遊騎兵,底特律老虎 @ 德州遊騎兵,51429454.1,357,勝分差,252796549.1,底特律老虎 > 2分,A,,2.50,2,3,A,,
2026-07-05,2026-07-05T13:50:59,台灣運彩,822879,3476925.1,123,2026-07-06T03:30:00+08:00,底特律老虎,德州遊騎兵,底特律老虎 @ 德州遊騎兵,51429454.1,357,勝分差,252796544.1,德州遊騎兵 1 分,H,,4.05,20,61,H,,
2026-07-05,2026-07-05T13:50:59,台灣運彩,822879,3476925.1,123,2026-07-06T03:30:00+08:00,底特律老虎,德州遊騎兵,底特律老虎 @ 德州遊騎兵,51429454.1,357,勝分差,252796545.1,德州遊騎兵 2 分,H,,7.50,2,13,H,,
2026-07-05,2026-07-05T13:50:59,台灣運彩,822879,3476925.1,123,2026-07-06T03:30:00+08:00,底特律老虎,德州遊騎兵,底特律老虎 @ 德州遊騎兵,51429454.1,357,勝分差,252796546.1,德州遊騎兵 > 2分,H,,3.05,20,41,H,,
2026-07-05,2026-07-05T13:50:59,台灣運彩,822879,3476925.1,123,2026-07-06T03:30:00+08:00,底特律老虎,德州遊騎兵,底特律老虎 @ 德州遊騎兵,51429791.1,358,讓分 1.5,252797469.1,德州遊騎兵 +1.5,H,1.5,1.48,25,12,H,1.5,1
2026-07-05,2026-07-05T13:50:59,台灣運彩,822879,3476925.1,123,2026-07-06T03:30:00+08:00,底特律老虎,德州遊騎兵,底特律老虎 @ 德州遊騎兵,51429791.1,358,讓分 1.5,252797470.1,底特律老虎 -1.5,A,1.5,2.05,20,21,A,1.5,2
2026-07-05,2026-07-05T13:50:59,台灣運彩,822879,3476925.1,123,2026-07-06T03:30:00+08:00,底特律老虎,德州遊騎兵,底特律老虎 @ 德州遊騎兵,51429792.1,358,讓分 2.5,252797471.1,德州遊騎兵 +2.5,H,2.5,1.30,10,3,H,2.5,1
2026-07-05,2026-07-05T13:50:59,台灣運彩,822879,3476925.1,123,2026-07-06T03:30:00+08:00,底特律老虎,德州遊騎兵,底特律老虎 @ 德州遊騎兵,51429792.1,358,讓分 2.5,252797472.1,底特律老虎 -2.5,A,2.5,2.60,5,8,A,2.5,2
2026-07-05,2026-07-05T13:50:59,台灣運彩,822879,3476925.1,123,2026-07-06T03:30:00+08:00,底特律老虎,德州遊騎兵,底特律老虎 @ 德州遊騎兵,51429449.1,360,[總分]大小 7.5,252796535.1,大 7.5,A,7.5,1.65,20,13,A,7.5,
2026-07-05,2026-07-05T13:50:59,台灣運彩,822879,3476925.1,123,2026-07-06T03:30:00+08:00,底特律老虎,德州遊騎兵,底特律老虎 @ 德州遊騎兵,51429449.1,360,[總分]大小 7.5,252796534.1,小 7.5,H,7.5,1.85,20,17,H,7.5,
2026-07-05,2026-07-05T13:50:59,台灣運彩,822879,3476925.1,123,2026-07-06T03:30:00+08:00,底特律老虎,德州遊騎兵,底特律老虎 @ 德州遊騎兵,51429450.1,360,[總分]大小 8.5,252796537.1,大 8.5,A,8.5,1.88,25,22,A,8.5,
2026-07-05,2026-07-05T13:50:59,台灣運彩,822879,3476925.1,123,2026-07-06T03:30:00+08:00,底特律老虎,德州遊騎兵,底特律老虎 @ 德州遊騎兵,51429450.1,360,[總分]大小 8.5,252796536.1,小 8.5,H,8.5,1.62,50,31,H,8.5,
2026-07-05,2026-07-05T13:50:59,台灣運彩,822879,3476925.1,123,2026-07-06T03:30:00+08:00,底特律老虎,德州遊騎兵,底特律老虎 @ 德州遊騎兵,51429803.1,360,[總分]大小 6.5,252797512.1,大 6.5,A,6.5,1.38,50,19,A,6.5,
2026-07-05,2026-07-05T13:50:59,台灣運彩,822879,3476925.1,123,2026-07-06T03:30:00+08:00,底特律老虎,德州遊騎兵,底特律老虎 @ 德州遊騎兵,51429803.1,360,[總分]大小 6.5,252797511.1,小 6.5,H,6.5,2.33,100,133,H,6.5,
2026-07-05,2026-07-05T13:50:59,台灣運彩,822879,3476925.1,123,2026-07-06T03:30:00+08:00,底特律老虎,德州遊騎兵,底特律老虎 @ 德州遊騎兵,51429452.1,362,德州遊騎兵 大小 3.5,252796541.1,大 3.5,A,3.5,1.68,25,17,A,3.5,
2026-07-05,2026-07-05T13:50:59,台灣運彩,822879,3476925.1,123,2026-07-06T03:30:00+08:00,底特律老虎,德州遊騎兵,底特律老虎 @ 德州遊騎兵,51429452.1,362,德州遊騎兵 大小 3.5,252796540.1,小 3.5,H,3.5,1.75,4,3,H,3.5,
2026-07-05,2026-07-05T13:50:59,台灣運彩,822879,3476925.1,123,2026-07-06T03:30:00+08:00,底特律老虎,德州遊騎兵,底特律老虎 @ 德州遊騎兵,51429453.1,363,底特律老虎 大小 3.5,252796543.1,大 3.5,A,3.5,1.58,50,29,A,3.5,
2026-07-05,2026-07-05T13:50:59,台灣運彩,822879,3476925.1,123,2026-07-06T03:30:00+08:00,底特律老虎,德州遊騎兵,底特律老虎 @ 德州遊騎兵,51429453.1,363,底特律老虎 大小 3.5,252796542.1,小 3.5,H,3.5,1.86,50,43,H,3.5,
2026-07-05,2026-07-05T13:50:59,台灣運彩,822879,3476925.1,123,2026-07-06T03:30:00+08:00,底特律老虎,德州遊騎兵,底特律老虎 @ 德州遊騎兵,51429448.1,366,[總分]單雙,252796533.1,單,,,1.48,25,12,,,
2026-07-05,2026-07-05T13:50:59,台灣運彩,822879,3476925.1,123,2026-07-06T03:30:00+08:00,底特律老虎,德州遊騎兵,底特律老虎 @ 德州遊騎兵,51429448.1,366,[總分]單雙,252796532.1,雙,,,2.00,1,1,,,
2026-07-05,2026-07-05T13:50:59,台灣運彩,822879,3476925.1,123,2026-07-06T03:30:00+08:00,底特律老虎,德州遊騎兵,底特律老虎 @ 德州遊騎兵,51429794.1,374,得分最高單局(不含延長賽),252797484.1,一樣多,,,2.25,4,5,,,
2026-07-05,2026-07-05T13:50:59,台灣運彩,822879,3476925.1,123,2026-07-06T03:30:00+08:00,底特律老虎,德州遊騎兵,底特律老虎 @ 德州遊騎兵,51429794.1,374,得分最高單局(不含延長賽),252797475.1,第1局,,,5.45,20,89,,,
2026-07-05,2026-07-05T13:50:59,台灣運彩,822879,3476925.1,123,2026-07-06T03:30:00+08:00,底特律老虎,德州遊騎兵,底特律老虎 @ 德州遊騎兵,51429794.1,374,得分最高單局(不含延長賽),252797476.1,第2局,,,6.50,2,11,,,
2026-07-05,2026-07-05T13:50:59,台灣運彩,822879,3476925.1,123,2026-07-06T03:30:00+08:00,底特律老虎,德州遊騎兵,底特律老虎 @ 德州遊騎兵,51429794.1,374,得分最高單局(不含延長賽),252797477.1,第3局,,,5.65,20,93,,,
2026-07-05,2026-07-05T13:50:59,台灣運彩,822879,3476925.1,123,2026-07-06T03:30:00+08:00,底特律老虎,德州遊騎兵,底特律老虎 @ 德州遊騎兵,51429794.1,374,得分最高單局(不含延長賽),252797478.1,第4局,,,6.25,4,21,,,
2026-07-05,2026-07-05T13:50:59,台灣運彩,822879,3476925.1,123,2026-07-06T03:30:00+08:00,底特律老虎,德州遊騎兵,底特律老虎 @ 德州遊騎兵,51429794.1,374,得分最高單局(不含延長賽),252797479.1,第5局,,,6.00,1,5,,,
2026-07-05,2026-07-05T13:50:59,台灣運彩,822879,3476925.1,123,2026-07-06T03:30:00+08:00,底特律老虎,德州遊騎兵,底特律老虎 @ 德州遊騎兵,51429794.1,374,得分最高單局(不含延長賽),252797480.1,第6局,,,5.90,10,49,,,
2026-07-05,2026-07-05T13:50:59,台灣運彩,822879,3476925.1,123,2026-07-06T03:30:00+08:00,底特律老虎,德州遊騎兵,底特律老虎 @ 德州遊騎兵,51429794.1,374,得分最高單局(不含延長賽),252797481.1,第7局,,,6.00,1,5,,,
2026-07-05,2026-07-05T13:50:59,台灣運彩,822879,3476925.1,123,2026-07-06T03:30:00+08:00,底特律老虎,德州遊騎兵,底特律老虎 @ 德州遊騎兵,51429794.1,374,得分最高單局(不含延長賽),252797482.1,第8局,,,5.90,10,49,,,
2026-07-05,2026-07-05T13:50:59,台灣運彩,822879,3476925.1,123,2026-07-06T03:30:00+08:00,底特律老虎,德州遊騎兵,底特律老虎 @ 德州遊騎兵,51429794.1,374,得分最高單局(不含延長賽),252797483.1,第9局,,,8.00,1,7,,,
2026-07-05,2026-07-05T13:50:59,台灣運彩,822879,3476925.1,123,2026-07-06T03:30:00+08:00,底特律老虎,德州遊騎兵,底特律老虎 @ 德州遊騎兵,51429789.1,376,[1-5局] 不讓分,252797464.1,德州遊騎兵,H,,1.90,10,9,H,,1
2026-07-05,2026-07-05T13:50:59,台灣運彩,822879,3476925.1,123,2026-07-06T03:30:00+08:00,底特律老虎,德州遊騎兵,底特律老虎 @ 德州遊騎兵,51429789.1,376,[1-5局] 不讓分,252797466.1,底特律老虎,A,,1.80,5,4,A,,2
2026-07-05,2026-07-05T13:50:59,台灣運彩,822879,3476925.1,123,2026-07-06T03:30:00+08:00,底特律老虎,德州遊騎兵,底特律老虎 @ 德州遊騎兵,51429789.1,376,[1-5局] 不讓分,252797465.1,和局,D,,4.60,5,18,D,,
2026-07-05,2026-07-05T13:50:59,台灣運彩,822879,3476925.1,123,2026-07-06T03:30:00+08:00,底特律老虎,德州遊騎兵,底特律老虎 @ 德州遊騎兵,51429790.1,378,[1-5局] 大小 4.5,252797468.1,大 4.5,A,4.5,1.75,4,3,A,4.5,
2026-07-05,2026-07-05T13:50:59,台灣運彩,822879,3476925.1,123,2026-07-06T03:30:00+08:00,底特律老虎,德州遊騎兵,底特律老虎 @ 德州遊騎兵,51429790.1,378,[1-5局] 大小 4.5,252797467.1,小 4.5,H,4.5,1.58,50,29,H,4.5,
2026-07-05,2026-07-05T13:50:59,台灣運彩,822879,3476925.1,123,2026-07-06T03:30:00+08:00,底特律老虎,德州遊騎兵,底特律老虎 @ 德州遊騎兵,51429785.1,379,[1-5局] 德州遊騎兵 大小 1.5,252797456.1,大 1.5,A,1.5,1.56,25,14,A,1.5,
2026-07-05,2026-07-05T13:50:59,台灣運彩,822879,3476925.1,123,2026-07-06T03:30:00+08:00,底特律老虎,德州遊騎兵,底特律老虎 @ 德州遊騎兵,51429785.1,379,[1-5局] 德州遊騎兵 大小 1.5,252797455.1,小 1.5,H,1.5,1.88,25,22,H,1.5,
2026-07-05,2026-07-05T13:50:59,台灣運彩,822879,3476925.1,123,2026-07-06T03:30:00+08:00,底特律老虎,德州遊騎兵,底特律老虎 @ 德州遊騎兵,51429787.1,380,[1-5局] 底特律老虎 大小 1.5,252797460.1,大 1.5,A,1.5,1.53,100,53,A,1.5,
2026-07-05,2026-07-05T13:50:59,台灣運彩,822879,3476925.1,123,2026-07-06T03:30:00+08:00,底特律老虎,德州遊騎兵,底特律老虎 @ 德州遊騎兵,51429787.1,380,[1-5局] 底特律老虎 大小 1.5,252797459.1,小 1.5,H,1.5,1.93,100,93,H,1.5,
2026-07-05,2026-07-05T13:50:59,台灣運彩,822879,3476925.1,123,2026-07-06T03:30:00+08:00,底特律老虎,德州遊騎兵,底特律老虎 @ 德州遊騎兵,51429788.1,389,[第1局] 不讓分,252797461.1,德州遊騎兵,H,,3.15,20,43,H,,1
2026-07-05,2026-07-05T13:50:59,台灣運彩,822879,3476925.1,123,2026-07-06T03:30:00+08:00,底特律老虎,德州遊騎兵,底特律老虎 @ 德州遊騎兵,51429788.1,389,[第1局] 不讓分,252797463.1,底特律老虎,A,,3.15,20,43,A,,2
2026-07-05,2026-07-05T13:50:59,台灣運彩,822879,3476925.1,123,2026-07-06T03:30:00+08:00,底特律老虎,德州遊騎兵,底特律老虎 @ 德州遊騎兵,51429788.1,389,[第1局] 不讓分,252797462.1,和局,D,,1.50,2,1,D,,
2026-07-05,2026-07-05T13:50:59,台灣運彩,822879,3476925.1,123,2026-07-06T03:30:00+08:00,底特律老虎,德州遊騎兵,底特律老虎 @ 德州遊騎兵,51429786.1,398,[第1局] 大小 0.5,252797458.1,大 0.5,A,0.5,1.73,100,73,A,0.5,
2026-07-05,2026-07-05T13:50:59,台灣運彩,822879,3476925.1,123,2026-07-06T03:30:00+08:00,底特律老虎,德州遊騎兵,底特律老虎 @ 德州遊騎兵,51429786.1,398,[第1局] 大小 0.5,252797457.1,小 0.5,H,0.5,1.60,5,3,H,0.5,
2026-07-05,2026-07-05T13:50:59,台灣運彩,825061,3476920.1,116,2026-07-06T04:00:00+08:00,密爾瓦基釀酒人,亞利桑那響尾蛇,密爾瓦基釀酒人 @ 亞利桑那響尾蛇,51429412.1,354,不讓分,252796448.1,亞歷桑那響尾蛇,H,,1.88,25,22,H,,1
2026-07-05,2026-07-05T13:50:59,台灣運彩,825061,3476920.1,116,2026-07-06T04:00:00+08:00,密爾瓦基釀酒人,亞利桑那響尾蛇,密爾瓦基釀酒人 @ 亞利桑那響尾蛇,51429412.1,354,不讓分,252796449.1,密爾瓦基釀酒人,A,,1.62,50,31,A,,2
2026-07-05,2026-07-05T13:50:59,台灣運彩,825061,3476920.1,116,2026-07-06T04:00:00+08:00,密爾瓦基釀酒人,亞利桑那響尾蛇,密爾瓦基釀酒人 @ 亞利桑那響尾蛇,51429432.1,357,勝分差,252796492.1,亞歷桑那響尾蛇 1 分,H,,4.30,10,33,H,,
2026-07-05,2026-07-05T13:50:59,台灣運彩,825061,3476920.1,116,2026-07-06T04:00:00+08:00,密爾瓦基釀酒人,亞利桑那響尾蛇,密爾瓦基釀酒人 @ 亞利桑那響尾蛇,51429432.1,357,勝分差,252796493.1,亞歷桑那響尾蛇 2 分,H,,7.75,4,27,H,,
2026-07-05,2026-07-05T13:50:59,台灣運彩,825061,3476920.1,116,2026-07-06T04:00:00+08:00,密爾瓦基釀酒人,亞利桑那響尾蛇,密爾瓦基釀酒人 @ 亞利桑那響尾蛇,51429432.1,357,勝分差,252796494.1,亞歷桑那響尾蛇 > 2分,H,,3.05,20,41,H,,
2026-07-05,2026-07-05T13:50:59,台灣運彩,825061,3476920.1,116,2026-07-06T04:00:00+08:00,密爾瓦基釀酒人,亞利桑那響尾蛇,密爾瓦基釀酒人 @ 亞利桑那響尾蛇,51429432.1,357,勝分差,252796495.1,密爾瓦基釀酒人 1 分,A,,5.75,4,19,A,,
2026-07-05,2026-07-05T13:50:59,台灣運彩,825061,3476920.1,116,2026-07-06T04:00:00+08:00,密爾瓦基釀酒人,亞利桑那響尾蛇,密爾瓦基釀酒人 @ 亞利桑那響尾蛇,51429432.1,357,勝分差,252796496.1,密爾瓦基釀酒人 2 分,A,,7.00,1,6,A,,
2026-07-05,2026-07-05T13:50:59,台灣運彩,825061,3476920.1,116,2026-07-06T04:00:00+08:00,密爾瓦基釀酒人,亞利桑那響尾蛇,密爾瓦基釀酒人 @ 亞利桑那響尾蛇,51429432.1,357,勝分差,252796497.1,密爾瓦基釀酒人 > 2分,A,,2.25,4,5,A,,
2026-07-05,2026-07-05T13:50:59,台灣運彩,825061,3476920.1,116,2026-07-06T04:00:00+08:00,密爾瓦基釀酒人,亞利桑那響尾蛇,密爾瓦基釀酒人 @ 亞利桑那響尾蛇,51429433.1,358,讓分 2.5,252796498.1,亞歷桑那響尾蛇 +2.5,H,2.5,1.36,25,9,H,2.5,1
2026-07-05,2026-07-05T13:50:59,台灣運彩,825061,3476920.1,116,2026-07-06T04:00:00+08:00,密爾瓦基釀酒人,亞利桑那響尾蛇,密爾瓦基釀酒人 @ 亞利桑那響尾蛇,51429433.1,358,讓分 2.5,252796499.1,密爾瓦基釀酒人 -2.5,A,2.5,2.40,5,7,A,2.5,2
2026-07-05,2026-07-05T13:50:59,台灣運彩,825061,3476920.1,116,2026-07-06T04:00:00+08:00,密爾瓦基釀酒人,亞利桑那響尾蛇,密爾瓦基釀酒人 @ 亞利桑那響尾蛇,51429434.1,358,讓分 1.5,252796500.1,亞歷桑那響尾蛇 +1.5,H,1.5,1.56,25,14,H,1.5,1
2026-07-05,2026-07-05T13:50:59,台灣運彩,825061,3476920.1,116,2026-07-06T04:00:00+08:00,密爾瓦基釀酒人,亞利桑那響尾蛇,密爾瓦基釀酒人 @ 亞利桑那響尾蛇,51429434.1,358,讓分 1.5,252796501.1,密爾瓦基釀酒人 -1.5,A,1.5,1.94,50,47,A,1.5,2
2026-07-05,2026-07-05T13:50:59,台灣運彩,825061,3476920.1,116,2026-07-06T04:00:00+08:00,密爾瓦基釀酒人,亞利桑那響尾蛇,密爾瓦基釀酒人 @ 亞利桑那響尾蛇,51429427.1,360,[總分]大小 9.5,252796483.1,大 9.5,A,9.5,1.88,25,22,A,9.5,
2026-07-05,2026-07-05T13:50:59,台灣運彩,825061,3476920.1,116,2026-07-06T04:00:00+08:00,密爾瓦基釀酒人,亞利桑那響尾蛇,密爾瓦基釀酒人 @ 亞利桑那響尾蛇,51429427.1,360,[總分]大小 9.5,252796482.1,小 9.5,H,9.5,1.62,50,31,H,9.5,
2026-07-05,2026-07-05T13:50:59,台灣運彩,825061,3476920.1,116,2026-07-06T04:00:00+08:00,密爾瓦基釀酒人,亞利桑那響尾蛇,密爾瓦基釀酒人 @ 亞利桑那響尾蛇,51429430.1,360,[總分]大小 8.5,252796489.1,大 8.5,A,8.5,1.58,50,29,A,8.5,
2026-07-05,2026-07-05T13:50:59,台灣運彩,825061,3476920.1,116,2026-07-06T04:00:00+08:00,密爾瓦基釀酒人,亞利桑那響尾蛇,密爾瓦基釀酒人 @ 亞利桑那響尾蛇,51429430.1,360,[總分]大小 8.5,252796488.1,小 8.5,H,8.5,1.92,25,23,H,8.5,
2026-07-05,2026-07-05T13:50:59,台灣運彩,825061,3476920.1,116,2026-07-06T04:00:00+08:00,密爾瓦基釀酒人,亞利桑那響尾蛇,密爾瓦基釀酒人 @ 亞利桑那響尾蛇,51429934.1,360,[總分]大小 10.5,252797838.1,大 10.5,A,10.5,2.10,10,11,A,10.5,
2026-07-05,2026-07-05T13:50:59,台灣運彩,825061,3476920.1,116,2026-07-06T04:00:00+08:00,密爾瓦基釀酒人,亞利桑那響尾蛇,密爾瓦基釀酒人 @ 亞利桑那響尾蛇,51429934.1,360,[總分]大小 10.5,252797837.1,小 10.5,H,10.5,1.45,20,9,H,10.5,
2026-07-05,2026-07-05T13:50:59,台灣運彩,825061,3476920.1,116,2026-07-06T04:00:00+08:00,密爾瓦基釀酒人,亞利桑那響尾蛇,密爾瓦基釀酒人 @ 亞利桑那響尾蛇,51429477.1,362,亞歷桑那響尾蛇 大小 4.5,252796603.1,大 4.5,A,4.5,1.90,10,9,A,4.5,
2026-07-05,2026-07-05T13:50:59,台灣運彩,825061,3476920.1,116,2026-07-06T04:00:00+08:00,密爾瓦基釀酒人,亞利桑那響尾蛇,密爾瓦基釀酒人 @ 亞利桑那響尾蛇,51429477.1,362,亞歷桑那響尾蛇 大小 4.5,252796602.1,小 4.5,H,4.5,1.55,20,11,H,4.5,
2026-07-05,2026-07-05T13:50:59,台灣運彩,825061,3476920.1,116,2026-07-06T04:00:00+08:00,密爾瓦基釀酒人,亞利桑那響尾蛇,密爾瓦基釀酒人 @ 亞利桑那響尾蛇,51429428.1,363,密爾瓦基釀酒人 大小 4.5,252796485.1,大 4.5,A,4.5,1.68,25,17,A,4.5,
2026-07-05,2026-07-05T13:50:59,台灣運彩,825061,3476920.1,116,2026-07-06T04:00:00+08:00,密爾瓦基釀酒人,亞利桑那響尾蛇,密爾瓦基釀酒人 @ 亞利桑那響尾蛇,51429428.1,363,密爾瓦基釀酒人 大小 4.5,252796484.1,小 4.5,H,4.5,1.75,4,3,H,4.5,
2026-07-05,2026-07-05T13:50:59,台灣運彩,825061,3476920.1,116,2026-07-06T04:00:00+08:00,密爾瓦基釀酒人,亞利桑那響尾蛇,密爾瓦基釀酒人 @ 亞利桑那響尾蛇,51429426.1,366,[總分]單雙,252796481.1,單,,,1.50,2,1,,,
2026-07-05,2026-07-05T13:50:59,台灣運彩,825061,3476920.1,116,2026-07-06T04:00:00+08:00,密爾瓦基釀酒人,亞利桑那響尾蛇,密爾瓦基釀酒人 @ 亞利桑那響尾蛇,51429426.1,366,[總分]單雙,252796480.1,雙,,,1.96,25,24,,,
2026-07-05,2026-07-05T13:50:59,台灣運彩,825061,3476920.1,116,2026-07-06T04:00:00+08:00,密爾瓦基釀酒人,亞利桑那響尾蛇,密爾瓦基釀酒人 @ 亞利桑那響尾蛇,51429847.1,374,得分最高單局(不含延長賽),252797643.1,一樣多,,,2.25,4,5,,,
2026-07-05,2026-07-05T13:50:59,台灣運彩,825061,3476920.1,116,2026-07-06T04:00:00+08:00,密爾瓦基釀酒人,亞利桑那響尾蛇,密爾瓦基釀酒人 @ 亞利桑那響尾蛇,51429847.1,374,得分最高單局(不含延長賽),252797634.1,第1局,,,5.55,20,91,,,
2026-07-05,2026-07-05T13:50:59,台灣運彩,825061,3476920.1,116,2026-07-06T04:00:00+08:00,密爾瓦基釀酒人,亞利桑那響尾蛇,密爾瓦基釀酒人 @ 亞利桑那響尾蛇,51429847.1,374,得分最高單局(不含延長賽),252797635.1,第2局,,,6.25,4,21,,,
2026-07-05,2026-07-05T13:50:59,台灣運彩,825061,3476920.1,116,2026-07-06T04:00:00+08:00,密爾瓦基釀酒人,亞利桑那響尾蛇,密爾瓦基釀酒人 @ 亞利桑那響尾蛇,51429847.1,374,得分最高單局(不含延長賽),252797636.1,第3局,,,5.70,10,47,,,
2026-07-05,2026-07-05T13:50:59,台灣運彩,825061,3476920.1,116,2026-07-06T04:00:00+08:00,密爾瓦基釀酒人,亞利桑那響尾蛇,密爾瓦基釀酒人 @ 亞利桑那響尾蛇,51429847.1,374,得分最高單局(不含延長賽),252797637.1,第4局,,,6.25,4,21,,,
2026-07-05,2026-07-05T13:50:59,台灣運彩,825061,3476920.1,116,2026-07-06T04:00:00+08:00,密爾瓦基釀酒人,亞利桑那響尾蛇,密爾瓦基釀酒人 @ 亞利桑那響尾蛇,51429847.1,374,得分最高單局(不含延長賽),252797638.1,第5局,,,5.85,20,97,,,
2026-07-05,2026-07-05T13:50:59,台灣運彩,825061,3476920.1,116,2026-07-06T04:00:00+08:00,密爾瓦基釀酒人,亞利桑那響尾蛇,密爾瓦基釀酒人 @ 亞利桑那響尾蛇,51429847.1,374,得分最高單局(不含延長賽),252797639.1,第6局,,,6.00,1,5,,,
2026-07-05,2026-07-05T13:50:59,台灣運彩,825061,3476920.1,116,2026-07-06T04:00:00+08:00,密爾瓦基釀酒人,亞利桑那響尾蛇,密爾瓦基釀酒人 @ 亞利桑那響尾蛇,51429847.1,374,得分最高單局(不含延長賽),252797640.1,第7局,,,6.00,1,5,,,
2026-07-05,2026-07-05T13:50:59,台灣運彩,825061,3476920.1,116,2026-07-06T04:00:00+08:00,密爾瓦基釀酒人,亞利桑那響尾蛇,密爾瓦基釀酒人 @ 亞利桑那響尾蛇,51429847.1,374,得分最高單局(不含延長賽),252797641.1,第8局,,,6.00,1,5,,,
2026-07-05,2026-07-05T13:50:59,台灣運彩,825061,3476920.1,116,2026-07-06T04:00:00+08:00,密爾瓦基釀酒人,亞利桑那響尾蛇,密爾瓦基釀酒人 @ 亞利桑那響尾蛇,51429847.1,374,得分最高單局(不含延長賽),252797642.1,第9局,,,8.00,1,7,,,
2026-07-05,2026-07-05T13:50:59,台灣運彩,825061,3476920.1,116,2026-07-06T04:00:00+08:00,密爾瓦基釀酒人,亞利桑那響尾蛇,密爾瓦基釀酒人 @ 亞利桑那響尾蛇,51429845.1,376,[1-5局] 不讓分,252797629.1,亞歷桑那響尾蛇,H,,1.95,20,19,H,,1
2026-07-05,2026-07-05T13:50:59,台灣運彩,825061,3476920.1,116,2026-07-06T04:00:00+08:00,密爾瓦基釀酒人,亞利桑那響尾蛇,密爾瓦基釀酒人 @ 亞利桑那響尾蛇,51429845.1,376,[1-5局] 不讓分,252797631.1,密爾瓦基釀酒人,A,,1.70,10,7,A,,2
2026-07-05,2026-07-05T13:50:59,台灣運彩,825061,3476920.1,116,2026-07-06T04:00:00+08:00,密爾瓦基釀酒人,亞利桑那響尾蛇,密爾瓦基釀酒人 @ 亞利桑那響尾蛇,51429845.1,376,[1-5局] 不讓分,252797630.1,和局,D,,4.95,20,79,D,,
2026-07-05,2026-07-05T13:50:59,台灣運彩,825061,3476920.1,116,2026-07-06T04:00:00+08:00,密爾瓦基釀酒人,亞利桑那響尾蛇,密爾瓦基釀酒人 @ 亞利桑那響尾蛇,51429846.1,378,[1-5局] 大小 4.5,252797633.1,大 4.5,A,4.5,1.56,25,14,A,4.5,
2026-07-05,2026-07-05T13:50:59,台灣運彩,825061,3476920.1,116,2026-07-06T04:00:00+08:00,密爾瓦基釀酒人,亞利桑那響尾蛇,密爾瓦基釀酒人 @ 亞利桑那響尾蛇,51429846.1,378,[1-5局] 大小 4.5,252797632.1,小 4.5,H,4.5,1.78,50,39,H,4.5,
2026-07-05,2026-07-05T13:50:59,台灣運彩,825061,3476920.1,116,2026-07-06T04:00:00+08:00,密爾瓦基釀酒人,亞利桑那響尾蛇,密爾瓦基釀酒人 @ 亞利桑那響尾蛇,51429842.1,379,[1-5局] 亞歷桑那響尾蛇 大小 2.5,252797623.1,大 2.5,A,2.5,1.96,25,24,A,2.5,
2026-07-05,2026-07-05T13:50:59,台灣運彩,825061,3476920.1,116,2026-07-06T04:00:00+08:00,密爾瓦基釀酒人,亞利桑那響尾蛇,密爾瓦基釀酒人 @ 亞利桑那響尾蛇,51429842.1,379,[1-5局] 亞歷桑那響尾蛇 大小 2.5,252797622.1,小 2.5,H,2.5,1.50,2,1,H,2.5,
2026-07-05,2026-07-05T13:50:59,台灣運彩,825061,3476920.1,116,2026-07-06T04:00:00+08:00,密爾瓦基釀酒人,亞利桑那響尾蛇,密爾瓦基釀酒人 @ 亞利桑那響尾蛇,51429848.1,380,[1-5局] 密爾瓦基釀酒人 大小 2.5,252797645.1,大 2.5,A,2.5,1.82,50,41,A,2.5,
2026-07-05,2026-07-05T13:50:59,台灣運彩,825061,3476920.1,116,2026-07-06T04:00:00+08:00,密爾瓦基釀酒人,亞利桑那響尾蛇,密爾瓦基釀酒人 @ 亞利桑那響尾蛇,51429848.1,380,[1-5局] 密爾瓦基釀酒人 大小 2.5,252797644.1,小 2.5,H,2.5,1.62,50,31,H,2.5,
2026-07-05,2026-07-05T13:50:59,台灣運彩,825061,3476920.1,116,2026-07-06T04:00:00+08:00,密爾瓦基釀酒人,亞利桑那響尾蛇,密爾瓦基釀酒人 @ 亞利桑那響尾蛇,51429843.1,389,[第1局] 不讓分,252797624.1,亞歷桑那響尾蛇,H,,3.10,10,21,H,,1
2026-07-05,2026-07-05T13:50:59,台灣運彩,825061,3476920.1,116,2026-07-06T04:00:00+08:00,密爾瓦基釀酒人,亞利桑那響尾蛇,密爾瓦基釀酒人 @ 亞利桑那響尾蛇,51429843.1,389,[第1局] 不讓分,252797626.1,密爾瓦基釀酒人,A,,2.90,10,19,A,,2
2026-07-05,2026-07-05T13:50:59,台灣運彩,825061,3476920.1,116,2026-07-06T04:00:00+08:00,密爾瓦基釀酒人,亞利桑那響尾蛇,密爾瓦基釀酒人 @ 亞利桑那響尾蛇,51429843.1,389,[第1局] 不讓分,252797625.1,和局,D,,1.60,5,3,D,,
2026-07-05,2026-07-05T13:50:59,台灣運彩,825061,3476920.1,116,2026-07-06T04:00:00+08:00,密爾瓦基釀酒人,亞利桑那響尾蛇,密爾瓦基釀酒人 @ 亞利桑那響尾蛇,51429844.1,398,[第1局] 大小 0.5,252797628.1,大 0.5,A,0.5,1.63,100,63,A,0.5,
2026-07-05,2026-07-05T13:50:59,台灣運彩,825061,3476920.1,116,2026-07-06T04:00:00+08:00,密爾瓦基釀酒人,亞利桑那響尾蛇,密爾瓦基釀酒人 @ 亞利桑那響尾蛇,51429844.1,398,[第1局] 大小 0.5,252797627.1,小 0.5,H,0.5,1.70,10,7,H,0.5,
2026-07-05,2026-07-05T13:50:59,台灣運彩,824333,3476922.1,119,2026-07-06T04:00:00+08:00,舊金山巨人,科羅拉多洛磯,舊金山巨人 @ 科羅拉多洛磯,51429425.1,354,不讓分,252796478.1,科羅拉多落磯,H,,1.92,25,23,H,,1
2026-07-05,2026-07-05T13:50:59,台灣運彩,824333,3476922.1,119,2026-07-06T04:00:00+08:00,舊金山巨人,科羅拉多洛磯,舊金山巨人 @ 科羅拉多洛磯,51429425.1,354,不讓分,252796479.1,舊金山巨人,A,,1.58,50,29,A,,2
2026-07-05,2026-07-05T13:50:59,台灣運彩,824980,3476928.1,127,2026-07-06T04:30:00+08:00,邁阿密馬林魚,運動家,邁阿密馬林魚 @ 運動家,51429466.1,354,不讓分,252796576.1,運動家,H,,1.62,50,31,H,,1
2026-07-05,2026-07-05T13:50:59,台灣運彩,824980,3476928.1,127,2026-07-06T04:30:00+08:00,邁阿密馬林魚,運動家,邁阿密馬林魚 @ 運動家,51429466.1,354,不讓分,252796577.1,邁阿密馬林魚,A,,1.88,25,22,A,,2
2026-07-05,2026-07-05T13:50:59,台灣運彩,824980,3476928.1,127,2026-07-06T04:30:00+08:00,邁阿密馬林魚,運動家,邁阿密馬林魚 @ 運動家,51429474.1,357,勝分差,252796592.1,運動家 1 分,H,,4.25,4,13,H,,
2026-07-05,2026-07-05T13:50:59,台灣運彩,824980,3476928.1,127,2026-07-06T04:30:00+08:00,邁阿密馬林魚,運動家,邁阿密馬林魚 @ 運動家,51429474.1,357,勝分差,252796593.1,運動家 2 分,H,,7.25,4,25,H,,
2026-07-05,2026-07-05T13:50:59,台灣運彩,824980,3476928.1,127,2026-07-06T04:30:00+08:00,邁阿密馬林魚,運動家,邁阿密馬林魚 @ 運動家,51429474.1,357,勝分差,252796594.1,運動家 > 2分,H,,2.50,2,3,H,,
2026-07-05,2026-07-05T13:50:59,台灣運彩,824980,3476928.1,127,2026-07-06T04:30:00+08:00,邁阿密馬林魚,運動家,邁阿密馬林魚 @ 運動家,51429474.1,357,勝分差,252796595.1,邁阿密馬林魚 1 分,A,,6.00,1,5,A,,
2026-07-05,2026-07-05T13:50:59,台灣運彩,824980,3476928.1,127,2026-07-06T04:30:00+08:00,邁阿密馬林魚,運動家,邁阿密馬林魚 @ 運動家,51429474.1,357,勝分差,252796596.1,邁阿密馬林魚 2 分,A,,7.75,4,27,A,,
2026-07-05,2026-07-05T13:50:59,台灣運彩,824980,3476928.1,127,2026-07-06T04:30:00+08:00,邁阿密馬林魚,運動家,邁阿密馬林魚 @ 運動家,51429474.1,357,勝分差,252796597.1,邁阿密馬林魚 > 2分,A,,2.60,5,8,A,,
2026-07-05,2026-07-05T13:50:59,台灣運彩,824980,3476928.1,127,2026-07-06T04:30:00+08:00,邁阿密馬林魚,運動家,邁阿密馬林魚 @ 運動家,51429469.1,358,讓分 -1.5,252796582.1,運動家 -1.5,H,-1.5,2.10,10,11,H,-1.5,1
2026-07-05,2026-07-05T13:50:59,台灣運彩,824980,3476928.1,127,2026-07-06T04:30:00+08:00,邁阿密馬林魚,運動家,邁阿密馬林魚 @ 運動家,51429469.1,358,讓分 -1.5,252796583.1,邁阿密馬林魚 +1.5,A,-1.5,1.45,20,9,A,-1.5,2
2026-07-05,2026-07-05T13:50:59,台灣運彩,824980,3476928.1,127,2026-07-06T04:30:00+08:00,邁阿密馬林魚,運動家,邁阿密馬林魚 @ 運動家,51429472.1,358,讓分 -2.5,252796588.1,運動家 -2.5,H,-2.5,2.60,5,8,H,-2.5,1
2026-07-05,2026-07-05T13:50:59,台灣運彩,824980,3476928.1,127,2026-07-06T04:30:00+08:00,邁阿密馬林魚,運動家,邁阿密馬林魚 @ 運動家,51429472.1,358,讓分 -2.5,252796589.1,邁阿密馬林魚 +2.5,A,-2.5,1.30,10,3,A,-2.5,2
2026-07-05,2026-07-05T13:50:59,台灣運彩,824980,3476928.1,127,2026-07-06T04:30:00+08:00,邁阿密馬林魚,運動家,邁阿密馬林魚 @ 運動家,51429795.1,358,讓分 1.5,252797485.1,運動家 +1.5,H,1.5,1.38,50,19,H,1.5,1
2026-07-05,2026-07-05T13:50:59,台灣運彩,824980,3476928.1,127,2026-07-06T04:30:00+08:00,邁阿密馬林魚,運動家,邁阿密馬林魚 @ 運動家,51429795.1,358,讓分 1.5,252797486.1,邁阿密馬林魚 -1.5,A,1.5,2.33,100,133,A,1.5,2
2026-07-05,2026-07-05T13:50:59,台灣運彩,824980,3476928.1,127,2026-07-06T04:30:00+08:00,邁阿密馬林魚,運動家,邁阿密馬林魚 @ 運動家,51429470.1,360,[總分]大小 8.5,252796585.1,大 8.5,A,8.5,1.48,25,12,A,8.5,
2026-07-05,2026-07-05T13:50:59,台灣運彩,824980,3476928.1,127,2026-07-06T04:30:00+08:00,邁阿密馬林魚,運動家,邁阿密馬林魚 @ 運動家,51429470.1,360,[總分]大小 8.5,252796584.1,小 8.5,H,8.5,2.05,20,21,H,8.5,
2026-07-05,2026-07-05T13:50:59,台灣運彩,824980,3476928.1,127,2026-07-06T04:30:00+08:00,邁阿密馬林魚,運動家,邁阿密馬林魚 @ 運動家,51429475.1,360,[總分]大小 10.5,252796599.1,大 10.5,A,10.5,1.97,100,97,A,10.5,
2026-07-05,2026-07-05T13:50:59,台灣運彩,824980,3476928.1,127,2026-07-06T04:30:00+08:00,邁阿密馬林魚,運動家,邁阿密馬林魚 @ 運動家,51429475.1,360,[總分]大小 10.5,252796598.1,小 10.5,H,10.5,1.53,100,53,H,10.5,
2026-07-05,2026-07-05T13:50:59,台灣運彩,824980,3476928.1,127,2026-07-06T04:30:00+08:00,邁阿密馬林魚,運動家,邁阿密馬林魚 @ 運動家,51429476.1,360,[總分]大小 9.5,252796601.1,大 9.5,A,9.5,1.76,25,19,A,9.5,
2026-07-05,2026-07-05T13:50:59,台灣運彩,824980,3476928.1,127,2026-07-06T04:30:00+08:00,邁阿密馬林魚,運動家,邁阿密馬林魚 @ 運動家,51429476.1,360,[總分]大小 9.5,252796600.1,小 9.5,H,9.5,1.74,50,37,H,9.5,
2026-07-05,2026-07-05T13:50:59,台灣運彩,824980,3476928.1,127,2026-07-06T04:30:00+08:00,邁阿密馬林魚,運動家,邁阿密馬林魚 @ 運動家,51429471.1,362,運動家 大小 4.5,252796587.1,大 4.5,A,4.5,1.66,50,33,A,4.5,
2026-07-05,2026-07-05T13:50:59,台灣運彩,824980,3476928.1,127,2026-07-06T04:30:00+08:00,邁阿密馬林魚,運動家,邁阿密馬林魚 @ 運動家,51429471.1,362,運動家 大小 4.5,252796586.1,小 4.5,H,4.5,1.76,25,19,H,4.5,
2026-07-05,2026-07-05T13:50:59,台灣運彩,824980,3476928.1,127,2026-07-06T04:30:00+08:00,邁阿密馬林魚,運動家,邁阿密馬林魚 @ 運動家,51429468.1,363,邁阿密馬林魚 大小 4.5,252796581.1,大 4.5,A,4.5,1.73,100,73,A,4.5,
2026-07-05,2026-07-05T13:50:59,台灣運彩,824980,3476928.1,127,2026-07-06T04:30:00+08:00,邁阿密馬林魚,運動家,邁阿密馬林魚 @ 運動家,51429468.1,363,邁阿密馬林魚 大小 4.5,252796580.1,小 4.5,H,4.5,1.70,10,7,H,4.5,
2026-07-05,2026-07-05T13:50:59,台灣運彩,824980,3476928.1,127,2026-07-06T04:30:00+08:00,邁阿密馬林魚,運動家,邁阿密馬林魚 @ 運動家,51429467.1,366,[總分]單雙,252796579.1,單,,,1.50,2,1,,,
2026-07-05,2026-07-05T13:50:59,台灣運彩,824980,3476928.1,127,2026-07-06T04:30:00+08:00,邁阿密馬林魚,運動家,邁阿密馬林魚 @ 運動家,51429467.1,366,[總分]單雙,252796578.1,雙,,,1.96,25,24,,,
2026-07-05,2026-07-05T13:50:59,台灣運彩,824980,3476928.1,127,2026-07-06T04:30:00+08:00,邁阿密馬林魚,運動家,邁阿密馬林魚 @ 運動家,51429802.1,374,得分最高單局(不含延長賽),252797510.1,一樣多,,,2.30,10,13,,,
2026-07-05,2026-07-05T13:50:59,台灣運彩,824980,3476928.1,127,2026-07-06T04:30:00+08:00,邁阿密馬林魚,運動家,邁阿密馬林魚 @ 運動家,51429802.1,374,得分最高單局(不含延長賽),252797501.1,第1局,,,5.35,20,87,,,
2026-07-05,2026-07-05T13:50:59,台灣運彩,824980,3476928.1,127,2026-07-06T04:30:00+08:00,邁阿密馬林魚,運動家,邁阿密馬林魚 @ 運動家,51429802.1,374,得分最高單局(不含延長賽),252797502.1,第2局,,,6.25,4,21,,,
2026-07-05,2026-07-05T13:50:59,台灣運彩,824980,3476928.1,127,2026-07-06T04:30:00+08:00,邁阿密馬林魚,運動家,邁阿密馬林魚 @ 運動家,51429802.1,374,得分最高單局(不含延長賽),252797503.1,第3局,,,5.55,20,91,,,
2026-07-05,2026-07-05T13:50:59,台灣運彩,824980,3476928.1,127,2026-07-06T04:30:00+08:00,邁阿密馬林魚,運動家,邁阿密馬林魚 @ 運動家,51429802.1,374,得分最高單局(不含延長賽),252797504.1,第4局,,,6.25,4,21,,,
2026-07-05,2026-07-05T13:50:59,台灣運彩,824980,3476928.1,127,2026-07-06T04:30:00+08:00,邁阿密馬林魚,運動家,邁阿密馬林魚 @ 運動家,51429802.1,374,得分最高單局(不含延長賽),252797505.1,第5局,,,5.90,10,49,,,
2026-07-05,2026-07-05T13:50:59,台灣運彩,824980,3476928.1,127,2026-07-06T04:30:00+08:00,邁阿密馬林魚,運動家,邁阿密馬林魚 @ 運動家,51429802.1,374,得分最高單局(不含延長賽),252797506.1,第6局,,,6.00,1,5,,,
2026-07-05,2026-07-05T13:50:59,台灣運彩,824980,3476928.1,127,2026-07-06T04:30:00+08:00,邁阿密馬林魚,運動家,邁阿密馬林魚 @ 運動家,51429802.1,374,得分最高單局(不含延長賽),252797507.1,第7局,,,5.95,20,99,,,
2026-07-05,2026-07-05T13:50:59,台灣運彩,824980,3476928.1,127,2026-07-06T04:30:00+08:00,邁阿密馬林魚,運動家,邁阿密馬林魚 @ 運動家,51429802.1,374,得分最高單局(不含延長賽),252797508.1,第8局,,,5.80,5,24,,,
2026-07-05,2026-07-05T13:50:59,台灣運彩,824980,3476928.1,127,2026-07-06T04:30:00+08:00,邁阿密馬林魚,運動家,邁阿密馬林魚 @ 運動家,51429802.1,374,得分最高單局(不含延長賽),252797509.1,第9局,,,8.00,1,7,,,
2026-07-05,2026-07-05T13:50:59,台灣運彩,824980,3476928.1,127,2026-07-06T04:30:00+08:00,邁阿密馬林魚,運動家,邁阿密馬林魚 @ 運動家,51429799.1,376,[1-5局] 不讓分,252797494.1,運動家,H,,1.70,10,7,H,,1
2026-07-05,2026-07-05T13:50:59,台灣運彩,824980,3476928.1,127,2026-07-06T04:30:00+08:00,邁阿密馬林魚,運動家,邁阿密馬林魚 @ 運動家,51429799.1,376,[1-5局] 不讓分,252797496.1,邁阿密馬林魚,A,,1.95,20,19,A,,2
2026-07-05,2026-07-05T13:50:59,台灣運彩,824980,3476928.1,127,2026-07-06T04:30:00+08:00,邁阿密馬林魚,運動家,邁阿密馬林魚 @ 運動家,51429799.1,376,[1-5局] 不讓分,252797495.1,和局,D,,5.10,10,41,D,,
2026-07-05,2026-07-05T13:50:59,台灣運彩,824980,3476928.1,127,2026-07-06T04:30:00+08:00,邁阿密馬林魚,運動家,邁阿密馬林魚 @ 運動家,51429801.1,378,[1-5局] 大小 5.5,252797500.1,大 5.5,A,5.5,1.78,50,39,A,5.5,
2026-07-05,2026-07-05T13:50:59,台灣運彩,824980,3476928.1,127,2026-07-06T04:30:00+08:00,邁阿密馬林魚,運動家,邁阿密馬林魚 @ 運動家,51429801.1,378,[1-5局] 大小 5.5,252797499.1,小 5.5,H,5.5,1.56,25,14,H,5.5,
2026-07-05,2026-07-05T13:50:59,台灣運彩,824980,3476928.1,127,2026-07-06T04:30:00+08:00,邁阿密馬林魚,運動家,邁阿密馬林魚 @ 運動家,51429798.1,379,[1-5局] 運動家 大小 2.5,252797493.1,大 2.5,A,2.5,1.73,100,73,A,2.5,
2026-07-05,2026-07-05T13:50:59,台灣運彩,824980,3476928.1,127,2026-07-06T04:30:00+08:00,邁阿密馬林魚,運動家,邁阿密馬林魚 @ 運動家,51429798.1,379,[1-5局] 運動家 大小 2.5,252797492.1,小 2.5,H,2.5,1.70,10,7,H,2.5,
2026-07-05,2026-07-05T13:50:59,台灣運彩,824980,3476928.1,127,2026-07-06T04:30:00+08:00,邁阿密馬林魚,運動家,邁阿密馬林魚 @ 運動家,51429800.1,380,[1-5局] 邁阿密馬林魚 大小 2.5,252797498.1,大 2.5,A,2.5,1.90,10,9,A,2.5,
2026-07-05,2026-07-05T13:50:59,台灣運彩,824980,3476928.1,127,2026-07-06T04:30:00+08:00,邁阿密馬林魚,運動家,邁阿密馬林魚 @ 運動家,51429800.1,380,[1-5局] 邁阿密馬林魚 大小 2.5,252797497.1,小 2.5,H,2.5,1.55,20,11,H,2.5,
2026-07-05,2026-07-05T13:50:59,台灣運彩,824980,3476928.1,127,2026-07-06T04:30:00+08:00,邁阿密馬林魚,運動家,邁阿密馬林魚 @ 運動家,51429797.1,389,[第1局] 不讓分,252797489.1,運動家,H,,2.75,4,7,H,,1
2026-07-05,2026-07-05T13:50:59,台灣運彩,824980,3476928.1,127,2026-07-06T04:30:00+08:00,邁阿密馬林魚,運動家,邁阿密馬林魚 @ 運動家,51429797.1,389,[第1局] 不讓分,252797491.1,邁阿密馬林魚,A,,3.05,20,41,A,,2
2026-07-05,2026-07-05T13:50:59,台灣運彩,824980,3476928.1,127,2026-07-06T04:30:00+08:00,邁阿密馬林魚,運動家,邁阿密馬林魚 @ 運動家,51429797.1,389,[第1局] 不讓分,252797490.1,和局,D,,1.65,20,13,D,,
2026-07-05,2026-07-05T13:50:59,台灣運彩,824980,3476928.1,127,2026-07-06T04:30:00+08:00,邁阿密馬林魚,運動家,邁阿密馬林魚 @ 運動家,51429796.1,398,[第1局] 大小 0.5,252797488.1,大 0.5,A,0.5,1.58,50,29,A,0.5,
2026-07-05,2026-07-05T13:50:59,台灣運彩,824980,3476928.1,127,2026-07-06T04:30:00+08:00,邁阿密馬林魚,運動家,邁阿密馬林魚 @ 運動家,51429796.1,398,[第1局] 大小 0.5,252797487.1,小 0.5,H,0.5,1.75,4,3,H,0.5,
2026-07-05,2026-07-05T13:50:59,台灣運彩,823117,3476930.1,128,2026-07-06T05:00:00+08:00,多倫多藍鳥,西雅圖水手,多倫多藍鳥 @ 西雅圖水手,51429482.1,354,不讓分,252796612.1,西雅圖水手,H,,1.55,20,11,H,,1
2026-07-05,2026-07-05T13:50:59,台灣運彩,823117,3476930.1,128,2026-07-06T05:00:00+08:00,多倫多藍鳥,西雅圖水手,多倫多藍鳥 @ 西雅圖水手,51429482.1,354,不讓分,252796613.1,多倫多藍鳥,A,,1.95,20,19,A,,2
2026-07-05,2026-07-05T13:50:59,台灣運彩,823117,3476930.1,128,2026-07-06T05:00:00+08:00,多倫多藍鳥,西雅圖水手,多倫多藍鳥 @ 西雅圖水手,51429492.1,357,勝分差,252796635.1,多倫多藍鳥 1 分,A,,5.40,5,22,A,,
2026-07-05,2026-07-05T13:50:59,台灣運彩,823117,3476930.1,128,2026-07-06T05:00:00+08:00,多倫多藍鳥,西雅圖水手,多倫多藍鳥 @ 西雅圖水手,51429492.1,357,勝分差,252796636.1,多倫多藍鳥 2 分,A,,7.25,4,25,A,,
2026-07-05,2026-07-05T13:50:59,台灣運彩,823117,3476930.1,128,2026-07-06T05:00:00+08:00,多倫多藍鳥,西雅圖水手,多倫多藍鳥 @ 西雅圖水手,51429492.1,357,勝分差,252796637.1,多倫多藍鳥 > 2分,A,,3.05,20,41,A,,
2026-07-05,2026-07-05T13:50:59,台灣運彩,823117,3476930.1,128,2026-07-06T05:00:00+08:00,多倫多藍鳥,西雅圖水手,多倫多藍鳥 @ 西雅圖水手,51429492.1,357,勝分差,252796632.1,西雅圖水手 1 分,H,,3.85,20,57,H,,
2026-07-05,2026-07-05T13:50:59,台灣運彩,823117,3476930.1,128,2026-07-06T05:00:00+08:00,多倫多藍鳥,西雅圖水手,多倫多藍鳥 @ 西雅圖水手,51429492.1,357,勝分差,252796633.1,西雅圖水手 2 分,H,,6.50,2,11,H,,
2026-07-05,2026-07-05T13:50:59,台灣運彩,823117,3476930.1,128,2026-07-06T05:00:00+08:00,多倫多藍鳥,西雅圖水手,多倫多藍鳥 @ 西雅圖水手,51429492.1,357,勝分差,252796634.1,西雅圖水手 > 2分,H,,2.60,5,8,H,,
2026-07-05,2026-07-05T13:50:59,台灣運彩,823117,3476930.1,128,2026-07-06T05:00:00+08:00,多倫多藍鳥,西雅圖水手,多倫多藍鳥 @ 西雅圖水手,51429489.1,358,讓分 -2.5,252796626.1,西雅圖水手 -2.5,H,-2.5,2.70,10,17,H,-2.5,1
2026-07-05,2026-07-05T13:50:59,台灣運彩,823117,3476930.1,128,2026-07-06T05:00:00+08:00,多倫多藍鳥,西雅圖水手,多倫多藍鳥 @ 西雅圖水手,51429489.1,358,讓分 -2.5,252796627.1,多倫多藍鳥 +2.5,A,-2.5,1.28,25,7,A,-2.5,2
2026-07-05,2026-07-05T13:50:59,台灣運彩,823117,3476930.1,128,2026-07-06T05:00:00+08:00,多倫多藍鳥,西雅圖水手,多倫多藍鳥 @ 西雅圖水手,51429491.1,358,讓分 -1.5,252796630.1,西雅圖水手 -1.5,H,-1.5,2.07,100,107,H,-1.5,1
2026-07-05,2026-07-05T13:50:59,台灣運彩,823117,3476930.1,128,2026-07-06T05:00:00+08:00,多倫多藍鳥,西雅圖水手,多倫多藍鳥 @ 西雅圖水手,51429491.1,358,讓分 -1.5,252796631.1,多倫多藍鳥 +1.5,A,-1.5,1.46,50,23,A,-1.5,2
2026-07-05,2026-07-05T13:50:59,台灣運彩,823117,3476930.1,128,2026-07-06T05:00:00+08:00,多倫多藍鳥,西雅圖水手,多倫多藍鳥 @ 西雅圖水手,51429484.1,360,[總分]大小 7.5,252796617.1,大 7.5,A,7.5,1.79,100,79,A,7.5,
2026-07-05,2026-07-05T13:50:59,台灣運彩,823117,3476930.1,128,2026-07-06T05:00:00+08:00,多倫多藍鳥,西雅圖水手,多倫多藍鳥 @ 西雅圖水手,51429484.1,360,[總分]大小 7.5,252796616.1,小 7.5,H,7.5,1.71,100,71,H,7.5,
2026-07-05,2026-07-05T13:50:59,台灣運彩,823117,3476930.1,128,2026-07-06T05:00:00+08:00,多倫多藍鳥,西雅圖水手,多倫多藍鳥 @ 西雅圖水手,51429487.1,360,[總分]大小 6.5,252796623.1,大 6.5,A,6.5,1.46,50,23,A,6.5,
2026-07-05,2026-07-05T13:50:59,台灣運彩,823117,3476930.1,128,2026-07-06T05:00:00+08:00,多倫多藍鳥,西雅圖水手,多倫多藍鳥 @ 西雅圖水手,51429487.1,360,[總分]大小 6.5,252796622.1,小 6.5,H,6.5,2.07,100,107,H,6.5,
2026-07-05,2026-07-05T13:50:59,台灣運彩,823117,3476930.1,128,2026-07-06T05:00:00+08:00,多倫多藍鳥,西雅圖水手,多倫多藍鳥 @ 西雅圖水手,51429488.1,360,[總分]大小 8.5,252796625.1,大 8.5,A,8.5,2.05,20,21,A,8.5,
2026-07-05,2026-07-05T13:50:59,台灣運彩,823117,3476930.1,128,2026-07-06T05:00:00+08:00,多倫多藍鳥,西雅圖水手,多倫多藍鳥 @ 西雅圖水手,51429488.1,360,[總分]大小 8.5,252796624.1,小 8.5,H,8.5,1.48,25,12,H,8.5,
2026-07-05,2026-07-05T13:50:59,台灣運彩,823117,3476930.1,128,2026-07-06T05:00:00+08:00,多倫多藍鳥,西雅圖水手,多倫多藍鳥 @ 西雅圖水手,51429490.1,362,西雅圖水手 大小 3.5,252796629.1,大 3.5,A,3.5,1.63,100,63,A,3.5,
2026-07-05,2026-07-05T13:50:59,台灣運彩,823117,3476930.1,128,2026-07-06T05:00:00+08:00,多倫多藍鳥,西雅圖水手,多倫多藍鳥 @ 西雅圖水手,51429490.1,362,西雅圖水手 大小 3.5,252796628.1,小 3.5,H,3.5,1.80,5,4,H,3.5,
2026-07-05,2026-07-05T13:50:59,台灣運彩,823117,3476930.1,128,2026-07-06T05:00:00+08:00,多倫多藍鳥,西雅圖水手,多倫多藍鳥 @ 西雅圖水手,51429486.1,363,多倫多藍鳥 大小 3.5,252796621.1,大 3.5,A,3.5,1.82,50,41,A,3.5,
2026-07-05,2026-07-05T13:50:59,台灣運彩,823117,3476930.1,128,2026-07-06T05:00:00+08:00,多倫多藍鳥,西雅圖水手,多倫多藍鳥 @ 西雅圖水手,51429486.1,363,多倫多藍鳥 大小 3.5,252796620.1,小 3.5,H,3.5,1.62,50,31,H,3.5,
2026-07-05,2026-07-05T13:50:59,台灣運彩,823117,3476930.1,128,2026-07-06T05:00:00+08:00,多倫多藍鳥,西雅圖水手,多倫多藍鳥 @ 西雅圖水手,51429483.1,366,[總分]單雙,252796615.1,單,,,1.46,50,23,,,
2026-07-05,2026-07-05T13:50:59,台灣運彩,823117,3476930.1,128,2026-07-06T05:00:00+08:00,多倫多藍鳥,西雅圖水手,多倫多藍鳥 @ 西雅圖水手,51429483.1,366,[總分]單雙,252796614.1,雙,,,2.05,20,21,,,
2026-07-05,2026-07-05T13:50:59,台灣運彩,823117,3476930.1,128,2026-07-06T05:00:00+08:00,多倫多藍鳥,西雅圖水手,多倫多藍鳥 @ 西雅圖水手,51429810.1,374,得分最高單局(不含延長賽),252797536.1,一樣多,,,2.20,5,6,,,
2026-07-05,2026-07-05T13:50:59,台灣運彩,823117,3476930.1,128,2026-07-06T05:00:00+08:00,多倫多藍鳥,西雅圖水手,多倫多藍鳥 @ 西雅圖水手,51429810.1,374,得分最高單局(不含延長賽),252797527.1,第1局,,,5.20,5,21,,,
2026-07-05,2026-07-05T13:50:59,台灣運彩,823117,3476930.1,128,2026-07-06T05:00:00+08:00,多倫多藍鳥,西雅圖水手,多倫多藍鳥 @ 西雅圖水手,51429810.1,374,得分最高單局(不含延長賽),252797528.1,第2局,,,6.25,4,21,,,
2026-07-05,2026-07-05T13:50:59,台灣運彩,823117,3476930.1,128,2026-07-06T05:00:00+08:00,多倫多藍鳥,西雅圖水手,多倫多藍鳥 @ 西雅圖水手,51429810.1,374,得分最高單局(不含延長賽),252797529.1,第3局,,,5.40,5,22,,,
2026-07-05,2026-07-05T13:50:59,台灣運彩,823117,3476930.1,128,2026-07-06T05:00:00+08:00,多倫多藍鳥,西雅圖水手,多倫多藍鳥 @ 西雅圖水手,51429810.1,374,得分最高單局(不含延長賽),252797530.1,第4局,,,5.85,20,97,,,
2026-07-05,2026-07-05T13:50:59,台灣運彩,823117,3476930.1,128,2026-07-06T05:00:00+08:00,多倫多藍鳥,西雅圖水手,多倫多藍鳥 @ 西雅圖水手,51429810.1,374,得分最高單局(不含延長賽),252797531.1,第5局,,,5.75,4,19,,,
2026-07-05,2026-07-05T13:50:59,台灣運彩,823117,3476930.1,128,2026-07-06T05:00:00+08:00,多倫多藍鳥,西雅圖水手,多倫多藍鳥 @ 西雅圖水手,51429810.1,374,得分最高單局(不含延長賽),252797532.1,第6局,,,6.50,2,11,,,
2026-07-05,2026-07-05T13:50:59,台灣運彩,823117,3476930.1,128,2026-07-06T05:00:00+08:00,多倫多藍鳥,西雅圖水手,多倫多藍鳥 @ 西雅圖水手,51429810.1,374,得分最高單局(不含延長賽),252797533.1,第7局,,,6.75,4,23,,,
2026-07-05,2026-07-05T13:50:59,台灣運彩,823117,3476930.1,128,2026-07-06T05:00:00+08:00,多倫多藍鳥,西雅圖水手,多倫多藍鳥 @ 西雅圖水手,51429810.1,374,得分最高單局(不含延長賽),252797534.1,第8局,,,6.25,4,21,,,
2026-07-05,2026-07-05T13:50:59,台灣運彩,823117,3476930.1,128,2026-07-06T05:00:00+08:00,多倫多藍鳥,西雅圖水手,多倫多藍鳥 @ 西雅圖水手,51429810.1,374,得分最高單局(不含延長賽),252797535.1,第9局,,,8.00,1,7,,,
2026-07-05,2026-07-05T13:50:59,台灣運彩,823117,3476930.1,128,2026-07-06T05:00:00+08:00,多倫多藍鳥,西雅圖水手,多倫多藍鳥 @ 西雅圖水手,51429809.1,376,[1-5局] 不讓分,252797524.1,西雅圖水手,H,,1.70,10,7,H,,1
2026-07-05,2026-07-05T13:50:59,台灣運彩,823117,3476930.1,128,2026-07-06T05:00:00+08:00,多倫多藍鳥,西雅圖水手,多倫多藍鳥 @ 西雅圖水手,51429809.1,376,[1-5局] 不讓分,252797526.1,多倫多藍鳥,A,,2.05,20,21,A,,2
2026-07-05,2026-07-05T13:50:59,台灣運彩,823117,3476930.1,128,2026-07-06T05:00:00+08:00,多倫多藍鳥,西雅圖水手,多倫多藍鳥 @ 西雅圖水手,51429809.1,376,[1-5局] 不讓分,252797525.1,和局,D,,4.40,5,17,D,,
2026-07-05,2026-07-05T13:50:59,台灣運彩,823117,3476930.1,128,2026-07-06T05:00:00+08:00,多倫多藍鳥,西雅圖水手,多倫多藍鳥 @ 西雅圖水手,51429808.1,378,[1-5局] 大小 4.5,252797523.1,大 4.5,A,4.5,1.82,50,41,A,4.5,
2026-07-05,2026-07-05T13:50:59,台灣運彩,823117,3476930.1,128,2026-07-06T05:00:00+08:00,多倫多藍鳥,西雅圖水手,多倫多藍鳥 @ 西雅圖水手,51429808.1,378,[1-5局] 大小 4.5,252797522.1,小 4.5,H,4.5,1.53,100,53,H,4.5,
2026-07-05,2026-07-05T13:50:59,台灣運彩,823117,3476930.1,128,2026-07-06T05:00:00+08:00,多倫多藍鳥,西雅圖水手,多倫多藍鳥 @ 西雅圖水手,51429931.1,379,[1-5局] 西雅圖水手 大小 1.5,252797831.1,大 1.5,A,1.5,1.50,2,1,A,1.5,
2026-07-05,2026-07-05T13:50:59,台灣運彩,823117,3476930.1,128,2026-07-06T05:00:00+08:00,多倫多藍鳥,西雅圖水手,多倫多藍鳥 @ 西雅圖水手,51429931.1,379,[1-5局] 西雅圖水手 大小 1.5,252797830.1,小 1.5,H,1.5,1.96,25,24,H,1.5,
2026-07-05,2026-07-05T13:50:59,台灣運彩,823117,3476930.1,128,2026-07-06T05:00:00+08:00,多倫多藍鳥,西雅圖水手,多倫多藍鳥 @ 西雅圖水手,51429804.1,380,[1-5局] 多倫多藍鳥 大小 1.5,252797514.1,大 1.5,A,1.5,1.68,25,17,A,1.5,
2026-07-05,2026-07-05T13:50:59,台灣運彩,823117,3476930.1,128,2026-07-06T05:00:00+08:00,多倫多藍鳥,西雅圖水手,多倫多藍鳥 @ 西雅圖水手,51429804.1,380,[1-5局] 多倫多藍鳥 大小 1.5,252797513.1,小 1.5,H,1.5,1.75,4,3,H,1.5,
2026-07-05,2026-07-05T13:50:59,台灣運彩,823117,3476930.1,128,2026-07-06T05:00:00+08:00,多倫多藍鳥,西雅圖水手,多倫多藍鳥 @ 西雅圖水手,51429807.1,389,[第1局] 不讓分,252797519.1,西雅圖水手,H,,2.95,20,39,H,,1
2026-07-05,2026-07-05T13:50:59,台灣運彩,823117,3476930.1,128,2026-07-06T05:00:00+08:00,多倫多藍鳥,西雅圖水手,多倫多藍鳥 @ 西雅圖水手,51429807.1,389,[第1局] 不讓分,252797521.1,多倫多藍鳥,A,,3.55,20,51,A,,2
2026-07-05,2026-07-05T13:50:59,台灣運彩,823117,3476930.1,128,2026-07-06T05:00:00+08:00,多倫多藍鳥,西雅圖水手,多倫多藍鳥 @ 西雅圖水手,51429807.1,389,[第1局] 不讓分,252797520.1,和局,D,,1.45,20,9,D,,
2026-07-05,2026-07-05T13:50:59,台灣運彩,823117,3476930.1,128,2026-07-06T05:00:00+08:00,多倫多藍鳥,西雅圖水手,多倫多藍鳥 @ 西雅圖水手,51429806.1,398,[第1局] 大小 0.5,252797518.1,大 0.5,A,0.5,1.78,50,39,A,0.5,
2026-07-05,2026-07-05T13:50:59,台灣運彩,823117,3476930.1,128,2026-07-06T05:00:00+08:00,多倫多藍鳥,西雅圖水手,多倫多藍鳥 @ 西雅圖水手,51429806.1,398,[第1局] 大小 0.5,252797517.1,小 0.5,H,0.5,1.56,25,14,H,0.5,
2026-07-05,2026-07-05T13:50:59,台灣運彩,823931,3476941.1,135,2026-07-06T07:20:00+08:00,聖地牙哥教士,洛杉磯道奇,聖地牙哥教士 @ 洛杉磯道奇,51429567.1,354,不讓分,252796843.1,洛杉磯道奇,H,,1.32,25,8,H,,1
2026-07-05,2026-07-05T13:50:59,台灣運彩,823931,3476941.1,135,2026-07-06T07:20:00+08:00,聖地牙哥教士,洛杉磯道奇,聖地牙哥教士 @ 洛杉磯道奇,51429567.1,354,不讓分,252796844.1,聖地牙哥教士,A,,2.50,2,3,A,,2
2026-07-05,2026-07-05T13:50:59,台灣運彩,823931,3476941.1,135,2026-07-06T07:20:00+08:00,聖地牙哥教士,洛杉磯道奇,聖地牙哥教士 @ 洛杉磯道奇,51429576.1,357,勝分差,252796861.1,洛杉磯道奇 1 分,H,,4.10,10,31,H,,
2026-07-05,2026-07-05T13:50:59,台灣運彩,823931,3476941.1,135,2026-07-06T07:20:00+08:00,聖地牙哥教士,洛杉磯道奇,聖地牙哥教士 @ 洛杉磯道奇,51429576.1,357,勝分差,252796862.1,洛杉磯道奇 2 分,H,,6.50,2,11,H,,
2026-07-05,2026-07-05T13:50:59,台灣運彩,823931,3476941.1,135,2026-07-06T07:20:00+08:00,聖地牙哥教士,洛杉磯道奇,聖地牙哥教士 @ 洛杉磯道奇,51429576.1,357,勝分差,252796863.1,洛杉磯道奇 > 2分,H,,1.80,5,4,H,,
2026-07-05,2026-07-05T13:50:59,台灣運彩,823931,3476941.1,135,2026-07-06T07:20:00+08:00,聖地牙哥教士,洛杉磯道奇,聖地牙哥教士 @ 洛杉磯道奇,51429576.1,357,勝分差,252796864.1,聖地牙哥教士 1 分,A,,7.25,4,25,A,,
2026-07-05,2026-07-05T13:50:59,台灣運彩,823931,3476941.1,135,2026-07-06T07:20:00+08:00,聖地牙哥教士,洛杉磯道奇,聖地牙哥教士 @ 洛杉磯道奇,51429576.1,357,勝分差,252796865.1,聖地牙哥教士 2 分,A,,9.50,2,17,A,,
2026-07-05,2026-07-05T13:50:59,台灣運彩,823931,3476941.1,135,2026-07-06T07:20:00+08:00,聖地牙哥教士,洛杉磯道奇,聖地牙哥教士 @ 洛杉磯道奇,51429576.1,357,勝分差,252796866.1,聖地牙哥教士 > 2分,A,,4.00,1,3,A,,
2026-07-05,2026-07-05T13:50:59,台灣運彩,823931,3476941.1,135,2026-07-06T07:20:00+08:00,聖地牙哥教士,洛杉磯道奇,聖地牙哥教士 @ 洛杉磯道奇,51429568.1,358,讓分 -2.5,252796845.1,洛杉磯道奇 -2.5,H,-2.5,1.95,20,19,H,-2.5,1
2026-07-05,2026-07-05T13:50:59,台灣運彩,823931,3476941.1,135,2026-07-06T07:20:00+08:00,聖地牙哥教士,洛杉磯道奇,聖地牙哥教士 @ 洛杉磯道奇,51429568.1,358,讓分 -2.5,252796846.1,聖地牙哥教士 +2.5,A,-2.5,1.55,20,11,A,-2.5,2
2026-07-05,2026-07-05T13:50:59,台灣運彩,823931,3476941.1,135,2026-07-06T07:20:00+08:00,聖地牙哥教士,洛杉磯道奇,聖地牙哥教士 @ 洛杉磯道奇,51429571.1,358,讓分 -1.5,252796851.1,洛杉磯道奇 -1.5,H,-1.5,1.68,25,17,H,-1.5,1
2026-07-05,2026-07-05T13:50:59,台灣運彩,823931,3476941.1,135,2026-07-06T07:20:00+08:00,聖地牙哥教士,洛杉磯道奇,聖地牙哥教士 @ 洛杉磯道奇,51429571.1,358,讓分 -1.5,252796852.1,聖地牙哥教士 +1.5,A,-1.5,1.82,50,41,A,-1.5,2
2026-07-05,2026-07-05T13:50:59,台灣運彩,823931,3476941.1,135,2026-07-06T07:20:00+08:00,聖地牙哥教士,洛杉磯道奇,聖地牙哥教士 @ 洛杉磯道奇,51429569.1,360,[總分]大小 10.5,252796848.1,大 10.5,A,10.5,1.92,25,23,A,10.5,
2026-07-05,2026-07-05T13:50:59,台灣運彩,823931,3476941.1,135,2026-07-06T07:20:00+08:00,聖地牙哥教士,洛杉磯道奇,聖地牙哥教士 @ 洛杉磯道奇,51429569.1,360,[總分]大小 10.5,252796847.1,小 10.5,H,10.5,1.58,50,29,H,10.5,
2026-07-05,2026-07-05T13:50:59,台灣運彩,823931,3476941.1,135,2026-07-06T07:20:00+08:00,聖地牙哥教士,洛杉磯道奇,聖地牙哥教士 @ 洛杉磯道奇,51429572.1,360,[總分]大小 9.5,252796854.1,大 9.5,A,9.5,1.70,10,7,A,9.5,
2026-07-05,2026-07-05T13:50:59,台灣運彩,823931,3476941.1,135,2026-07-06T07:20:00+08:00,聖地牙哥教士,洛杉磯道奇,聖地牙哥教士 @ 洛杉磯道奇,51429572.1,360,[總分]大小 9.5,252796853.1,小 9.5,H,9.5,1.80,5,4,H,9.5,
2026-07-05,2026-07-05T13:50:59,台灣運彩,823931,3476941.1,135,2026-07-06T07:20:00+08:00,聖地牙哥教士,洛杉磯道奇,聖地牙哥教士 @ 洛杉磯道奇,51429574.1,360,[總分]大小 8.5,252796858.1,大 8.5,A,8.5,1.43,100,43,A,8.5,
2026-07-05,2026-07-05T13:50:59,台灣運彩,823931,3476941.1,135,2026-07-06T07:20:00+08:00,聖地牙哥教士,洛杉磯道奇,聖地牙哥教士 @ 洛杉磯道奇,51429574.1,360,[總分]大小 8.5,252796857.1,小 8.5,H,8.5,2.15,20,23,H,8.5,
2026-07-05,2026-07-05T13:50:59,台灣運彩,823931,3476941.1,135,2026-07-06T07:20:00+08:00,聖地牙哥教士,洛杉磯道奇,聖地牙哥教士 @ 洛杉磯道奇,51429573.1,362,洛杉磯道奇 大小 5.5,252796856.1,大 5.5,A,5.5,1.66,50,33,A,5.5,
2026-07-05,2026-07-05T13:50:59,台灣運彩,823931,3476941.1,135,2026-07-06T07:20:00+08:00,聖地牙哥教士,洛杉磯道奇,聖地牙哥教士 @ 洛杉磯道奇,51429573.1,362,洛杉磯道奇 大小 5.5,252796855.1,小 5.5,H,5.5,1.76,25,19,H,5.5,
2026-07-05,2026-07-05T13:50:59,台灣運彩,823931,3476941.1,135,2026-07-06T07:20:00+08:00,聖地牙哥教士,洛杉磯道奇,聖地牙哥教士 @ 洛杉磯道奇,51429570.1,363,聖地牙哥教士 大小 3.5,252796850.1,大 3.5,A,3.5,1.66,50,33,A,3.5,
2026-07-05,2026-07-05T13:50:59,台灣運彩,823931,3476941.1,135,2026-07-06T07:20:00+08:00,聖地牙哥教士,洛杉磯道奇,聖地牙哥教士 @ 洛杉磯道奇,51429570.1,363,聖地牙哥教士 大小 3.5,252796849.1,小 3.5,H,3.5,1.76,25,19,H,3.5,
2026-07-05,2026-07-05T13:50:59,台灣運彩,823931,3476941.1,135,2026-07-06T07:20:00+08:00,聖地牙哥教士,洛杉磯道奇,聖地牙哥教士 @ 洛杉磯道奇,51429566.1,366,[總分]單雙,252796842.1,單,,,1.50,2,1,,,
2026-07-05,2026-07-05T13:50:59,台灣運彩,823931,3476941.1,135,2026-07-06T07:20:00+08:00,聖地牙哥教士,洛杉磯道奇,聖地牙哥教士 @ 洛杉磯道奇,51429566.1,366,[總分]單雙,252796841.1,雙,,,1.96,25,24,,,
2026-07-05,2026-07-05T13:50:59,台灣運彩,823931,3476941.1,135,2026-07-06T07:20:00+08:00,聖地牙哥教士,洛杉磯道奇,聖地牙哥教士 @ 洛杉磯道奇,51429837.1,374,得分最高單局(不含延長賽),252797613.1,一樣多,,,2.30,10,13,,,
2026-07-05,2026-07-05T13:50:59,台灣運彩,823931,3476941.1,135,2026-07-06T07:20:00+08:00,聖地牙哥教士,洛杉磯道奇,聖地牙哥教士 @ 洛杉磯道奇,51429837.1,374,得分最高單局(不含延長賽),252797604.1,第1局,,,5.15,20,83,,,
2026-07-05,2026-07-05T13:50:59,台灣運彩,823931,3476941.1,135,2026-07-06T07:20:00+08:00,聖地牙哥教士,洛杉磯道奇,聖地牙哥教士 @ 洛杉磯道奇,51429837.1,374,得分最高單局(不含延長賽),252797605.1,第2局,,,6.25,4,21,,,
2026-07-05,2026-07-05T13:50:59,台灣運彩,823931,3476941.1,135,2026-07-06T07:20:00+08:00,聖地牙哥教士,洛杉磯道奇,聖地牙哥教士 @ 洛杉磯道奇,51429837.1,374,得分最高單局(不含延長賽),252797606.1,第3局,,,5.60,5,23,,,
2026-07-05,2026-07-05T13:50:59,台灣運彩,823931,3476941.1,135,2026-07-06T07:20:00+08:00,聖地牙哥教士,洛杉磯道奇,聖地牙哥教士 @ 洛杉磯道奇,51429837.1,374,得分最高單局(不含延長賽),252797607.1,第4局,,,6.00,1,5,,,
2026-07-05,2026-07-05T13:50:59,台灣運彩,823931,3476941.1,135,2026-07-06T07:20:00+08:00,聖地牙哥教士,洛杉磯道奇,聖地牙哥教士 @ 洛杉磯道奇,51429837.1,374,得分最高單局(不含延長賽),252797608.1,第5局,,,5.80,5,24,,,
2026-07-05,2026-07-05T13:50:59,台灣運彩,823931,3476941.1,135,2026-07-06T07:20:00+08:00,聖地牙哥教士,洛杉磯道奇,聖地牙哥教士 @ 洛杉磯道奇,51429837.1,374,得分最高單局(不含延長賽),252797609.1,第6局,,,5.90,10,49,,,
2026-07-05,2026-07-05T13:50:59,台灣運彩,823931,3476941.1,135,2026-07-06T07:20:00+08:00,聖地牙哥教士,洛杉磯道奇,聖地牙哥教士 @ 洛杉磯道奇,51429837.1,374,得分最高單局(不含延長賽),252797610.1,第7局,,,6.00,1,5,,,
2026-07-05,2026-07-05T13:50:59,台灣運彩,823931,3476941.1,135,2026-07-06T07:20:00+08:00,聖地牙哥教士,洛杉磯道奇,聖地牙哥教士 @ 洛杉磯道奇,51429837.1,374,得分最高單局(不含延長賽),252797611.1,第8局,,,5.90,10,49,,,
2026-07-05,2026-07-05T13:50:59,台灣運彩,823931,3476941.1,135,2026-07-06T07:20:00+08:00,聖地牙哥教士,洛杉磯道奇,聖地牙哥教士 @ 洛杉磯道奇,51429837.1,374,得分最高單局(不含延長賽),252797612.1,第9局,,,8.00,1,7,,,
2026-07-05,2026-07-05T13:50:59,台灣運彩,823931,3476941.1,135,2026-07-06T07:20:00+08:00,聖地牙哥教士,洛杉磯道奇,聖地牙哥教士 @ 洛杉磯道奇,51429833.1,376,[1-5局] 不讓分,252797594.1,洛杉磯道奇,H,,1.40,5,2,H,,1
2026-07-05,2026-07-05T13:50:59,台灣運彩,823931,3476941.1,135,2026-07-06T07:20:00+08:00,聖地牙哥教士,洛杉磯道奇,聖地牙哥教士 @ 洛杉磯道奇,51429833.1,376,[1-5局] 不讓分,252797596.1,聖地牙哥教士,A,,2.45,20,29,A,,2
2026-07-05,2026-07-05T13:50:59,台灣運彩,823931,3476941.1,135,2026-07-06T07:20:00+08:00,聖地牙哥教士,洛杉磯道奇,聖地牙哥教士 @ 洛杉磯道奇,51429833.1,376,[1-5局] 不讓分,252797595.1,和局,D,,5.30,10,43,D,,
2026-07-05,2026-07-05T13:50:59,台灣運彩,823931,3476941.1,135,2026-07-06T07:20:00+08:00,聖地牙哥教士,洛杉磯道奇,聖地牙哥教士 @ 洛杉磯道奇,51429835.1,378,[1-5局] 大小 5.5,252797601.1,大 5.5,A,5.5,1.68,25,17,A,5.5,
2026-07-05,2026-07-05T13:50:59,台灣運彩,823931,3476941.1,135,2026-07-06T07:20:00+08:00,聖地牙哥教士,洛杉磯道奇,聖地牙哥教士 @ 洛杉磯道奇,51429835.1,378,[1-5局] 大小 5.5,252797600.1,小 5.5,H,5.5,1.65,20,13,H,5.5,
2026-07-05,2026-07-05T13:50:59,台灣運彩,823931,3476941.1,135,2026-07-06T07:20:00+08:00,聖地牙哥教士,洛杉磯道奇,聖地牙哥教士 @ 洛杉磯道奇,51429831.1,379,[1-5局] 洛杉磯道奇 大小 3.5,252797591.1,大 3.5,A,3.5,1.86,50,43,A,3.5,
2026-07-05,2026-07-05T13:50:59,台灣運彩,823931,3476941.1,135,2026-07-06T07:20:00+08:00,聖地牙哥教士,洛杉磯道奇,聖地牙哥教士 @ 洛杉磯道奇,51429831.1,379,[1-5局] 洛杉磯道奇 大小 3.5,252797590.1,小 3.5,H,3.5,1.58,50,29,H,3.5,
2026-07-05,2026-07-05T13:50:59,台灣運彩,823931,3476941.1,135,2026-07-06T07:20:00+08:00,聖地牙哥教士,洛杉磯道奇,聖地牙哥教士 @ 洛杉磯道奇,51429836.1,380,[1-5局] 聖地牙哥教士 大小 1.5,252797603.1,大 1.5,A,1.5,1.60,5,3,A,1.5,
2026-07-05,2026-07-05T13:50:59,台灣運彩,823931,3476941.1,135,2026-07-06T07:20:00+08:00,聖地牙哥教士,洛杉磯道奇,聖地牙哥教士 @ 洛杉磯道奇,51429836.1,380,[1-5局] 聖地牙哥教士 大小 1.5,252797602.1,小 1.5,H,1.5,1.85,20,17,H,1.5,
2026-07-05,2026-07-05T13:50:59,台灣運彩,823931,3476941.1,135,2026-07-06T07:20:00+08:00,聖地牙哥教士,洛杉磯道奇,聖地牙哥教士 @ 洛杉磯道奇,51429834.1,389,[第1局] 不讓分,252797597.1,洛杉磯道奇,H,,2.25,4,5,H,,1
2026-07-05,2026-07-05T13:50:59,台灣運彩,823931,3476941.1,135,2026-07-06T07:20:00+08:00,聖地牙哥教士,洛杉磯道奇,聖地牙哥教士 @ 洛杉磯道奇,51429834.1,389,[第1局] 不讓分,252797599.1,聖地牙哥教士,A,,3.85,20,57,A,,2
2026-07-05,2026-07-05T13:50:59,台灣運彩,823931,3476941.1,135,2026-07-06T07:20:00+08:00,聖地牙哥教士,洛杉磯道奇,聖地牙哥教士 @ 洛杉磯道奇,51429834.1,389,[第1局] 不讓分,252797598.1,和局,D,,1.70,10,7,D,,
2026-07-05,2026-07-05T13:50:59,台灣運彩,823931,3476941.1,135,2026-07-06T07:20:00+08:00,聖地牙哥教士,洛杉磯道奇,聖地牙哥教士 @ 洛杉磯道奇,51429832.1,398,[第1局] 大小 0.5,252797593.1,大 0.5,A,0.5,1.53,100,53,A,0.5,
2026-07-05,2026-07-05T13:50:59,台灣運彩,823931,3476941.1,135,2026-07-06T07:20:00+08:00,聖地牙哥教士,洛杉磯道奇,聖地牙哥教士 @ 洛杉磯道奇,51429832.1,398,[第1局] 大小 0.5,252797592.1,小 0.5,H,0.5,1.82,50,41,H,0.5,
2026-07-05,2026-07-05T13:50:59,台灣運彩,824010,3476952.1,140,2026-07-06T09:30:00+08:00,波士頓紅襪,洛杉磯天使,波士頓紅襪 @ 洛杉磯天使,51429742.1,354,不讓分,252797330.1,洛杉磯天使,H,,2.05,20,21,H,,1
2026-07-05,2026-07-05T13:50:59,台灣運彩,824010,3476952.1,140,2026-07-06T09:30:00+08:00,波士頓紅襪,洛杉磯天使,波士頓紅襪 @ 洛杉磯天使,51429742.1,354,不讓分,252797331.1,波士頓紅襪,A,,1.48,25,12,A,,2
2026-07-05,2026-07-05T13:50:59,台灣運彩,824010,3476952.1,140,2026-07-06T09:30:00+08:00,波士頓紅襪,洛杉磯天使,波士頓紅襪 @ 洛杉磯天使,51429736.1,357,勝分差,252797308.1,波士頓紅襪 1 分,A,,5.20,5,21,A,,
2026-07-05,2026-07-05T13:50:59,台灣運彩,824010,3476952.1,140,2026-07-06T09:30:00+08:00,波士頓紅襪,洛杉磯天使,波士頓紅襪 @ 洛杉磯天使,51429736.1,357,勝分差,252797309.1,波士頓紅襪 2 分,A,,6.50,2,11,A,,
2026-07-05,2026-07-05T13:50:59,台灣運彩,824010,3476952.1,140,2026-07-06T09:30:00+08:00,波士頓紅襪,洛杉磯天使,波士頓紅襪 @ 洛杉磯天使,51429736.1,357,勝分差,252797310.1,波士頓紅襪 > 2分,A,,2.05,20,21,A,,
2026-07-05,2026-07-05T13:50:59,台灣運彩,824010,3476952.1,140,2026-07-06T09:30:00+08:00,波士頓紅襪,洛杉磯天使,波士頓紅襪 @ 洛杉磯天使,51429736.1,357,勝分差,252797305.1,洛杉磯天使 1 分,H,,4.25,4,13,H,,
2026-07-05,2026-07-05T13:50:59,台灣運彩,824010,3476952.1,140,2026-07-06T09:30:00+08:00,波士頓紅襪,洛杉磯天使,波士頓紅襪 @ 洛杉磯天使,51429736.1,357,勝分差,252797306.1,洛杉磯天使 2 分,H,,8.25,4,29,H,,
2026-07-05,2026-07-05T13:50:59,台灣運彩,824010,3476952.1,140,2026-07-06T09:30:00+08:00,波士頓紅襪,洛杉磯天使,波士頓紅襪 @ 洛杉磯天使,51429736.1,357,勝分差,252797307.1,洛杉磯天使 > 2分,H,,3.80,5,14,H,,
2026-07-05,2026-07-05T13:50:59,台灣運彩,824010,3476952.1,140,2026-07-06T09:30:00+08:00,波士頓紅襪,洛杉磯天使,波士頓紅襪 @ 洛杉磯天使,51429732.1,358,讓分 1.5,252797296.1,洛杉磯天使 +1.5,H,1.5,1.68,25,17,H,1.5,1
2026-07-05,2026-07-05T13:50:59,台灣運彩,824010,3476952.1,140,2026-07-06T09:30:00+08:00,波士頓紅襪,洛杉磯天使,波士頓紅襪 @ 洛杉磯天使,51429732.1,358,讓分 1.5,252797297.1,波士頓紅襪 -1.5,A,1.5,1.82,50,41,A,1.5,2
2026-07-05,2026-07-05T13:50:59,台灣運彩,824010,3476952.1,140,2026-07-06T09:30:00+08:00,波士頓紅襪,洛杉磯天使,波士頓紅襪 @ 洛杉磯天使,51429739.1,360,[總分]大小 8.5,252797324.1,大 8.5,A,8.5,1.78,50,39,A,8.5,
2026-07-05,2026-07-05T13:50:59,台灣運彩,824010,3476952.1,140,2026-07-06T09:30:00+08:00,波士頓紅襪,洛杉磯天使,波士頓紅襪 @ 洛杉磯天使,51429739.1,360,[總分]大小 8.5,252797323.1,小 8.5,H,8.5,1.72,25,18,H,8.5,
2026-07-05,2026-07-05T13:50:59,台灣運彩,824010,3476952.1,140,2026-07-06T09:30:00+08:00,波士頓紅襪,洛杉磯天使,波士頓紅襪 @ 洛杉磯天使,51429738.1,362,洛杉磯天使 大小 3.5,252797322.1,大 3.5,A,3.5,1.76,25,19,A,3.5,
2026-07-05,2026-07-05T13:50:59,台灣運彩,824010,3476952.1,140,2026-07-06T09:30:00+08:00,波士頓紅襪,洛杉磯天使,波士頓紅襪 @ 洛杉磯天使,51429738.1,362,洛杉磯天使 大小 3.5,252797321.1,小 3.5,H,3.5,1.66,50,33,H,3.5,
2026-07-05,2026-07-05T13:50:59,台灣運彩,824010,3476952.1,140,2026-07-06T09:30:00+08:00,波士頓紅襪,洛杉磯天使,波士頓紅襪 @ 洛杉磯天使,51429730.1,363,波士頓紅襪 大小 4.5,252797293.1,大 4.5,A,4.5,1.70,10,7,A,4.5,
2026-07-05,2026-07-05T13:50:59,台灣運彩,824010,3476952.1,140,2026-07-06T09:30:00+08:00,波士頓紅襪,洛杉磯天使,波士頓紅襪 @ 洛杉磯天使,51429730.1,363,波士頓紅襪 大小 4.5,252797292.1,小 4.5,H,4.5,1.73,100,73,H,4.5,
2026-07-05,2026-07-05T13:50:59,台灣運彩,824010,3476952.1,140,2026-07-06T09:30:00+08:00,波士頓紅襪,洛杉磯天使,波士頓紅襪 @ 洛杉磯天使,51429729.1,366,[總分]單雙,252797291.1,單,,,1.45,20,9,,,
2026-07-05,2026-07-05T13:50:59,台灣運彩,824010,3476952.1,140,2026-07-06T09:30:00+08:00,波士頓紅襪,洛杉磯天使,波士頓紅襪 @ 洛杉磯天使,51429729.1,366,[總分]單雙,252797290.1,雙,,,1.95,20,19,,,
2026-07-05,2026-07-05T13:50:59,台灣運彩,824010,3476952.1,140,2026-07-06T09:30:00+08:00,波士頓紅襪,洛杉磯天使,波士頓紅襪 @ 洛杉磯天使,51429737.1,374,得分最高單局(不含延長賽),252797320.1,一樣多,,,2.30,10,13,,,
2026-07-05,2026-07-05T13:50:59,台灣運彩,824010,3476952.1,140,2026-07-06T09:30:00+08:00,波士頓紅襪,洛杉磯天使,波士頓紅襪 @ 洛杉磯天使,51429737.1,374,得分最高單局(不含延長賽),252797311.1,第1局,,,5.85,20,97,,,
2026-07-05,2026-07-05T13:50:59,台灣運彩,824010,3476952.1,140,2026-07-06T09:30:00+08:00,波士頓紅襪,洛杉磯天使,波士頓紅襪 @ 洛杉磯天使,51429737.1,374,得分最高單局(不含延長賽),252797312.1,第2局,,,7.00,1,6,,,
2026-07-05,2026-07-05T13:50:59,台灣運彩,824010,3476952.1,140,2026-07-06T09:30:00+08:00,波士頓紅襪,洛杉磯天使,波士頓紅襪 @ 洛杉磯天使,51429737.1,374,得分最高單局(不含延長賽),252797313.1,第3局,,,6.25,4,21,,,
2026-07-05,2026-07-05T13:50:59,台灣運彩,824010,3476952.1,140,2026-07-06T09:30:00+08:00,波士頓紅襪,洛杉磯天使,波士頓紅襪 @ 洛杉磯天使,51429737.1,374,得分最高單局(不含延長賽),252797314.1,第4局,,,6.75,4,23,,,
2026-07-05,2026-07-05T13:50:59,台灣運彩,824010,3476952.1,140,2026-07-06T09:30:00+08:00,波士頓紅襪,洛杉磯天使,波士頓紅襪 @ 洛杉磯天使,51429737.1,374,得分最高單局(不含延長賽),252797315.1,第5局,,,4.00,1,3,,,
2026-07-05,2026-07-05T13:50:59,台灣運彩,824010,3476952.1,140,2026-07-06T09:30:00+08:00,波士頓紅襪,洛杉磯天使,波士頓紅襪 @ 洛杉磯天使,51429737.1,374,得分最高單局(不含延長賽),252797316.1,第6局,,,6.25,4,21,,,
2026-07-05,2026-07-05T13:50:59,台灣運彩,824010,3476952.1,140,2026-07-06T09:30:00+08:00,波士頓紅襪,洛杉磯天使,波士頓紅襪 @ 洛杉磯天使,51429737.1,374,得分最高單局(不含延長賽),252797317.1,第7局,,,6.25,4,21,,,
2026-07-05,2026-07-05T13:50:59,台灣運彩,824010,3476952.1,140,2026-07-06T09:30:00+08:00,波士頓紅襪,洛杉磯天使,波士頓紅襪 @ 洛杉磯天使,51429737.1,374,得分最高單局(不含延長賽),252797318.1,第8局,,,6.25,4,21,,,
2026-07-05,2026-07-05T13:50:59,台灣運彩,824010,3476952.1,140,2026-07-06T09:30:00+08:00,波士頓紅襪,洛杉磯天使,波士頓紅襪 @ 洛杉磯天使,51429737.1,374,得分最高單局(不含延長賽),252797319.1,第9局,,,8.00,1,7,,,
2026-07-05,2026-07-05T13:50:59,台灣運彩,824010,3476952.1,140,2026-07-06T09:30:00+08:00,波士頓紅襪,洛杉磯天使,波士頓紅襪 @ 洛杉磯天使,51429735.1,376,[1-5局] 不讓分,252797302.1,洛杉磯天使,H,,2.15,20,23,H,,1
2026-07-05,2026-07-05T13:50:59,台灣運彩,824010,3476952.1,140,2026-07-06T09:30:00+08:00,波士頓紅襪,洛杉磯天使,波士頓紅襪 @ 洛杉磯天使,51429735.1,376,[1-5局] 不讓分,252797304.1,波士頓紅襪,A,,1.60,5,3,A,,2
2026-07-05,2026-07-05T13:50:59,台灣運彩,824010,3476952.1,140,2026-07-06T09:30:00+08:00,波士頓紅襪,洛杉磯天使,波士頓紅襪 @ 洛杉磯天使,51429735.1,376,[1-5局] 不讓分,252797303.1,和局,D,,4.55,20,71,D,,
2026-07-05,2026-07-05T13:50:59,台灣運彩,824010,3476952.1,140,2026-07-06T09:30:00+08:00,波士頓紅襪,洛杉磯天使,波士頓紅襪 @ 洛杉磯天使,51429734.1,378,[1-5局] 大小 4.5,252797301.1,大 4.5,A,4.5,1.73,100,73,A,4.5,
2026-07-05,2026-07-05T13:50:59,台灣運彩,824010,3476952.1,140,2026-07-06T09:30:00+08:00,波士頓紅襪,洛杉磯天使,波士頓紅襪 @ 洛杉磯天使,51429734.1,378,[1-5局] 大小 4.5,252797300.1,小 4.5,H,4.5,1.60,5,3,H,4.5,
2026-07-05,2026-07-05T13:50:59,台灣運彩,824010,3476952.1,140,2026-07-06T09:30:00+08:00,波士頓紅襪,洛杉磯天使,波士頓紅襪 @ 洛杉磯天使,51429731.1,379,[1-5局] 洛杉磯天使 大小 1.5,252797295.1,大 1.5,A,1.5,1.68,25,17,A,1.5,
2026-07-05,2026-07-05T13:50:59,台灣運彩,824010,3476952.1,140,2026-07-06T09:30:00+08:00,波士頓紅襪,洛杉磯天使,波士頓紅襪 @ 洛杉磯天使,51429731.1,379,[1-5局] 洛杉磯天使 大小 1.5,252797294.1,小 1.5,H,1.5,1.75,4,3,H,1.5,
2026-07-05,2026-07-05T13:50:59,台灣運彩,824010,3476952.1,140,2026-07-06T09:30:00+08:00,波士頓紅襪,洛杉磯天使,波士頓紅襪 @ 洛杉磯天使,51429733.1,380,[1-5局] 波士頓紅襪 大小 2.5,252797299.1,大 2.5,A,2.5,1.86,50,43,A,2.5,
2026-07-05,2026-07-05T13:50:59,台灣運彩,824010,3476952.1,140,2026-07-06T09:30:00+08:00,波士頓紅襪,洛杉磯天使,波士頓紅襪 @ 洛杉磯天使,51429733.1,380,[1-5局] 波士頓紅襪 大小 2.5,252797298.1,小 2.5,H,2.5,1.58,50,29,H,2.5,
2026-07-05,2026-07-05T13:50:59,台灣運彩,824010,3476952.1,140,2026-07-06T09:30:00+08:00,波士頓紅襪,洛杉磯天使,波士頓紅襪 @ 洛杉磯天使,51429741.1,389,[第1局] 不讓分,252797327.1,洛杉磯天使,H,,3.55,20,51,H,,1
2026-07-05,2026-07-05T13:50:59,台灣運彩,824010,3476952.1,140,2026-07-06T09:30:00+08:00,波士頓紅襪,洛杉磯天使,波士頓紅襪 @ 洛杉磯天使,51429741.1,389,[第1局] 不讓分,252797329.1,波士頓紅襪,A,,2.80,5,9,A,,2
2026-07-05,2026-07-05T13:50:59,台灣運彩,824010,3476952.1,140,2026-07-06T09:30:00+08:00,波士頓紅襪,洛杉磯天使,波士頓紅襪 @ 洛杉磯天使,51429741.1,389,[第1局] 不讓分,252797328.1,和局,D,,1.50,2,1,D,,
2026-07-05,2026-07-05T13:50:59,台灣運彩,824010,3476952.1,140,2026-07-06T09:30:00+08:00,波士頓紅襪,洛杉磯天使,波士頓紅襪 @ 洛杉磯天使,51429740.1,398,[第1局] 大小 0.5,252797326.1,大 0.5,A,0.5,1.71,100,71,A,0.5,
2026-07-05,2026-07-05T13:50:59,台灣運彩,824010,3476952.1,140,2026-07-06T09:30:00+08:00,波士頓紅襪,洛杉磯天使,波士頓紅襪 @ 洛杉磯天使,51429740.1,398,[第1局] 大小 0.5,252797325.1,小 0.5,H,0.5,1.62,50,31,H,0.5,
